solid OpenSCAD_Model
  facet normal 0.0435566 -0.999051 0
    outer loop
      vertex 4.5 -1.09999 2.25
      vertex 4.58716 -1.09619 5
      vertex 4.5 -1.09999 5
    endloop
  endfacet
  facet normal 0.0435566 -0.999051 0
    outer loop
      vertex 4.58716 -1.09619 5
      vertex 4.5 -1.09999 2.25
      vertex 4.58716 -1.09619 2.25
    endloop
  endfacet
  facet normal 0.130677 -0.991425 0
    outer loop
      vertex 4.58716 -1.09619 2.25
      vertex 4.67365 -1.08479 5
      vertex 4.58716 -1.09619 5
    endloop
  endfacet
  facet normal 0.130677 -0.991425 0
    outer loop
      vertex 4.67365 -1.08479 5
      vertex 4.58716 -1.09619 2.25
      vertex 4.67365 -1.08479 2.25
    endloop
  endfacet
  facet normal -0.216311 -0.976324 0
    outer loop
      vertex -4.75882 -1.06592 2.25
      vertex -4.67365 -1.08479 5
      vertex -4.75882 -1.06592 5
    endloop
  endfacet
  facet normal -0.216311 -0.976324 -0
    outer loop
      vertex -4.67365 -1.08479 5
      vertex -4.75882 -1.06592 2.25
      vertex -4.67365 -1.08479 2.25
    endloop
  endfacet
  facet normal -0.0435566 0.999051 0
    outer loop
      vertex -4.5 1.09999 2.25
      vertex -4.58716 1.09619 5
      vertex -4.5 1.09999 5
    endloop
  endfacet
  facet normal -0.0435566 0.999051 0
    outer loop
      vertex -4.58716 1.09619 5
      vertex -4.5 1.09999 2.25
      vertex -4.58716 1.09619 2.25
    endloop
  endfacet
  facet normal 0.0435566 0.999051 -0
    outer loop
      vertex 4.58716 1.09619 2.25
      vertex 4.5 1.09999 5
      vertex 4.58716 1.09619 5
    endloop
  endfacet
  facet normal 0.0435566 0.999051 0
    outer loop
      vertex 4.5 1.09999 5
      vertex 4.58716 1.09619 2.25
      vertex 4.5 1.09999 2.25
    endloop
  endfacet
  facet normal 0 1 -0
    outer loop
      vertex 4.5 1.09999 2.25
      vertex -4.5 1.09999 5
      vertex 4.5 1.09999 5
    endloop
  endfacet
  facet normal 0 1 0
    outer loop
      vertex -4.5 1.09999 5
      vertex 4.5 1.09999 2.25
      vertex -4.5 1.09999 2.25
    endloop
  endfacet
  facet normal -0.461744 0.887013 0
    outer loop
      vertex -4.92262 1.0063 2.25
      vertex -5 0.966019 5
      vertex -4.92262 1.0063 5
    endloop
  endfacet
  facet normal -0.461744 0.887013 0
    outer loop
      vertex -5 0.966019 5
      vertex -4.92262 1.0063 2.25
      vertex -5 0.966019 2.25
    endloop
  endfacet
  facet normal -0.999051 0.0435575 0
    outer loop
      vertex -5.5 0.0999908 2.25
      vertex -5.4962 0.187149 5
      vertex -5.4962 0.187149 2.25
    endloop
  endfacet
  facet normal -0.999051 0.0435575 0
    outer loop
      vertex -5.4962 0.187149 5
      vertex -5.5 0.0999908 2.25
      vertex -5.5 0.0999908 5
    endloop
  endfacet
  facet normal -0.0435566 -0.999051 0
    outer loop
      vertex -4.58716 -1.09619 2.25
      vertex -4.5 -1.09999 5
      vertex -4.58716 -1.09619 5
    endloop
  endfacet
  facet normal -0.0435566 -0.999051 -0
    outer loop
      vertex -4.5 -1.09999 5
      vertex -4.58716 -1.09619 2.25
      vertex -4.5 -1.09999 2.25
    endloop
  endfacet
  facet normal 0 -1 0
    outer loop
      vertex -4.5 -1.09999 2.25
      vertex 4.5 -1.09999 5
      vertex -4.5 -1.09999 5
    endloop
  endfacet
  facet normal 0 -1 -0
    outer loop
      vertex 4.5 -1.09999 5
      vertex -4.5 -1.09999 2.25
      vertex 4.5 -1.09999 2.25
    endloop
  endfacet
  facet normal 1 -0 0
    outer loop
      vertex 5.5 -0.0999908 5
      vertex 5.5 0.0999908 2.25
      vertex 5.5 0.0999908 5
    endloop
  endfacet
  facet normal 1 0 0
    outer loop
      vertex 5.5 0.0999908 2.25
      vertex 5.5 -0.0999908 5
      vertex 5.5 -0.0999908 2.25
    endloop
  endfacet
  facet normal 0.300643 0.953737 -0
    outer loop
      vertex 4.84203 1.03969 2.25
      vertex 4.75882 1.06592 5
      vertex 4.84203 1.03969 5
    endloop
  endfacet
  facet normal 0.300643 0.953737 0
    outer loop
      vertex 4.75882 1.06592 5
      vertex 4.84203 1.03969 2.25
      vertex 4.75882 1.06592 2.25
    endloop
  endfacet
  facet normal -0.300643 -0.953737 0
    outer loop
      vertex -4.84203 -1.03969 2.25
      vertex -4.75882 -1.06592 5
      vertex -4.84203 -1.03969 5
    endloop
  endfacet
  facet normal -0.300643 -0.953737 -0
    outer loop
      vertex -4.75882 -1.06592 5
      vertex -4.84203 -1.03969 2.25
      vertex -4.75882 -1.06592 2.25
    endloop
  endfacet
  facet normal -0.953734 0.300653 0
    outer loop
      vertex -5.46593 0.35881 2.25
      vertex -5.4397 0.442017 5
      vertex -5.4397 0.442017 2.25
    endloop
  endfacet
  facet normal -0.953734 0.300653 0
    outer loop
      vertex -5.4397 0.442017 5
      vertex -5.46593 0.35881 2.25
      vertex -5.46593 0.35881 5
    endloop
  endfacet
  facet normal 0.130677 0.991425 -0
    outer loop
      vertex 4.67365 1.08479 2.25
      vertex 4.58716 1.09619 5
      vertex 4.67365 1.08479 5
    endloop
  endfacet
  facet normal 0.130677 0.991425 0
    outer loop
      vertex 4.58716 1.09619 5
      vertex 4.67365 1.08479 2.25
      vertex 4.58716 1.09619 2.25
    endloop
  endfacet
  facet normal 0.216311 0.976324 -0
    outer loop
      vertex 4.75882 1.06592 2.25
      vertex 4.67365 1.08479 5
      vertex 4.75882 1.06592 5
    endloop
  endfacet
  facet normal 0.216311 0.976324 0
    outer loop
      vertex 4.67365 1.08479 5
      vertex 4.75882 1.06592 2.25
      vertex 4.67365 1.08479 2.25
    endloop
  endfacet
  facet normal -0.300643 0.953737 0
    outer loop
      vertex -4.75882 1.06592 2.25
      vertex -4.84203 1.03969 5
      vertex -4.75882 1.06592 5
    endloop
  endfacet
  facet normal -0.300643 0.953737 0
    outer loop
      vertex -4.84203 1.03969 5
      vertex -4.75882 1.06592 2.25
      vertex -4.84203 1.03969 2.25
    endloop
  endfacet
  facet normal -0.991424 0.130681 0
    outer loop
      vertex -5.4962 0.187149 2.25
      vertex -5.4848 0.273636 5
      vertex -5.4848 0.273636 2.25
    endloop
  endfacet
  facet normal -0.991424 0.130681 0
    outer loop
      vertex -5.4848 0.273636 5
      vertex -5.4962 0.187149 2.25
      vertex -5.4962 0.187149 5
    endloop
  endfacet
  facet normal -0.976327 0.216302 0
    outer loop
      vertex -5.4848 0.273636 2.25
      vertex -5.46593 0.35881 5
      vertex -5.46593 0.35881 2.25
    endloop
  endfacet
  facet normal -0.976327 0.216302 0
    outer loop
      vertex -5.46593 0.35881 5
      vertex -5.4848 0.273636 2.25
      vertex -5.4848 0.273636 5
    endloop
  endfacet
  facet normal 0.608829 0.793302 -0
    outer loop
      vertex 5.14279 0.866028 2.25
      vertex 5.07358 0.919144 5
      vertex 5.14279 0.866028 5
    endloop
  endfacet
  facet normal 0.608829 0.793302 0
    outer loop
      vertex 5.07358 0.919144 5
      vertex 5.14279 0.866028 2.25
      vertex 5.07358 0.919144 2.25
    endloop
  endfacet
  facet normal 0.461744 -0.887013 0
    outer loop
      vertex 4.92262 -1.0063 2.25
      vertex 5 -0.966019 5
      vertex 4.92262 -1.0063 5
    endloop
  endfacet
  facet normal 0.461744 -0.887013 0
    outer loop
      vertex 5 -0.966019 5
      vertex 4.92262 -1.0063 2.25
      vertex 5 -0.966019 2.25
    endloop
  endfacet
  facet normal -0.793352 0.608763 0
    outer loop
      vertex -5.31915 0.673569 2.25
      vertex -5.26604 0.742783 5
      vertex -5.26604 0.742783 2.25
    endloop
  endfacet
  facet normal -0.793352 0.608763 0
    outer loop
      vertex -5.26604 0.742783 5
      vertex -5.31915 0.673569 2.25
      vertex -5.31915 0.673569 5
    endloop
  endfacet
  facet normal -0.608829 0.793302 0
    outer loop
      vertex -5.07358 0.919144 2.25
      vertex -5.14279 0.866028 5
      vertex -5.07358 0.919144 5
    endloop
  endfacet
  facet normal -0.608829 0.793302 0
    outer loop
      vertex -5.14279 0.866028 5
      vertex -5.07358 0.919144 2.25
      vertex -5.14279 0.866028 2.25
    endloop
  endfacet
  facet normal -0.382767 0.923845 0
    outer loop
      vertex -4.84203 1.03969 2.25
      vertex -4.92262 1.0063 5
      vertex -4.84203 1.03969 5
    endloop
  endfacet
  facet normal -0.382767 0.923845 0
    outer loop
      vertex -4.92262 1.0063 5
      vertex -4.84203 1.03969 2.25
      vertex -4.92262 1.0063 2.25
    endloop
  endfacet
  facet normal -0.923857 -0.382739 0
    outer loop
      vertex -5.40631 -0.522614 2.25
      vertex -5.4397 -0.442017 5
      vertex -5.4397 -0.442017 2.25
    endloop
  endfacet
  facet normal -0.923857 -0.382739 0
    outer loop
      vertex -5.4397 -0.442017 5
      vertex -5.40631 -0.522614 2.25
      vertex -5.40631 -0.522614 5
    endloop
  endfacet
  facet normal -0.793352 -0.608763 0
    outer loop
      vertex -5.26604 -0.742783 2.25
      vertex -5.31915 -0.673569 5
      vertex -5.31915 -0.673569 2.25
    endloop
  endfacet
  facet normal -0.793352 -0.608763 0
    outer loop
      vertex -5.31915 -0.673569 5
      vertex -5.26604 -0.742783 2.25
      vertex -5.26604 -0.742783 5
    endloop
  endfacet
  facet normal -1 0 0
    outer loop
      vertex -5.5 -0.0999908 2.25
      vertex -5.5 0.0999908 5
      vertex -5.5 0.0999908 2.25
    endloop
  endfacet
  facet normal -1 -0 0
    outer loop
      vertex -5.5 0.0999908 5
      vertex -5.5 -0.0999908 2.25
      vertex -5.5 -0.0999908 5
    endloop
  endfacet
  facet normal -0.923857 0.382739 0
    outer loop
      vertex -5.4397 0.442017 2.25
      vertex -5.40631 0.522614 5
      vertex -5.40631 0.522614 2.25
    endloop
  endfacet
  facet normal -0.923857 0.382739 0
    outer loop
      vertex -5.40631 0.522614 5
      vertex -5.4397 0.442017 2.25
      vertex -5.4397 0.442017 5
    endloop
  endfacet
  facet normal 0.843362 0.537346 0
    outer loop
      vertex 5.36603 0.599991 5
      vertex 5.31915 0.673569 2.25
      vertex 5.31915 0.673569 5
    endloop
  endfacet
  facet normal 0.843362 0.537346 0
    outer loop
      vertex 5.31915 0.673569 2.25
      vertex 5.36603 0.599991 5
      vertex 5.36603 0.599991 2.25
    endloop
  endfacet
  facet normal 0.88701 0.461749 0
    outer loop
      vertex 5.40631 0.522614 5
      vertex 5.36603 0.599991 2.25
      vertex 5.36603 0.599991 5
    endloop
  endfacet
  facet normal 0.88701 0.461749 0
    outer loop
      vertex 5.36603 0.599991 2.25
      vertex 5.40631 0.522614 5
      vertex 5.40631 0.522614 2.25
    endloop
  endfacet
  facet normal 0.991424 0.130681 0
    outer loop
      vertex 5.4962 0.187149 5
      vertex 5.4848 0.273636 2.25
      vertex 5.4848 0.273636 5
    endloop
  endfacet
  facet normal 0.991424 0.130681 0
    outer loop
      vertex 5.4848 0.273636 2.25
      vertex 5.4962 0.187149 5
      vertex 5.4962 0.187149 2.25
    endloop
  endfacet
  facet normal 0.923857 0.382739 0
    outer loop
      vertex 5.4397 0.442017 5
      vertex 5.40631 0.522614 2.25
      vertex 5.40631 0.522614 5
    endloop
  endfacet
  facet normal 0.923857 0.382739 0
    outer loop
      vertex 5.40631 0.522614 2.25
      vertex 5.4397 0.442017 5
      vertex 5.4397 0.442017 2.25
    endloop
  endfacet
  facet normal 0.675538 -0.737325 0
    outer loop
      vertex 5.14279 -0.866028 2.25
      vertex 5.20711 -0.807098 5
      vertex 5.14279 -0.866028 5
    endloop
  endfacet
  facet normal 0.675538 -0.737325 0
    outer loop
      vertex 5.20711 -0.807098 5
      vertex 5.14279 -0.866028 2.25
      vertex 5.20711 -0.807098 2.25
    endloop
  endfacet
  facet normal 0.537294 -0.843395 0
    outer loop
      vertex 5 -0.966019 2.25
      vertex 5.07358 -0.919144 5
      vertex 5 -0.966019 5
    endloop
  endfacet
  facet normal 0.537294 -0.843395 0
    outer loop
      vertex 5.07358 -0.919144 5
      vertex 5 -0.966019 2.25
      vertex 5.07358 -0.919144 2.25
    endloop
  endfacet
  facet normal -0.737299 0.675566 0
    outer loop
      vertex -5.26604 0.742783 2.25
      vertex -5.20711 0.807098 5
      vertex -5.20711 0.807098 2.25
    endloop
  endfacet
  facet normal -0.737299 0.675566 0
    outer loop
      vertex -5.20711 0.807098 5
      vertex -5.26604 0.742783 2.25
      vertex -5.26604 0.742783 5
    endloop
  endfacet
  facet normal -0.843362 0.537346 0
    outer loop
      vertex -5.36603 0.599991 2.25
      vertex -5.31915 0.673569 5
      vertex -5.31915 0.673569 2.25
    endloop
  endfacet
  facet normal -0.843362 0.537346 0
    outer loop
      vertex -5.31915 0.673569 5
      vertex -5.36603 0.599991 2.25
      vertex -5.36603 0.599991 5
    endloop
  endfacet
  facet normal -0.537294 0.843395 0
    outer loop
      vertex -5 0.966019 2.25
      vertex -5.07358 0.919144 5
      vertex -5 0.966019 5
    endloop
  endfacet
  facet normal -0.537294 0.843395 0
    outer loop
      vertex -5.07358 0.919144 5
      vertex -5 0.966019 2.25
      vertex -5.07358 0.919144 2.25
    endloop
  endfacet
  facet normal -0.130677 -0.991425 0
    outer loop
      vertex -4.67365 -1.08479 2.25
      vertex -4.58716 -1.09619 5
      vertex -4.67365 -1.08479 5
    endloop
  endfacet
  facet normal -0.130677 -0.991425 -0
    outer loop
      vertex -4.58716 -1.09619 5
      vertex -4.67365 -1.08479 2.25
      vertex -4.58716 -1.09619 2.25
    endloop
  endfacet
  facet normal -0.999051 -0.0435575 0
    outer loop
      vertex -5.4962 -0.187149 2.25
      vertex -5.5 -0.0999908 5
      vertex -5.5 -0.0999908 2.25
    endloop
  endfacet
  facet normal -0.999051 -0.0435575 0
    outer loop
      vertex -5.5 -0.0999908 5
      vertex -5.4962 -0.187149 2.25
      vertex -5.4962 -0.187149 5
    endloop
  endfacet
  facet normal -0.991424 -0.130681 0
    outer loop
      vertex -5.4848 -0.273636 2.25
      vertex -5.4962 -0.187149 5
      vertex -5.4962 -0.187149 2.25
    endloop
  endfacet
  facet normal -0.991424 -0.130681 0
    outer loop
      vertex -5.4962 -0.187149 5
      vertex -5.4848 -0.273636 2.25
      vertex -5.4848 -0.273636 5
    endloop
  endfacet
  facet normal -0.953734 -0.300653 0
    outer loop
      vertex -5.4397 -0.442017 2.25
      vertex -5.46593 -0.35881 5
      vertex -5.46593 -0.35881 2.25
    endloop
  endfacet
  facet normal -0.953734 -0.300653 0
    outer loop
      vertex -5.46593 -0.35881 5
      vertex -5.4397 -0.442017 2.25
      vertex -5.4397 -0.442017 5
    endloop
  endfacet
  facet normal -0.88701 -0.461749 0
    outer loop
      vertex -5.36603 -0.599991 2.25
      vertex -5.40631 -0.522614 5
      vertex -5.40631 -0.522614 2.25
    endloop
  endfacet
  facet normal -0.88701 -0.461749 0
    outer loop
      vertex -5.40631 -0.522614 5
      vertex -5.36603 -0.599991 2.25
      vertex -5.36603 -0.599991 5
    endloop
  endfacet
  facet normal -0.382767 -0.923845 0
    outer loop
      vertex -4.92262 -1.0063 2.25
      vertex -4.84203 -1.03969 5
      vertex -4.92262 -1.0063 5
    endloop
  endfacet
  facet normal -0.382767 -0.923845 -0
    outer loop
      vertex -4.84203 -1.03969 5
      vertex -4.92262 -1.0063 2.25
      vertex -4.84203 -1.03969 2.25
    endloop
  endfacet
  facet normal -0.537294 -0.843395 0
    outer loop
      vertex -5.07358 -0.919144 2.25
      vertex -5 -0.966019 5
      vertex -5.07358 -0.919144 5
    endloop
  endfacet
  facet normal -0.537294 -0.843395 -0
    outer loop
      vertex -5 -0.966019 5
      vertex -5.07358 -0.919144 2.25
      vertex -5 -0.966019 2.25
    endloop
  endfacet
  facet normal 0.382767 0.923845 -0
    outer loop
      vertex 4.92262 1.0063 2.25
      vertex 4.84203 1.03969 5
      vertex 4.92262 1.0063 5
    endloop
  endfacet
  facet normal 0.382767 0.923845 0
    outer loop
      vertex 4.84203 1.03969 5
      vertex 4.92262 1.0063 2.25
      vertex 4.84203 1.03969 2.25
    endloop
  endfacet
  facet normal 0.461744 0.887013 -0
    outer loop
      vertex 5 0.966019 2.25
      vertex 4.92262 1.0063 5
      vertex 5 0.966019 5
    endloop
  endfacet
  facet normal 0.461744 0.887013 0
    outer loop
      vertex 4.92262 1.0063 5
      vertex 5 0.966019 2.25
      vertex 4.92262 1.0063 2.25
    endloop
  endfacet
  facet normal 0.537294 0.843395 -0
    outer loop
      vertex 5.07358 0.919144 2.25
      vertex 5 0.966019 5
      vertex 5.07358 0.919144 5
    endloop
  endfacet
  facet normal 0.537294 0.843395 0
    outer loop
      vertex 5 0.966019 5
      vertex 5.07358 0.919144 2.25
      vertex 5 0.966019 2.25
    endloop
  endfacet
  facet normal 0.675538 0.737325 -0
    outer loop
      vertex 5.20711 0.807098 2.25
      vertex 5.14279 0.866028 5
      vertex 5.20711 0.807098 5
    endloop
  endfacet
  facet normal 0.675538 0.737325 0
    outer loop
      vertex 5.14279 0.866028 5
      vertex 5.20711 0.807098 2.25
      vertex 5.14279 0.866028 2.25
    endloop
  endfacet
  facet normal 0.737299 0.675566 0
    outer loop
      vertex 5.26604 0.742783 5
      vertex 5.20711 0.807098 2.25
      vertex 5.20711 0.807098 5
    endloop
  endfacet
  facet normal 0.737299 0.675566 0
    outer loop
      vertex 5.20711 0.807098 2.25
      vertex 5.26604 0.742783 5
      vertex 5.26604 0.742783 2.25
    endloop
  endfacet
  facet normal 0.953734 0.300653 0
    outer loop
      vertex 5.46593 0.35881 5
      vertex 5.4397 0.442017 2.25
      vertex 5.4397 0.442017 5
    endloop
  endfacet
  facet normal 0.953734 0.300653 0
    outer loop
      vertex 5.4397 0.442017 2.25
      vertex 5.46593 0.35881 5
      vertex 5.46593 0.35881 2.25
    endloop
  endfacet
  facet normal 0.976327 0.216302 0
    outer loop
      vertex 5.4848 0.273636 5
      vertex 5.46593 0.35881 2.25
      vertex 5.46593 0.35881 5
    endloop
  endfacet
  facet normal 0.976327 0.216302 0
    outer loop
      vertex 5.46593 0.35881 2.25
      vertex 5.4848 0.273636 5
      vertex 5.4848 0.273636 2.25
    endloop
  endfacet
  facet normal 0.999051 0.0435575 0
    outer loop
      vertex 5.5 0.0999908 5
      vertex 5.4962 0.187149 2.25
      vertex 5.4962 0.187149 5
    endloop
  endfacet
  facet normal 0.999051 0.0435575 0
    outer loop
      vertex 5.4962 0.187149 2.25
      vertex 5.5 0.0999908 5
      vertex 5.5 0.0999908 2.25
    endloop
  endfacet
  facet normal 0.923857 -0.382739 0
    outer loop
      vertex 5.40631 -0.522614 5
      vertex 5.4397 -0.442017 2.25
      vertex 5.4397 -0.442017 5
    endloop
  endfacet
  facet normal 0.923857 -0.382739 0
    outer loop
      vertex 5.4397 -0.442017 2.25
      vertex 5.40631 -0.522614 5
      vertex 5.40631 -0.522614 2.25
    endloop
  endfacet
  facet normal 0.991424 -0.130681 0
    outer loop
      vertex 5.4848 -0.273636 5
      vertex 5.4962 -0.187149 2.25
      vertex 5.4962 -0.187149 5
    endloop
  endfacet
  facet normal 0.991424 -0.130681 0
    outer loop
      vertex 5.4962 -0.187149 2.25
      vertex 5.4848 -0.273636 5
      vertex 5.4848 -0.273636 2.25
    endloop
  endfacet
  facet normal 0.953734 -0.300653 0
    outer loop
      vertex 5.4397 -0.442017 5
      vertex 5.46593 -0.35881 2.25
      vertex 5.46593 -0.35881 5
    endloop
  endfacet
  facet normal 0.953734 -0.300653 0
    outer loop
      vertex 5.46593 -0.35881 2.25
      vertex 5.4397 -0.442017 5
      vertex 5.4397 -0.442017 2.25
    endloop
  endfacet
  facet normal 0.737299 -0.675566 0
    outer loop
      vertex 5.20711 -0.807098 5
      vertex 5.26604 -0.742783 2.25
      vertex 5.26604 -0.742783 5
    endloop
  endfacet
  facet normal 0.737299 -0.675566 0
    outer loop
      vertex 5.26604 -0.742783 2.25
      vertex 5.20711 -0.807098 5
      vertex 5.20711 -0.807098 2.25
    endloop
  endfacet
  facet normal 0.608829 -0.793302 0
    outer loop
      vertex 5.07358 -0.919144 2.25
      vertex 5.14279 -0.866028 5
      vertex 5.07358 -0.919144 5
    endloop
  endfacet
  facet normal 0.608829 -0.793302 0
    outer loop
      vertex 5.14279 -0.866028 5
      vertex 5.07358 -0.919144 2.25
      vertex 5.14279 -0.866028 2.25
    endloop
  endfacet
  facet normal 0.382767 -0.923845 0
    outer loop
      vertex 4.84203 -1.03969 2.25
      vertex 4.92262 -1.0063 5
      vertex 4.84203 -1.03969 5
    endloop
  endfacet
  facet normal 0.382767 -0.923845 0
    outer loop
      vertex 4.92262 -1.0063 5
      vertex 4.84203 -1.03969 2.25
      vertex 4.92262 -1.0063 2.25
    endloop
  endfacet
  facet normal 0.300643 -0.953737 0
    outer loop
      vertex 4.75882 -1.06592 2.25
      vertex 4.84203 -1.03969 5
      vertex 4.75882 -1.06592 5
    endloop
  endfacet
  facet normal 0.300643 -0.953737 0
    outer loop
      vertex 4.84203 -1.03969 5
      vertex 4.75882 -1.06592 2.25
      vertex 4.84203 -1.03969 2.25
    endloop
  endfacet
  facet normal 0.216311 -0.976324 0
    outer loop
      vertex 4.67365 -1.08479 2.25
      vertex 4.75882 -1.06592 5
      vertex 4.67365 -1.08479 5
    endloop
  endfacet
  facet normal 0.216311 -0.976324 0
    outer loop
      vertex 4.75882 -1.06592 5
      vertex 4.67365 -1.08479 2.25
      vertex 4.75882 -1.06592 2.25
    endloop
  endfacet
  facet normal -0.675538 0.737325 0
    outer loop
      vertex -5.14279 0.866028 2.25
      vertex -5.20711 0.807098 5
      vertex -5.14279 0.866028 5
    endloop
  endfacet
  facet normal -0.675538 0.737325 0
    outer loop
      vertex -5.20711 0.807098 5
      vertex -5.14279 0.866028 2.25
      vertex -5.20711 0.807098 2.25
    endloop
  endfacet
  facet normal -0.88701 0.461749 0
    outer loop
      vertex -5.40631 0.522614 2.25
      vertex -5.36603 0.599991 5
      vertex -5.36603 0.599991 2.25
    endloop
  endfacet
  facet normal -0.88701 0.461749 0
    outer loop
      vertex -5.36603 0.599991 5
      vertex -5.40631 0.522614 2.25
      vertex -5.40631 0.522614 5
    endloop
  endfacet
  facet normal 0 0 1
    outer loop
      vertex 4.5 1.09999 5
      vertex 5.5 0.0999908 5
      vertex 5.4962 0.187149 5
    endloop
  endfacet
  facet normal 0 0 1
    outer loop
      vertex 5.5 0.0999908 5
      vertex 4.5 1.09999 5
      vertex 5.5 -0.0999908 5
    endloop
  endfacet
  facet normal 0 0 1
    outer loop
      vertex 4.5 1.09999 5
      vertex 5.4962 0.187149 5
      vertex 5.4848 0.273636 5
    endloop
  endfacet
  facet normal 0 0 1
    outer loop
      vertex 4.5 -1.09999 5
      vertex 5.5 -0.0999908 5
      vertex 4.5 1.09999 5
    endloop
  endfacet
  facet normal 0 0 1
    outer loop
      vertex 4.5 1.09999 5
      vertex 5.4848 0.273636 5
      vertex 5.46593 0.35881 5
    endloop
  endfacet
  facet normal 0 0 1
    outer loop
      vertex 5.5 -0.0999908 5
      vertex 4.5 -1.09999 5
      vertex 5.4962 -0.187149 5
    endloop
  endfacet
  facet normal 0 0 1
    outer loop
      vertex 4.5 1.09999 5
      vertex 5.46593 0.35881 5
      vertex 5.4397 0.442017 5
    endloop
  endfacet
  facet normal 0 0 1
    outer loop
      vertex 5.4962 -0.187149 5
      vertex 4.5 -1.09999 5
      vertex 5.4848 -0.273636 5
    endloop
  endfacet
  facet normal 0 0 1
    outer loop
      vertex 4.5 1.09999 5
      vertex 5.4397 0.442017 5
      vertex 5.40631 0.522614 5
    endloop
  endfacet
  facet normal 0 0 1
    outer loop
      vertex 5.4848 -0.273636 5
      vertex 4.5 -1.09999 5
      vertex 5.46593 -0.35881 5
    endloop
  endfacet
  facet normal 0 0 1
    outer loop
      vertex 4.5 1.09999 5
      vertex 5.40631 0.522614 5
      vertex 5.36603 0.599991 5
    endloop
  endfacet
  facet normal 0 0 1
    outer loop
      vertex 5.46593 -0.35881 5
      vertex 4.5 -1.09999 5
      vertex 5.4397 -0.442017 5
    endloop
  endfacet
  facet normal 0 0 1
    outer loop
      vertex 4.5 1.09999 5
      vertex 5.36603 0.599991 5
      vertex 5.31915 0.673569 5
    endloop
  endfacet
  facet normal 0 0 1
    outer loop
      vertex 5.4397 -0.442017 5
      vertex 4.5 -1.09999 5
      vertex 5.40631 -0.522614 5
    endloop
  endfacet
  facet normal 0 0 1
    outer loop
      vertex 4.5 1.09999 5
      vertex 5.31915 0.673569 5
      vertex 5.26604 0.742783 5
    endloop
  endfacet
  facet normal 0 0 1
    outer loop
      vertex 5.40631 -0.522614 5
      vertex 4.5 -1.09999 5
      vertex 5.36603 -0.599991 5
    endloop
  endfacet
  facet normal 0 0 1
    outer loop
      vertex 5.14279 0.866028 5
      vertex 5.26604 0.742783 5
      vertex 5.20711 0.807098 5
    endloop
  endfacet
  facet normal 0 0 1
    outer loop
      vertex 5.07358 0.919144 5
      vertex 5.26604 0.742783 5
      vertex 5.14279 0.866028 5
    endloop
  endfacet
  facet normal 0 0 1
    outer loop
      vertex 5 0.966019 5
      vertex 5.26604 0.742783 5
      vertex 5.07358 0.919144 5
    endloop
  endfacet
  facet normal 0 0 1
    outer loop
      vertex 5.26604 -0.742783 5
      vertex 5.14279 -0.866028 5
      vertex 5.20711 -0.807098 5
    endloop
  endfacet
  facet normal 0 0 1
    outer loop
      vertex 4.92262 1.0063 5
      vertex 5.26604 0.742783 5
      vertex 5 0.966019 5
    endloop
  endfacet
  facet normal 0 0 1
    outer loop
      vertex 5.26604 -0.742783 5
      vertex 5.07358 -0.919144 5
      vertex 5.14279 -0.866028 5
    endloop
  endfacet
  facet normal 0 0 1
    outer loop
      vertex 4.84203 1.03969 5
      vertex 5.26604 0.742783 5
      vertex 4.92262 1.0063 5
    endloop
  endfacet
  facet normal 0 0 1
    outer loop
      vertex 5.26604 -0.742783 5
      vertex 5 -0.966019 5
      vertex 5.07358 -0.919144 5
    endloop
  endfacet
  facet normal 0 0 1
    outer loop
      vertex 4.75882 1.06592 5
      vertex 5.26604 0.742783 5
      vertex 4.84203 1.03969 5
    endloop
  endfacet
  facet normal 0 0 1
    outer loop
      vertex 5.26604 -0.742783 5
      vertex 4.92262 -1.0063 5
      vertex 5 -0.966019 5
    endloop
  endfacet
  facet normal 0 0 1
    outer loop
      vertex 4.67365 1.08479 5
      vertex 5.26604 0.742783 5
      vertex 4.75882 1.06592 5
    endloop
  endfacet
  facet normal 0 0 1
    outer loop
      vertex 5.26604 -0.742783 5
      vertex 4.84203 -1.03969 5
      vertex 4.92262 -1.0063 5
    endloop
  endfacet
  facet normal 0 0 1
    outer loop
      vertex 4.58716 1.09619 5
      vertex 5.26604 0.742783 5
      vertex 4.67365 1.08479 5
    endloop
  endfacet
  facet normal 0 0 1
    outer loop
      vertex 5.26604 -0.742783 5
      vertex 4.75882 -1.06592 5
      vertex 4.84203 -1.03969 5
    endloop
  endfacet
  facet normal 0 0 1
    outer loop
      vertex 4.5 1.09999 5
      vertex 5.26604 0.742783 5
      vertex 4.58716 1.09619 5
    endloop
  endfacet
  facet normal 0 0 1
    outer loop
      vertex 5.26604 -0.742783 5
      vertex 4.67365 -1.08479 5
      vertex 4.75882 -1.06592 5
    endloop
  endfacet
  facet normal 0 0 1
    outer loop
      vertex 5.36603 -0.599991 5
      vertex 4.5 -1.09999 5
      vertex 5.31915 -0.673569 5
    endloop
  endfacet
  facet normal 0 0 1
    outer loop
      vertex 5.26604 -0.742783 5
      vertex 4.58716 -1.09619 5
      vertex 4.67365 -1.08479 5
    endloop
  endfacet
  facet normal 0 0 1
    outer loop
      vertex 5.31915 -0.673569 5
      vertex 4.5 -1.09999 5
      vertex 5.26604 -0.742783 5
    endloop
  endfacet
  facet normal 0 0 1
    outer loop
      vertex 5.26604 -0.742783 5
      vertex 4.5 -1.09999 5
      vertex 4.58716 -1.09619 5
    endloop
  endfacet
  facet normal -0 0 1
    outer loop
      vertex -4.5 1.09999 5
      vertex 4.5 -1.09999 5
      vertex 4.5 1.09999 5
    endloop
  endfacet
  facet normal 0 0 1
    outer loop
      vertex -4.5 1.09999 5
      vertex -4.5 -1.09999 5
      vertex 4.5 -1.09999 5
    endloop
  endfacet
  facet normal 0 0 1
    outer loop
      vertex -5.5 0.0999908 5
      vertex -4.5 1.09999 5
      vertex -4.58716 1.09619 5
    endloop
  endfacet
  facet normal 0 0 1
    outer loop
      vertex -4.5 1.09999 5
      vertex -5.5 0.0999908 5
      vertex -4.5 -1.09999 5
    endloop
  endfacet
  facet normal 0 0 1
    outer loop
      vertex -5.5 0.0999908 5
      vertex -4.58716 1.09619 5
      vertex -4.67365 1.08479 5
    endloop
  endfacet
  facet normal -0 0 1
    outer loop
      vertex -5.5 -0.0999908 5
      vertex -4.5 -1.09999 5
      vertex -5.5 0.0999908 5
    endloop
  endfacet
  facet normal 0 0 1
    outer loop
      vertex -5.5 0.0999908 5
      vertex -4.67365 1.08479 5
      vertex -4.75882 1.06592 5
    endloop
  endfacet
  facet normal 0 0 1
    outer loop
      vertex -4.5 -1.09999 5
      vertex -5.5 -0.0999908 5
      vertex -4.58716 -1.09619 5
    endloop
  endfacet
  facet normal 0 0 1
    outer loop
      vertex -5.5 0.0999908 5
      vertex -4.75882 1.06592 5
      vertex -4.84203 1.03969 5
    endloop
  endfacet
  facet normal 0 0 1
    outer loop
      vertex -4.58716 -1.09619 5
      vertex -5.5 -0.0999908 5
      vertex -4.67365 -1.08479 5
    endloop
  endfacet
  facet normal 0 0 1
    outer loop
      vertex -5.5 0.0999908 5
      vertex -4.84203 1.03969 5
      vertex -4.92262 1.0063 5
    endloop
  endfacet
  facet normal 0 0 1
    outer loop
      vertex -4.67365 -1.08479 5
      vertex -5.5 -0.0999908 5
      vertex -4.75882 -1.06592 5
    endloop
  endfacet
  facet normal 0 0 1
    outer loop
      vertex -5.5 0.0999908 5
      vertex -4.92262 1.0063 5
      vertex -5 0.966019 5
    endloop
  endfacet
  facet normal 0 0 1
    outer loop
      vertex -4.75882 -1.06592 5
      vertex -5.5 -0.0999908 5
      vertex -4.84203 -1.03969 5
    endloop
  endfacet
  facet normal 0 0 1
    outer loop
      vertex -5.5 0.0999908 5
      vertex -5 0.966019 5
      vertex -5.07358 0.919144 5
    endloop
  endfacet
  facet normal 0 0 1
    outer loop
      vertex -4.84203 -1.03969 5
      vertex -5.5 -0.0999908 5
      vertex -4.92262 -1.0063 5
    endloop
  endfacet
  facet normal 0 0 1
    outer loop
      vertex -5.5 0.0999908 5
      vertex -5.07358 0.919144 5
      vertex -5.14279 0.866028 5
    endloop
  endfacet
  facet normal 0 0 1
    outer loop
      vertex -4.92262 -1.0063 5
      vertex -5.5 -0.0999908 5
      vertex -5 -0.966019 5
    endloop
  endfacet
  facet normal 0 0 1
    outer loop
      vertex -5.5 0.0999908 5
      vertex -5.14279 0.866028 5
      vertex -5.20711 0.807098 5
    endloop
  endfacet
  facet normal 0 0 1
    outer loop
      vertex -5 -0.966019 5
      vertex -5.5 -0.0999908 5
      vertex -5.07358 -0.919144 5
    endloop
  endfacet
  facet normal 0 0 1
    outer loop
      vertex -5.5 0.0999908 5
      vertex -5.20711 0.807098 5
      vertex -5.26604 0.742783 5
    endloop
  endfacet
  facet normal 0 0 1
    outer loop
      vertex -5.07358 -0.919144 5
      vertex -5.5 -0.0999908 5
      vertex -5.14279 -0.866028 5
    endloop
  endfacet
  facet normal 0 0 1
    outer loop
      vertex -5.5 0.0999908 5
      vertex -5.26604 0.742783 5
      vertex -5.31915 0.673569 5
    endloop
  endfacet
  facet normal 0 0 1
    outer loop
      vertex -5.14279 -0.866028 5
      vertex -5.5 -0.0999908 5
      vertex -5.20711 -0.807098 5
    endloop
  endfacet
  facet normal 0 0 1
    outer loop
      vertex -5.5 0.0999908 5
      vertex -5.31915 0.673569 5
      vertex -5.36603 0.599991 5
    endloop
  endfacet
  facet normal 0 0 1
    outer loop
      vertex -5.20711 -0.807098 5
      vertex -5.5 -0.0999908 5
      vertex -5.26604 -0.742783 5
    endloop
  endfacet
  facet normal 0 0 1
    outer loop
      vertex -5.5 0.0999908 5
      vertex -5.36603 0.599991 5
      vertex -5.40631 0.522614 5
    endloop
  endfacet
  facet normal 0 0 1
    outer loop
      vertex -5.26604 -0.742783 5
      vertex -5.5 -0.0999908 5
      vertex -5.31915 -0.673569 5
    endloop
  endfacet
  facet normal 0 0 1
    outer loop
      vertex -5.5 0.0999908 5
      vertex -5.40631 0.522614 5
      vertex -5.4397 0.442017 5
    endloop
  endfacet
  facet normal 0 0 1
    outer loop
      vertex -5.31915 -0.673569 5
      vertex -5.5 -0.0999908 5
      vertex -5.36603 -0.599991 5
    endloop
  endfacet
  facet normal 0 0 1
    outer loop
      vertex -5.5 0.0999908 5
      vertex -5.4397 0.442017 5
      vertex -5.46593 0.35881 5
    endloop
  endfacet
  facet normal 0 0 1
    outer loop
      vertex -5.36603 -0.599991 5
      vertex -5.5 -0.0999908 5
      vertex -5.40631 -0.522614 5
    endloop
  endfacet
  facet normal 0 0 1
    outer loop
      vertex -5.5 0.0999908 5
      vertex -5.46593 0.35881 5
      vertex -5.4848 0.273636 5
    endloop
  endfacet
  facet normal 0 0 1
    outer loop
      vertex -5.40631 -0.522614 5
      vertex -5.5 -0.0999908 5
      vertex -5.4397 -0.442017 5
    endloop
  endfacet
  facet normal 0 0 1
    outer loop
      vertex -5.5 0.0999908 5
      vertex -5.4848 0.273636 5
      vertex -5.4962 0.187149 5
    endloop
  endfacet
  facet normal 0 0 1
    outer loop
      vertex -5.4397 -0.442017 5
      vertex -5.5 -0.0999908 5
      vertex -5.46593 -0.35881 5
    endloop
  endfacet
  facet normal 0 0 1
    outer loop
      vertex -5.46593 -0.35881 5
      vertex -5.5 -0.0999908 5
      vertex -5.4848 -0.273636 5
    endloop
  endfacet
  facet normal 0 0 1
    outer loop
      vertex -5.4848 -0.273636 5
      vertex -5.5 -0.0999908 5
      vertex -5.4962 -0.187149 5
    endloop
  endfacet
  facet normal -0.976327 -0.216302 0
    outer loop
      vertex -5.46593 -0.35881 2.25
      vertex -5.4848 -0.273636 5
      vertex -5.4848 -0.273636 2.25
    endloop
  endfacet
  facet normal -0.976327 -0.216302 0
    outer loop
      vertex -5.4848 -0.273636 5
      vertex -5.46593 -0.35881 2.25
      vertex -5.46593 -0.35881 5
    endloop
  endfacet
  facet normal -0.675538 -0.737325 0
    outer loop
      vertex -5.20711 -0.807098 2.25
      vertex -5.14279 -0.866028 5
      vertex -5.20711 -0.807098 5
    endloop
  endfacet
  facet normal -0.675538 -0.737325 -0
    outer loop
      vertex -5.14279 -0.866028 5
      vertex -5.20711 -0.807098 2.25
      vertex -5.14279 -0.866028 2.25
    endloop
  endfacet
  facet normal -0.737299 -0.675566 0
    outer loop
      vertex -5.20711 -0.807098 2.25
      vertex -5.26604 -0.742783 5
      vertex -5.26604 -0.742783 2.25
    endloop
  endfacet
  facet normal -0.737299 -0.675566 0
    outer loop
      vertex -5.26604 -0.742783 5
      vertex -5.20711 -0.807098 2.25
      vertex -5.20711 -0.807098 5
    endloop
  endfacet
  facet normal -0.461744 -0.887013 0
    outer loop
      vertex -5 -0.966019 2.25
      vertex -4.92262 -1.0063 5
      vertex -5 -0.966019 5
    endloop
  endfacet
  facet normal -0.461744 -0.887013 -0
    outer loop
      vertex -4.92262 -1.0063 5
      vertex -5 -0.966019 2.25
      vertex -4.92262 -1.0063 2.25
    endloop
  endfacet
  facet normal 0.793352 0.608763 0
    outer loop
      vertex 5.31915 0.673569 5
      vertex 5.26604 0.742783 2.25
      vertex 5.26604 0.742783 5
    endloop
  endfacet
  facet normal 0.793352 0.608763 0
    outer loop
      vertex 5.26604 0.742783 2.25
      vertex 5.31915 0.673569 5
      vertex 5.31915 0.673569 2.25
    endloop
  endfacet
  facet normal 0.843362 -0.537346 0
    outer loop
      vertex 5.31915 -0.673569 5
      vertex 5.36603 -0.599991 2.25
      vertex 5.36603 -0.599991 5
    endloop
  endfacet
  facet normal 0.843362 -0.537346 0
    outer loop
      vertex 5.36603 -0.599991 2.25
      vertex 5.31915 -0.673569 5
      vertex 5.31915 -0.673569 2.25
    endloop
  endfacet
  facet normal 0.793352 -0.608763 0
    outer loop
      vertex 5.26604 -0.742783 5
      vertex 5.31915 -0.673569 2.25
      vertex 5.31915 -0.673569 5
    endloop
  endfacet
  facet normal 0.793352 -0.608763 0
    outer loop
      vertex 5.31915 -0.673569 2.25
      vertex 5.26604 -0.742783 5
      vertex 5.26604 -0.742783 2.25
    endloop
  endfacet
  facet normal 0.999051 -0.0435575 0
    outer loop
      vertex 5.4962 -0.187149 5
      vertex 5.5 -0.0999908 2.25
      vertex 5.5 -0.0999908 5
    endloop
  endfacet
  facet normal 0.999051 -0.0435575 0
    outer loop
      vertex 5.5 -0.0999908 2.25
      vertex 5.4962 -0.187149 5
      vertex 5.4962 -0.187149 2.25
    endloop
  endfacet
  facet normal 0.976327 -0.216302 0
    outer loop
      vertex 5.46593 -0.35881 5
      vertex 5.4848 -0.273636 2.25
      vertex 5.4848 -0.273636 5
    endloop
  endfacet
  facet normal 0.976327 -0.216302 0
    outer loop
      vertex 5.4848 -0.273636 2.25
      vertex 5.46593 -0.35881 5
      vertex 5.46593 -0.35881 2.25
    endloop
  endfacet
  facet normal -0.216311 0.976324 0
    outer loop
      vertex -4.67365 1.08479 2.25
      vertex -4.75882 1.06592 5
      vertex -4.67365 1.08479 5
    endloop
  endfacet
  facet normal -0.216311 0.976324 0
    outer loop
      vertex -4.75882 1.06592 5
      vertex -4.67365 1.08479 2.25
      vertex -4.75882 1.06592 2.25
    endloop
  endfacet
  facet normal -0.130677 0.991425 0
    outer loop
      vertex -4.58716 1.09619 2.25
      vertex -4.67365 1.08479 5
      vertex -4.58716 1.09619 5
    endloop
  endfacet
  facet normal -0.130677 0.991425 0
    outer loop
      vertex -4.67365 1.08479 5
      vertex -4.58716 1.09619 2.25
      vertex -4.67365 1.08479 2.25
    endloop
  endfacet
  facet normal -0.843362 -0.537346 0
    outer loop
      vertex -5.31915 -0.673569 2.25
      vertex -5.36603 -0.599991 5
      vertex -5.36603 -0.599991 2.25
    endloop
  endfacet
  facet normal -0.843362 -0.537346 0
    outer loop
      vertex -5.36603 -0.599991 5
      vertex -5.31915 -0.673569 2.25
      vertex -5.31915 -0.673569 5
    endloop
  endfacet
  facet normal -0.608829 -0.793302 0
    outer loop
      vertex -5.14279 -0.866028 2.25
      vertex -5.07358 -0.919144 5
      vertex -5.14279 -0.866028 5
    endloop
  endfacet
  facet normal -0.608829 -0.793302 -0
    outer loop
      vertex -5.07358 -0.919144 5
      vertex -5.14279 -0.866028 2.25
      vertex -5.07358 -0.919144 2.25
    endloop
  endfacet
  facet normal 0.88701 -0.461749 0
    outer loop
      vertex 5.36603 -0.599991 5
      vertex 5.40631 -0.522614 2.25
      vertex 5.40631 -0.522614 5
    endloop
  endfacet
  facet normal 0.88701 -0.461749 0
    outer loop
      vertex 5.40631 -0.522614 2.25
      vertex 5.36603 -0.599991 5
      vertex 5.36603 -0.599991 2.25
    endloop
  endfacet
  facet normal 0 -1 0
    outer loop
      vertex -4.89999 -1.8 1.15
      vertex 4.89999 -1.8 2.25
      vertex -4.89999 -1.8 2.25
    endloop
  endfacet
  facet normal 0 -1 -0
    outer loop
      vertex 4.89999 -1.8 2.25
      vertex -4.89999 -1.8 1.15
      vertex 4.89999 -1.8 1.15
    endloop
  endfacet
  facet normal 0.0435597 -0.999051 0
    outer loop
      vertex 4.89999 -1.8 1.15
      vertex 5.01329 -1.79506 2.25
      vertex 4.89999 -1.8 2.25
    endloop
  endfacet
  facet normal 0.0435597 -0.999051 0
    outer loop
      vertex 5.01329 -1.79506 2.25
      vertex 4.89999 -1.8 1.15
      vertex 5.01329 -1.79506 1.15
    endloop
  endfacet
  facet normal 0.130673 -0.991425 0
    outer loop
      vertex 5.01329 -1.79506 1.15
      vertex 5.12573 -1.78024 2.25
      vertex 5.01329 -1.79506 2.25
    endloop
  endfacet
  facet normal 0.130673 -0.991425 0
    outer loop
      vertex 5.12573 -1.78024 2.25
      vertex 5.01329 -1.79506 1.15
      vertex 5.12573 -1.78024 1.15
    endloop
  endfacet
  facet normal -0.0435597 0.999051 0
    outer loop
      vertex -4.89999 1.8 1.15
      vertex -5.01329 1.79506 2.25
      vertex -4.89999 1.8 2.25
    endloop
  endfacet
  facet normal -0.0435597 0.999051 0
    outer loop
      vertex -5.01329 1.79506 2.25
      vertex -4.89999 1.8 1.15
      vertex -5.01329 1.79506 1.15
    endloop
  endfacet
  facet normal 0.999047 -0.0436488 0
    outer loop
      vertex 6.19505 -0.613297 2.25
      vertex 6.2 -0.5 1.15
      vertex 6.2 -0.5 2.25
    endloop
  endfacet
  facet normal 0.999047 -0.0436488 0
    outer loop
      vertex 6.2 -0.5 1.15
      vertex 6.19505 -0.613297 2.25
      vertex 6.19505 -0.613297 1.15
    endloop
  endfacet
  facet normal -0.0435597 -0.999051 0
    outer loop
      vertex -5.01329 -1.79506 1.15
      vertex -4.89999 -1.8 2.25
      vertex -5.01329 -1.79506 2.25
    endloop
  endfacet
  facet normal -0.0435597 -0.999051 -0
    outer loop
      vertex -4.89999 -1.8 2.25
      vertex -5.01329 -1.79506 1.15
      vertex -4.89999 -1.8 1.15
    endloop
  endfacet
  facet normal 0 1 -0
    outer loop
      vertex 4.89999 1.8 1.15
      vertex -4.89999 1.8 2.25
      vertex 4.89999 1.8 2.25
    endloop
  endfacet
  facet normal 0 1 0
    outer loop
      vertex -4.89999 1.8 2.25
      vertex 4.89999 1.8 1.15
      vertex -4.89999 1.8 1.15
    endloop
  endfacet
  facet normal 0.216268 0.976334 -0
    outer loop
      vertex 5.23647 1.75571 1.15
      vertex 5.12573 1.78024 2.25
      vertex 5.23647 1.75571 2.25
    endloop
  endfacet
  facet normal 0.216268 0.976334 0
    outer loop
      vertex 5.12573 1.78024 2.25
      vertex 5.23647 1.75571 1.15
      vertex 5.12573 1.78024 1.15
    endloop
  endfacet
  facet normal -0.130673 -0.991425 0
    outer loop
      vertex -5.12573 -1.78024 1.15
      vertex -5.01329 -1.79506 2.25
      vertex -5.12573 -1.78024 2.25
    endloop
  endfacet
  facet normal -0.130673 -0.991425 -0
    outer loop
      vertex -5.01329 -1.79506 2.25
      vertex -5.12573 -1.78024 1.15
      vertex -5.01329 -1.79506 1.15
    endloop
  endfacet
  facet normal -0.216268 -0.976334 0
    outer loop
      vertex -5.23647 -1.75571 1.15
      vertex -5.12573 -1.78024 2.25
      vertex -5.23647 -1.75571 2.25
    endloop
  endfacet
  facet normal -0.216268 -0.976334 -0
    outer loop
      vertex -5.12573 -1.78024 2.25
      vertex -5.23647 -1.75571 1.15
      vertex -5.12573 -1.78024 1.15
    endloop
  endfacet
  facet normal 0.30079 0.953691 -0
    outer loop
      vertex 5.34462 1.7216 1.15
      vertex 5.23647 1.75571 2.25
      vertex 5.34462 1.7216 2.25
    endloop
  endfacet
  facet normal 0.30079 0.953691 0
    outer loop
      vertex 5.23647 1.75571 2.25
      vertex 5.34462 1.7216 1.15
      vertex 5.23647 1.75571 1.15
    endloop
  endfacet
  facet normal 0.130673 0.991425 -0
    outer loop
      vertex 5.12573 1.78024 1.15
      vertex 5.01329 1.79506 2.25
      vertex 5.12573 1.78024 2.25
    endloop
  endfacet
  facet normal 0.130673 0.991425 0
    outer loop
      vertex 5.01329 1.79506 2.25
      vertex 5.12573 1.78024 1.15
      vertex 5.01329 1.79506 1.15
    endloop
  endfacet
  facet normal -0.991437 0.130585 0
    outer loop
      vertex -6.19505 0.613297 1.15
      vertex -6.18024 0.725739 2.25
      vertex -6.18024 0.725739 1.15
    endloop
  endfacet
  facet normal -0.991437 0.130585 0
    outer loop
      vertex -6.18024 0.725739 2.25
      vertex -6.19505 0.613297 1.15
      vertex -6.19505 0.613297 2.25
    endloop
  endfacet
  facet normal 0 0 -1
    outer loop
      vertex 4.89999 -1.8 1.15
      vertex 6.2 -0.5 1.15
      vertex 6.19505 -0.613297 1.15
    endloop
  endfacet
  facet normal -0 0 -1
    outer loop
      vertex 6.2 -0.5 1.15
      vertex 4.89999 -1.8 1.15
      vertex 6.2 0.5 1.15
    endloop
  endfacet
  facet normal 0 0 -1
    outer loop
      vertex 4.89999 -1.8 1.15
      vertex 6.19505 -0.613297 1.15
      vertex 6.18024 -0.725739 1.15
    endloop
  endfacet
  facet normal 0 0 -1
    outer loop
      vertex 4.89999 1.8 1.15
      vertex 6.2 0.5 1.15
      vertex 4.89999 -1.8 1.15
    endloop
  endfacet
  facet normal 0 0 -1
    outer loop
      vertex 4.89999 -1.8 1.15
      vertex 6.18024 -0.725739 1.15
      vertex 6.1557 -0.836472 1.15
    endloop
  endfacet
  facet normal 0 0 -1
    outer loop
      vertex 6.2 0.5 1.15
      vertex 4.89999 1.8 1.15
      vertex 6.19505 0.613297 1.15
    endloop
  endfacet
  facet normal 0 0 -1
    outer loop
      vertex 4.89999 -1.8 1.15
      vertex 6.1557 -0.836472 1.15
      vertex 6.1216 -0.944626 1.15
    endloop
  endfacet
  facet normal 0 0 -1
    outer loop
      vertex 6.19505 0.613297 1.15
      vertex 4.89999 1.8 1.15
      vertex 6.18024 0.725739 1.15
    endloop
  endfacet
  facet normal 0 0 -1
    outer loop
      vertex 4.89999 -1.8 1.15
      vertex 6.1216 -0.944626 1.15
      vertex 6.0782 -1.04941 1.15
    endloop
  endfacet
  facet normal 0 0 -1
    outer loop
      vertex 6.18024 0.725739 1.15
      vertex 4.89999 1.8 1.15
      vertex 6.1557 0.836472 1.15
    endloop
  endfacet
  facet normal 0 0 -1
    outer loop
      vertex 4.89999 -1.8 1.15
      vertex 6.0782 -1.04941 1.15
      vertex 6.02583 -1.14999 1.15
    endloop
  endfacet
  facet normal 0 0 -1
    outer loop
      vertex 6.1557 0.836472 1.15
      vertex 4.89999 1.8 1.15
      vertex 6.1216 0.944626 1.15
    endloop
  endfacet
  facet normal 0 0 -1
    outer loop
      vertex 4.89999 -1.8 1.15
      vertex 6.02583 -1.14999 1.15
      vertex 5.96489 -1.24565 1.15
    endloop
  endfacet
  facet normal 0 0 -1
    outer loop
      vertex 6.1216 0.944626 1.15
      vertex 4.89999 1.8 1.15
      vertex 6.0782 1.04941 1.15
    endloop
  endfacet
  facet normal 0 0 -1
    outer loop
      vertex 4.89999 -1.8 1.15
      vertex 5.96489 -1.24565 1.15
      vertex 5.89586 -1.33562 1.15
    endloop
  endfacet
  facet normal 0 0 -1
    outer loop
      vertex 6.0782 1.04941 1.15
      vertex 4.89999 1.8 1.15
      vertex 6.02583 1.14999 1.15
    endloop
  endfacet
  facet normal 0 0 -1
    outer loop
      vertex 4.89999 -1.8 1.15
      vertex 5.89586 -1.33562 1.15
      vertex 5.81923 -1.41924 1.15
    endloop
  endfacet
  facet normal 0 0 -1
    outer loop
      vertex 6.02583 1.14999 1.15
      vertex 4.89999 1.8 1.15
      vertex 5.96489 1.24565 1.15
    endloop
  endfacet
  facet normal 0 0 -1
    outer loop
      vertex 4.89999 -1.8 1.15
      vertex 5.81923 -1.41924 1.15
      vertex 5.73561 -1.49586 1.15
    endloop
  endfacet
  facet normal 0 0 -1
    outer loop
      vertex 5.96489 1.24565 1.15
      vertex 4.89999 1.8 1.15
      vertex 5.89586 1.33562 1.15
    endloop
  endfacet
  facet normal 0 0 -1
    outer loop
      vertex 4.89999 -1.8 1.15
      vertex 5.73561 -1.49586 1.15
      vertex 5.64565 -1.5649 1.15
    endloop
  endfacet
  facet normal 0 0 -1
    outer loop
      vertex 5.89586 1.33562 1.15
      vertex 4.89999 1.8 1.15
      vertex 5.81923 1.41924 1.15
    endloop
  endfacet
  facet normal 0 0 -1
    outer loop
      vertex 4.89999 -1.8 1.15
      vertex 5.64565 -1.5649 1.15
      vertex 5.54999 -1.62584 1.15
    endloop
  endfacet
  facet normal 0 0 -1
    outer loop
      vertex 5.81923 1.41924 1.15
      vertex 4.89999 1.8 1.15
      vertex 5.73561 1.49586 1.15
    endloop
  endfacet
  facet normal 0 0 -1
    outer loop
      vertex 4.89999 -1.8 1.15
      vertex 5.54999 -1.62584 1.15
      vertex 5.4494 -1.67821 1.15
    endloop
  endfacet
  facet normal 0 0 -1
    outer loop
      vertex 5.73561 1.49586 1.15
      vertex 4.89999 1.8 1.15
      vertex 5.64565 1.5649 1.15
    endloop
  endfacet
  facet normal 0 0 -1
    outer loop
      vertex 4.89999 -1.8 1.15
      vertex 5.4494 -1.67821 1.15
      vertex 5.34462 -1.7216 1.15
    endloop
  endfacet
  facet normal 0 0 -1
    outer loop
      vertex 5.64565 1.5649 1.15
      vertex 4.89999 1.8 1.15
      vertex 5.54999 1.62584 1.15
    endloop
  endfacet
  facet normal 0 0 -1
    outer loop
      vertex 4.89999 -1.8 1.15
      vertex 5.34462 -1.7216 1.15
      vertex 5.23647 -1.75571 1.15
    endloop
  endfacet
  facet normal 0 0 -1
    outer loop
      vertex 5.54999 1.62584 1.15
      vertex 4.89999 1.8 1.15
      vertex 5.4494 1.67821 1.15
    endloop
  endfacet
  facet normal 0 0 -1
    outer loop
      vertex 4.89999 -1.8 1.15
      vertex 5.23647 -1.75571 1.15
      vertex 5.12573 -1.78024 1.15
    endloop
  endfacet
  facet normal 0 0 -1
    outer loop
      vertex 5.4494 1.67821 1.15
      vertex 4.89999 1.8 1.15
      vertex 5.34462 1.7216 1.15
    endloop
  endfacet
  facet normal 0 0 -1
    outer loop
      vertex 4.89999 -1.8 1.15
      vertex 5.12573 -1.78024 1.15
      vertex 5.01329 -1.79506 1.15
    endloop
  endfacet
  facet normal 0 0 -1
    outer loop
      vertex 5.34462 1.7216 1.15
      vertex 4.89999 1.8 1.15
      vertex 5.23647 1.75571 1.15
    endloop
  endfacet
  facet normal 0 0 -1
    outer loop
      vertex 5.23647 1.75571 1.15
      vertex 4.89999 1.8 1.15
      vertex 5.12573 1.78024 1.15
    endloop
  endfacet
  facet normal 0 0 -1
    outer loop
      vertex 5.12573 1.78024 1.15
      vertex 4.89999 1.8 1.15
      vertex 5.01329 1.79506 1.15
    endloop
  endfacet
  facet normal 0 0 -1
    outer loop
      vertex -4.89999 -1.8 1.15
      vertex 4.89999 1.8 1.15
      vertex 4.89999 -1.8 1.15
    endloop
  endfacet
  facet normal 0 0 -1
    outer loop
      vertex -4.89999 -1.8 1.15
      vertex -4.89999 1.8 1.15
      vertex 4.89999 1.8 1.15
    endloop
  endfacet
  facet normal 0 0 -1
    outer loop
      vertex -6.2 -0.5 1.15
      vertex -4.89999 -1.8 1.15
      vertex -5.01329 -1.79506 1.15
    endloop
  endfacet
  facet normal 0 0 -1
    outer loop
      vertex -4.89999 -1.8 1.15
      vertex -6.2 -0.5 1.15
      vertex -4.89999 1.8 1.15
    endloop
  endfacet
  facet normal 0 0 -1
    outer loop
      vertex -6.2 -0.5 1.15
      vertex -5.01329 -1.79506 1.15
      vertex -5.12573 -1.78024 1.15
    endloop
  endfacet
  facet normal 0 0 -1
    outer loop
      vertex -6.2 0.5 1.15
      vertex -4.89999 1.8 1.15
      vertex -6.2 -0.5 1.15
    endloop
  endfacet
  facet normal 0 0 -1
    outer loop
      vertex -6.2 -0.5 1.15
      vertex -5.12573 -1.78024 1.15
      vertex -5.23647 -1.75571 1.15
    endloop
  endfacet
  facet normal 0 0 -1
    outer loop
      vertex -4.89999 1.8 1.15
      vertex -6.2 0.5 1.15
      vertex -5.01329 1.79506 1.15
    endloop
  endfacet
  facet normal 0 0 -1
    outer loop
      vertex -6.2 -0.5 1.15
      vertex -5.23647 -1.75571 1.15
      vertex -5.34462 -1.7216 1.15
    endloop
  endfacet
  facet normal 0 0 -1
    outer loop
      vertex -5.01329 1.79506 1.15
      vertex -6.2 0.5 1.15
      vertex -5.12573 1.78024 1.15
    endloop
  endfacet
  facet normal 0 0 -1
    outer loop
      vertex -6.2 -0.5 1.15
      vertex -5.34462 -1.7216 1.15
      vertex -5.4494 -1.67821 1.15
    endloop
  endfacet
  facet normal 0 0 -1
    outer loop
      vertex -5.12573 1.78024 1.15
      vertex -6.2 0.5 1.15
      vertex -5.23647 1.75571 1.15
    endloop
  endfacet
  facet normal 0 0 -1
    outer loop
      vertex -6.2 -0.5 1.15
      vertex -5.4494 -1.67821 1.15
      vertex -5.54999 -1.62584 1.15
    endloop
  endfacet
  facet normal 0 0 -1
    outer loop
      vertex -5.23647 1.75571 1.15
      vertex -6.2 0.5 1.15
      vertex -5.34462 1.7216 1.15
    endloop
  endfacet
  facet normal 0 0 -1
    outer loop
      vertex -6.2 -0.5 1.15
      vertex -5.54999 -1.62584 1.15
      vertex -5.64565 -1.5649 1.15
    endloop
  endfacet
  facet normal 0 0 -1
    outer loop
      vertex -5.34462 1.7216 1.15
      vertex -6.2 0.5 1.15
      vertex -5.4494 1.67821 1.15
    endloop
  endfacet
  facet normal 0 0 -1
    outer loop
      vertex -6.2 -0.5 1.15
      vertex -5.64565 -1.5649 1.15
      vertex -5.73561 -1.49586 1.15
    endloop
  endfacet
  facet normal 0 0 -1
    outer loop
      vertex -5.4494 1.67821 1.15
      vertex -6.2 0.5 1.15
      vertex -5.54999 1.62584 1.15
    endloop
  endfacet
  facet normal 0 0 -1
    outer loop
      vertex -6.2 -0.5 1.15
      vertex -5.73561 -1.49586 1.15
      vertex -5.81923 -1.41924 1.15
    endloop
  endfacet
  facet normal 0 0 -1
    outer loop
      vertex -5.54999 1.62584 1.15
      vertex -6.2 0.5 1.15
      vertex -5.64565 1.5649 1.15
    endloop
  endfacet
  facet normal 0 0 -1
    outer loop
      vertex -6.2 -0.5 1.15
      vertex -5.81923 -1.41924 1.15
      vertex -5.89586 -1.33562 1.15
    endloop
  endfacet
  facet normal 0 0 -1
    outer loop
      vertex -5.64565 1.5649 1.15
      vertex -6.2 0.5 1.15
      vertex -5.73561 1.49586 1.15
    endloop
  endfacet
  facet normal 0 0 -1
    outer loop
      vertex -6.2 -0.5 1.15
      vertex -5.89586 -1.33562 1.15
      vertex -5.96489 -1.24565 1.15
    endloop
  endfacet
  facet normal 0 0 -1
    outer loop
      vertex -5.73561 1.49586 1.15
      vertex -6.2 0.5 1.15
      vertex -5.81923 1.41924 1.15
    endloop
  endfacet
  facet normal 0 0 -1
    outer loop
      vertex -6.2 -0.5 1.15
      vertex -5.96489 -1.24565 1.15
      vertex -6.02583 -1.14999 1.15
    endloop
  endfacet
  facet normal 0 0 -1
    outer loop
      vertex -5.81923 1.41924 1.15
      vertex -6.2 0.5 1.15
      vertex -5.89586 1.33562 1.15
    endloop
  endfacet
  facet normal 0 0 -1
    outer loop
      vertex -6.2 -0.5 1.15
      vertex -6.02583 -1.14999 1.15
      vertex -6.0782 -1.04941 1.15
    endloop
  endfacet
  facet normal 0 0 -1
    outer loop
      vertex -5.89586 1.33562 1.15
      vertex -6.2 0.5 1.15
      vertex -5.96489 1.24565 1.15
    endloop
  endfacet
  facet normal 0 0 -1
    outer loop
      vertex -6.2 -0.5 1.15
      vertex -6.0782 -1.04941 1.15
      vertex -6.1216 -0.944626 1.15
    endloop
  endfacet
  facet normal 0 0 -1
    outer loop
      vertex -5.96489 1.24565 1.15
      vertex -6.2 0.5 1.15
      vertex -6.02583 1.14999 1.15
    endloop
  endfacet
  facet normal 0 0 -1
    outer loop
      vertex -6.2 -0.5 1.15
      vertex -6.1216 -0.944626 1.15
      vertex -6.1557 -0.836472 1.15
    endloop
  endfacet
  facet normal 0 0 -1
    outer loop
      vertex -6.02583 1.14999 1.15
      vertex -6.2 0.5 1.15
      vertex -6.0782 1.04941 1.15
    endloop
  endfacet
  facet normal 0 0 -1
    outer loop
      vertex -6.2 -0.5 1.15
      vertex -6.1557 -0.836472 1.15
      vertex -6.18024 -0.725739 1.15
    endloop
  endfacet
  facet normal 0 0 -1
    outer loop
      vertex -6.0782 1.04941 1.15
      vertex -6.2 0.5 1.15
      vertex -6.1216 0.944626 1.15
    endloop
  endfacet
  facet normal 0 0 -1
    outer loop
      vertex -6.2 -0.5 1.15
      vertex -6.18024 -0.725739 1.15
      vertex -6.19505 -0.613297 1.15
    endloop
  endfacet
  facet normal 0 0 -1
    outer loop
      vertex -6.1216 0.944626 1.15
      vertex -6.2 0.5 1.15
      vertex -6.1557 0.836472 1.15
    endloop
  endfacet
  facet normal 0 0 -1
    outer loop
      vertex -6.1557 0.836472 1.15
      vertex -6.2 0.5 1.15
      vertex -6.18024 0.725739 1.15
    endloop
  endfacet
  facet normal 0 0 -1
    outer loop
      vertex -6.18024 0.725739 1.15
      vertex -6.2 0.5 1.15
      vertex -6.19505 0.613297 1.15
    endloop
  endfacet
  facet normal 0.0435597 0.999051 -0
    outer loop
      vertex 5.01329 1.79506 1.15
      vertex 4.89999 1.8 2.25
      vertex 5.01329 1.79506 2.25
    endloop
  endfacet
  facet normal 0.0435597 0.999051 0
    outer loop
      vertex 4.89999 1.8 2.25
      vertex 5.01329 1.79506 1.15
      vertex 4.89999 1.8 1.15
    endloop
  endfacet
  facet normal -0.130673 0.991425 0
    outer loop
      vertex -5.01329 1.79506 1.15
      vertex -5.12573 1.78024 2.25
      vertex -5.01329 1.79506 2.25
    endloop
  endfacet
  facet normal -0.130673 0.991425 0
    outer loop
      vertex -5.12573 1.78024 2.25
      vertex -5.01329 1.79506 1.15
      vertex -5.12573 1.78024 1.15
    endloop
  endfacet
  facet normal -0.30079 0.953691 0
    outer loop
      vertex -5.23647 1.75571 1.15
      vertex -5.34462 1.7216 2.25
      vertex -5.23647 1.75571 2.25
    endloop
  endfacet
  facet normal -0.30079 0.953691 0
    outer loop
      vertex -5.34462 1.7216 2.25
      vertex -5.23647 1.75571 1.15
      vertex -5.34462 1.7216 1.15
    endloop
  endfacet
  facet normal -0.675573 0.737293 0
    outer loop
      vertex -5.73561 1.49586 1.15
      vertex -5.81923 1.41924 2.25
      vertex -5.73561 1.49586 2.25
    endloop
  endfacet
  facet normal -0.675573 0.737293 0
    outer loop
      vertex -5.81923 1.41924 2.25
      vertex -5.73561 1.49586 1.15
      vertex -5.81923 1.41924 1.15
    endloop
  endfacet
  facet normal -0.999047 -0.0436488 0
    outer loop
      vertex -6.19505 -0.613297 1.15
      vertex -6.2 -0.5 2.25
      vertex -6.2 -0.5 1.15
    endloop
  endfacet
  facet normal -0.999047 -0.0436488 0
    outer loop
      vertex -6.2 -0.5 2.25
      vertex -6.19505 -0.613297 1.15
      vertex -6.19505 -0.613297 2.25
    endloop
  endfacet
  facet normal -0.953719 -0.300699 0
    outer loop
      vertex -6.1216 -0.944626 1.15
      vertex -6.1557 -0.836472 2.25
      vertex -6.1557 -0.836472 1.15
    endloop
  endfacet
  facet normal -0.953719 -0.300699 0
    outer loop
      vertex -6.1557 -0.836472 2.25
      vertex -6.1216 -0.944626 1.15
      vertex -6.1216 -0.944626 2.25
    endloop
  endfacet
  facet normal -0.793381 -0.608726 0
    outer loop
      vertex -5.89586 -1.33562 1.15
      vertex -5.96489 -1.24565 2.25
      vertex -5.96489 -1.24565 1.15
    endloop
  endfacet
  facet normal -0.793381 -0.608726 0
    outer loop
      vertex -5.96489 -1.24565 2.25
      vertex -5.89586 -1.33562 1.15
      vertex -5.89586 -1.33562 2.25
    endloop
  endfacet
  facet normal 0.953719 0.300699 0
    outer loop
      vertex 6.1557 0.836472 2.25
      vertex 6.1216 0.944626 1.15
      vertex 6.1216 0.944626 2.25
    endloop
  endfacet
  facet normal 0.953719 0.300699 0
    outer loop
      vertex 6.1216 0.944626 1.15
      vertex 6.1557 0.836472 2.25
      vertex 6.1557 0.836472 1.15
    endloop
  endfacet
  facet normal 0.923889 -0.382661 0
    outer loop
      vertex 6.0782 -1.04941 2.25
      vertex 6.1216 -0.944626 1.15
      vertex 6.1216 -0.944626 2.25
    endloop
  endfacet
  facet normal 0.923889 -0.382661 0
    outer loop
      vertex 6.1216 -0.944626 1.15
      vertex 6.0782 -1.04941 2.25
      vertex 6.0782 -1.04941 1.15
    endloop
  endfacet
  facet normal -0.88697 0.461827 0
    outer loop
      vertex -6.0782 1.04941 1.15
      vertex -6.02583 1.14999 2.25
      vertex -6.02583 1.14999 1.15
    endloop
  endfacet
  facet normal -0.88697 0.461827 0
    outer loop
      vertex -6.02583 1.14999 2.25
      vertex -6.0782 1.04941 1.15
      vertex -6.0782 1.04941 2.25
    endloop
  endfacet
  facet normal -0.923889 -0.382661 0
    outer loop
      vertex -6.0782 -1.04941 1.15
      vertex -6.1216 -0.944626 2.25
      vertex -6.1216 -0.944626 1.15
    endloop
  endfacet
  facet normal -0.923889 -0.382661 0
    outer loop
      vertex -6.1216 -0.944626 2.25
      vertex -6.0782 -1.04941 1.15
      vertex -6.0782 -1.04941 2.25
    endloop
  endfacet
  facet normal 0 0 1
    outer loop
      vertex 5.4397 0.442017 2.25
      vertex 6.2 0.5 2.25
      vertex 6.19505 0.613297 2.25
    endloop
  endfacet
  facet normal 0 0 1
    outer loop
      vertex 6.2 0.5 2.25
      vertex 5.5 0.0999908 2.25
      vertex 6.2 -0.5 2.25
    endloop
  endfacet
  facet normal 0 0 1
    outer loop
      vertex 5.4397 0.442017 2.25
      vertex 6.19505 0.613297 2.25
      vertex 6.18024 0.725739 2.25
    endloop
  endfacet
  facet normal -0 0 1
    outer loop
      vertex 5.5 -0.0999908 2.25
      vertex 6.2 -0.5 2.25
      vertex 5.5 0.0999908 2.25
    endloop
  endfacet
  facet normal 0 0 1
    outer loop
      vertex 5.40631 0.522614 2.25
      vertex 6.18024 0.725739 2.25
      vertex 6.1557 0.836472 2.25
    endloop
  endfacet
  facet normal -0 0 1
    outer loop
      vertex 5.4962 -0.187149 2.25
      vertex 6.2 -0.5 2.25
      vertex 5.5 -0.0999908 2.25
    endloop
  endfacet
  facet normal 0 0 1
    outer loop
      vertex 5.36603 0.599991 2.25
      vertex 6.1557 0.836472 2.25
      vertex 6.1216 0.944626 2.25
    endloop
  endfacet
  facet normal -0 0 1
    outer loop
      vertex 5.4848 -0.273636 2.25
      vertex 6.2 -0.5 2.25
      vertex 5.4962 -0.187149 2.25
    endloop
  endfacet
  facet normal 0 0 1
    outer loop
      vertex 5.36603 0.599991 2.25
      vertex 6.1216 0.944626 2.25
      vertex 6.0782 1.04941 2.25
    endloop
  endfacet
  facet normal -0 0 1
    outer loop
      vertex 5.46593 -0.35881 2.25
      vertex 6.2 -0.5 2.25
      vertex 5.4848 -0.273636 2.25
    endloop
  endfacet
  facet normal 0 0 1
    outer loop
      vertex 5.31915 0.673569 2.25
      vertex 6.0782 1.04941 2.25
      vertex 6.02583 1.14999 2.25
    endloop
  endfacet
  facet normal -0 0 1
    outer loop
      vertex 5.4397 -0.442017 2.25
      vertex 6.2 -0.5 2.25
      vertex 5.46593 -0.35881 2.25
    endloop
  endfacet
  facet normal 0 0 1
    outer loop
      vertex 5.31915 0.673569 2.25
      vertex 6.02583 1.14999 2.25
      vertex 5.96489 1.24565 2.25
    endloop
  endfacet
  facet normal 0 0 1
    outer loop
      vertex 6.2 -0.5 2.25
      vertex 5.4397 -0.442017 2.25
      vertex 6.19505 -0.613297 2.25
    endloop
  endfacet
  facet normal 0 0 1
    outer loop
      vertex 5.26604 0.742783 2.25
      vertex 5.96489 1.24565 2.25
      vertex 5.89586 1.33562 2.25
    endloop
  endfacet
  facet normal 0 0 1
    outer loop
      vertex 6.19505 -0.613297 2.25
      vertex 5.4397 -0.442017 2.25
      vertex 6.18024 -0.725739 2.25
    endloop
  endfacet
  facet normal 0 0 1
    outer loop
      vertex 5.20711 0.807098 2.25
      vertex 5.89586 1.33562 2.25
      vertex 5.81923 1.41924 2.25
    endloop
  endfacet
  facet normal -0 0 1
    outer loop
      vertex 5.40631 -0.522614 2.25
      vertex 6.18024 -0.725739 2.25
      vertex 5.4397 -0.442017 2.25
    endloop
  endfacet
  facet normal 0 0 1
    outer loop
      vertex 5.20711 0.807098 2.25
      vertex 5.81923 1.41924 2.25
      vertex 5.73561 1.49586 2.25
    endloop
  endfacet
  facet normal 0 0 1
    outer loop
      vertex 6.18024 -0.725739 2.25
      vertex 5.40631 -0.522614 2.25
      vertex 6.1557 -0.836472 2.25
    endloop
  endfacet
  facet normal 0 0 1
    outer loop
      vertex 5.14279 0.866028 2.25
      vertex 5.73561 1.49586 2.25
      vertex 5.64565 1.5649 2.25
    endloop
  endfacet
  facet normal -0 0 1
    outer loop
      vertex 5.36603 -0.599991 2.25
      vertex 6.1557 -0.836472 2.25
      vertex 5.40631 -0.522614 2.25
    endloop
  endfacet
  facet normal 0 0 1
    outer loop
      vertex 5.14279 0.866028 2.25
      vertex 5.64565 1.5649 2.25
      vertex 5.54999 1.62584 2.25
    endloop
  endfacet
  facet normal 0 0 1
    outer loop
      vertex 6.1557 -0.836472 2.25
      vertex 5.36603 -0.599991 2.25
      vertex 6.1216 -0.944626 2.25
    endloop
  endfacet
  facet normal 0 0 1
    outer loop
      vertex 6.1216 -0.944626 2.25
      vertex 5.36603 -0.599991 2.25
      vertex 6.0782 -1.04941 2.25
    endloop
  endfacet
  facet normal 0 0 1
    outer loop
      vertex 6.2 0.5 2.25
      vertex 5.4962 0.187149 2.25
      vertex 5.5 0.0999908 2.25
    endloop
  endfacet
  facet normal 0 0 1
    outer loop
      vertex 6.2 0.5 2.25
      vertex 5.4848 0.273636 2.25
      vertex 5.4962 0.187149 2.25
    endloop
  endfacet
  facet normal 0 0 1
    outer loop
      vertex 6.2 0.5 2.25
      vertex 5.46593 0.35881 2.25
      vertex 5.4848 0.273636 2.25
    endloop
  endfacet
  facet normal 0 0 1
    outer loop
      vertex 5.07358 0.919144 2.25
      vertex 5.54999 1.62584 2.25
      vertex 5.4494 1.67821 2.25
    endloop
  endfacet
  facet normal 0 0 1
    outer loop
      vertex 6.2 0.5 2.25
      vertex 5.4397 0.442017 2.25
      vertex 5.46593 0.35881 2.25
    endloop
  endfacet
  facet normal 0 0 1
    outer loop
      vertex 6.18024 0.725739 2.25
      vertex 5.40631 0.522614 2.25
      vertex 5.4397 0.442017 2.25
    endloop
  endfacet
  facet normal 0 0 1
    outer loop
      vertex 6.1557 0.836472 2.25
      vertex 5.36603 0.599991 2.25
      vertex 5.40631 0.522614 2.25
    endloop
  endfacet
  facet normal 0 0 1
    outer loop
      vertex 5 0.966019 2.25
      vertex 5.4494 1.67821 2.25
      vertex 5.34462 1.7216 2.25
    endloop
  endfacet
  facet normal 0 0 1
    outer loop
      vertex 6.0782 1.04941 2.25
      vertex 5.31915 0.673569 2.25
      vertex 5.36603 0.599991 2.25
    endloop
  endfacet
  facet normal 0 0 1
    outer loop
      vertex 5.96489 1.24565 2.25
      vertex 5.26604 0.742783 2.25
      vertex 5.31915 0.673569 2.25
    endloop
  endfacet
  facet normal 0 0 1
    outer loop
      vertex 5 0.966019 2.25
      vertex 5.34462 1.7216 2.25
      vertex 5.23647 1.75571 2.25
    endloop
  endfacet
  facet normal 0 0 1
    outer loop
      vertex 5.89586 1.33562 2.25
      vertex 5.20711 0.807098 2.25
      vertex 5.26604 0.742783 2.25
    endloop
  endfacet
  facet normal 0 0 1
    outer loop
      vertex 5.73561 1.49586 2.25
      vertex 5.14279 0.866028 2.25
      vertex 5.20711 0.807098 2.25
    endloop
  endfacet
  facet normal 0 0 1
    outer loop
      vertex 4.92262 1.0063 2.25
      vertex 5.23647 1.75571 2.25
      vertex 5.12573 1.78024 2.25
    endloop
  endfacet
  facet normal 0 0 1
    outer loop
      vertex 5.54999 1.62584 2.25
      vertex 5.07358 0.919144 2.25
      vertex 5.14279 0.866028 2.25
    endloop
  endfacet
  facet normal 0 0 1
    outer loop
      vertex 4.84203 1.03969 2.25
      vertex 5.12573 1.78024 2.25
      vertex 5.01329 1.79506 2.25
    endloop
  endfacet
  facet normal 0 0 1
    outer loop
      vertex 5.4494 1.67821 2.25
      vertex 5 0.966019 2.25
      vertex 5.07358 0.919144 2.25
    endloop
  endfacet
  facet normal 0 0 1
    outer loop
      vertex 5.23647 1.75571 2.25
      vertex 4.92262 1.0063 2.25
      vertex 5 0.966019 2.25
    endloop
  endfacet
  facet normal 0 0 1
    outer loop
      vertex 4.84203 1.03969 2.25
      vertex 5.01329 1.79506 2.25
      vertex 4.89999 1.8 2.25
    endloop
  endfacet
  facet normal 0 0 1
    outer loop
      vertex 5.12573 1.78024 2.25
      vertex 4.84203 1.03969 2.25
      vertex 4.92262 1.0063 2.25
    endloop
  endfacet
  facet normal 0 0 1
    outer loop
      vertex 4.89999 1.8 2.25
      vertex 4.75882 1.06592 2.25
      vertex 4.84203 1.03969 2.25
    endloop
  endfacet
  facet normal 0 0 1
    outer loop
      vertex 4.89999 1.8 2.25
      vertex 4.67365 1.08479 2.25
      vertex 4.75882 1.06592 2.25
    endloop
  endfacet
  facet normal 0 0 1
    outer loop
      vertex 4.89999 1.8 2.25
      vertex 4.58716 1.09619 2.25
      vertex 4.67365 1.08479 2.25
    endloop
  endfacet
  facet normal 0 0 1
    outer loop
      vertex 4.89999 1.8 2.25
      vertex 4.5 1.09999 2.25
      vertex 4.58716 1.09619 2.25
    endloop
  endfacet
  facet normal 0 0 1
    outer loop
      vertex 4.89999 1.8 2.25
      vertex -4.5 1.09999 2.25
      vertex 4.5 1.09999 2.25
    endloop
  endfacet
  facet normal -0 0 1
    outer loop
      vertex -4.89999 1.8 2.25
      vertex -4.5 1.09999 2.25
      vertex 4.89999 1.8 2.25
    endloop
  endfacet
  facet normal 0 0 1
    outer loop
      vertex -4.5 1.09999 2.25
      vertex -4.89999 1.8 2.25
      vertex -4.58716 1.09619 2.25
    endloop
  endfacet
  facet normal 0 0 1
    outer loop
      vertex -4.89999 1.8 2.25
      vertex -4.67365 1.08479 2.25
      vertex -4.58716 1.09619 2.25
    endloop
  endfacet
  facet normal 0 0 1
    outer loop
      vertex -4.89999 1.8 2.25
      vertex -4.75882 1.06592 2.25
      vertex -4.67365 1.08479 2.25
    endloop
  endfacet
  facet normal 0 0 1
    outer loop
      vertex -4.89999 1.8 2.25
      vertex -4.84203 1.03969 2.25
      vertex -4.75882 1.06592 2.25
    endloop
  endfacet
  facet normal -0 0 1
    outer loop
      vertex -5.01329 1.79506 2.25
      vertex -4.84203 1.03969 2.25
      vertex -4.89999 1.8 2.25
    endloop
  endfacet
  facet normal -0 0 1
    outer loop
      vertex -5.12573 1.78024 2.25
      vertex -4.84203 1.03969 2.25
      vertex -5.01329 1.79506 2.25
    endloop
  endfacet
  facet normal 0 0 1
    outer loop
      vertex -4.84203 1.03969 2.25
      vertex -5.12573 1.78024 2.25
      vertex -4.92262 1.0063 2.25
    endloop
  endfacet
  facet normal -0 0 1
    outer loop
      vertex -5.23647 1.75571 2.25
      vertex -4.92262 1.0063 2.25
      vertex -5.12573 1.78024 2.25
    endloop
  endfacet
  facet normal 0 0 1
    outer loop
      vertex -4.92262 1.0063 2.25
      vertex -5.23647 1.75571 2.25
      vertex -5 0.966019 2.25
    endloop
  endfacet
  facet normal -0 0 1
    outer loop
      vertex -5.34462 1.7216 2.25
      vertex -5 0.966019 2.25
      vertex -5.23647 1.75571 2.25
    endloop
  endfacet
  facet normal -0 0 1
    outer loop
      vertex -5.4494 1.67821 2.25
      vertex -5 0.966019 2.25
      vertex -5.34462 1.7216 2.25
    endloop
  endfacet
  facet normal 0 0 1
    outer loop
      vertex -5 0.966019 2.25
      vertex -5.4494 1.67821 2.25
      vertex -5.07358 0.919144 2.25
    endloop
  endfacet
  facet normal -0 0 1
    outer loop
      vertex -5.54999 1.62584 2.25
      vertex -5.07358 0.919144 2.25
      vertex -5.4494 1.67821 2.25
    endloop
  endfacet
  facet normal 0 0 1
    outer loop
      vertex -5.07358 0.919144 2.25
      vertex -5.54999 1.62584 2.25
      vertex -5.14279 0.866028 2.25
    endloop
  endfacet
  facet normal -0 0 1
    outer loop
      vertex -5.64565 1.5649 2.25
      vertex -5.14279 0.866028 2.25
      vertex -5.54999 1.62584 2.25
    endloop
  endfacet
  facet normal -0 0 1
    outer loop
      vertex -5.73561 1.49586 2.25
      vertex -5.14279 0.866028 2.25
      vertex -5.64565 1.5649 2.25
    endloop
  endfacet
  facet normal 0 0 1
    outer loop
      vertex -5.14279 0.866028 2.25
      vertex -5.73561 1.49586 2.25
      vertex -5.20711 0.807098 2.25
    endloop
  endfacet
  facet normal -0 0 1
    outer loop
      vertex -5.81923 1.41924 2.25
      vertex -5.20711 0.807098 2.25
      vertex -5.73561 1.49586 2.25
    endloop
  endfacet
  facet normal -0 0 1
    outer loop
      vertex -5.89586 1.33562 2.25
      vertex -5.20711 0.807098 2.25
      vertex -5.81923 1.41924 2.25
    endloop
  endfacet
  facet normal 0 0 1
    outer loop
      vertex -5.20711 0.807098 2.25
      vertex -5.89586 1.33562 2.25
      vertex -5.26604 0.742783 2.25
    endloop
  endfacet
  facet normal -0 0 1
    outer loop
      vertex -5.96489 1.24565 2.25
      vertex -5.26604 0.742783 2.25
      vertex -5.89586 1.33562 2.25
    endloop
  endfacet
  facet normal 0 0 1
    outer loop
      vertex -5.26604 0.742783 2.25
      vertex -5.96489 1.24565 2.25
      vertex -5.31915 0.673569 2.25
    endloop
  endfacet
  facet normal -0 0 1
    outer loop
      vertex -6.02583 1.14999 2.25
      vertex -5.31915 0.673569 2.25
      vertex -5.96489 1.24565 2.25
    endloop
  endfacet
  facet normal 0 0 1
    outer loop
      vertex -5.31915 0.673569 2.25
      vertex -6.0782 1.04941 2.25
      vertex -5.36603 0.599991 2.25
    endloop
  endfacet
  facet normal -0 0 1
    outer loop
      vertex -6.0782 1.04941 2.25
      vertex -5.31915 0.673569 2.25
      vertex -6.02583 1.14999 2.25
    endloop
  endfacet
  facet normal -0 0 1
    outer loop
      vertex 5.31915 -0.673569 2.25
      vertex 6.0782 -1.04941 2.25
      vertex 5.36603 -0.599991 2.25
    endloop
  endfacet
  facet normal 0 0 1
    outer loop
      vertex 6.0782 -1.04941 2.25
      vertex 5.31915 -0.673569 2.25
      vertex 6.02583 -1.14999 2.25
    endloop
  endfacet
  facet normal 0 0 1
    outer loop
      vertex 6.02583 -1.14999 2.25
      vertex 5.31915 -0.673569 2.25
      vertex 5.96489 -1.24565 2.25
    endloop
  endfacet
  facet normal -0 0 1
    outer loop
      vertex 5.26604 -0.742783 2.25
      vertex 5.96489 -1.24565 2.25
      vertex 5.31915 -0.673569 2.25
    endloop
  endfacet
  facet normal 0 0 1
    outer loop
      vertex 5.96489 -1.24565 2.25
      vertex 5.26604 -0.742783 2.25
      vertex 5.89586 -1.33562 2.25
    endloop
  endfacet
  facet normal -0 0 1
    outer loop
      vertex 5.20711 -0.807098 2.25
      vertex 5.89586 -1.33562 2.25
      vertex 5.26604 -0.742783 2.25
    endloop
  endfacet
  facet normal 0 0 1
    outer loop
      vertex 5.89586 -1.33562 2.25
      vertex 5.20711 -0.807098 2.25
      vertex 5.81923 -1.41924 2.25
    endloop
  endfacet
  facet normal 0 0 1
    outer loop
      vertex 5.81923 -1.41924 2.25
      vertex 5.20711 -0.807098 2.25
      vertex 5.73561 -1.49586 2.25
    endloop
  endfacet
  facet normal -0 0 1
    outer loop
      vertex 5.14279 -0.866028 2.25
      vertex 5.73561 -1.49586 2.25
      vertex 5.20711 -0.807098 2.25
    endloop
  endfacet
  facet normal 0 0 1
    outer loop
      vertex 5.73561 -1.49586 2.25
      vertex 5.14279 -0.866028 2.25
      vertex 5.64565 -1.5649 2.25
    endloop
  endfacet
  facet normal 0 0 1
    outer loop
      vertex 5.64565 -1.5649 2.25
      vertex 5.14279 -0.866028 2.25
      vertex 5.54999 -1.62584 2.25
    endloop
  endfacet
  facet normal -0 0 1
    outer loop
      vertex 5.07358 -0.919144 2.25
      vertex 5.54999 -1.62584 2.25
      vertex 5.14279 -0.866028 2.25
    endloop
  endfacet
  facet normal 0 0 1
    outer loop
      vertex 5.54999 -1.62584 2.25
      vertex 5.07358 -0.919144 2.25
      vertex 5.4494 -1.67821 2.25
    endloop
  endfacet
  facet normal -0 0 1
    outer loop
      vertex 5 -0.966019 2.25
      vertex 5.4494 -1.67821 2.25
      vertex 5.07358 -0.919144 2.25
    endloop
  endfacet
  facet normal 0 0 1
    outer loop
      vertex 5.4494 -1.67821 2.25
      vertex 5 -0.966019 2.25
      vertex 5.34462 -1.7216 2.25
    endloop
  endfacet
  facet normal 0 0 1
    outer loop
      vertex 5.34462 -1.7216 2.25
      vertex 5 -0.966019 2.25
      vertex 5.23647 -1.75571 2.25
    endloop
  endfacet
  facet normal -0 0 1
    outer loop
      vertex 4.92262 -1.0063 2.25
      vertex 5.23647 -1.75571 2.25
      vertex 5 -0.966019 2.25
    endloop
  endfacet
  facet normal 0 0 1
    outer loop
      vertex 5.23647 -1.75571 2.25
      vertex 4.92262 -1.0063 2.25
      vertex 5.12573 -1.78024 2.25
    endloop
  endfacet
  facet normal -0 0 1
    outer loop
      vertex 4.84203 -1.03969 2.25
      vertex 5.12573 -1.78024 2.25
      vertex 4.92262 -1.0063 2.25
    endloop
  endfacet
  facet normal 0 0 1
    outer loop
      vertex 5.12573 -1.78024 2.25
      vertex 4.84203 -1.03969 2.25
      vertex 5.01329 -1.79506 2.25
    endloop
  endfacet
  facet normal 0 0 1
    outer loop
      vertex 5.01329 -1.79506 2.25
      vertex 4.84203 -1.03969 2.25
      vertex 4.89999 -1.8 2.25
    endloop
  endfacet
  facet normal -0 0 1
    outer loop
      vertex 4.75882 -1.06592 2.25
      vertex 4.89999 -1.8 2.25
      vertex 4.84203 -1.03969 2.25
    endloop
  endfacet
  facet normal -0 0 1
    outer loop
      vertex 4.67365 -1.08479 2.25
      vertex 4.89999 -1.8 2.25
      vertex 4.75882 -1.06592 2.25
    endloop
  endfacet
  facet normal -0 0 1
    outer loop
      vertex 4.58716 -1.09619 2.25
      vertex 4.89999 -1.8 2.25
      vertex 4.67365 -1.08479 2.25
    endloop
  endfacet
  facet normal -0 0 1
    outer loop
      vertex 4.5 -1.09999 2.25
      vertex 4.89999 -1.8 2.25
      vertex 4.58716 -1.09619 2.25
    endloop
  endfacet
  facet normal -0 0 1
    outer loop
      vertex -4.5 -1.09999 2.25
      vertex 4.89999 -1.8 2.25
      vertex 4.5 -1.09999 2.25
    endloop
  endfacet
  facet normal 0 0 1
    outer loop
      vertex -4.89999 -1.8 2.25
      vertex -4.5 -1.09999 2.25
      vertex -4.58716 -1.09619 2.25
    endloop
  endfacet
  facet normal 0 0 1
    outer loop
      vertex -4.5 -1.09999 2.25
      vertex -4.89999 -1.8 2.25
      vertex 4.89999 -1.8 2.25
    endloop
  endfacet
  facet normal 0 0 1
    outer loop
      vertex -4.67365 -1.08479 2.25
      vertex -4.89999 -1.8 2.25
      vertex -4.58716 -1.09619 2.25
    endloop
  endfacet
  facet normal 0 0 1
    outer loop
      vertex -4.75882 -1.06592 2.25
      vertex -4.89999 -1.8 2.25
      vertex -4.67365 -1.08479 2.25
    endloop
  endfacet
  facet normal 0 0 1
    outer loop
      vertex -4.84203 -1.03969 2.25
      vertex -4.89999 -1.8 2.25
      vertex -4.75882 -1.06592 2.25
    endloop
  endfacet
  facet normal 0 0 1
    outer loop
      vertex -5.12573 -1.78024 2.25
      vertex -4.84203 -1.03969 2.25
      vertex -4.92262 -1.0063 2.25
    endloop
  endfacet
  facet normal 0 0 1
    outer loop
      vertex -5.23647 -1.75571 2.25
      vertex -4.92262 -1.0063 2.25
      vertex -5 -0.966019 2.25
    endloop
  endfacet
  facet normal 0 0 1
    outer loop
      vertex -4.84203 -1.03969 2.25
      vertex -5.01329 -1.79506 2.25
      vertex -4.89999 -1.8 2.25
    endloop
  endfacet
  facet normal 0 0 1
    outer loop
      vertex -5.4494 -1.67821 2.25
      vertex -5 -0.966019 2.25
      vertex -5.07358 -0.919144 2.25
    endloop
  endfacet
  facet normal 0 0 1
    outer loop
      vertex -4.84203 -1.03969 2.25
      vertex -5.12573 -1.78024 2.25
      vertex -5.01329 -1.79506 2.25
    endloop
  endfacet
  facet normal 0 0 1
    outer loop
      vertex -5.54999 -1.62584 2.25
      vertex -5.07358 -0.919144 2.25
      vertex -5.14279 -0.866028 2.25
    endloop
  endfacet
  facet normal 0 0 1
    outer loop
      vertex -5.73561 -1.49586 2.25
      vertex -5.14279 -0.866028 2.25
      vertex -5.20711 -0.807098 2.25
    endloop
  endfacet
  facet normal 0 0 1
    outer loop
      vertex -4.92262 -1.0063 2.25
      vertex -5.23647 -1.75571 2.25
      vertex -5.12573 -1.78024 2.25
    endloop
  endfacet
  facet normal 0 0 1
    outer loop
      vertex -5.89586 -1.33562 2.25
      vertex -5.20711 -0.807098 2.25
      vertex -5.26604 -0.742783 2.25
    endloop
  endfacet
  facet normal 0 0 1
    outer loop
      vertex -5.96489 -1.24565 2.25
      vertex -5.26604 -0.742783 2.25
      vertex -5.31915 -0.673569 2.25
    endloop
  endfacet
  facet normal 0 0 1
    outer loop
      vertex -5 -0.966019 2.25
      vertex -5.34462 -1.7216 2.25
      vertex -5.23647 -1.75571 2.25
    endloop
  endfacet
  facet normal 0 0 1
    outer loop
      vertex -6.0782 -1.04941 2.25
      vertex -5.31915 -0.673569 2.25
      vertex -5.36603 -0.599991 2.25
    endloop
  endfacet
  facet normal 0 0 1
    outer loop
      vertex -6.1557 -0.836472 2.25
      vertex -5.36603 -0.599991 2.25
      vertex -5.40631 -0.522614 2.25
    endloop
  endfacet
  facet normal 0 0 1
    outer loop
      vertex -6.18024 -0.725739 2.25
      vertex -5.40631 -0.522614 2.25
      vertex -5.4397 -0.442017 2.25
    endloop
  endfacet
  facet normal 0 0 1
    outer loop
      vertex -5 -0.966019 2.25
      vertex -5.4494 -1.67821 2.25
      vertex -5.34462 -1.7216 2.25
    endloop
  endfacet
  facet normal 0 0 1
    outer loop
      vertex -6.2 -0.5 2.25
      vertex -5.4397 -0.442017 2.25
      vertex -5.46593 -0.35881 2.25
    endloop
  endfacet
  facet normal 0 0 1
    outer loop
      vertex -6.2 -0.5 2.25
      vertex -5.46593 -0.35881 2.25
      vertex -5.4848 -0.273636 2.25
    endloop
  endfacet
  facet normal 0 0 1
    outer loop
      vertex -6.2 -0.5 2.25
      vertex -5.4848 -0.273636 2.25
      vertex -5.4962 -0.187149 2.25
    endloop
  endfacet
  facet normal 0 0 1
    outer loop
      vertex -6.2 -0.5 2.25
      vertex -5.4962 -0.187149 2.25
      vertex -5.5 -0.0999908 2.25
    endloop
  endfacet
  facet normal 0 0 1
    outer loop
      vertex -5.07358 -0.919144 2.25
      vertex -5.54999 -1.62584 2.25
      vertex -5.4494 -1.67821 2.25
    endloop
  endfacet
  facet normal -0 0 1
    outer loop
      vertex -6.1216 0.944626 2.25
      vertex -5.36603 0.599991 2.25
      vertex -6.0782 1.04941 2.25
    endloop
  endfacet
  facet normal -0 0 1
    outer loop
      vertex -6.1557 0.836472 2.25
      vertex -5.36603 0.599991 2.25
      vertex -6.1216 0.944626 2.25
    endloop
  endfacet
  facet normal 0 0 1
    outer loop
      vertex -6.2 -0.5 2.25
      vertex -5.5 -0.0999908 2.25
      vertex -6.2 0.5 2.25
    endloop
  endfacet
  facet normal 0 0 1
    outer loop
      vertex -5.36603 0.599991 2.25
      vertex -6.1557 0.836472 2.25
      vertex -5.40631 0.522614 2.25
    endloop
  endfacet
  facet normal 0 0 1
    outer loop
      vertex -5.4397 -0.442017 2.25
      vertex -6.2 -0.5 2.25
      vertex -6.19505 -0.613297 2.25
    endloop
  endfacet
  facet normal -0 0 1
    outer loop
      vertex -6.18024 0.725739 2.25
      vertex -5.40631 0.522614 2.25
      vertex -6.1557 0.836472 2.25
    endloop
  endfacet
  facet normal 0 0 1
    outer loop
      vertex -5.14279 -0.866028 2.25
      vertex -5.64565 -1.5649 2.25
      vertex -5.54999 -1.62584 2.25
    endloop
  endfacet
  facet normal 0 0 1
    outer loop
      vertex -5.40631 0.522614 2.25
      vertex -6.18024 0.725739 2.25
      vertex -5.4397 0.442017 2.25
    endloop
  endfacet
  facet normal 0 0 1
    outer loop
      vertex -5.14279 -0.866028 2.25
      vertex -5.73561 -1.49586 2.25
      vertex -5.64565 -1.5649 2.25
    endloop
  endfacet
  facet normal -0 0 1
    outer loop
      vertex -6.19505 0.613297 2.25
      vertex -5.4397 0.442017 2.25
      vertex -6.18024 0.725739 2.25
    endloop
  endfacet
  facet normal 0 0 1
    outer loop
      vertex -5.20711 -0.807098 2.25
      vertex -5.81923 -1.41924 2.25
      vertex -5.73561 -1.49586 2.25
    endloop
  endfacet
  facet normal -0 0 1
    outer loop
      vertex -6.2 0.5 2.25
      vertex -5.4397 0.442017 2.25
      vertex -6.19505 0.613297 2.25
    endloop
  endfacet
  facet normal 0 0 1
    outer loop
      vertex -5.20711 -0.807098 2.25
      vertex -5.89586 -1.33562 2.25
      vertex -5.81923 -1.41924 2.25
    endloop
  endfacet
  facet normal 0 0 1
    outer loop
      vertex -5.4397 0.442017 2.25
      vertex -6.2 0.5 2.25
      vertex -5.46593 0.35881 2.25
    endloop
  endfacet
  facet normal 0 0 1
    outer loop
      vertex -5.26604 -0.742783 2.25
      vertex -5.96489 -1.24565 2.25
      vertex -5.89586 -1.33562 2.25
    endloop
  endfacet
  facet normal 0 0 1
    outer loop
      vertex -5.46593 0.35881 2.25
      vertex -6.2 0.5 2.25
      vertex -5.4848 0.273636 2.25
    endloop
  endfacet
  facet normal 0 0 1
    outer loop
      vertex -5.31915 -0.673569 2.25
      vertex -6.02583 -1.14999 2.25
      vertex -5.96489 -1.24565 2.25
    endloop
  endfacet
  facet normal 0 0 1
    outer loop
      vertex -5.4848 0.273636 2.25
      vertex -6.2 0.5 2.25
      vertex -5.4962 0.187149 2.25
    endloop
  endfacet
  facet normal 0 0 1
    outer loop
      vertex -5.31915 -0.673569 2.25
      vertex -6.0782 -1.04941 2.25
      vertex -6.02583 -1.14999 2.25
    endloop
  endfacet
  facet normal 0 0 1
    outer loop
      vertex -5.4962 0.187149 2.25
      vertex -6.2 0.5 2.25
      vertex -5.5 0.0999908 2.25
    endloop
  endfacet
  facet normal 0 0 1
    outer loop
      vertex -5.36603 -0.599991 2.25
      vertex -6.1216 -0.944626 2.25
      vertex -6.0782 -1.04941 2.25
    endloop
  endfacet
  facet normal 0 0 1
    outer loop
      vertex -5.5 0.0999908 2.25
      vertex -6.2 0.5 2.25
      vertex -5.5 -0.0999908 2.25
    endloop
  endfacet
  facet normal 0 0 1
    outer loop
      vertex -5.36603 -0.599991 2.25
      vertex -6.1557 -0.836472 2.25
      vertex -6.1216 -0.944626 2.25
    endloop
  endfacet
  facet normal 0 0 1
    outer loop
      vertex -5.40631 -0.522614 2.25
      vertex -6.18024 -0.725739 2.25
      vertex -6.1557 -0.836472 2.25
    endloop
  endfacet
  facet normal 0 0 1
    outer loop
      vertex -5.4397 -0.442017 2.25
      vertex -6.19505 -0.613297 2.25
      vertex -6.18024 -0.725739 2.25
    endloop
  endfacet
  facet normal -0.88697 -0.461827 0
    outer loop
      vertex -6.02583 -1.14999 1.15
      vertex -6.0782 -1.04941 2.25
      vertex -6.0782 -1.04941 1.15
    endloop
  endfacet
  facet normal -0.88697 -0.461827 0
    outer loop
      vertex -6.0782 -1.04941 2.25
      vertex -6.02583 -1.14999 1.15
      vertex -6.02583 -1.14999 2.25
    endloop
  endfacet
  facet normal -0.608824 -0.793305 0
    outer loop
      vertex -5.73561 -1.49586 1.15
      vertex -5.64565 -1.5649 2.25
      vertex -5.73561 -1.49586 2.25
    endloop
  endfacet
  facet normal -0.608824 -0.793305 -0
    outer loop
      vertex -5.64565 -1.5649 2.25
      vertex -5.73561 -1.49586 1.15
      vertex -5.64565 -1.5649 1.15
    endloop
  endfacet
  facet normal -0.382598 -0.923915 0
    outer loop
      vertex -5.4494 -1.67821 1.15
      vertex -5.34462 -1.7216 2.25
      vertex -5.4494 -1.67821 2.25
    endloop
  endfacet
  facet normal -0.382598 -0.923915 -0
    outer loop
      vertex -5.34462 -1.7216 2.25
      vertex -5.4494 -1.67821 1.15
      vertex -5.34462 -1.7216 1.15
    endloop
  endfacet
  facet normal -0.8434 -0.537286 0
    outer loop
      vertex -5.96489 -1.24565 1.15
      vertex -6.02583 -1.14999 2.25
      vertex -6.02583 -1.14999 1.15
    endloop
  endfacet
  facet normal -0.8434 -0.537286 0
    outer loop
      vertex -6.02583 -1.14999 2.25
      vertex -5.96489 -1.24565 1.15
      vertex -5.96489 -1.24565 2.25
    endloop
  endfacet
  facet normal -0.30079 -0.953691 0
    outer loop
      vertex -5.34462 -1.7216 1.15
      vertex -5.23647 -1.75571 2.25
      vertex -5.34462 -1.7216 2.25
    endloop
  endfacet
  facet normal -0.30079 -0.953691 -0
    outer loop
      vertex -5.23647 -1.75571 2.25
      vertex -5.34462 -1.7216 1.15
      vertex -5.23647 -1.75571 1.15
    endloop
  endfacet
  facet normal 0.999047 0.0436488 0
    outer loop
      vertex 6.2 0.5 2.25
      vertex 6.19505 0.613297 1.15
      vertex 6.19505 0.613297 2.25
    endloop
  endfacet
  facet normal 0.999047 0.0436488 0
    outer loop
      vertex 6.19505 0.613297 1.15
      vertex 6.2 0.5 2.25
      vertex 6.2 0.5 1.15
    endloop
  endfacet
  facet normal 1 -0 0
    outer loop
      vertex 6.2 -0.5 2.25
      vertex 6.2 0.5 1.15
      vertex 6.2 0.5 2.25
    endloop
  endfacet
  facet normal 1 0 0
    outer loop
      vertex 6.2 0.5 1.15
      vertex 6.2 -0.5 2.25
      vertex 6.2 -0.5 1.15
    endloop
  endfacet
  facet normal 0.737249 0.675621 0
    outer loop
      vertex 5.89586 1.33562 2.25
      vertex 5.81923 1.41924 1.15
      vertex 5.81923 1.41924 2.25
    endloop
  endfacet
  facet normal 0.737249 0.675621 0
    outer loop
      vertex 5.81923 1.41924 1.15
      vertex 5.89586 1.33562 2.25
      vertex 5.89586 1.33562 1.15
    endloop
  endfacet
  facet normal 0.216268 -0.976334 0
    outer loop
      vertex 5.12573 -1.78024 1.15
      vertex 5.23647 -1.75571 2.25
      vertex 5.12573 -1.78024 2.25
    endloop
  endfacet
  facet normal 0.216268 -0.976334 0
    outer loop
      vertex 5.23647 -1.75571 2.25
      vertex 5.12573 -1.78024 1.15
      vertex 5.23647 -1.75571 1.15
    endloop
  endfacet
  facet normal 0.88697 -0.461827 0
    outer loop
      vertex 6.02583 -1.14999 2.25
      vertex 6.0782 -1.04941 1.15
      vertex 6.0782 -1.04941 2.25
    endloop
  endfacet
  facet normal 0.88697 -0.461827 0
    outer loop
      vertex 6.0782 -1.04941 1.15
      vertex 6.02583 -1.14999 2.25
      vertex 6.02583 -1.14999 1.15
    endloop
  endfacet
  facet normal 0.976313 -0.216365 0
    outer loop
      vertex 6.1557 -0.836472 2.25
      vertex 6.18024 -0.725739 1.15
      vertex 6.18024 -0.725739 2.25
    endloop
  endfacet
  facet normal 0.976313 -0.216365 0
    outer loop
      vertex 6.18024 -0.725739 1.15
      vertex 6.1557 -0.836472 2.25
      vertex 6.1557 -0.836472 1.15
    endloop
  endfacet
  facet normal 0.461791 -0.886989 0
    outer loop
      vertex 5.4494 -1.67821 1.15
      vertex 5.54999 -1.62584 2.25
      vertex 5.4494 -1.67821 2.25
    endloop
  endfacet
  facet normal 0.461791 -0.886989 0
    outer loop
      vertex 5.54999 -1.62584 2.25
      vertex 5.4494 -1.67821 1.15
      vertex 5.54999 -1.62584 1.15
    endloop
  endfacet
  facet normal 0.608824 -0.793305 0
    outer loop
      vertex 5.64565 -1.5649 1.15
      vertex 5.73561 -1.49586 2.25
      vertex 5.64565 -1.5649 2.25
    endloop
  endfacet
  facet normal 0.608824 -0.793305 0
    outer loop
      vertex 5.73561 -1.49586 2.25
      vertex 5.64565 -1.5649 1.15
      vertex 5.73561 -1.49586 1.15
    endloop
  endfacet
  facet normal -0.216268 0.976334 0
    outer loop
      vertex -5.12573 1.78024 1.15
      vertex -5.23647 1.75571 2.25
      vertex -5.12573 1.78024 2.25
    endloop
  endfacet
  facet normal -0.216268 0.976334 0
    outer loop
      vertex -5.23647 1.75571 2.25
      vertex -5.12573 1.78024 1.15
      vertex -5.23647 1.75571 1.15
    endloop
  endfacet
  facet normal -0.461791 0.886989 0
    outer loop
      vertex -5.4494 1.67821 1.15
      vertex -5.54999 1.62584 2.25
      vertex -5.4494 1.67821 2.25
    endloop
  endfacet
  facet normal -0.461791 0.886989 0
    outer loop
      vertex -5.54999 1.62584 2.25
      vertex -5.4494 1.67821 1.15
      vertex -5.54999 1.62584 1.15
    endloop
  endfacet
  facet normal -0.608824 0.793305 0
    outer loop
      vertex -5.64565 1.5649 1.15
      vertex -5.73561 1.49586 2.25
      vertex -5.64565 1.5649 2.25
    endloop
  endfacet
  facet normal -0.608824 0.793305 0
    outer loop
      vertex -5.73561 1.49586 2.25
      vertex -5.64565 1.5649 1.15
      vertex -5.73561 1.49586 1.15
    endloop
  endfacet
  facet normal -0.537286 0.8434 0
    outer loop
      vertex -5.54999 1.62584 1.15
      vertex -5.64565 1.5649 2.25
      vertex -5.54999 1.62584 2.25
    endloop
  endfacet
  facet normal -0.537286 0.8434 0
    outer loop
      vertex -5.64565 1.5649 2.25
      vertex -5.54999 1.62584 1.15
      vertex -5.64565 1.5649 1.15
    endloop
  endfacet
  facet normal -0.8434 0.537286 0
    outer loop
      vertex -6.02583 1.14999 1.15
      vertex -5.96489 1.24565 2.25
      vertex -5.96489 1.24565 1.15
    endloop
  endfacet
  facet normal -0.8434 0.537286 0
    outer loop
      vertex -5.96489 1.24565 2.25
      vertex -6.02583 1.14999 1.15
      vertex -6.02583 1.14999 2.25
    endloop
  endfacet
  facet normal -0.793381 0.608726 0
    outer loop
      vertex -5.96489 1.24565 1.15
      vertex -5.89586 1.33562 2.25
      vertex -5.89586 1.33562 1.15
    endloop
  endfacet
  facet normal -0.793381 0.608726 0
    outer loop
      vertex -5.89586 1.33562 2.25
      vertex -5.96489 1.24565 1.15
      vertex -5.96489 1.24565 2.25
    endloop
  endfacet
  facet normal -0.737249 0.675621 0
    outer loop
      vertex -5.89586 1.33562 1.15
      vertex -5.81923 1.41924 2.25
      vertex -5.81923 1.41924 1.15
    endloop
  endfacet
  facet normal -0.737249 0.675621 0
    outer loop
      vertex -5.81923 1.41924 2.25
      vertex -5.89586 1.33562 1.15
      vertex -5.89586 1.33562 2.25
    endloop
  endfacet
  facet normal -0.923889 0.382661 0
    outer loop
      vertex -6.1216 0.944626 1.15
      vertex -6.0782 1.04941 2.25
      vertex -6.0782 1.04941 1.15
    endloop
  endfacet
  facet normal -0.923889 0.382661 0
    outer loop
      vertex -6.0782 1.04941 2.25
      vertex -6.1216 0.944626 1.15
      vertex -6.1216 0.944626 2.25
    endloop
  endfacet
  facet normal -0.953719 0.300699 0
    outer loop
      vertex -6.1557 0.836472 1.15
      vertex -6.1216 0.944626 2.25
      vertex -6.1216 0.944626 1.15
    endloop
  endfacet
  facet normal -0.953719 0.300699 0
    outer loop
      vertex -6.1216 0.944626 2.25
      vertex -6.1557 0.836472 1.15
      vertex -6.1557 0.836472 2.25
    endloop
  endfacet
  facet normal -0.976313 -0.216365 0
    outer loop
      vertex -6.1557 -0.836472 1.15
      vertex -6.18024 -0.725739 2.25
      vertex -6.18024 -0.725739 1.15
    endloop
  endfacet
  facet normal -0.976313 -0.216365 0
    outer loop
      vertex -6.18024 -0.725739 2.25
      vertex -6.1557 -0.836472 1.15
      vertex -6.1557 -0.836472 2.25
    endloop
  endfacet
  facet normal -0.991437 -0.130585 0
    outer loop
      vertex -6.18024 -0.725739 1.15
      vertex -6.19505 -0.613297 2.25
      vertex -6.19505 -0.613297 1.15
    endloop
  endfacet
  facet normal -0.991437 -0.130585 0
    outer loop
      vertex -6.19505 -0.613297 2.25
      vertex -6.18024 -0.725739 1.15
      vertex -6.18024 -0.725739 2.25
    endloop
  endfacet
  facet normal -1 0 0
    outer loop
      vertex -6.2 -0.5 1.15
      vertex -6.2 0.5 2.25
      vertex -6.2 0.5 1.15
    endloop
  endfacet
  facet normal -1 -0 0
    outer loop
      vertex -6.2 0.5 2.25
      vertex -6.2 -0.5 1.15
      vertex -6.2 -0.5 2.25
    endloop
  endfacet
  facet normal -0.999047 0.0436488 0
    outer loop
      vertex -6.2 0.5 1.15
      vertex -6.19505 0.613297 2.25
      vertex -6.19505 0.613297 1.15
    endloop
  endfacet
  facet normal -0.999047 0.0436488 0
    outer loop
      vertex -6.19505 0.613297 2.25
      vertex -6.2 0.5 1.15
      vertex -6.2 0.5 2.25
    endloop
  endfacet
  facet normal -0.461791 -0.886989 0
    outer loop
      vertex -5.54999 -1.62584 1.15
      vertex -5.4494 -1.67821 2.25
      vertex -5.54999 -1.62584 2.25
    endloop
  endfacet
  facet normal -0.461791 -0.886989 -0
    outer loop
      vertex -5.4494 -1.67821 2.25
      vertex -5.54999 -1.62584 1.15
      vertex -5.4494 -1.67821 1.15
    endloop
  endfacet
  facet normal -0.537286 -0.8434 0
    outer loop
      vertex -5.64565 -1.5649 1.15
      vertex -5.54999 -1.62584 2.25
      vertex -5.64565 -1.5649 2.25
    endloop
  endfacet
  facet normal -0.537286 -0.8434 -0
    outer loop
      vertex -5.54999 -1.62584 2.25
      vertex -5.64565 -1.5649 1.15
      vertex -5.54999 -1.62584 1.15
    endloop
  endfacet
  facet normal -0.675573 -0.737293 0
    outer loop
      vertex -5.81923 -1.41924 1.15
      vertex -5.73561 -1.49586 2.25
      vertex -5.81923 -1.41924 2.25
    endloop
  endfacet
  facet normal -0.675573 -0.737293 -0
    outer loop
      vertex -5.73561 -1.49586 2.25
      vertex -5.81923 -1.41924 1.15
      vertex -5.73561 -1.49586 1.15
    endloop
  endfacet
  facet normal -0.737249 -0.675621 0
    outer loop
      vertex -5.81923 -1.41924 1.15
      vertex -5.89586 -1.33562 2.25
      vertex -5.89586 -1.33562 1.15
    endloop
  endfacet
  facet normal -0.737249 -0.675621 0
    outer loop
      vertex -5.89586 -1.33562 2.25
      vertex -5.81923 -1.41924 1.15
      vertex -5.81923 -1.41924 2.25
    endloop
  endfacet
  facet normal 0.976313 0.216365 0
    outer loop
      vertex 6.18024 0.725739 2.25
      vertex 6.1557 0.836472 1.15
      vertex 6.1557 0.836472 2.25
    endloop
  endfacet
  facet normal 0.976313 0.216365 0
    outer loop
      vertex 6.1557 0.836472 1.15
      vertex 6.18024 0.725739 2.25
      vertex 6.18024 0.725739 1.15
    endloop
  endfacet
  facet normal 0.991437 0.130585 0
    outer loop
      vertex 6.19505 0.613297 2.25
      vertex 6.18024 0.725739 1.15
      vertex 6.18024 0.725739 2.25
    endloop
  endfacet
  facet normal 0.991437 0.130585 0
    outer loop
      vertex 6.18024 0.725739 1.15
      vertex 6.19505 0.613297 2.25
      vertex 6.19505 0.613297 1.15
    endloop
  endfacet
  facet normal 0.88697 0.461827 0
    outer loop
      vertex 6.0782 1.04941 2.25
      vertex 6.02583 1.14999 1.15
      vertex 6.02583 1.14999 2.25
    endloop
  endfacet
  facet normal 0.88697 0.461827 0
    outer loop
      vertex 6.02583 1.14999 1.15
      vertex 6.0782 1.04941 2.25
      vertex 6.0782 1.04941 1.15
    endloop
  endfacet
  facet normal 0.923889 0.382661 0
    outer loop
      vertex 6.1216 0.944626 2.25
      vertex 6.0782 1.04941 1.15
      vertex 6.0782 1.04941 2.25
    endloop
  endfacet
  facet normal 0.923889 0.382661 0
    outer loop
      vertex 6.0782 1.04941 1.15
      vertex 6.1216 0.944626 2.25
      vertex 6.1216 0.944626 1.15
    endloop
  endfacet
  facet normal 0.537286 0.8434 -0
    outer loop
      vertex 5.64565 1.5649 1.15
      vertex 5.54999 1.62584 2.25
      vertex 5.64565 1.5649 2.25
    endloop
  endfacet
  facet normal 0.537286 0.8434 0
    outer loop
      vertex 5.54999 1.62584 2.25
      vertex 5.64565 1.5649 1.15
      vertex 5.54999 1.62584 1.15
    endloop
  endfacet
  facet normal 0.675573 0.737293 -0
    outer loop
      vertex 5.81923 1.41924 1.15
      vertex 5.73561 1.49586 2.25
      vertex 5.81923 1.41924 2.25
    endloop
  endfacet
  facet normal 0.675573 0.737293 0
    outer loop
      vertex 5.73561 1.49586 2.25
      vertex 5.81923 1.41924 1.15
      vertex 5.73561 1.49586 1.15
    endloop
  endfacet
  facet normal 0.382598 0.923915 -0
    outer loop
      vertex 5.4494 1.67821 1.15
      vertex 5.34462 1.7216 2.25
      vertex 5.4494 1.67821 2.25
    endloop
  endfacet
  facet normal 0.382598 0.923915 0
    outer loop
      vertex 5.34462 1.7216 2.25
      vertex 5.4494 1.67821 1.15
      vertex 5.34462 1.7216 1.15
    endloop
  endfacet
  facet normal 0.461791 0.886989 -0
    outer loop
      vertex 5.54999 1.62584 1.15
      vertex 5.4494 1.67821 2.25
      vertex 5.54999 1.62584 2.25
    endloop
  endfacet
  facet normal 0.461791 0.886989 0
    outer loop
      vertex 5.4494 1.67821 2.25
      vertex 5.54999 1.62584 1.15
      vertex 5.4494 1.67821 1.15
    endloop
  endfacet
  facet normal 0.382598 -0.923915 0
    outer loop
      vertex 5.34462 -1.7216 1.15
      vertex 5.4494 -1.67821 2.25
      vertex 5.34462 -1.7216 2.25
    endloop
  endfacet
  facet normal 0.382598 -0.923915 0
    outer loop
      vertex 5.4494 -1.67821 2.25
      vertex 5.34462 -1.7216 1.15
      vertex 5.4494 -1.67821 1.15
    endloop
  endfacet
  facet normal 0.30079 -0.953691 0
    outer loop
      vertex 5.23647 -1.75571 1.15
      vertex 5.34462 -1.7216 2.25
      vertex 5.23647 -1.75571 2.25
    endloop
  endfacet
  facet normal 0.30079 -0.953691 0
    outer loop
      vertex 5.34462 -1.7216 2.25
      vertex 5.23647 -1.75571 1.15
      vertex 5.34462 -1.7216 1.15
    endloop
  endfacet
  facet normal 0.537286 -0.8434 0
    outer loop
      vertex 5.54999 -1.62584 1.15
      vertex 5.64565 -1.5649 2.25
      vertex 5.54999 -1.62584 2.25
    endloop
  endfacet
  facet normal 0.537286 -0.8434 0
    outer loop
      vertex 5.64565 -1.5649 2.25
      vertex 5.54999 -1.62584 1.15
      vertex 5.64565 -1.5649 1.15
    endloop
  endfacet
  facet normal 0.793381 -0.608726 0
    outer loop
      vertex 5.89586 -1.33562 2.25
      vertex 5.96489 -1.24565 1.15
      vertex 5.96489 -1.24565 2.25
    endloop
  endfacet
  facet normal 0.793381 -0.608726 0
    outer loop
      vertex 5.96489 -1.24565 1.15
      vertex 5.89586 -1.33562 2.25
      vertex 5.89586 -1.33562 1.15
    endloop
  endfacet
  facet normal 0.991437 -0.130585 0
    outer loop
      vertex 6.18024 -0.725739 2.25
      vertex 6.19505 -0.613297 1.15
      vertex 6.19505 -0.613297 2.25
    endloop
  endfacet
  facet normal 0.991437 -0.130585 0
    outer loop
      vertex 6.19505 -0.613297 1.15
      vertex 6.18024 -0.725739 2.25
      vertex 6.18024 -0.725739 1.15
    endloop
  endfacet
  facet normal 0.675573 -0.737293 0
    outer loop
      vertex 5.73561 -1.49586 1.15
      vertex 5.81923 -1.41924 2.25
      vertex 5.73561 -1.49586 2.25
    endloop
  endfacet
  facet normal 0.675573 -0.737293 0
    outer loop
      vertex 5.81923 -1.41924 2.25
      vertex 5.73561 -1.49586 1.15
      vertex 5.81923 -1.41924 1.15
    endloop
  endfacet
  facet normal 0.737249 -0.675621 0
    outer loop
      vertex 5.81923 -1.41924 2.25
      vertex 5.89586 -1.33562 1.15
      vertex 5.89586 -1.33562 2.25
    endloop
  endfacet
  facet normal 0.737249 -0.675621 0
    outer loop
      vertex 5.89586 -1.33562 1.15
      vertex 5.81923 -1.41924 2.25
      vertex 5.81923 -1.41924 1.15
    endloop
  endfacet
  facet normal -0.382598 0.923915 0
    outer loop
      vertex -5.34462 1.7216 1.15
      vertex -5.4494 1.67821 2.25
      vertex -5.34462 1.7216 2.25
    endloop
  endfacet
  facet normal -0.382598 0.923915 0
    outer loop
      vertex -5.4494 1.67821 2.25
      vertex -5.34462 1.7216 1.15
      vertex -5.4494 1.67821 1.15
    endloop
  endfacet
  facet normal -0.976313 0.216365 0
    outer loop
      vertex -6.18024 0.725739 1.15
      vertex -6.1557 0.836472 2.25
      vertex -6.1557 0.836472 1.15
    endloop
  endfacet
  facet normal -0.976313 0.216365 0
    outer loop
      vertex -6.1557 0.836472 2.25
      vertex -6.18024 0.725739 1.15
      vertex -6.18024 0.725739 2.25
    endloop
  endfacet
  facet normal 0.793381 0.608726 0
    outer loop
      vertex 5.96489 1.24565 2.25
      vertex 5.89586 1.33562 1.15
      vertex 5.89586 1.33562 2.25
    endloop
  endfacet
  facet normal 0.793381 0.608726 0
    outer loop
      vertex 5.89586 1.33562 1.15
      vertex 5.96489 1.24565 2.25
      vertex 5.96489 1.24565 1.15
    endloop
  endfacet
  facet normal 0.8434 0.537286 0
    outer loop
      vertex 6.02583 1.14999 2.25
      vertex 5.96489 1.24565 1.15
      vertex 5.96489 1.24565 2.25
    endloop
  endfacet
  facet normal 0.8434 0.537286 0
    outer loop
      vertex 5.96489 1.24565 1.15
      vertex 6.02583 1.14999 2.25
      vertex 6.02583 1.14999 1.15
    endloop
  endfacet
  facet normal 0.608824 0.793305 -0
    outer loop
      vertex 5.73561 1.49586 1.15
      vertex 5.64565 1.5649 2.25
      vertex 5.73561 1.49586 2.25
    endloop
  endfacet
  facet normal 0.608824 0.793305 0
    outer loop
      vertex 5.64565 1.5649 2.25
      vertex 5.73561 1.49586 1.15
      vertex 5.64565 1.5649 1.15
    endloop
  endfacet
  facet normal 0.8434 -0.537286 0
    outer loop
      vertex 5.96489 -1.24565 2.25
      vertex 6.02583 -1.14999 1.15
      vertex 6.02583 -1.14999 2.25
    endloop
  endfacet
  facet normal 0.8434 -0.537286 0
    outer loop
      vertex 6.02583 -1.14999 1.15
      vertex 5.96489 -1.24565 2.25
      vertex 5.96489 -1.24565 1.15
    endloop
  endfacet
  facet normal 0.953719 -0.300699 0
    outer loop
      vertex 6.1216 -0.944626 2.25
      vertex 6.1557 -0.836472 1.15
      vertex 6.1557 -0.836472 2.25
    endloop
  endfacet
  facet normal 0.953719 -0.300699 0
    outer loop
      vertex 6.1557 -0.836472 1.15
      vertex 6.1216 -0.944626 2.25
      vertex 6.1216 -0.944626 1.15
    endloop
  endfacet
endsolid OpenSCAD_Model
