solid OpenSCAD_Model
  facet normal 0.634557 -0.772876 0
    outer loop
      vertex 1.82628 19.6199 3
      vertex 1.97804 19.7445 9
      vertex 1.82628 19.6199 9
    endloop
  endfacet
  facet normal 0.634557 -0.772876 0
    outer loop
      vertex 1.97804 19.7445 9
      vertex 1.82628 19.6199 3
      vertex 1.97804 19.7445 3
    endloop
  endfacet
  facet normal -0.412613 -0.910906 0
    outer loop
      vertex -1.32687 19.3094 3
      vertex -1.14805 19.2284 9
      vertex -1.32687 19.3094 9
    endloop
  endfacet
  facet normal -0.412613 -0.910906 -0
    outer loop
      vertex -1.14805 19.2284 9
      vertex -1.32687 19.3094 3
      vertex -1.14805 19.2284 3
    endloop
  endfacet
  facet normal -0.935952 -0.352128 0
    outer loop
      vertex -2.77164 20.8519 3
      vertex -2.84079 21.0357 9
      vertex -2.84079 21.0357 3
    endloop
  endfacet
  facet normal -0.935952 -0.352128 0
    outer loop
      vertex -2.84079 21.0357 9
      vertex -2.77164 20.8519 3
      vertex -2.77164 20.8519 9
    endloop
  endfacet
  facet normal 0.881887 -0.471461 0
    outer loop
      vertex 2.59808 20.5 9
      vertex 2.69062 20.6731 3
      vertex 2.69062 20.6731 9
    endloop
  endfacet
  facet normal 0.881887 -0.471461 0
    outer loop
      vertex 2.69062 20.6731 3
      vertex 2.59808 20.5 9
      vertex 2.59808 20.5 3
    endloop
  endfacet
  facet normal 0.352465 -0.935825 0
    outer loop
      vertex 0.964318 19.1592 3
      vertex 1.14805 19.2284 9
      vertex 0.964318 19.1592 9
    endloop
  endfacet
  facet normal 0.352465 -0.935825 0
    outer loop
      vertex 1.14805 19.2284 9
      vertex 0.964318 19.1592 3
      vertex 1.14805 19.2284 3
    endloop
  endfacet
  facet normal 0.0983089 -0.995156 0
    outer loop
      vertex 0.196209 19.0064 3
      vertex 0.391578 19.0257 9
      vertex 0.196209 19.0064 9
    endloop
  endfacet
  facet normal 0.0983089 -0.995156 0
    outer loop
      vertex 0.391578 19.0257 9
      vertex 0.196209 19.0064 3
      vertex 0.391578 19.0257 3
    endloop
  endfacet
  facet normal -0.986652 -0.162846 0
    outer loop
      vertex -2.94236 21.4147 3
      vertex -2.97433 21.6084 9
      vertex -2.97433 21.6084 3
    endloop
  endfacet
  facet normal -0.986652 -0.162846 0
    outer loop
      vertex -2.97433 21.6084 9
      vertex -2.94236 21.4147 3
      vertex -2.94236 21.4147 9
    endloop
  endfacet
  facet normal -0.772903 -0.634524 0
    outer loop
      vertex -2.25552 20.022 3
      vertex -2.38006 20.1737 9
      vertex -2.38006 20.1737 3
    endloop
  endfacet
  facet normal -0.772903 -0.634524 0
    outer loop
      vertex -2.38006 20.1737 9
      vertex -2.25552 20.022 3
      vertex -2.25552 20.022 9
    endloop
  endfacet
  facet normal -0.227181 -0.973853 0
    outer loop
      vertex -0.776457 19.1022 3
      vertex -0.585271 19.0576 9
      vertex -0.776457 19.1022 9
    endloop
  endfacet
  facet normal -0.227181 -0.973853 -0
    outer loop
      vertex -0.585271 19.0576 9
      vertex -0.776457 19.1022 3
      vertex -0.585271 19.0576 3
    endloop
  endfacet
  facet normal 0.995182 0.0980413 0
    outer loop
      vertex 2.99358 22.1962 9
      vertex 2.97433 22.3916 3
      vertex 2.97433 22.3916 9
    endloop
  endfacet
  facet normal 0.995182 0.0980413 0
    outer loop
      vertex 2.97433 22.3916 3
      vertex 2.99358 22.1962 9
      vertex 2.99358 22.1962 3
    endloop
  endfacet
  facet normal 0.412613 0.910906 -0
    outer loop
      vertex 1.32687 24.6906 3
      vertex 1.14805 24.7716 9
      vertex 1.32687 24.6906 9
    endloop
  endfacet
  facet normal 0.412613 0.910906 0
    outer loop
      vertex 1.14805 24.7716 9
      vertex 1.32687 24.6906 3
      vertex 1.14805 24.7716 3
    endloop
  endfacet
  facet normal 0.772903 0.634524 0
    outer loop
      vertex 2.38006 23.8263 9
      vertex 2.25552 23.978 3
      vertex 2.25552 23.978 9
    endloop
  endfacet
  facet normal 0.772903 0.634524 0
    outer loop
      vertex 2.25552 23.978 3
      vertex 2.38006 23.8263 9
      vertex 2.38006 23.8263 3
    endloop
  endfacet
  facet normal -0.162504 0.986708 0
    outer loop
      vertex -0.391578 24.9743 3
      vertex -0.585271 24.9424 9
      vertex -0.391578 24.9743 9
    endloop
  endfacet
  facet normal -0.162504 0.986708 0
    outer loop
      vertex -0.585271 24.9424 9
      vertex -0.391578 24.9743 3
      vertex -0.585271 24.9424 3
    endloop
  endfacet
  facet normal -0.683602 0.729855 0
    outer loop
      vertex -1.97804 24.2555 3
      vertex -2.12132 24.1213 9
      vertex -1.97804 24.2555 9
    endloop
  endfacet
  facet normal -0.683602 0.729855 0
    outer loop
      vertex -2.12132 24.1213 9
      vertex -1.97804 24.2555 3
      vertex -2.12132 24.1213 3
    endloop
  endfacet
  facet normal 0.973879 -0.227069 0
    outer loop
      vertex 2.89778 21.2235 9
      vertex 2.94236 21.4147 3
      vertex 2.94236 21.4147 9
    endloop
  endfacet
  facet normal 0.973879 -0.227069 0
    outer loop
      vertex 2.94236 21.4147 3
      vertex 2.89778 21.2235 9
      vertex 2.89778 21.2235 3
    endloop
  endfacet
  facet normal 0.95691 -0.290385 0
    outer loop
      vertex 2.84079 21.0357 9
      vertex 2.89778 21.2235 3
      vertex 2.89778 21.2235 9
    endloop
  endfacet
  facet normal 0.95691 -0.290385 0
    outer loop
      vertex 2.89778 21.2235 3
      vertex 2.84079 21.0357 9
      vertex 2.84079 21.0357 3
    endloop
  endfacet
  facet normal 0.772903 -0.634524 0
    outer loop
      vertex 2.25552 20.022 9
      vertex 2.38006 20.1737 3
      vertex 2.38006 20.1737 9
    endloop
  endfacet
  facet normal 0.772903 -0.634524 0
    outer loop
      vertex 2.38006 20.1737 3
      vertex 2.25552 20.022 9
      vertex 2.25552 20.022 3
    endloop
  endfacet
  facet normal 0.812889 -0.582418 0
    outer loop
      vertex 2.38006 20.1737 9
      vertex 2.49441 20.3333 3
      vertex 2.49441 20.3333 9
    endloop
  endfacet
  facet normal 0.812889 -0.582418 0
    outer loop
      vertex 2.49441 20.3333 3
      vertex 2.38006 20.1737 9
      vertex 2.38006 20.1737 3
    endloop
  endfacet
  facet normal 0.528189 -0.849127 0
    outer loop
      vertex 1.5 19.4019 3
      vertex 1.66671 19.5056 9
      vertex 1.5 19.4019 9
    endloop
  endfacet
  facet normal 0.528189 -0.849127 0
    outer loop
      vertex 1.66671 19.5056 9
      vertex 1.5 19.4019 3
      vertex 1.66671 19.5056 3
    endloop
  endfacet
  facet normal -0.0326009 -0.999468 0
    outer loop
      vertex -0.196209 19.0064 3
      vertex 0 19 9
      vertex -0.196209 19.0064 9
    endloop
  endfacet
  facet normal -0.0326009 -0.999468 -0
    outer loop
      vertex 0 19 9
      vertex -0.196209 19.0064 3
      vertex 0 19 3
    endloop
  endfacet
  facet normal 0.162504 -0.986708 0
    outer loop
      vertex 0.391578 19.0257 3
      vertex 0.585271 19.0576 9
      vertex 0.391578 19.0257 9
    endloop
  endfacet
  facet normal 0.162504 -0.986708 0
    outer loop
      vertex 0.585271 19.0576 9
      vertex 0.391578 19.0257 3
      vertex 0.585271 19.0576 3
    endloop
  endfacet
  facet normal -0.999465 -0.0327042 0
    outer loop
      vertex -2.99358 21.8038 3
      vertex -3 22 9
      vertex -3 22 3
    endloop
  endfacet
  facet normal -0.999465 -0.0327042 0
    outer loop
      vertex -3 22 9
      vertex -2.99358 21.8038 3
      vertex -2.99358 21.8038 9
    endloop
  endfacet
  facet normal -0.95691 -0.290385 0
    outer loop
      vertex -2.84079 21.0357 3
      vertex -2.89778 21.2235 9
      vertex -2.89778 21.2235 3
    endloop
  endfacet
  facet normal -0.95691 -0.290385 0
    outer loop
      vertex -2.89778 21.2235 9
      vertex -2.84079 21.0357 3
      vertex -2.84079 21.0357 9
    endloop
  endfacet
  facet normal -0.973879 -0.227069 0
    outer loop
      vertex -2.89778 21.2235 3
      vertex -2.94236 21.4147 9
      vertex -2.94236 21.4147 3
    endloop
  endfacet
  facet normal -0.973879 -0.227069 0
    outer loop
      vertex -2.94236 21.4147 9
      vertex -2.89778 21.2235 3
      vertex -2.89778 21.2235 9
    endloop
  endfacet
  facet normal -0.881887 -0.471461 0
    outer loop
      vertex -2.59808 20.5 3
      vertex -2.69062 20.6731 9
      vertex -2.69062 20.6731 3
    endloop
  endfacet
  facet normal -0.881887 -0.471461 0
    outer loop
      vertex -2.69062 20.6731 9
      vertex -2.59808 20.5 3
      vertex -2.59808 20.5 9
    endloop
  endfacet
  facet normal -0.849181 -0.528102 0
    outer loop
      vertex -2.49441 20.3333 3
      vertex -2.59808 20.5 9
      vertex -2.59808 20.5 3
    endloop
  endfacet
  facet normal -0.849181 -0.528102 0
    outer loop
      vertex -2.59808 20.5 9
      vertex -2.49441 20.3333 3
      vertex -2.49441 20.3333 9
    endloop
  endfacet
  facet normal -0.162504 -0.986708 0
    outer loop
      vertex -0.585271 19.0576 3
      vertex -0.391578 19.0257 9
      vertex -0.585271 19.0576 9
    endloop
  endfacet
  facet normal -0.162504 -0.986708 -0
    outer loop
      vertex -0.391578 19.0257 9
      vertex -0.585271 19.0576 3
      vertex -0.391578 19.0257 3
    endloop
  endfacet
  facet normal -0.290345 -0.956922 0
    outer loop
      vertex -0.964318 19.1592 3
      vertex -0.776457 19.1022 9
      vertex -0.964318 19.1592 9
    endloop
  endfacet
  facet normal -0.290345 -0.956922 -0
    outer loop
      vertex -0.776457 19.1022 9
      vertex -0.964318 19.1592 3
      vertex -0.776457 19.1022 3
    endloop
  endfacet
  facet normal -0.582322 -0.812958 0
    outer loop
      vertex -1.82628 19.6199 3
      vertex -1.66671 19.5056 9
      vertex -1.82628 19.6199 9
    endloop
  endfacet
  facet normal -0.582322 -0.812958 -0
    outer loop
      vertex -1.66671 19.5056 9
      vertex -1.82628 19.6199 3
      vertex -1.66671 19.5056 3
    endloop
  endfacet
  facet normal -0.634557 -0.772876 0
    outer loop
      vertex -1.97804 19.7445 3
      vertex -1.82628 19.6199 9
      vertex -1.97804 19.7445 9
    endloop
  endfacet
  facet normal -0.634557 -0.772876 -0
    outer loop
      vertex -1.82628 19.6199 9
      vertex -1.97804 19.7445 3
      vertex -1.82628 19.6199 3
    endloop
  endfacet
  facet normal -0.471239 -0.882006 0
    outer loop
      vertex -1.5 19.4019 3
      vertex -1.32687 19.3094 9
      vertex -1.5 19.4019 9
    endloop
  endfacet
  facet normal -0.471239 -0.882006 -0
    outer loop
      vertex -1.32687 19.3094 9
      vertex -1.5 19.4019 3
      vertex -1.32687 19.3094 3
    endloop
  endfacet
  facet normal 0.999465 -0.0327042 0
    outer loop
      vertex 2.99358 21.8038 9
      vertex 3 22 3
      vertex 3 22 9
    endloop
  endfacet
  facet normal 0.999465 -0.0327042 0
    outer loop
      vertex 3 22 3
      vertex 2.99358 21.8038 9
      vertex 2.99358 21.8038 3
    endloop
  endfacet
  facet normal 0.634557 0.772876 -0
    outer loop
      vertex 1.97804 24.2555 3
      vertex 1.82628 24.3801 9
      vertex 1.97804 24.2555 9
    endloop
  endfacet
  facet normal 0.634557 0.772876 0
    outer loop
      vertex 1.82628 24.3801 9
      vertex 1.97804 24.2555 3
      vertex 1.82628 24.3801 3
    endloop
  endfacet
  facet normal 0.471239 0.882006 -0
    outer loop
      vertex 1.5 24.5981 3
      vertex 1.32687 24.6906 9
      vertex 1.5 24.5981 9
    endloop
  endfacet
  facet normal 0.471239 0.882006 0
    outer loop
      vertex 1.32687 24.6906 9
      vertex 1.5 24.5981 3
      vertex 1.32687 24.6906 3
    endloop
  endfacet
  facet normal -0.0326009 0.999468 0
    outer loop
      vertex 0 25 3
      vertex -0.196209 24.9936 9
      vertex 0 25 9
    endloop
  endfacet
  facet normal -0.0326009 0.999468 0
    outer loop
      vertex -0.196209 24.9936 9
      vertex 0 25 3
      vertex -0.196209 24.9936 3
    endloop
  endfacet
  facet normal -0.352465 0.935825 0
    outer loop
      vertex -0.964318 24.8408 3
      vertex -1.14805 24.7716 9
      vertex -0.964318 24.8408 9
    endloop
  endfacet
  facet normal -0.352465 0.935825 0
    outer loop
      vertex -1.14805 24.7716 9
      vertex -0.964318 24.8408 3
      vertex -1.14805 24.7716 3
    endloop
  endfacet
  facet normal -0.528189 0.849127 0
    outer loop
      vertex -1.5 24.5981 3
      vertex -1.66671 24.4944 9
      vertex -1.5 24.5981 9
    endloop
  endfacet
  facet normal -0.528189 0.849127 0
    outer loop
      vertex -1.66671 24.4944 9
      vertex -1.5 24.5981 3
      vertex -1.66671 24.4944 3
    endloop
  endfacet
  facet normal -0.412613 0.910906 0
    outer loop
      vertex -1.14805 24.7716 3
      vertex -1.32687 24.6906 9
      vertex -1.14805 24.7716 9
    endloop
  endfacet
  facet normal -0.412613 0.910906 0
    outer loop
      vertex -1.32687 24.6906 9
      vertex -1.14805 24.7716 3
      vertex -1.32687 24.6906 3
    endloop
  endfacet
  facet normal -0.935889 0.352296 0
    outer loop
      vertex -2.84079 22.9643 3
      vertex -2.77164 23.148 9
      vertex -2.77164 23.148 3
    endloop
  endfacet
  facet normal -0.935889 0.352296 0
    outer loop
      vertex -2.77164 23.148 9
      vertex -2.84079 22.9643 3
      vertex -2.84079 22.9643 9
    endloop
  endfacet
  facet normal 0 0 1
    outer loop
      vertex 0.9 22 9
      vertex 3 22 9
      vertex 2.99358 22.1962 9
    endloop
  endfacet
  facet normal 0 0 1
    outer loop
      vertex 0.898072 22.0589 9
      vertex 2.99358 22.1962 9
      vertex 2.97433 22.3916 9
    endloop
  endfacet
  facet normal 0 0 1
    outer loop
      vertex 3 22 9
      vertex 0.9 22 9
      vertex 2.99358 21.8038 9
    endloop
  endfacet
  facet normal 0 0 1
    outer loop
      vertex 0.8923 22.1175 9
      vertex 2.97433 22.3916 9
      vertex 2.94236 22.5853 9
    endloop
  endfacet
  facet normal -0 0 1
    outer loop
      vertex 0.898072 21.9411 9
      vertex 2.99358 21.8038 9
      vertex 0.9 22 9
    endloop
  endfacet
  facet normal 0 0 1
    outer loop
      vertex 0.882707 22.1756 9
      vertex 2.94236 22.5853 9
      vertex 2.89778 22.7765 9
    endloop
  endfacet
  facet normal 0 0 1
    outer loop
      vertex 2.99358 21.8038 9
      vertex 0.898072 21.9411 9
      vertex 2.97433 21.6084 9
    endloop
  endfacet
  facet normal 0 0 1
    outer loop
      vertex 0.869332 22.2329 9
      vertex 2.89778 22.7765 9
      vertex 2.84079 22.9643 9
    endloop
  endfacet
  facet normal -0 0 1
    outer loop
      vertex 0.8923 21.8825 9
      vertex 2.97433 21.6084 9
      vertex 0.898072 21.9411 9
    endloop
  endfacet
  facet normal 0 0 1
    outer loop
      vertex 0.852237 22.2893 9
      vertex 2.84079 22.9643 9
      vertex 2.77164 23.148 9
    endloop
  endfacet
  facet normal 0 0 1
    outer loop
      vertex 2.97433 21.6084 9
      vertex 0.8923 21.8825 9
      vertex 2.94236 21.4147 9
    endloop
  endfacet
  facet normal 0 0 1
    outer loop
      vertex 0.831491 22.3444 9
      vertex 2.77164 23.148 9
      vertex 2.69062 23.3269 9
    endloop
  endfacet
  facet normal -0 0 1
    outer loop
      vertex 0.882707 21.8244 9
      vertex 2.94236 21.4147 9
      vertex 0.8923 21.8825 9
    endloop
  endfacet
  facet normal 0 0 1
    outer loop
      vertex 0.807185 22.3981 9
      vertex 2.69062 23.3269 9
      vertex 2.59808 23.5 9
    endloop
  endfacet
  facet normal 0 0 1
    outer loop
      vertex 2.94236 21.4147 9
      vertex 0.882707 21.8244 9
      vertex 2.89778 21.2235 9
    endloop
  endfacet
  facet normal 0 0 1
    outer loop
      vertex 0.779423 22.45 9
      vertex 2.59808 23.5 9
      vertex 2.49441 23.6667 9
    endloop
  endfacet
  facet normal -0 0 1
    outer loop
      vertex 0.869332 21.7671 9
      vertex 2.89778 21.2235 9
      vertex 0.882707 21.8244 9
    endloop
  endfacet
  facet normal 0 0 1
    outer loop
      vertex 0.748322 22.5 9
      vertex 2.49441 23.6667 9
      vertex 2.38006 23.8263 9
    endloop
  endfacet
  facet normal 0 0 1
    outer loop
      vertex 2.89778 21.2235 9
      vertex 0.869332 21.7671 9
      vertex 2.84079 21.0357 9
    endloop
  endfacet
  facet normal 0 0 1
    outer loop
      vertex 0.714018 22.5479 9
      vertex 2.38006 23.8263 9
      vertex 2.25552 23.978 9
    endloop
  endfacet
  facet normal -0 0 1
    outer loop
      vertex 0.852237 21.7107 9
      vertex 2.84079 21.0357 9
      vertex 0.869332 21.7671 9
    endloop
  endfacet
  facet normal 0 0 1
    outer loop
      vertex 0.676656 22.5934 9
      vertex 2.25552 23.978 9
      vertex 2.12132 24.1213 9
    endloop
  endfacet
  facet normal 0 0 1
    outer loop
      vertex 2.84079 21.0357 9
      vertex 0.852237 21.7107 9
      vertex 2.77164 20.8519 9
    endloop
  endfacet
  facet normal 0 0 1
    outer loop
      vertex 0.636395 22.6364 9
      vertex 2.12132 24.1213 9
      vertex 1.97804 24.2555 9
    endloop
  endfacet
  facet normal -0 0 1
    outer loop
      vertex 0.831491 21.6556 9
      vertex 2.77164 20.8519 9
      vertex 0.852237 21.7107 9
    endloop
  endfacet
  facet normal 0 0 1
    outer loop
      vertex 0.59341 22.6767 9
      vertex 1.97804 24.2555 9
      vertex 1.82628 24.3801 9
    endloop
  endfacet
  facet normal 0 0 1
    outer loop
      vertex 2.77164 20.8519 9
      vertex 0.831491 21.6556 9
      vertex 2.69062 20.6731 9
    endloop
  endfacet
  facet normal 0 0 1
    outer loop
      vertex 0.547885 22.714 9
      vertex 1.82628 24.3801 9
      vertex 1.66671 24.4944 9
    endloop
  endfacet
  facet normal -0 0 1
    outer loop
      vertex 0.807185 21.6019 9
      vertex 2.69062 20.6731 9
      vertex 0.831491 21.6556 9
    endloop
  endfacet
  facet normal 0 0 1
    outer loop
      vertex 0.500012 22.7483 9
      vertex 1.66671 24.4944 9
      vertex 1.5 24.5981 9
    endloop
  endfacet
  facet normal 0 0 1
    outer loop
      vertex 2.69062 20.6731 9
      vertex 0.807185 21.6019 9
      vertex 2.59808 20.5 9
    endloop
  endfacet
  facet normal 0 0 1
    outer loop
      vertex 0.45 22.7794 9
      vertex 1.5 24.5981 9
      vertex 1.32687 24.6906 9
    endloop
  endfacet
  facet normal -0 0 1
    outer loop
      vertex 0.779423 21.55 9
      vertex 2.59808 20.5 9
      vertex 0.807185 21.6019 9
    endloop
  endfacet
  facet normal 0 0 1
    outer loop
      vertex 0.398059 22.8072 9
      vertex 1.32687 24.6906 9
      vertex 1.14805 24.7716 9
    endloop
  endfacet
  facet normal 0 0 1
    outer loop
      vertex 2.59808 20.5 9
      vertex 0.779423 21.55 9
      vertex 2.49441 20.3333 9
    endloop
  endfacet
  facet normal 0 0 1
    outer loop
      vertex 0.344415 22.8315 9
      vertex 1.14805 24.7716 9
      vertex 0.964318 24.8408 9
    endloop
  endfacet
  facet normal -0 0 1
    outer loop
      vertex 0.748322 21.5 9
      vertex 2.49441 20.3333 9
      vertex 0.779423 21.55 9
    endloop
  endfacet
  facet normal 0 0 1
    outer loop
      vertex 2.49441 20.3333 9
      vertex 0.748322 21.5 9
      vertex 2.38006 20.1737 9
    endloop
  endfacet
  facet normal 0 0 1
    outer loop
      vertex 2.99358 22.1962 9
      vertex 0.898072 22.0589 9
      vertex 0.9 22 9
    endloop
  endfacet
  facet normal 0 0 1
    outer loop
      vertex 2.97433 22.3916 9
      vertex 0.8923 22.1175 9
      vertex 0.898072 22.0589 9
    endloop
  endfacet
  facet normal 0 0 1
    outer loop
      vertex 2.94236 22.5853 9
      vertex 0.882707 22.1756 9
      vertex 0.8923 22.1175 9
    endloop
  endfacet
  facet normal 0 0 1
    outer loop
      vertex 2.89778 22.7765 9
      vertex 0.869332 22.2329 9
      vertex 0.882707 22.1756 9
    endloop
  endfacet
  facet normal 0 0 1
    outer loop
      vertex 2.84079 22.9643 9
      vertex 0.852237 22.2893 9
      vertex 0.869332 22.2329 9
    endloop
  endfacet
  facet normal 0 0 1
    outer loop
      vertex 2.77164 23.148 9
      vertex 0.831491 22.3444 9
      vertex 0.852237 22.2893 9
    endloop
  endfacet
  facet normal 0 0 1
    outer loop
      vertex 2.69062 23.3269 9
      vertex 0.807185 22.3981 9
      vertex 0.831491 22.3444 9
    endloop
  endfacet
  facet normal 0 0 1
    outer loop
      vertex 2.59808 23.5 9
      vertex 0.779423 22.45 9
      vertex 0.807185 22.3981 9
    endloop
  endfacet
  facet normal 0 0 1
    outer loop
      vertex 0.289295 22.8522 9
      vertex 0.964318 24.8408 9
      vertex 0.776457 24.8978 9
    endloop
  endfacet
  facet normal 0 0 1
    outer loop
      vertex 2.49441 23.6667 9
      vertex 0.748322 22.5 9
      vertex 0.779423 22.45 9
    endloop
  endfacet
  facet normal 0 0 1
    outer loop
      vertex 2.38006 23.8263 9
      vertex 0.714018 22.5479 9
      vertex 0.748322 22.5 9
    endloop
  endfacet
  facet normal 0 0 1
    outer loop
      vertex 2.25552 23.978 9
      vertex 0.676656 22.5934 9
      vertex 0.714018 22.5479 9
    endloop
  endfacet
  facet normal 0 0 1
    outer loop
      vertex 2.12132 24.1213 9
      vertex 0.636395 22.6364 9
      vertex 0.676656 22.5934 9
    endloop
  endfacet
  facet normal 0 0 1
    outer loop
      vertex 1.97804 24.2555 9
      vertex 0.59341 22.6767 9
      vertex 0.636395 22.6364 9
    endloop
  endfacet
  facet normal 0 0 1
    outer loop
      vertex 0.232937 22.8693 9
      vertex 0.776457 24.8978 9
      vertex 0.585271 24.9424 9
    endloop
  endfacet
  facet normal 0 0 1
    outer loop
      vertex 1.82628 24.3801 9
      vertex 0.547885 22.714 9
      vertex 0.59341 22.6767 9
    endloop
  endfacet
  facet normal 0 0 1
    outer loop
      vertex 1.66671 24.4944 9
      vertex 0.500012 22.7483 9
      vertex 0.547885 22.714 9
    endloop
  endfacet
  facet normal 0 0 1
    outer loop
      vertex 1.5 24.5981 9
      vertex 0.45 22.7794 9
      vertex 0.500012 22.7483 9
    endloop
  endfacet
  facet normal 0 0 1
    outer loop
      vertex 1.32687 24.6906 9
      vertex 0.398059 22.8072 9
      vertex 0.45 22.7794 9
    endloop
  endfacet
  facet normal 0 0 1
    outer loop
      vertex 0.175581 22.8827 9
      vertex 0.585271 24.9424 9
      vertex 0.391578 24.9743 9
    endloop
  endfacet
  facet normal 0 0 1
    outer loop
      vertex 1.14805 24.7716 9
      vertex 0.344415 22.8315 9
      vertex 0.398059 22.8072 9
    endloop
  endfacet
  facet normal 0 0 1
    outer loop
      vertex 0.964318 24.8408 9
      vertex 0.289295 22.8522 9
      vertex 0.344415 22.8315 9
    endloop
  endfacet
  facet normal 0 0 1
    outer loop
      vertex 0.776457 24.8978 9
      vertex 0.232937 22.8693 9
      vertex 0.289295 22.8522 9
    endloop
  endfacet
  facet normal 0 0 1
    outer loop
      vertex 0.117473 22.8923 9
      vertex 0.391578 24.9743 9
      vertex 0.196209 24.9936 9
    endloop
  endfacet
  facet normal 0 0 1
    outer loop
      vertex 0.585271 24.9424 9
      vertex 0.175581 22.8827 9
      vertex 0.232937 22.8693 9
    endloop
  endfacet
  facet normal 0 0 1
    outer loop
      vertex 0.391578 24.9743 9
      vertex 0.117473 22.8923 9
      vertex 0.175581 22.8827 9
    endloop
  endfacet
  facet normal 0 0 1
    outer loop
      vertex 0.196209 24.9936 9
      vertex 0.0588627 22.8981 9
      vertex 0.117473 22.8923 9
    endloop
  endfacet
  facet normal 0 0 1
    outer loop
      vertex 0 25 9
      vertex 0.0588627 22.8981 9
      vertex 0.196209 24.9936 9
    endloop
  endfacet
  facet normal 0 0 1
    outer loop
      vertex 0 25 9
      vertex 0 22.9 9
      vertex 0.0588627 22.8981 9
    endloop
  endfacet
  facet normal 0 0 1
    outer loop
      vertex 0 25 9
      vertex -0.0588627 22.8981 9
      vertex 0 22.9 9
    endloop
  endfacet
  facet normal -0 0 1
    outer loop
      vertex -0.196209 24.9936 9
      vertex -0.0588627 22.8981 9
      vertex 0 25 9
    endloop
  endfacet
  facet normal 0 0 1
    outer loop
      vertex -0.0588627 22.8981 9
      vertex -0.196209 24.9936 9
      vertex -0.117473 22.8923 9
    endloop
  endfacet
  facet normal -0 0 1
    outer loop
      vertex -0.391578 24.9743 9
      vertex -0.117473 22.8923 9
      vertex -0.196209 24.9936 9
    endloop
  endfacet
  facet normal 0 0 1
    outer loop
      vertex -0.117473 22.8923 9
      vertex -0.391578 24.9743 9
      vertex -0.175581 22.8827 9
    endloop
  endfacet
  facet normal -0 0 1
    outer loop
      vertex -0.585271 24.9424 9
      vertex -0.175581 22.8827 9
      vertex -0.391578 24.9743 9
    endloop
  endfacet
  facet normal 0 0 1
    outer loop
      vertex -0.175581 22.8827 9
      vertex -0.585271 24.9424 9
      vertex -0.232937 22.8693 9
    endloop
  endfacet
  facet normal -0 0 1
    outer loop
      vertex -0.776457 24.8978 9
      vertex -0.232937 22.8693 9
      vertex -0.585271 24.9424 9
    endloop
  endfacet
  facet normal 0 0 1
    outer loop
      vertex -0.232937 22.8693 9
      vertex -0.776457 24.8978 9
      vertex -0.289295 22.8522 9
    endloop
  endfacet
  facet normal -0 0 1
    outer loop
      vertex -0.964318 24.8408 9
      vertex -0.289295 22.8522 9
      vertex -0.776457 24.8978 9
    endloop
  endfacet
  facet normal 0 0 1
    outer loop
      vertex -0.289295 22.8522 9
      vertex -0.964318 24.8408 9
      vertex -0.344415 22.8315 9
    endloop
  endfacet
  facet normal -0 0 1
    outer loop
      vertex -1.14805 24.7716 9
      vertex -0.344415 22.8315 9
      vertex -0.964318 24.8408 9
    endloop
  endfacet
  facet normal 0 0 1
    outer loop
      vertex -0.344415 22.8315 9
      vertex -1.14805 24.7716 9
      vertex -0.398059 22.8072 9
    endloop
  endfacet
  facet normal -0 0 1
    outer loop
      vertex -1.32687 24.6906 9
      vertex -0.398059 22.8072 9
      vertex -1.14805 24.7716 9
    endloop
  endfacet
  facet normal 0 0 1
    outer loop
      vertex -0.398059 22.8072 9
      vertex -1.32687 24.6906 9
      vertex -0.45 22.7794 9
    endloop
  endfacet
  facet normal -0 0 1
    outer loop
      vertex -1.5 24.5981 9
      vertex -0.45 22.7794 9
      vertex -1.32687 24.6906 9
    endloop
  endfacet
  facet normal 0 0 1
    outer loop
      vertex -0.45 22.7794 9
      vertex -1.5 24.5981 9
      vertex -0.500012 22.7483 9
    endloop
  endfacet
  facet normal -0 0 1
    outer loop
      vertex -1.66671 24.4944 9
      vertex -0.500012 22.7483 9
      vertex -1.5 24.5981 9
    endloop
  endfacet
  facet normal 0 0 1
    outer loop
      vertex -0.500012 22.7483 9
      vertex -1.66671 24.4944 9
      vertex -0.547885 22.714 9
    endloop
  endfacet
  facet normal -0 0 1
    outer loop
      vertex -1.82628 24.3801 9
      vertex -0.547885 22.714 9
      vertex -1.66671 24.4944 9
    endloop
  endfacet
  facet normal 0 0 1
    outer loop
      vertex -0.547885 22.714 9
      vertex -1.82628 24.3801 9
      vertex -0.59341 22.6767 9
    endloop
  endfacet
  facet normal -0 0 1
    outer loop
      vertex -1.97804 24.2555 9
      vertex -0.59341 22.6767 9
      vertex -1.82628 24.3801 9
    endloop
  endfacet
  facet normal 0 0 1
    outer loop
      vertex -0.59341 22.6767 9
      vertex -1.97804 24.2555 9
      vertex -0.636395 22.6364 9
    endloop
  endfacet
  facet normal -0 0 1
    outer loop
      vertex -2.12132 24.1213 9
      vertex -0.636395 22.6364 9
      vertex -1.97804 24.2555 9
    endloop
  endfacet
  facet normal 0 0 1
    outer loop
      vertex -0.636395 22.6364 9
      vertex -2.12132 24.1213 9
      vertex -0.676656 22.5934 9
    endloop
  endfacet
  facet normal -0 0 1
    outer loop
      vertex -2.25552 23.978 9
      vertex -0.676656 22.5934 9
      vertex -2.12132 24.1213 9
    endloop
  endfacet
  facet normal 0 0 1
    outer loop
      vertex -0.676656 22.5934 9
      vertex -2.25552 23.978 9
      vertex -0.714018 22.5479 9
    endloop
  endfacet
  facet normal 0 0 1
    outer loop
      vertex -0.714018 22.5479 9
      vertex -2.38006 23.8263 9
      vertex -0.748322 22.5 9
    endloop
  endfacet
  facet normal -0 0 1
    outer loop
      vertex -2.38006 23.8263 9
      vertex -0.714018 22.5479 9
      vertex -2.25552 23.978 9
    endloop
  endfacet
  facet normal -0 0 1
    outer loop
      vertex 0.714018 21.4521 9
      vertex 2.38006 20.1737 9
      vertex 0.748322 21.5 9
    endloop
  endfacet
  facet normal 0 0 1
    outer loop
      vertex 2.38006 20.1737 9
      vertex 0.714018 21.4521 9
      vertex 2.25552 20.022 9
    endloop
  endfacet
  facet normal -0 0 1
    outer loop
      vertex 0.676656 21.4066 9
      vertex 2.25552 20.022 9
      vertex 0.714018 21.4521 9
    endloop
  endfacet
  facet normal 0 0 1
    outer loop
      vertex 2.25552 20.022 9
      vertex 0.676656 21.4066 9
      vertex 2.12132 19.8787 9
    endloop
  endfacet
  facet normal -0 0 1
    outer loop
      vertex 0.636395 21.3636 9
      vertex 2.12132 19.8787 9
      vertex 0.676656 21.4066 9
    endloop
  endfacet
  facet normal 0 0 1
    outer loop
      vertex 2.12132 19.8787 9
      vertex 0.636395 21.3636 9
      vertex 1.97804 19.7445 9
    endloop
  endfacet
  facet normal -0 0 1
    outer loop
      vertex 0.59341 21.3233 9
      vertex 1.97804 19.7445 9
      vertex 0.636395 21.3636 9
    endloop
  endfacet
  facet normal 0 0 1
    outer loop
      vertex 1.97804 19.7445 9
      vertex 0.59341 21.3233 9
      vertex 1.82628 19.6199 9
    endloop
  endfacet
  facet normal -0 0 1
    outer loop
      vertex 0.547885 21.286 9
      vertex 1.82628 19.6199 9
      vertex 0.59341 21.3233 9
    endloop
  endfacet
  facet normal 0 0 1
    outer loop
      vertex 1.82628 19.6199 9
      vertex 0.547885 21.286 9
      vertex 1.66671 19.5056 9
    endloop
  endfacet
  facet normal -0 0 1
    outer loop
      vertex 0.500012 21.2517 9
      vertex 1.66671 19.5056 9
      vertex 0.547885 21.286 9
    endloop
  endfacet
  facet normal 0 0 1
    outer loop
      vertex 1.66671 19.5056 9
      vertex 0.500012 21.2517 9
      vertex 1.5 19.4019 9
    endloop
  endfacet
  facet normal -0 0 1
    outer loop
      vertex 0.45 21.2206 9
      vertex 1.5 19.4019 9
      vertex 0.500012 21.2517 9
    endloop
  endfacet
  facet normal 0 0 1
    outer loop
      vertex 1.5 19.4019 9
      vertex 0.45 21.2206 9
      vertex 1.32687 19.3094 9
    endloop
  endfacet
  facet normal -0 0 1
    outer loop
      vertex 0.398059 21.1928 9
      vertex 1.32687 19.3094 9
      vertex 0.45 21.2206 9
    endloop
  endfacet
  facet normal 0 0 1
    outer loop
      vertex 1.32687 19.3094 9
      vertex 0.398059 21.1928 9
      vertex 1.14805 19.2284 9
    endloop
  endfacet
  facet normal -0 0 1
    outer loop
      vertex 0.344415 21.1685 9
      vertex 1.14805 19.2284 9
      vertex 0.398059 21.1928 9
    endloop
  endfacet
  facet normal 0 0 1
    outer loop
      vertex 1.14805 19.2284 9
      vertex 0.344415 21.1685 9
      vertex 0.964318 19.1592 9
    endloop
  endfacet
  facet normal -0 0 1
    outer loop
      vertex 0.289295 21.1478 9
      vertex 0.964318 19.1592 9
      vertex 0.344415 21.1685 9
    endloop
  endfacet
  facet normal 0 0 1
    outer loop
      vertex 0.964318 19.1592 9
      vertex 0.289295 21.1478 9
      vertex 0.776457 19.1022 9
    endloop
  endfacet
  facet normal -0 0 1
    outer loop
      vertex 0.232937 21.1307 9
      vertex 0.776457 19.1022 9
      vertex 0.289295 21.1478 9
    endloop
  endfacet
  facet normal 0 0 1
    outer loop
      vertex 0.776457 19.1022 9
      vertex 0.232937 21.1307 9
      vertex 0.585271 19.0576 9
    endloop
  endfacet
  facet normal -0 0 1
    outer loop
      vertex 0.175581 21.1173 9
      vertex 0.585271 19.0576 9
      vertex 0.232937 21.1307 9
    endloop
  endfacet
  facet normal 0 0 1
    outer loop
      vertex 0.585271 19.0576 9
      vertex 0.175581 21.1173 9
      vertex 0.391578 19.0257 9
    endloop
  endfacet
  facet normal -0 0 1
    outer loop
      vertex 0.117473 21.1077 9
      vertex 0.391578 19.0257 9
      vertex 0.175581 21.1173 9
    endloop
  endfacet
  facet normal 0 0 1
    outer loop
      vertex 0.391578 19.0257 9
      vertex 0.117473 21.1077 9
      vertex 0.196209 19.0064 9
    endloop
  endfacet
  facet normal -0 0 1
    outer loop
      vertex 0.0588627 21.1019 9
      vertex 0.196209 19.0064 9
      vertex 0.117473 21.1077 9
    endloop
  endfacet
  facet normal -0 0 1
    outer loop
      vertex 0 21.1 9
      vertex 0.196209 19.0064 9
      vertex 0.0588627 21.1019 9
    endloop
  endfacet
  facet normal 0 0 1
    outer loop
      vertex 0 21.1 9
      vertex 0 19 9
      vertex 0.196209 19.0064 9
    endloop
  endfacet
  facet normal 0 0 1
    outer loop
      vertex -0.0588627 21.1019 9
      vertex 0 19 9
      vertex 0 21.1 9
    endloop
  endfacet
  facet normal 0 0 1
    outer loop
      vertex -0.196209 19.0064 9
      vertex -0.0588627 21.1019 9
      vertex -0.117473 21.1077 9
    endloop
  endfacet
  facet normal 0 0 1
    outer loop
      vertex -0.391578 19.0257 9
      vertex -0.117473 21.1077 9
      vertex -0.175581 21.1173 9
    endloop
  endfacet
  facet normal 0 0 1
    outer loop
      vertex -0.0588627 21.1019 9
      vertex -0.196209 19.0064 9
      vertex 0 19 9
    endloop
  endfacet
  facet normal 0 0 1
    outer loop
      vertex -0.585271 19.0576 9
      vertex -0.175581 21.1173 9
      vertex -0.232937 21.1307 9
    endloop
  endfacet
  facet normal 0 0 1
    outer loop
      vertex -0.776457 19.1022 9
      vertex -0.232937 21.1307 9
      vertex -0.289295 21.1478 9
    endloop
  endfacet
  facet normal 0 0 1
    outer loop
      vertex -0.964318 19.1592 9
      vertex -0.289295 21.1478 9
      vertex -0.344415 21.1685 9
    endloop
  endfacet
  facet normal 0 0 1
    outer loop
      vertex -0.117473 21.1077 9
      vertex -0.391578 19.0257 9
      vertex -0.196209 19.0064 9
    endloop
  endfacet
  facet normal 0 0 1
    outer loop
      vertex -1.14805 19.2284 9
      vertex -0.344415 21.1685 9
      vertex -0.398059 21.1928 9
    endloop
  endfacet
  facet normal 0 0 1
    outer loop
      vertex -1.32687 19.3094 9
      vertex -0.398059 21.1928 9
      vertex -0.45 21.2206 9
    endloop
  endfacet
  facet normal 0 0 1
    outer loop
      vertex -1.5 19.4019 9
      vertex -0.45 21.2206 9
      vertex -0.500012 21.2517 9
    endloop
  endfacet
  facet normal 0 0 1
    outer loop
      vertex -1.66671 19.5056 9
      vertex -0.500012 21.2517 9
      vertex -0.547885 21.286 9
    endloop
  endfacet
  facet normal 0 0 1
    outer loop
      vertex -0.175581 21.1173 9
      vertex -0.585271 19.0576 9
      vertex -0.391578 19.0257 9
    endloop
  endfacet
  facet normal 0 0 1
    outer loop
      vertex -1.82628 19.6199 9
      vertex -0.547885 21.286 9
      vertex -0.59341 21.3233 9
    endloop
  endfacet
  facet normal 0 0 1
    outer loop
      vertex -1.97804 19.7445 9
      vertex -0.59341 21.3233 9
      vertex -0.636395 21.3636 9
    endloop
  endfacet
  facet normal 0 0 1
    outer loop
      vertex -2.12132 19.8787 9
      vertex -0.636395 21.3636 9
      vertex -0.676656 21.4066 9
    endloop
  endfacet
  facet normal 0 0 1
    outer loop
      vertex -2.25552 20.022 9
      vertex -0.676656 21.4066 9
      vertex -0.714018 21.4521 9
    endloop
  endfacet
  facet normal 0 0 1
    outer loop
      vertex -2.38006 20.1737 9
      vertex -0.714018 21.4521 9
      vertex -0.748322 21.5 9
    endloop
  endfacet
  facet normal 0 0 1
    outer loop
      vertex -0.232937 21.1307 9
      vertex -0.776457 19.1022 9
      vertex -0.585271 19.0576 9
    endloop
  endfacet
  facet normal 0 0 1
    outer loop
      vertex -2.49441 20.3333 9
      vertex -0.748322 21.5 9
      vertex -0.779423 21.55 9
    endloop
  endfacet
  facet normal 0 0 1
    outer loop
      vertex -2.59808 20.5 9
      vertex -0.779423 21.55 9
      vertex -0.807185 21.6019 9
    endloop
  endfacet
  facet normal 0 0 1
    outer loop
      vertex -2.69062 20.6731 9
      vertex -0.807185 21.6019 9
      vertex -0.831491 21.6556 9
    endloop
  endfacet
  facet normal 0 0 1
    outer loop
      vertex -2.77164 20.8519 9
      vertex -0.831491 21.6556 9
      vertex -0.852237 21.7107 9
    endloop
  endfacet
  facet normal 0 0 1
    outer loop
      vertex -2.84079 21.0357 9
      vertex -0.852237 21.7107 9
      vertex -0.869332 21.7671 9
    endloop
  endfacet
  facet normal 0 0 1
    outer loop
      vertex -2.89778 21.2235 9
      vertex -0.869332 21.7671 9
      vertex -0.882707 21.8244 9
    endloop
  endfacet
  facet normal 0 0 1
    outer loop
      vertex -2.94236 21.4147 9
      vertex -0.882707 21.8244 9
      vertex -0.8923 21.8825 9
    endloop
  endfacet
  facet normal 0 0 1
    outer loop
      vertex -2.97433 21.6084 9
      vertex -0.8923 21.8825 9
      vertex -0.898072 21.9411 9
    endloop
  endfacet
  facet normal 0 0 1
    outer loop
      vertex -0.289295 21.1478 9
      vertex -0.964318 19.1592 9
      vertex -0.776457 19.1022 9
    endloop
  endfacet
  facet normal 0 0 1
    outer loop
      vertex -2.99358 21.8038 9
      vertex -0.898072 21.9411 9
      vertex -0.9 22 9
    endloop
  endfacet
  facet normal -0 0 1
    outer loop
      vertex -2.49441 23.6667 9
      vertex -0.748322 22.5 9
      vertex -2.38006 23.8263 9
    endloop
  endfacet
  facet normal 0 0 1
    outer loop
      vertex -0.748322 22.5 9
      vertex -2.49441 23.6667 9
      vertex -0.779423 22.45 9
    endloop
  endfacet
  facet normal 0 0 1
    outer loop
      vertex -0.344415 21.1685 9
      vertex -1.14805 19.2284 9
      vertex -0.964318 19.1592 9
    endloop
  endfacet
  facet normal -0 0 1
    outer loop
      vertex -2.59808 23.5 9
      vertex -0.779423 22.45 9
      vertex -2.49441 23.6667 9
    endloop
  endfacet
  facet normal 0 0 1
    outer loop
      vertex -0.398059 21.1928 9
      vertex -1.32687 19.3094 9
      vertex -1.14805 19.2284 9
    endloop
  endfacet
  facet normal 0 0 1
    outer loop
      vertex -0.779423 22.45 9
      vertex -2.59808 23.5 9
      vertex -0.807185 22.3981 9
    endloop
  endfacet
  facet normal 0 0 1
    outer loop
      vertex -0.45 21.2206 9
      vertex -1.5 19.4019 9
      vertex -1.32687 19.3094 9
    endloop
  endfacet
  facet normal -0 0 1
    outer loop
      vertex -2.69062 23.3269 9
      vertex -0.807185 22.3981 9
      vertex -2.59808 23.5 9
    endloop
  endfacet
  facet normal 0 0 1
    outer loop
      vertex -0.500012 21.2517 9
      vertex -1.66671 19.5056 9
      vertex -1.5 19.4019 9
    endloop
  endfacet
  facet normal 0 0 1
    outer loop
      vertex -0.807185 22.3981 9
      vertex -2.69062 23.3269 9
      vertex -0.831491 22.3444 9
    endloop
  endfacet
  facet normal 0 0 1
    outer loop
      vertex -0.547885 21.286 9
      vertex -1.82628 19.6199 9
      vertex -1.66671 19.5056 9
    endloop
  endfacet
  facet normal -0 0 1
    outer loop
      vertex -2.77164 23.148 9
      vertex -0.831491 22.3444 9
      vertex -2.69062 23.3269 9
    endloop
  endfacet
  facet normal 0 0 1
    outer loop
      vertex -0.59341 21.3233 9
      vertex -1.97804 19.7445 9
      vertex -1.82628 19.6199 9
    endloop
  endfacet
  facet normal 0 0 1
    outer loop
      vertex -0.831491 22.3444 9
      vertex -2.77164 23.148 9
      vertex -0.852237 22.2893 9
    endloop
  endfacet
  facet normal 0 0 1
    outer loop
      vertex -0.636395 21.3636 9
      vertex -2.12132 19.8787 9
      vertex -1.97804 19.7445 9
    endloop
  endfacet
  facet normal -0 0 1
    outer loop
      vertex -2.84079 22.9643 9
      vertex -0.852237 22.2893 9
      vertex -2.77164 23.148 9
    endloop
  endfacet
  facet normal 0 0 1
    outer loop
      vertex -0.676656 21.4066 9
      vertex -2.25552 20.022 9
      vertex -2.12132 19.8787 9
    endloop
  endfacet
  facet normal 0 0 1
    outer loop
      vertex -0.852237 22.2893 9
      vertex -2.84079 22.9643 9
      vertex -0.869332 22.2329 9
    endloop
  endfacet
  facet normal 0 0 1
    outer loop
      vertex -0.714018 21.4521 9
      vertex -2.38006 20.1737 9
      vertex -2.25552 20.022 9
    endloop
  endfacet
  facet normal -0 0 1
    outer loop
      vertex -2.89778 22.7765 9
      vertex -0.869332 22.2329 9
      vertex -2.84079 22.9643 9
    endloop
  endfacet
  facet normal 0 0 1
    outer loop
      vertex -0.748322 21.5 9
      vertex -2.49441 20.3333 9
      vertex -2.38006 20.1737 9
    endloop
  endfacet
  facet normal 0 0 1
    outer loop
      vertex -0.869332 22.2329 9
      vertex -2.89778 22.7765 9
      vertex -0.882707 22.1756 9
    endloop
  endfacet
  facet normal 0 0 1
    outer loop
      vertex -0.779423 21.55 9
      vertex -2.59808 20.5 9
      vertex -2.49441 20.3333 9
    endloop
  endfacet
  facet normal -0 0 1
    outer loop
      vertex -2.94236 22.5853 9
      vertex -0.882707 22.1756 9
      vertex -2.89778 22.7765 9
    endloop
  endfacet
  facet normal 0 0 1
    outer loop
      vertex -0.807185 21.6019 9
      vertex -2.69062 20.6731 9
      vertex -2.59808 20.5 9
    endloop
  endfacet
  facet normal 0 0 1
    outer loop
      vertex -0.882707 22.1756 9
      vertex -2.94236 22.5853 9
      vertex -0.8923 22.1175 9
    endloop
  endfacet
  facet normal 0 0 1
    outer loop
      vertex -0.831491 21.6556 9
      vertex -2.77164 20.8519 9
      vertex -2.69062 20.6731 9
    endloop
  endfacet
  facet normal -0 0 1
    outer loop
      vertex -2.97433 22.3916 9
      vertex -0.8923 22.1175 9
      vertex -2.94236 22.5853 9
    endloop
  endfacet
  facet normal 0 0 1
    outer loop
      vertex -0.852237 21.7107 9
      vertex -2.84079 21.0357 9
      vertex -2.77164 20.8519 9
    endloop
  endfacet
  facet normal 0 0 1
    outer loop
      vertex -0.8923 22.1175 9
      vertex -2.97433 22.3916 9
      vertex -0.898072 22.0589 9
    endloop
  endfacet
  facet normal 0 0 1
    outer loop
      vertex -0.869332 21.7671 9
      vertex -2.89778 21.2235 9
      vertex -2.84079 21.0357 9
    endloop
  endfacet
  facet normal -0 0 1
    outer loop
      vertex -2.99358 22.1962 9
      vertex -0.898072 22.0589 9
      vertex -2.97433 22.3916 9
    endloop
  endfacet
  facet normal 0 0 1
    outer loop
      vertex -0.882707 21.8244 9
      vertex -2.94236 21.4147 9
      vertex -2.89778 21.2235 9
    endloop
  endfacet
  facet normal 0 0 1
    outer loop
      vertex -0.898072 22.0589 9
      vertex -2.99358 22.1962 9
      vertex -0.9 22 9
    endloop
  endfacet
  facet normal 0 0 1
    outer loop
      vertex -0.8923 21.8825 9
      vertex -2.97433 21.6084 9
      vertex -2.94236 21.4147 9
    endloop
  endfacet
  facet normal 0 0 1
    outer loop
      vertex -3 22 9
      vertex -0.9 22 9
      vertex -2.99358 22.1962 9
    endloop
  endfacet
  facet normal 0 0 1
    outer loop
      vertex -0.898072 21.9411 9
      vertex -2.99358 21.8038 9
      vertex -2.97433 21.6084 9
    endloop
  endfacet
  facet normal 0 0 1
    outer loop
      vertex -0.9 22 9
      vertex -3 22 9
      vertex -2.99358 21.8038 9
    endloop
  endfacet
  facet normal -0.812889 0.582418 0
    outer loop
      vertex -2.49441 23.6667 3
      vertex -2.38006 23.8263 9
      vertex -2.38006 23.8263 3
    endloop
  endfacet
  facet normal -0.812889 0.582418 0
    outer loop
      vertex -2.38006 23.8263 9
      vertex -2.49441 23.6667 3
      vertex -2.49441 23.6667 9
    endloop
  endfacet
  facet normal -0.729902 0.683551 0
    outer loop
      vertex -2.25552 23.978 3
      vertex -2.12132 24.1213 9
      vertex -2.12132 24.1213 3
    endloop
  endfacet
  facet normal -0.729902 0.683551 0
    outer loop
      vertex -2.12132 24.1213 9
      vertex -2.25552 23.978 3
      vertex -2.25552 23.978 9
    endloop
  endfacet
  facet normal 0.986652 -0.162846 0
    outer loop
      vertex 2.94236 21.4147 9
      vertex 2.97433 21.6084 3
      vertex 2.97433 21.6084 9
    endloop
  endfacet
  facet normal 0.986652 -0.162846 0
    outer loop
      vertex 2.97433 21.6084 3
      vertex 2.94236 21.4147 9
      vertex 2.94236 21.4147 3
    endloop
  endfacet
  facet normal 0.995182 -0.0980413 0
    outer loop
      vertex 2.97433 21.6084 9
      vertex 2.99358 21.8038 3
      vertex 2.99358 21.8038 9
    endloop
  endfacet
  facet normal 0.995182 -0.0980413 0
    outer loop
      vertex 2.99358 21.8038 3
      vertex 2.97433 21.6084 9
      vertex 2.97433 21.6084 3
    endloop
  endfacet
  facet normal 0.910851 -0.412736 0
    outer loop
      vertex 2.69062 20.6731 9
      vertex 2.77164 20.8519 3
      vertex 2.77164 20.8519 9
    endloop
  endfacet
  facet normal 0.910851 -0.412736 0
    outer loop
      vertex 2.77164 20.8519 3
      vertex 2.69062 20.6731 9
      vertex 2.69062 20.6731 3
    endloop
  endfacet
  facet normal 0.935952 -0.352128 0
    outer loop
      vertex 2.77164 20.8519 9
      vertex 2.84079 21.0357 3
      vertex 2.84079 21.0357 9
    endloop
  endfacet
  facet normal 0.935952 -0.352128 0
    outer loop
      vertex 2.84079 21.0357 3
      vertex 2.77164 20.8519 9
      vertex 2.77164 20.8519 3
    endloop
  endfacet
  facet normal 0.849181 -0.528102 0
    outer loop
      vertex 2.49441 20.3333 9
      vertex 2.59808 20.5 3
      vertex 2.59808 20.5 9
    endloop
  endfacet
  facet normal 0.849181 -0.528102 0
    outer loop
      vertex 2.59808 20.5 3
      vertex 2.49441 20.3333 9
      vertex 2.49441 20.3333 3
    endloop
  endfacet
  facet normal 0.729902 -0.683551 0
    outer loop
      vertex 2.12132 19.8787 9
      vertex 2.25552 20.022 3
      vertex 2.25552 20.022 9
    endloop
  endfacet
  facet normal 0.729902 -0.683551 0
    outer loop
      vertex 2.25552 20.022 3
      vertex 2.12132 19.8787 9
      vertex 2.12132 19.8787 3
    endloop
  endfacet
  facet normal 0.683602 -0.729855 0
    outer loop
      vertex 1.97804 19.7445 3
      vertex 2.12132 19.8787 9
      vertex 1.97804 19.7445 9
    endloop
  endfacet
  facet normal 0.683602 -0.729855 0
    outer loop
      vertex 2.12132 19.8787 9
      vertex 1.97804 19.7445 3
      vertex 2.12132 19.8787 3
    endloop
  endfacet
  facet normal 0.582322 -0.812958 0
    outer loop
      vertex 1.66671 19.5056 3
      vertex 1.82628 19.6199 9
      vertex 1.66671 19.5056 9
    endloop
  endfacet
  facet normal 0.582322 -0.812958 0
    outer loop
      vertex 1.82628 19.6199 9
      vertex 1.66671 19.5056 3
      vertex 1.82628 19.6199 3
    endloop
  endfacet
  facet normal 0.412613 -0.910906 0
    outer loop
      vertex 1.14805 19.2284 3
      vertex 1.32687 19.3094 9
      vertex 1.14805 19.2284 9
    endloop
  endfacet
  facet normal 0.412613 -0.910906 0
    outer loop
      vertex 1.32687 19.3094 9
      vertex 1.14805 19.2284 3
      vertex 1.32687 19.3094 3
    endloop
  endfacet
  facet normal 0.471239 -0.882006 0
    outer loop
      vertex 1.32687 19.3094 3
      vertex 1.5 19.4019 9
      vertex 1.32687 19.3094 9
    endloop
  endfacet
  facet normal 0.471239 -0.882006 0
    outer loop
      vertex 1.5 19.4019 9
      vertex 1.32687 19.3094 3
      vertex 1.5 19.4019 3
    endloop
  endfacet
  facet normal 0.227181 -0.973853 0
    outer loop
      vertex 0.585271 19.0576 3
      vertex 0.776457 19.1022 9
      vertex 0.585271 19.0576 9
    endloop
  endfacet
  facet normal 0.227181 -0.973853 0
    outer loop
      vertex 0.776457 19.1022 9
      vertex 0.585271 19.0576 3
      vertex 0.776457 19.1022 3
    endloop
  endfacet
  facet normal 0.290345 -0.956922 0
    outer loop
      vertex 0.776457 19.1022 3
      vertex 0.964318 19.1592 9
      vertex 0.776457 19.1022 9
    endloop
  endfacet
  facet normal 0.290345 -0.956922 0
    outer loop
      vertex 0.964318 19.1592 9
      vertex 0.776457 19.1022 3
      vertex 0.964318 19.1592 3
    endloop
  endfacet
  facet normal 0.0326009 -0.999468 0
    outer loop
      vertex 0 19 3
      vertex 0.196209 19.0064 9
      vertex 0 19 9
    endloop
  endfacet
  facet normal 0.0326009 -0.999468 0
    outer loop
      vertex 0.196209 19.0064 9
      vertex 0 19 3
      vertex 0.196209 19.0064 3
    endloop
  endfacet
  facet normal -0.995182 -0.0980413 0
    outer loop
      vertex -2.97433 21.6084 3
      vertex -2.99358 21.8038 9
      vertex -2.99358 21.8038 3
    endloop
  endfacet
  facet normal -0.995182 -0.0980413 0
    outer loop
      vertex -2.99358 21.8038 9
      vertex -2.97433 21.6084 3
      vertex -2.97433 21.6084 9
    endloop
  endfacet
  facet normal 0 0 1
    outer loop
      vertex -51.4035 17.0406 3
      vertex -64.3494 43.4294 3
      vertex -52.5 16.4545 3
    endloop
  endfacet
  facet normal 0 0 1
    outer loop
      vertex -62 0 3
      vertex -63.3036 -44.8888 3
      vertex -63.3 -45 3
    endloop
  endfacet
  facet normal -0 0 1
    outer loop
      vertex -64.4536 43.3902 3
      vertex -52.5 16.4545 3
      vertex -64.3494 43.4294 3
    endloop
  endfacet
  facet normal 0 0 1
    outer loop
      vertex -62 0 3
      vertex -63.3145 -44.7781 3
      vertex -63.3036 -44.8888 3
    endloop
  endfacet
  facet normal -0 0 1
    outer loop
      vertex -64.56 43.3579 3
      vertex -52.5 16.4545 3
      vertex -64.4536 43.3902 3
    endloop
  endfacet
  facet normal 0 0 1
    outer loop
      vertex -62 0 3
      vertex -63.3327 -44.6683 3
      vertex -63.3145 -44.7781 3
    endloop
  endfacet
  facet normal 0 0 1
    outer loop
      vertex -52.5 16.4545 3
      vertex -64.56 43.3579 3
      vertex -53.5558 15.7979 3
    endloop
  endfacet
  facet normal 0 0 1
    outer loop
      vertex -62 0 3
      vertex -63.3579 -44.56 3
      vertex -63.3327 -44.6683 3
    endloop
  endfacet
  facet normal -0 0 1
    outer loop
      vertex -64.6684 43.3327 3
      vertex -53.5558 15.7979 3
      vertex -64.56 43.3579 3
    endloop
  endfacet
  facet normal 0 0 1
    outer loop
      vertex -62 0 3
      vertex -63.3902 -44.4536 3
      vertex -63.3579 -44.56 3
    endloop
  endfacet
  facet normal -0 0 1
    outer loop
      vertex -64.7781 43.3145 3
      vertex -53.5558 15.7979 3
      vertex -64.6684 43.3327 3
    endloop
  endfacet
  facet normal 0 0 1
    outer loop
      vertex -62 0 3
      vertex -63.4294 -44.3494 3
      vertex -63.3902 -44.4536 3
    endloop
  endfacet
  facet normal 0 0 1
    outer loop
      vertex -53.5558 15.7979 3
      vertex -64.7781 43.3145 3
      vertex -54.5665 15.0737 3
    endloop
  endfacet
  facet normal 0 0 1
    outer loop
      vertex -62 0 3
      vertex -63.4753 -44.2481 3
      vertex -63.4294 -44.3494 3
    endloop
  endfacet
  facet normal -0 0 1
    outer loop
      vertex -64.8888 43.3036 3
      vertex -54.5665 15.0737 3
      vertex -64.7781 43.3145 3
    endloop
  endfacet
  facet normal 0 0 1
    outer loop
      vertex -62 0 3
      vertex -63.5278 -44.15 3
      vertex -63.4753 -44.2481 3
    endloop
  endfacet
  facet normal -0 0 1
    outer loop
      vertex -65 43.3 3
      vertex -54.5665 15.0737 3
      vertex -64.8888 43.3036 3
    endloop
  endfacet
  facet normal 0 0 1
    outer loop
      vertex -62 0 3
      vertex -63.5865 -44.0555 3
      vertex -63.5278 -44.15 3
    endloop
  endfacet
  facet normal 0 0 1
    outer loop
      vertex -54.5665 15.0737 3
      vertex -65 43.3 3
      vertex -55.5276 14.285 3
    endloop
  endfacet
  facet normal 0 0 1
    outer loop
      vertex -62 0 3
      vertex -63.6513 -43.9651 3
      vertex -63.5865 -44.0555 3
    endloop
  endfacet
  facet normal 0 0 1
    outer loop
      vertex -65.1112 43.3036 3
      vertex -55.5276 14.285 3
      vertex -65 43.3 3
    endloop
  endfacet
  facet normal 0 0 1
    outer loop
      vertex -62 0 3
      vertex -63.7219 -43.8791 3
      vertex -63.6513 -43.9651 3
    endloop
  endfacet
  facet normal 0 0 1
    outer loop
      vertex -65.2219 43.3145 3
      vertex -55.5276 14.285 3
      vertex -65.1112 43.3036 3
    endloop
  endfacet
  facet normal 0 0 1
    outer loop
      vertex -62 0 3
      vertex -63.7979 -43.7979 3
      vertex -63.7219 -43.8791 3
    endloop
  endfacet
  facet normal 0 0 1
    outer loop
      vertex -55.5276 14.285 3
      vertex -65.2219 43.3145 3
      vertex -56.435 13.435 3
    endloop
  endfacet
  facet normal 0 0 1
    outer loop
      vertex -62 0 3
      vertex -63.8791 -43.7219 3
      vertex -63.7979 -43.7979 3
    endloop
  endfacet
  facet normal 0 0 1
    outer loop
      vertex -65.3316 43.3327 3
      vertex -56.435 13.435 3
      vertex -65.2219 43.3145 3
    endloop
  endfacet
  facet normal 0 0 1
    outer loop
      vertex -62 0 3
      vertex -63.9651 -43.6513 3
      vertex -63.8791 -43.7219 3
    endloop
  endfacet
  facet normal -0 0 1
    outer loop
      vertex -75 43 3
      vertex -56.435 13.435 3
      vertex -65.3316 43.3327 3
    endloop
  endfacet
  facet normal 0 0 1
    outer loop
      vertex -62 0 3
      vertex -64.0555 -43.5865 3
      vertex -63.9651 -43.6513 3
    endloop
  endfacet
  facet normal 0 0 1
    outer loop
      vertex -56.435 13.435 3
      vertex -75 43 3
      vertex -57.285 12.5276 3
    endloop
  endfacet
  facet normal 0 0 1
    outer loop
      vertex -62 0 3
      vertex -64.15 -43.5278 3
      vertex -64.0555 -43.5865 3
    endloop
  endfacet
  facet normal 0 0 1
    outer loop
      vertex -57.285 12.5276 3
      vertex -75 43 3
      vertex -58.0737 11.5665 3
    endloop
  endfacet
  facet normal 0 0 1
    outer loop
      vertex -62 0 3
      vertex -64.2481 -43.4753 3
      vertex -64.15 -43.5278 3
    endloop
  endfacet
  facet normal 0 0 1
    outer loop
      vertex -58.0737 11.5665 3
      vertex -75 43 3
      vertex -58.7979 10.5558 3
    endloop
  endfacet
  facet normal 0 0 1
    outer loop
      vertex -62 0 3
      vertex -64.3494 -43.4294 3
      vertex -64.2481 -43.4753 3
    endloop
  endfacet
  facet normal 0 0 1
    outer loop
      vertex -58.7979 10.5558 3
      vertex -75 43 3
      vertex -59.4545 9.5 3
    endloop
  endfacet
  facet normal 0 0 1
    outer loop
      vertex -62 0 3
      vertex -64.4536 -43.3902 3
      vertex -64.3494 -43.4294 3
    endloop
  endfacet
  facet normal 0 0 1
    outer loop
      vertex -59.4545 9.5 3
      vertex -75 43 3
      vertex -60.0406 8.40348 3
    endloop
  endfacet
  facet normal 0 0 1
    outer loop
      vertex -62 0 3
      vertex -64.56 -43.3579 3
      vertex -64.4536 -43.3902 3
    endloop
  endfacet
  facet normal 0 0 1
    outer loop
      vertex -60.0406 8.40348 3
      vertex -75 43 3
      vertex -60.5537 7.27098 3
    endloop
  endfacet
  facet normal 0 0 1
    outer loop
      vertex -62 0 3
      vertex -64.6684 -43.3327 3
      vertex -64.56 -43.3579 3
    endloop
  endfacet
  facet normal 0 0 1
    outer loop
      vertex -60.5537 7.27098 3
      vertex -75 43 3
      vertex -60.9917 6.10735 3
    endloop
  endfacet
  facet normal 0 0 1
    outer loop
      vertex -62 0 3
      vertex -64.7781 -43.3145 3
      vertex -64.6684 -43.3327 3
    endloop
  endfacet
  facet normal 0 0 1
    outer loop
      vertex -60.9917 6.10735 3
      vertex -75 43 3
      vertex -61.3526 4.91756 3
    endloop
  endfacet
  facet normal 0 0 1
    outer loop
      vertex -62 0 3
      vertex -64.8888 -43.3036 3
      vertex -64.7781 -43.3145 3
    endloop
  endfacet
  facet normal 0 0 1
    outer loop
      vertex -61.3526 4.91756 3
      vertex -75 43 3
      vertex -61.6349 3.70672 3
    endloop
  endfacet
  facet normal 0 0 1
    outer loop
      vertex -62 0 3
      vertex -65 -43.3 3
      vertex -64.8888 -43.3036 3
    endloop
  endfacet
  facet normal 0 0 1
    outer loop
      vertex -61.6349 3.70672 3
      vertex -75 43 3
      vertex -61.8375 2.48 3
    endloop
  endfacet
  facet normal 0 0 1
    outer loop
      vertex -62 0 3
      vertex -65.1112 -43.3036 3
      vertex -65 -43.3 3
    endloop
  endfacet
  facet normal 0 0 1
    outer loop
      vertex -61.8375 2.48 3
      vertex -75 43 3
      vertex -61.9593 1.24266 3
    endloop
  endfacet
  facet normal 0 0 1
    outer loop
      vertex -75 -43 3
      vertex -62 0 3
      vertex -75 43 3
    endloop
  endfacet
  facet normal 0 0 1
    outer loop
      vertex -61.9593 1.24266 3
      vertex -75 43 3
      vertex -62 0 3
    endloop
  endfacet
  facet normal 0 -0 1
    outer loop
      vertex -65.3316 -43.3327 3
      vertex -62 0 3
      vertex -75 -43 3
    endloop
  endfacet
  facet normal 0 0 1
    outer loop
      vertex -75 43 3
      vertex -65.3316 43.3327 3
      vertex -65.44 43.3579 3
    endloop
  endfacet
  facet normal 0 0 1
    outer loop
      vertex -62 0 3
      vertex -65.2219 -43.3145 3
      vertex -65.1112 -43.3036 3
    endloop
  endfacet
  facet normal 0 0 1
    outer loop
      vertex -75 43 3
      vertex -65.44 43.3579 3
      vertex -65.5464 43.3902 3
    endloop
  endfacet
  facet normal 0 0 1
    outer loop
      vertex -62 0 3
      vertex -65.3316 -43.3327 3
      vertex -65.2219 -43.3145 3
    endloop
  endfacet
  facet normal 0 0 1
    outer loop
      vertex -75 43 3
      vertex -65.5464 43.3902 3
      vertex -65.6506 43.4294 3
    endloop
  endfacet
  facet normal 0 0 1
    outer loop
      vertex -65.3316 -43.3327 3
      vertex -75 -43 3
      vertex -65.44 -43.3579 3
    endloop
  endfacet
  facet normal 0 0 1
    outer loop
      vertex -75 43 3
      vertex -65.6506 43.4294 3
      vertex -65.7519 43.4753 3
    endloop
  endfacet
  facet normal 0 0 1
    outer loop
      vertex -65.44 -43.3579 3
      vertex -75 -43 3
      vertex -65.5464 -43.3902 3
    endloop
  endfacet
  facet normal 0 0 1
    outer loop
      vertex -75 43 3
      vertex -65.7519 43.4753 3
      vertex -65.85 43.5278 3
    endloop
  endfacet
  facet normal 0 0 1
    outer loop
      vertex -65.5464 -43.3902 3
      vertex -75 -43 3
      vertex -65.6506 -43.4294 3
    endloop
  endfacet
  facet normal 0 0 1
    outer loop
      vertex -75 43 3
      vertex -65.85 43.5278 3
      vertex -65.9445 43.5865 3
    endloop
  endfacet
  facet normal 0 0 1
    outer loop
      vertex -65.6506 -43.4294 3
      vertex -75 -43 3
      vertex -65.7519 -43.4753 3
    endloop
  endfacet
  facet normal 0 0 1
    outer loop
      vertex -75 43 3
      vertex -65.9445 43.5865 3
      vertex -66.0349 43.6513 3
    endloop
  endfacet
  facet normal 0 0 1
    outer loop
      vertex -65.7519 -43.4753 3
      vertex -75 -43 3
      vertex -65.85 -43.5278 3
    endloop
  endfacet
  facet normal 0 0 1
    outer loop
      vertex -75 43 3
      vertex -66.0349 43.6513 3
      vertex -66.1209 43.7219 3
    endloop
  endfacet
  facet normal 0 0 1
    outer loop
      vertex -65.85 -43.5278 3
      vertex -75 -43 3
      vertex -65.9445 -43.5865 3
    endloop
  endfacet
  facet normal 0 0 1
    outer loop
      vertex -75 43 3
      vertex -66.1209 43.7219 3
      vertex -66.2021 43.7979 3
    endloop
  endfacet
  facet normal 0 0 1
    outer loop
      vertex -65.9445 -43.5865 3
      vertex -75 -43 3
      vertex -66.0349 -43.6513 3
    endloop
  endfacet
  facet normal 0 0 1
    outer loop
      vertex -75 43 3
      vertex -66.2021 43.7979 3
      vertex -66.2781 43.8791 3
    endloop
  endfacet
  facet normal 0 0 1
    outer loop
      vertex -66.0349 -43.6513 3
      vertex -75 -43 3
      vertex -66.1209 -43.7219 3
    endloop
  endfacet
  facet normal 0 0 1
    outer loop
      vertex -75 43 3
      vertex -66.2781 43.8791 3
      vertex -66.3487 43.9651 3
    endloop
  endfacet
  facet normal 0 0 1
    outer loop
      vertex -66.1209 -43.7219 3
      vertex -75 -43 3
      vertex -66.2021 -43.7979 3
    endloop
  endfacet
  facet normal 0 0 1
    outer loop
      vertex -75 43 3
      vertex -66.3487 43.9651 3
      vertex -66.4135 44.0555 3
    endloop
  endfacet
  facet normal 0 0 1
    outer loop
      vertex -66.2021 -43.7979 3
      vertex -75 -43 3
      vertex -66.2781 -43.8791 3
    endloop
  endfacet
  facet normal 0 0 1
    outer loop
      vertex -75 43 3
      vertex -66.4135 44.0555 3
      vertex -66.4722 44.15 3
    endloop
  endfacet
  facet normal 0 0 1
    outer loop
      vertex -66.2781 -43.8791 3
      vertex -75 -43 3
      vertex -66.3487 -43.9651 3
    endloop
  endfacet
  facet normal 0 0 1
    outer loop
      vertex -75 43 3
      vertex -66.4722 44.15 3
      vertex -66.5247 44.2481 3
    endloop
  endfacet
  facet normal 0 0 1
    outer loop
      vertex -66.3487 -43.9651 3
      vertex -75 -43 3
      vertex -66.4135 -44.0555 3
    endloop
  endfacet
  facet normal 0 0 1
    outer loop
      vertex -75 43 3
      vertex -66.5247 44.2481 3
      vertex -66.5706 44.3494 3
    endloop
  endfacet
  facet normal 0 0 1
    outer loop
      vertex -66.4135 -44.0555 3
      vertex -75 -43 3
      vertex -66.4722 -44.15 3
    endloop
  endfacet
  facet normal 0 0 1
    outer loop
      vertex -75 43 3
      vertex -66.5706 44.3494 3
      vertex -66.6098 44.4536 3
    endloop
  endfacet
  facet normal 0 0 1
    outer loop
      vertex -66.4722 -44.15 3
      vertex -75 -43 3
      vertex -66.5247 -44.2481 3
    endloop
  endfacet
  facet normal 0 0 1
    outer loop
      vertex -75 43 3
      vertex -66.6098 44.4536 3
      vertex -66.6421 44.56 3
    endloop
  endfacet
  facet normal 0 0 1
    outer loop
      vertex -66.5247 -44.2481 3
      vertex -75 -43 3
      vertex -66.5706 -44.3494 3
    endloop
  endfacet
  facet normal 0 0 1
    outer loop
      vertex -75 43 3
      vertex -66.6421 44.56 3
      vertex -66.6673 44.6683 3
    endloop
  endfacet
  facet normal 0 0 1
    outer loop
      vertex -66.5706 -44.3494 3
      vertex -75 -43 3
      vertex -66.6098 -44.4536 3
    endloop
  endfacet
  facet normal 0 0 1
    outer loop
      vertex -75 43 3
      vertex -66.6673 44.6683 3
      vertex -66.6855 44.7781 3
    endloop
  endfacet
  facet normal 0 0 1
    outer loop
      vertex -66.6098 -44.4536 3
      vertex -75 -43 3
      vertex -66.6421 -44.56 3
    endloop
  endfacet
  facet normal 0 0 1
    outer loop
      vertex -75 43 3
      vertex -66.6855 44.7781 3
      vertex -66.6964 44.8888 3
    endloop
  endfacet
  facet normal -0 -0 1
    outer loop
      vertex -74.9743 -43.7848 3
      vertex -66.6421 -44.56 3
      vertex -75 -43 3
    endloop
  endfacet
  facet normal 0 0 1
    outer loop
      vertex -75 43 3
      vertex -66.6964 44.8888 3
      vertex -66.7 45 3
    endloop
  endfacet
  facet normal 0 0 1
    outer loop
      vertex -66.6421 -44.56 3
      vertex -74.9743 -43.7848 3
      vertex -66.6673 -44.6683 3
    endloop
  endfacet
  facet normal -0 0 1
    outer loop
      vertex -40.52 -18.8375 3
      vertex -63.3036 -45.1112 3
      vertex -39.2933 -18.6349 3
    endloop
  endfacet
  facet normal 0 0 1
    outer loop
      vertex -63.3145 -45.2219 3
      vertex -39.2933 -18.6349 3
      vertex -63.3036 -45.1112 3
    endloop
  endfacet
  facet normal 0 0 1
    outer loop
      vertex -39.2933 -18.6349 3
      vertex -63.3145 -45.2219 3
      vertex -63 -55 3
    endloop
  endfacet
  facet normal -0 0 1
    outer loop
      vertex -63.3327 -45.3317 3
      vertex -63 -55 3
      vertex -63.3145 -45.2219 3
    endloop
  endfacet
  facet normal -0 0 1
    outer loop
      vertex -63.3579 -45.44 3
      vertex -63 -55 3
      vertex -63.3327 -45.3317 3
    endloop
  endfacet
  facet normal -0 0 1
    outer loop
      vertex -63.3902 -45.5464 3
      vertex -63 -55 3
      vertex -63.3579 -45.44 3
    endloop
  endfacet
  facet normal -0 0 1
    outer loop
      vertex -63.4294 -45.6506 3
      vertex -63 -55 3
      vertex -63.3902 -45.5464 3
    endloop
  endfacet
  facet normal -0 0 1
    outer loop
      vertex -63.4753 -45.7519 3
      vertex -63 -55 3
      vertex -63.4294 -45.6506 3
    endloop
  endfacet
  facet normal -0 0 1
    outer loop
      vertex -63.5278 -45.85 3
      vertex -63 -55 3
      vertex -63.4753 -45.7519 3
    endloop
  endfacet
  facet normal -0 0 1
    outer loop
      vertex -63.5865 -45.9445 3
      vertex -63 -55 3
      vertex -63.5278 -45.85 3
    endloop
  endfacet
  facet normal -0 0 1
    outer loop
      vertex -63.6513 -46.0349 3
      vertex -63 -55 3
      vertex -63.5865 -45.9445 3
    endloop
  endfacet
  facet normal -0 0 1
    outer loop
      vertex -63.7219 -46.1209 3
      vertex -63 -55 3
      vertex -63.6513 -46.0349 3
    endloop
  endfacet
  facet normal -0 0 1
    outer loop
      vertex -63.7979 -46.2021 3
      vertex -63 -55 3
      vertex -63.7219 -46.1209 3
    endloop
  endfacet
  facet normal -0 0 1
    outer loop
      vertex -63.8791 -46.2781 3
      vertex -63 -55 3
      vertex -63.7979 -46.2021 3
    endloop
  endfacet
  facet normal -0 0 1
    outer loop
      vertex -63.9651 -46.3487 3
      vertex -63 -55 3
      vertex -63.8791 -46.2781 3
    endloop
  endfacet
  facet normal -0 0 1
    outer loop
      vertex -64.0555 -46.4135 3
      vertex -63 -55 3
      vertex -63.9651 -46.3487 3
    endloop
  endfacet
  facet normal -0 0 1
    outer loop
      vertex -64.15 -46.4722 3
      vertex -63 -55 3
      vertex -64.0555 -46.4135 3
    endloop
  endfacet
  facet normal -0 0 1
    outer loop
      vertex -64.2481 -46.5247 3
      vertex -63 -55 3
      vertex -64.15 -46.4722 3
    endloop
  endfacet
  facet normal -0 0 1
    outer loop
      vertex -64.3494 -46.5706 3
      vertex -63 -55 3
      vertex -64.2481 -46.5247 3
    endloop
  endfacet
  facet normal -0 0 1
    outer loop
      vertex -64.4536 -46.6098 3
      vertex -63 -55 3
      vertex -64.3494 -46.5706 3
    endloop
  endfacet
  facet normal 0 0 1
    outer loop
      vertex -63 -55 3
      vertex -64.4536 -46.6098 3
      vertex -63.7848 -54.9743 3
    endloop
  endfacet
  facet normal -0 0 1
    outer loop
      vertex -64.56 -46.6421 3
      vertex -63.7848 -54.9743 3
      vertex -64.4536 -46.6098 3
    endloop
  endfacet
  facet normal -0 0 1
    outer loop
      vertex -64.6684 -46.6673 3
      vertex -63.7848 -54.9743 3
      vertex -64.56 -46.6421 3
    endloop
  endfacet
  facet normal 0 0 1
    outer loop
      vertex -63.7848 -54.9743 3
      vertex -64.6684 -46.6673 3
      vertex -64.5663 -54.8973 3
    endloop
  endfacet
  facet normal -0 0 1
    outer loop
      vertex -64.7781 -46.6855 3
      vertex -64.5663 -54.8973 3
      vertex -64.6684 -46.6673 3
    endloop
  endfacet
  facet normal 0 0 1
    outer loop
      vertex -65.3411 -54.7694 3
      vertex -64.7781 -46.6855 3
      vertex -64.8888 -46.6964 3
    endloop
  endfacet
  facet normal 0 0 1
    outer loop
      vertex -65.3411 -54.7694 3
      vertex -64.8888 -46.6964 3
      vertex -65 -46.7 3
    endloop
  endfacet
  facet normal 0 0 1
    outer loop
      vertex -66.1058 -54.5911 3
      vertex -65 -46.7 3
      vertex -65.1112 -46.6964 3
    endloop
  endfacet
  facet normal 0 0 1
    outer loop
      vertex -66.8573 -54.3632 3
      vertex -65.1112 -46.6964 3
      vertex -65.2219 -46.6855 3
    endloop
  endfacet
  facet normal 0 0 1
    outer loop
      vertex -67.5922 -54.0865 3
      vertex -65.2219 -46.6855 3
      vertex -65.3316 -46.6673 3
    endloop
  endfacet
  facet normal 0 0 1
    outer loop
      vertex -64.7781 -46.6855 3
      vertex -65.3411 -54.7694 3
      vertex -64.5663 -54.8973 3
    endloop
  endfacet
  facet normal 0 0 1
    outer loop
      vertex -67.5922 -54.0865 3
      vertex -65.3316 -46.6673 3
      vertex -65.44 -46.6421 3
    endloop
  endfacet
  facet normal 0 0 1
    outer loop
      vertex -68.3075 -53.7625 3
      vertex -65.44 -46.6421 3
      vertex -65.5464 -46.6098 3
    endloop
  endfacet
  facet normal 0 0 1
    outer loop
      vertex -69 -53.3923 3
      vertex -65.5464 -46.6098 3
      vertex -65.6506 -46.5706 3
    endloop
  endfacet
  facet normal 0 0 1
    outer loop
      vertex -69 -53.3923 3
      vertex -65.6506 -46.5706 3
      vertex -65.7519 -46.5247 3
    endloop
  endfacet
  facet normal 0 0 1
    outer loop
      vertex -69.6668 -52.9776 3
      vertex -65.7519 -46.5247 3
      vertex -65.85 -46.4722 3
    endloop
  endfacet
  facet normal 0 0 1
    outer loop
      vertex -70.3051 -52.5202 3
      vertex -65.85 -46.4722 3
      vertex -65.9445 -46.4135 3
    endloop
  endfacet
  facet normal 0 0 1
    outer loop
      vertex -70.3051 -52.5202 3
      vertex -65.9445 -46.4135 3
      vertex -66.0349 -46.3487 3
    endloop
  endfacet
  facet normal 0 0 1
    outer loop
      vertex -65 -46.7 3
      vertex -66.1058 -54.5911 3
      vertex -65.3411 -54.7694 3
    endloop
  endfacet
  facet normal 0 0 1
    outer loop
      vertex -70.9122 -52.0221 3
      vertex -66.0349 -46.3487 3
      vertex -66.1209 -46.2781 3
    endloop
  endfacet
  facet normal 0 0 1
    outer loop
      vertex -71.4853 -51.4853 3
      vertex -66.1209 -46.2781 3
      vertex -66.2021 -46.2021 3
    endloop
  endfacet
  facet normal 0 0 1
    outer loop
      vertex -71.4853 -51.4853 3
      vertex -66.2021 -46.2021 3
      vertex -66.2781 -46.1209 3
    endloop
  endfacet
  facet normal 0 0 1
    outer loop
      vertex -72.0221 -50.9122 3
      vertex -66.2781 -46.1209 3
      vertex -66.3487 -46.0349 3
    endloop
  endfacet
  facet normal 0 0 1
    outer loop
      vertex -72.5202 -50.3051 3
      vertex -66.3487 -46.0349 3
      vertex -66.4135 -45.9445 3
    endloop
  endfacet
  facet normal 0 0 1
    outer loop
      vertex -72.5202 -50.3051 3
      vertex -66.4135 -45.9445 3
      vertex -66.4722 -45.85 3
    endloop
  endfacet
  facet normal 0 0 1
    outer loop
      vertex -72.9776 -49.6668 3
      vertex -66.4722 -45.85 3
      vertex -66.5247 -45.7519 3
    endloop
  endfacet
  facet normal 0 0 1
    outer loop
      vertex -73.3923 -49 3
      vertex -66.5247 -45.7519 3
      vertex -66.5706 -45.6506 3
    endloop
  endfacet
  facet normal 0 0 1
    outer loop
      vertex -73.3923 -49 3
      vertex -66.5706 -45.6506 3
      vertex -66.6098 -45.5464 3
    endloop
  endfacet
  facet normal 0 0 1
    outer loop
      vertex -73.7625 -48.3075 3
      vertex -66.6098 -45.5464 3
      vertex -66.6421 -45.44 3
    endloop
  endfacet
  facet normal 0 0 1
    outer loop
      vertex -74.0865 -47.5922 3
      vertex -66.6421 -45.44 3
      vertex -66.6673 -45.3317 3
    endloop
  endfacet
  facet normal 0 0 1
    outer loop
      vertex -74.0865 -47.5922 3
      vertex -66.6673 -45.3317 3
      vertex -66.6855 -45.2219 3
    endloop
  endfacet
  facet normal 0 0 1
    outer loop
      vertex -74.3632 -46.8573 3
      vertex -66.6855 -45.2219 3
      vertex -66.6964 -45.1112 3
    endloop
  endfacet
  facet normal 0 0 1
    outer loop
      vertex -65.1112 -46.6964 3
      vertex -66.8573 -54.3632 3
      vertex -66.1058 -54.5911 3
    endloop
  endfacet
  facet normal 0 0 1
    outer loop
      vertex -74.5911 -46.1058 3
      vertex -66.6964 -45.1112 3
      vertex -66.7 -45 3
    endloop
  endfacet
  facet normal -0 -0 1
    outer loop
      vertex -74.8973 -44.5663 3
      vertex -66.6673 -44.6683 3
      vertex -74.9743 -43.7848 3
    endloop
  endfacet
  facet normal 0 0 1
    outer loop
      vertex -75 43 3
      vertex -66.8573 54.3632 3
      vertex -67.5922 54.0865 3
    endloop
  endfacet
  facet normal 0 0 1
    outer loop
      vertex -66.6673 -44.6683 3
      vertex -74.8973 -44.5663 3
      vertex -66.6855 -44.7781 3
    endloop
  endfacet
  facet normal 0 0 1
    outer loop
      vertex -75 43 3
      vertex -67.5922 54.0865 3
      vertex -68.3075 53.7625 3
    endloop
  endfacet
  facet normal 0 -0 1
    outer loop
      vertex -74.7694 -45.3411 3
      vertex -66.6855 -44.7781 3
      vertex -74.8973 -44.5663 3
    endloop
  endfacet
  facet normal 0 0 1
    outer loop
      vertex -75 43 3
      vertex -68.3075 53.7625 3
      vertex -69 53.3923 3
    endloop
  endfacet
  facet normal 0 0 1
    outer loop
      vertex -65.2219 -46.6855 3
      vertex -67.5922 -54.0865 3
      vertex -66.8573 -54.3632 3
    endloop
  endfacet
  facet normal 0 0 1
    outer loop
      vertex -75 43 3
      vertex -69 53.3923 3
      vertex -69.6668 52.9776 3
    endloop
  endfacet
  facet normal 0 0 1
    outer loop
      vertex -65.44 -46.6421 3
      vertex -68.3075 -53.7625 3
      vertex -67.5922 -54.0865 3
    endloop
  endfacet
  facet normal 0 0 1
    outer loop
      vertex -75 43 3
      vertex -69.6668 52.9776 3
      vertex -70.3051 52.5202 3
    endloop
  endfacet
  facet normal 0 0 1
    outer loop
      vertex -65.5464 -46.6098 3
      vertex -69 -53.3923 3
      vertex -68.3075 -53.7625 3
    endloop
  endfacet
  facet normal 0 0 1
    outer loop
      vertex -75 43 3
      vertex -70.3051 52.5202 3
      vertex -70.9122 52.0221 3
    endloop
  endfacet
  facet normal 0 0 1
    outer loop
      vertex -65.7519 -46.5247 3
      vertex -69.6668 -52.9776 3
      vertex -69 -53.3923 3
    endloop
  endfacet
  facet normal 0 0 1
    outer loop
      vertex -75 43 3
      vertex -70.9122 52.0221 3
      vertex -71.4853 51.4853 3
    endloop
  endfacet
  facet normal 0 0 1
    outer loop
      vertex -65.85 -46.4722 3
      vertex -70.3051 -52.5202 3
      vertex -69.6668 -52.9776 3
    endloop
  endfacet
  facet normal 0 0 1
    outer loop
      vertex -75 43 3
      vertex -71.4853 51.4853 3
      vertex -72.0221 50.9122 3
    endloop
  endfacet
  facet normal 0 0 1
    outer loop
      vertex -66.0349 -46.3487 3
      vertex -70.9122 -52.0221 3
      vertex -70.3051 -52.5202 3
    endloop
  endfacet
  facet normal 0 0 1
    outer loop
      vertex -75 43 3
      vertex -72.0221 50.9122 3
      vertex -72.5202 50.3051 3
    endloop
  endfacet
  facet normal 0 0 1
    outer loop
      vertex -66.1209 -46.2781 3
      vertex -71.4853 -51.4853 3
      vertex -70.9122 -52.0221 3
    endloop
  endfacet
  facet normal 0 0 1
    outer loop
      vertex -75 43 3
      vertex -72.5202 50.3051 3
      vertex -72.9776 49.6668 3
    endloop
  endfacet
  facet normal 0 0 1
    outer loop
      vertex -66.2781 -46.1209 3
      vertex -72.0221 -50.9122 3
      vertex -71.4853 -51.4853 3
    endloop
  endfacet
  facet normal 0 0 1
    outer loop
      vertex -75 43 3
      vertex -72.9776 49.6668 3
      vertex -73.3923 49 3
    endloop
  endfacet
  facet normal 0 0 1
    outer loop
      vertex -66.3487 -46.0349 3
      vertex -72.5202 -50.3051 3
      vertex -72.0221 -50.9122 3
    endloop
  endfacet
  facet normal 0 0 1
    outer loop
      vertex -75 43 3
      vertex -73.3923 49 3
      vertex -73.7625 48.3075 3
    endloop
  endfacet
  facet normal 0 0 1
    outer loop
      vertex -66.4722 -45.85 3
      vertex -72.9776 -49.6668 3
      vertex -72.5202 -50.3051 3
    endloop
  endfacet
  facet normal 0 0 1
    outer loop
      vertex -75 43 3
      vertex -73.7625 48.3075 3
      vertex -74.0865 47.5922 3
    endloop
  endfacet
  facet normal 0 0 1
    outer loop
      vertex -66.5247 -45.7519 3
      vertex -73.3923 -49 3
      vertex -72.9776 -49.6668 3
    endloop
  endfacet
  facet normal 0 0 1
    outer loop
      vertex -75 43 3
      vertex -74.0865 47.5922 3
      vertex -74.3632 46.8573 3
    endloop
  endfacet
  facet normal 0 0 1
    outer loop
      vertex -66.6098 -45.5464 3
      vertex -73.7625 -48.3075 3
      vertex -73.3923 -49 3
    endloop
  endfacet
  facet normal 0 0 1
    outer loop
      vertex -75 43 3
      vertex -74.3632 46.8573 3
      vertex -74.5911 46.1058 3
    endloop
  endfacet
  facet normal 0 0 1
    outer loop
      vertex -66.6421 -45.44 3
      vertex -74.0865 -47.5922 3
      vertex -73.7625 -48.3075 3
    endloop
  endfacet
  facet normal 0 0 1
    outer loop
      vertex -75 43 3
      vertex -74.5911 46.1058 3
      vertex -74.7694 45.3411 3
    endloop
  endfacet
  facet normal 0 0 1
    outer loop
      vertex -66.6855 -45.2219 3
      vertex -74.3632 -46.8573 3
      vertex -74.0865 -47.5922 3
    endloop
  endfacet
  facet normal 0 0 1
    outer loop
      vertex -75 43 3
      vertex -74.7694 45.3411 3
      vertex -74.8973 44.5663 3
    endloop
  endfacet
  facet normal 0 0 1
    outer loop
      vertex -66.6964 -45.1112 3
      vertex -74.5911 -46.1058 3
      vertex -74.3632 -46.8573 3
    endloop
  endfacet
  facet normal 0 0 1
    outer loop
      vertex -75 43 3
      vertex -74.8973 44.5663 3
      vertex -74.9743 43.7848 3
    endloop
  endfacet
  facet normal 0 0 1
    outer loop
      vertex -66.7 -45 3
      vertex -74.7694 -45.3411 3
      vertex -74.5911 -46.1058 3
    endloop
  endfacet
  facet normal 0 0 1
    outer loop
      vertex -66.6964 -44.8888 3
      vertex -74.7694 -45.3411 3
      vertex -66.7 -45 3
    endloop
  endfacet
  facet normal 0 0 1
    outer loop
      vertex -66.6855 -44.7781 3
      vertex -74.7694 -45.3411 3
      vertex -66.6964 -44.8888 3
    endloop
  endfacet
  facet normal -0 0 1
    outer loop
      vertex 2.12132 19.8787 3
      vertex 11.1016 12.9666 3
      vertex 2.25552 20.022 3
    endloop
  endfacet
  facet normal 0 0 1
    outer loop
      vertex 6.7 0 3
      vertex 2.99358 -21.8038 3
      vertex 3 -22 3
    endloop
  endfacet
  facet normal 0 0 1
    outer loop
      vertex 11.1016 12.9666 3
      vertex 2.12132 19.8787 3
      vertex 10.2897 11.8336 3
    endloop
  endfacet
  facet normal 0 0 1
    outer loop
      vertex 6.7 0 3
      vertex 2.97433 -21.6084 3
      vertex 2.99358 -21.8038 3
    endloop
  endfacet
  facet normal -0 0 1
    outer loop
      vertex 1.97804 19.7445 3
      vertex 10.2897 11.8336 3
      vertex 2.12132 19.8787 3
    endloop
  endfacet
  facet normal 0 0 1
    outer loop
      vertex 6.7 0 3
      vertex 2.94236 -21.4147 3
      vertex 2.97433 -21.6084 3
    endloop
  endfacet
  facet normal -0 0 1
    outer loop
      vertex 1.82628 19.6199 3
      vertex 10.2897 11.8336 3
      vertex 1.97804 19.7445 3
    endloop
  endfacet
  facet normal 0 0 1
    outer loop
      vertex 6.7 0 3
      vertex 2.89778 -21.2235 3
      vertex 2.94236 -21.4147 3
    endloop
  endfacet
  facet normal -0 0 1
    outer loop
      vertex 1.66671 19.5056 3
      vertex 10.2897 11.8336 3
      vertex 1.82628 19.6199 3
    endloop
  endfacet
  facet normal 0 0 1
    outer loop
      vertex 6.7 0 3
      vertex 2.84079 -21.0357 3
      vertex 2.89778 -21.2235 3
    endloop
  endfacet
  facet normal 0 0 1
    outer loop
      vertex 10.2897 11.8336 3
      vertex 1.66671 19.5056 3
      vertex 9.55366 10.65 3
    endloop
  endfacet
  facet normal 0 0 1
    outer loop
      vertex 6.7 0 3
      vertex 2.77164 -20.8519 3
      vertex 2.84079 -21.0357 3
    endloop
  endfacet
  facet normal -0 0 1
    outer loop
      vertex 1.5 19.4019 3
      vertex 9.55366 10.65 3
      vertex 1.66671 19.5056 3
    endloop
  endfacet
  facet normal 0 0 1
    outer loop
      vertex 6.7 0 3
      vertex 2.69062 -20.6731 3
      vertex 2.77164 -20.8519 3
    endloop
  endfacet
  facet normal -0 0 1
    outer loop
      vertex 1.32687 19.3094 3
      vertex 9.55366 10.65 3
      vertex 1.5 19.4019 3
    endloop
  endfacet
  facet normal 0 0 1
    outer loop
      vertex 6.7 0 3
      vertex 2.59808 -20.5 3
      vertex 2.69062 -20.6731 3
    endloop
  endfacet
  facet normal -0 0 1
    outer loop
      vertex 1.14805 19.2284 3
      vertex 9.55366 10.65 3
      vertex 1.32687 19.3094 3
    endloop
  endfacet
  facet normal 0 0 1
    outer loop
      vertex 6.7 0 3
      vertex 2.49441 -20.3333 3
      vertex 2.59808 -20.5 3
    endloop
  endfacet
  facet normal 0 0 1
    outer loop
      vertex 9.55366 10.65 3
      vertex 1.14805 19.2284 3
      vertex 8.89661 9.42075 3
    endloop
  endfacet
  facet normal 0 0 1
    outer loop
      vertex 6.7 0 3
      vertex 2.38006 -20.1737 3
      vertex 2.49441 -20.3333 3
    endloop
  endfacet
  facet normal -0 0 1
    outer loop
      vertex 0.964318 19.1592 3
      vertex 8.89661 9.42075 3
      vertex 1.14805 19.2284 3
    endloop
  endfacet
  facet normal 0 0 1
    outer loop
      vertex 6.7 0 3
      vertex 2.25552 -20.022 3
      vertex 2.38006 -20.1737 3
    endloop
  endfacet
  facet normal -0 0 1
    outer loop
      vertex 0.776457 19.1022 3
      vertex 8.89661 9.42075 3
      vertex 0.964318 19.1592 3
    endloop
  endfacet
  facet normal 0 0 1
    outer loop
      vertex 6.7 0 3
      vertex 2.12132 -19.8787 3
      vertex 2.25552 -20.022 3
    endloop
  endfacet
  facet normal -0 0 1
    outer loop
      vertex 0.585271 19.0576 3
      vertex 8.89661 9.42075 3
      vertex 0.776457 19.1022 3
    endloop
  endfacet
  facet normal 0 0 1
    outer loop
      vertex 6.7 0 3
      vertex 1.97804 -19.7445 3
      vertex 2.12132 -19.8787 3
    endloop
  endfacet
  facet normal 0 0 1
    outer loop
      vertex 8.89661 9.42075 3
      vertex 0.585271 19.0576 3
      vertex 8.32137 8.15116 3
    endloop
  endfacet
  facet normal 0 0 1
    outer loop
      vertex 6.7 0 3
      vertex 1.82628 -19.6199 3
      vertex 1.97804 -19.7445 3
    endloop
  endfacet
  facet normal -0 0 1
    outer loop
      vertex 0.391578 19.0257 3
      vertex 8.32137 8.15116 3
      vertex 0.585271 19.0576 3
    endloop
  endfacet
  facet normal 0 0 1
    outer loop
      vertex 6.7 0 3
      vertex 1.66671 -19.5056 3
      vertex 1.82628 -19.6199 3
    endloop
  endfacet
  facet normal -0 0 1
    outer loop
      vertex 0.196209 19.0064 3
      vertex 8.32137 8.15116 3
      vertex 0.391578 19.0257 3
    endloop
  endfacet
  facet normal 0 0 1
    outer loop
      vertex 6.7 0 3
      vertex 1.5 -19.4019 3
      vertex 1.66671 -19.5056 3
    endloop
  endfacet
  facet normal -0 0 1
    outer loop
      vertex 0 19 3
      vertex 8.32137 8.15116 3
      vertex 0.196209 19.0064 3
    endloop
  endfacet
  facet normal 0 0 1
    outer loop
      vertex 6.7 0 3
      vertex 1.32687 -19.3094 3
      vertex 1.5 -19.4019 3
    endloop
  endfacet
  facet normal 0 0 1
    outer loop
      vertex 8.32137 8.15116 3
      vertex 0 19 3
      vertex 7.83039 6.84666 3
    endloop
  endfacet
  facet normal 0 0 1
    outer loop
      vertex 6.7 0 3
      vertex 1.14805 -19.2284 3
      vertex 1.32687 -19.3094 3
    endloop
  endfacet
  facet normal 0 0 1
    outer loop
      vertex -0.196209 19.0064 3
      vertex 7.83039 6.84666 3
      vertex 0 19 3
    endloop
  endfacet
  facet normal 0 0 1
    outer loop
      vertex 6.7 0 3
      vertex 0.964318 -19.1592 3
      vertex 1.14805 -19.2284 3
    endloop
  endfacet
  facet normal 0 0 1
    outer loop
      vertex -0.391578 19.0257 3
      vertex 7.83039 6.84666 3
      vertex -0.196209 19.0064 3
    endloop
  endfacet
  facet normal 0 0 1
    outer loop
      vertex 6.7 0 3
      vertex 0.776457 -19.1022 3
      vertex 0.964318 -19.1592 3
    endloop
  endfacet
  facet normal 0 0 1
    outer loop
      vertex 7.83039 6.84666 3
      vertex -0.391578 19.0257 3
      vertex 7.42578 5.51285 3
    endloop
  endfacet
  facet normal 0 0 1
    outer loop
      vertex 6.7 0 3
      vertex 0.585271 -19.0576 3
      vertex 0.776457 -19.1022 3
    endloop
  endfacet
  facet normal 0 0 1
    outer loop
      vertex -0.585271 19.0576 3
      vertex 7.42578 5.51285 3
      vertex -0.391578 19.0257 3
    endloop
  endfacet
  facet normal 0 0 1
    outer loop
      vertex 6.7 0 3
      vertex 0.391578 -19.0257 3
      vertex 0.585271 -19.0576 3
    endloop
  endfacet
  facet normal 0 0 1
    outer loop
      vertex -0.776457 19.1022 3
      vertex 7.42578 5.51285 3
      vertex -0.585271 19.0576 3
    endloop
  endfacet
  facet normal 0 0 1
    outer loop
      vertex 6.7 0 3
      vertex 0.196209 -19.0064 3
      vertex 0.391578 -19.0257 3
    endloop
  endfacet
  facet normal 0 0 1
    outer loop
      vertex -0.964318 19.1592 3
      vertex 7.42578 5.51285 3
      vertex -0.776457 19.1022 3
    endloop
  endfacet
  facet normal 0 0 1
    outer loop
      vertex 6.7 0 3
      vertex 0 -19 3
      vertex 0.196209 -19.0064 3
    endloop
  endfacet
  facet normal 0 0 1
    outer loop
      vertex 7.42578 5.51285 3
      vertex -0.964318 19.1592 3
      vertex 7.10927 4.15542 3
    endloop
  endfacet
  facet normal 0 0 1
    outer loop
      vertex 6.7 0 3
      vertex -0.196209 -19.0064 3
      vertex 0 -19 3
    endloop
  endfacet
  facet normal 0 0 1
    outer loop
      vertex -1.14805 19.2284 3
      vertex 7.10927 4.15542 3
      vertex -0.964318 19.1592 3
    endloop
  endfacet
  facet normal 0 0 1
    outer loop
      vertex 6.7 0 3
      vertex -0.391578 -19.0257 3
      vertex -0.196209 -19.0064 3
    endloop
  endfacet
  facet normal 0 0 1
    outer loop
      vertex -1.32687 19.3094 3
      vertex 7.10927 4.15542 3
      vertex -1.14805 19.2284 3
    endloop
  endfacet
  facet normal 0 0 1
    outer loop
      vertex 6.7 0 3
      vertex -0.585271 -19.0576 3
      vertex -0.391578 -19.0257 3
    endloop
  endfacet
  facet normal 0 0 1
    outer loop
      vertex 7.10927 4.15542 3
      vertex -1.32687 19.3094 3
      vertex 6.88222 2.78021 3
    endloop
  endfacet
  facet normal 0 0 1
    outer loop
      vertex -24.0407 -1.24266 3
      vertex 6.7 0 3
      vertex -24 0 3
    endloop
  endfacet
  facet normal 0 0 1
    outer loop
      vertex -24.1625 2.48 3
      vertex 6.88222 2.78021 3
      vertex -1.32687 19.3094 3
    endloop
  endfacet
  facet normal 0 0 1
    outer loop
      vertex 6.7 0 3
      vertex -0.776457 -19.1022 3
      vertex -0.585271 -19.0576 3
    endloop
  endfacet
  facet normal 0 0 1
    outer loop
      vertex 6.88222 2.78021 3
      vertex -24.1625 2.48 3
      vertex 6.7456 1.39309 3
    endloop
  endfacet
  facet normal 0 0 1
    outer loop
      vertex -24.1625 -2.48 3
      vertex 6.7 0 3
      vertex -24.0407 -1.24266 3
    endloop
  endfacet
  facet normal 0 -0 1
    outer loop
      vertex -24.0407 1.24266 3
      vertex 6.7456 1.39309 3
      vertex -24.1625 2.48 3
    endloop
  endfacet
  facet normal 0 0 1
    outer loop
      vertex 6.7 0 3
      vertex -0.964318 -19.1592 3
      vertex -0.776457 -19.1022 3
    endloop
  endfacet
  facet normal 0 0 1
    outer loop
      vertex -24.1625 2.48 3
      vertex -1.32687 19.3094 3
      vertex -1.5 19.4019 3
    endloop
  endfacet
  facet normal 0 0 1
    outer loop
      vertex 6.7 0 3
      vertex -1.14805 -19.2284 3
      vertex -0.964318 -19.1592 3
    endloop
  endfacet
  facet normal 0 0 1
    outer loop
      vertex -24.3651 3.70672 3
      vertex -1.5 19.4019 3
      vertex -1.66671 19.5056 3
    endloop
  endfacet
  facet normal 0 -0 1
    outer loop
      vertex -1.32687 -19.3094 3
      vertex 6.7 0 3
      vertex -24.1625 -2.48 3
    endloop
  endfacet
  facet normal 0 0 1
    outer loop
      vertex -24.3651 3.70672 3
      vertex -1.66671 19.5056 3
      vertex -1.82628 19.6199 3
    endloop
  endfacet
  facet normal 0 0 1
    outer loop
      vertex 6.7 0 3
      vertex -1.32687 -19.3094 3
      vertex -1.14805 -19.2284 3
    endloop
  endfacet
  facet normal 0 0 1
    outer loop
      vertex -24.6474 4.91756 3
      vertex -1.82628 19.6199 3
      vertex -1.97804 19.7445 3
    endloop
  endfacet
  facet normal 0 0 1
    outer loop
      vertex -1.32687 -19.3094 3
      vertex -24.1625 -2.48 3
      vertex -1.5 -19.4019 3
    endloop
  endfacet
  facet normal 0 0 1
    outer loop
      vertex -24.6474 4.91756 3
      vertex -1.97804 19.7445 3
      vertex -2.12132 19.8787 3
    endloop
  endfacet
  facet normal -0 0 1
    outer loop
      vertex -24.3651 -3.70672 3
      vertex -1.5 -19.4019 3
      vertex -24.1625 -2.48 3
    endloop
  endfacet
  facet normal 0 0 1
    outer loop
      vertex -25.0083 6.10735 3
      vertex -2.12132 19.8787 3
      vertex -2.25552 20.022 3
    endloop
  endfacet
  facet normal 0 0 1
    outer loop
      vertex -1.5 -19.4019 3
      vertex -24.3651 -3.70672 3
      vertex -1.66671 -19.5056 3
    endloop
  endfacet
  facet normal 0 0 1
    outer loop
      vertex -25.4463 7.27098 3
      vertex -2.25552 20.022 3
      vertex -2.38006 20.1737 3
    endloop
  endfacet
  facet normal 0 0 1
    outer loop
      vertex -1.66671 -19.5056 3
      vertex -24.3651 -3.70672 3
      vertex -1.82628 -19.6199 3
    endloop
  endfacet
  facet normal 0 0 1
    outer loop
      vertex -25.4463 7.27098 3
      vertex -2.38006 20.1737 3
      vertex -2.49441 20.3333 3
    endloop
  endfacet
  facet normal -0 0 1
    outer loop
      vertex -24.6474 -4.91756 3
      vertex -1.82628 -19.6199 3
      vertex -24.3651 -3.70672 3
    endloop
  endfacet
  facet normal 0 0 1
    outer loop
      vertex -25.9594 8.40348 3
      vertex -2.49441 20.3333 3
      vertex -2.59808 20.5 3
    endloop
  endfacet
  facet normal 0 0 1
    outer loop
      vertex -1.82628 -19.6199 3
      vertex -24.6474 -4.91756 3
      vertex -1.97804 -19.7445 3
    endloop
  endfacet
  facet normal 0 0 1
    outer loop
      vertex -25.9594 8.40348 3
      vertex -2.59808 20.5 3
      vertex -2.69062 20.6731 3
    endloop
  endfacet
  facet normal 0 0 1
    outer loop
      vertex -1.97804 -19.7445 3
      vertex -24.6474 -4.91756 3
      vertex -2.12132 -19.8787 3
    endloop
  endfacet
  facet normal 0 0 1
    outer loop
      vertex -26.5455 9.5 3
      vertex -2.69062 20.6731 3
      vertex -2.77164 20.8519 3
    endloop
  endfacet
  facet normal -0 0 1
    outer loop
      vertex -25.0083 -6.10735 3
      vertex -2.12132 -19.8787 3
      vertex -24.6474 -4.91756 3
    endloop
  endfacet
  facet normal 0 0 1
    outer loop
      vertex -26.5455 9.5 3
      vertex -2.77164 20.8519 3
      vertex -2.84079 21.0357 3
    endloop
  endfacet
  facet normal 0 0 1
    outer loop
      vertex -2.12132 -19.8787 3
      vertex -25.0083 -6.10735 3
      vertex -2.25552 -20.022 3
    endloop
  endfacet
  facet normal 0 0 1
    outer loop
      vertex -27.2021 10.5558 3
      vertex -2.84079 21.0357 3
      vertex -2.89778 21.2235 3
    endloop
  endfacet
  facet normal -0 0 1
    outer loop
      vertex -25.4463 -7.27098 3
      vertex -2.25552 -20.022 3
      vertex -25.0083 -6.10735 3
    endloop
  endfacet
  facet normal 0 0 1
    outer loop
      vertex -27.2021 10.5558 3
      vertex -2.89778 21.2235 3
      vertex -2.94236 21.4147 3
    endloop
  endfacet
  facet normal 0 0 1
    outer loop
      vertex -2.25552 -20.022 3
      vertex -25.4463 -7.27098 3
      vertex -2.38006 -20.1737 3
    endloop
  endfacet
  facet normal 0 0 1
    outer loop
      vertex -27.9263 11.5665 3
      vertex -2.94236 21.4147 3
      vertex -2.97433 21.6084 3
    endloop
  endfacet
  facet normal 0 0 1
    outer loop
      vertex -2.38006 -20.1737 3
      vertex -25.4463 -7.27098 3
      vertex -2.49441 -20.3333 3
    endloop
  endfacet
  facet normal 0 0 1
    outer loop
      vertex -27.9263 11.5665 3
      vertex -2.97433 21.6084 3
      vertex -2.99358 21.8038 3
    endloop
  endfacet
  facet normal -0 0 1
    outer loop
      vertex -25.9594 -8.40348 3
      vertex -2.49441 -20.3333 3
      vertex -25.4463 -7.27098 3
    endloop
  endfacet
  facet normal 0 0 1
    outer loop
      vertex -28.715 12.5276 3
      vertex -2.99358 21.8038 3
      vertex -3 22 3
    endloop
  endfacet
  facet normal 0 0 1
    outer loop
      vertex -2.49441 -20.3333 3
      vertex -25.9594 -8.40348 3
      vertex -2.59808 -20.5 3
    endloop
  endfacet
  facet normal 0 0 1
    outer loop
      vertex 58.9424 21.4147 3
      vertex 75 43 3
      vertex 58.9743 21.6084 3
    endloop
  endfacet
  facet normal 0 0 1
    outer loop
      vertex 75 -43 3
      vertex 58.9936 -21.8038 3
      vertex 59 -22 3
    endloop
  endfacet
  facet normal 0 0 1
    outer loop
      vertex 58.8978 21.2235 3
      vertex 75 43 3
      vertex 58.9424 21.4147 3
    endloop
  endfacet
  facet normal 0 0 1
    outer loop
      vertex 75 -43 3
      vertex 58.9743 -21.6084 3
      vertex 58.9936 -21.8038 3
    endloop
  endfacet
  facet normal 0 0 1
    outer loop
      vertex 58.8408 21.0357 3
      vertex 75 43 3
      vertex 58.8978 21.2235 3
    endloop
  endfacet
  facet normal 0 0 1
    outer loop
      vertex 75 -43 3
      vertex 58.9424 -21.4147 3
      vertex 58.9743 -21.6084 3
    endloop
  endfacet
  facet normal 0 0 1
    outer loop
      vertex 58.7716 20.8519 3
      vertex 75 43 3
      vertex 58.8408 21.0357 3
    endloop
  endfacet
  facet normal 0 0 1
    outer loop
      vertex 75 -43 3
      vertex 58.8978 -21.2235 3
      vertex 58.9424 -21.4147 3
    endloop
  endfacet
  facet normal 0 0 1
    outer loop
      vertex 75 43 3
      vertex 58.7716 20.8519 3
      vertex 75 -43 3
    endloop
  endfacet
  facet normal 0 0 1
    outer loop
      vertex 75 -43 3
      vertex 58.8408 -21.0357 3
      vertex 58.8978 -21.2235 3
    endloop
  endfacet
  facet normal -0 0 1
    outer loop
      vertex 58.7716 -20.8519 3
      vertex 75 -43 3
      vertex 58.7716 20.8519 3
    endloop
  endfacet
  facet normal 0 0 1
    outer loop
      vertex 75 -43 3
      vertex 58.7716 -20.8519 3
      vertex 58.8408 -21.0357 3
    endloop
  endfacet
  facet normal -0 0 1
    outer loop
      vertex 58.6906 20.6731 3
      vertex 58.7716 -20.8519 3
      vertex 58.7716 20.8519 3
    endloop
  endfacet
  facet normal 0 0 1
    outer loop
      vertex 58.6906 20.6731 3
      vertex 58.6906 -20.6731 3
      vertex 58.7716 -20.8519 3
    endloop
  endfacet
  facet normal -0 0 1
    outer loop
      vertex 58.5981 20.5 3
      vertex 58.6906 -20.6731 3
      vertex 58.6906 20.6731 3
    endloop
  endfacet
  facet normal 0 0 1
    outer loop
      vertex 58.5981 20.5 3
      vertex 58.5981 -20.5 3
      vertex 58.6906 -20.6731 3
    endloop
  endfacet
  facet normal -0 0 1
    outer loop
      vertex 58.4944 20.3333 3
      vertex 58.5981 -20.5 3
      vertex 58.5981 20.5 3
    endloop
  endfacet
  facet normal 0 0 1
    outer loop
      vertex 58.4944 20.3333 3
      vertex 58.4944 -20.3333 3
      vertex 58.5981 -20.5 3
    endloop
  endfacet
  facet normal -0 0 1
    outer loop
      vertex 58.3801 20.1737 3
      vertex 58.4944 -20.3333 3
      vertex 58.4944 20.3333 3
    endloop
  endfacet
  facet normal 0 0 1
    outer loop
      vertex 58.3801 20.1737 3
      vertex 58.3801 -20.1737 3
      vertex 58.4944 -20.3333 3
    endloop
  endfacet
  facet normal -0 0 1
    outer loop
      vertex 58.2555 20.022 3
      vertex 58.3801 -20.1737 3
      vertex 58.3801 20.1737 3
    endloop
  endfacet
  facet normal 0 0 1
    outer loop
      vertex 58.2555 20.022 3
      vertex 58.2555 -20.022 3
      vertex 58.3801 -20.1737 3
    endloop
  endfacet
  facet normal -0 0 1
    outer loop
      vertex 58.1213 19.8787 3
      vertex 58.2555 -20.022 3
      vertex 58.2555 20.022 3
    endloop
  endfacet
  facet normal 0 0 1
    outer loop
      vertex 58.1213 19.8787 3
      vertex 58.1213 -19.8787 3
      vertex 58.2555 -20.022 3
    endloop
  endfacet
  facet normal -0 0 1
    outer loop
      vertex 57.978 19.7445 3
      vertex 58.1213 -19.8787 3
      vertex 58.1213 19.8787 3
    endloop
  endfacet
  facet normal 0 0 1
    outer loop
      vertex 57.978 19.7445 3
      vertex 57.978 -19.7445 3
      vertex 58.1213 -19.8787 3
    endloop
  endfacet
  facet normal 0 0 1
    outer loop
      vertex 49.3 0 3
      vertex 57.978 19.7445 3
      vertex 57.8263 19.6199 3
    endloop
  endfacet
  facet normal 0 0 1
    outer loop
      vertex 57.978 19.7445 3
      vertex 49.3 0 3
      vertex 57.978 -19.7445 3
    endloop
  endfacet
  facet normal 0 0 1
    outer loop
      vertex 49.2544 1.39309 3
      vertex 57.8263 19.6199 3
      vertex 57.6667 19.5056 3
    endloop
  endfacet
  facet normal 0 0 1
    outer loop
      vertex 57.978 -19.7445 3
      vertex 49.3 0 3
      vertex 57.8263 -19.6199 3
    endloop
  endfacet
  facet normal 0 0 1
    outer loop
      vertex 49.1178 2.78021 3
      vertex 57.6667 19.5056 3
      vertex 57.5 19.4019 3
    endloop
  endfacet
  facet normal -0 0 1
    outer loop
      vertex 49.2544 -1.39309 3
      vertex 57.8263 -19.6199 3
      vertex 49.3 0 3
    endloop
  endfacet
  facet normal 0 0 1
    outer loop
      vertex 49.1178 2.78021 3
      vertex 57.5 19.4019 3
      vertex 57.3269 19.3094 3
    endloop
  endfacet
  facet normal 0 0 1
    outer loop
      vertex 57.8263 -19.6199 3
      vertex 49.2544 -1.39309 3
      vertex 57.6667 -19.5056 3
    endloop
  endfacet
  facet normal 0 0 1
    outer loop
      vertex 48.8907 4.15542 3
      vertex 57.3269 19.3094 3
      vertex 57.148 19.2284 3
    endloop
  endfacet
  facet normal -0 0 1
    outer loop
      vertex 49.1178 -2.78021 3
      vertex 57.6667 -19.5056 3
      vertex 49.2544 -1.39309 3
    endloop
  endfacet
  facet normal 0 0 1
    outer loop
      vertex 48.8907 4.15542 3
      vertex 57.148 19.2284 3
      vertex 56.9643 19.1592 3
    endloop
  endfacet
  facet normal 0 0 1
    outer loop
      vertex 57.6667 -19.5056 3
      vertex 49.1178 -2.78021 3
      vertex 57.5 -19.4019 3
    endloop
  endfacet
  facet normal 0 0 1
    outer loop
      vertex 48.5742 5.51285 3
      vertex 56.9643 19.1592 3
      vertex 56.7765 19.1022 3
    endloop
  endfacet
  facet normal 0 0 1
    outer loop
      vertex 57.5 -19.4019 3
      vertex 49.1178 -2.78021 3
      vertex 57.3269 -19.3094 3
    endloop
  endfacet
  facet normal 0 0 1
    outer loop
      vertex 48.5742 5.51285 3
      vertex 56.7765 19.1022 3
      vertex 56.5853 19.0576 3
    endloop
  endfacet
  facet normal -0 0 1
    outer loop
      vertex 48.8907 -4.15542 3
      vertex 57.3269 -19.3094 3
      vertex 49.1178 -2.78021 3
    endloop
  endfacet
  facet normal 0 0 1
    outer loop
      vertex 48.5742 5.51285 3
      vertex 56.5853 19.0576 3
      vertex 56.3916 19.0257 3
    endloop
  endfacet
  facet normal 0 0 1
    outer loop
      vertex 57.3269 -19.3094 3
      vertex 48.8907 -4.15542 3
      vertex 57.148 -19.2284 3
    endloop
  endfacet
  facet normal 0 0 1
    outer loop
      vertex 48.1696 6.84666 3
      vertex 56.3916 19.0257 3
      vertex 56.1962 19.0064 3
    endloop
  endfacet
  facet normal 0 0 1
    outer loop
      vertex 57.148 -19.2284 3
      vertex 48.8907 -4.15542 3
      vertex 56.9643 -19.1592 3
    endloop
  endfacet
  facet normal 0 0 1
    outer loop
      vertex 48.1696 6.84666 3
      vertex 56.1962 19.0064 3
      vertex 56 19 3
    endloop
  endfacet
  facet normal -0 0 1
    outer loop
      vertex 48.5742 -5.51285 3
      vertex 56.9643 -19.1592 3
      vertex 48.8907 -4.15542 3
    endloop
  endfacet
  facet normal 0 0 1
    outer loop
      vertex 47.6786 8.15116 3
      vertex 56 19 3
      vertex 55.8038 19.0064 3
    endloop
  endfacet
  facet normal 0 0 1
    outer loop
      vertex 56.9643 -19.1592 3
      vertex 48.5742 -5.51285 3
      vertex 56.7765 -19.1022 3
    endloop
  endfacet
  facet normal 0 0 1
    outer loop
      vertex 47.6786 8.15116 3
      vertex 55.8038 19.0064 3
      vertex 55.6084 19.0257 3
    endloop
  endfacet
  facet normal 0 0 1
    outer loop
      vertex 56.7765 -19.1022 3
      vertex 48.5742 -5.51285 3
      vertex 56.5853 -19.0576 3
    endloop
  endfacet
  facet normal 0 0 1
    outer loop
      vertex 47.6786 8.15116 3
      vertex 55.6084 19.0257 3
      vertex 55.4147 19.0576 3
    endloop
  endfacet
  facet normal 0 0 1
    outer loop
      vertex 56.5853 -19.0576 3
      vertex 48.5742 -5.51285 3
      vertex 56.3916 -19.0257 3
    endloop
  endfacet
  facet normal 0 0 1
    outer loop
      vertex 47.1034 9.42075 3
      vertex 55.4147 19.0576 3
      vertex 55.2235 19.1022 3
    endloop
  endfacet
  facet normal -0 0 1
    outer loop
      vertex 48.1696 -6.84666 3
      vertex 56.3916 -19.0257 3
      vertex 48.5742 -5.51285 3
    endloop
  endfacet
  facet normal 0 0 1
    outer loop
      vertex 47.1034 9.42075 3
      vertex 55.2235 19.1022 3
      vertex 55.0357 19.1592 3
    endloop
  endfacet
  facet normal 0 0 1
    outer loop
      vertex 56.3916 -19.0257 3
      vertex 48.1696 -6.84666 3
      vertex 56.1962 -19.0064 3
    endloop
  endfacet
  facet normal 0 0 1
    outer loop
      vertex 47.1034 9.42075 3
      vertex 55.0357 19.1592 3
      vertex 54.852 19.2284 3
    endloop
  endfacet
  facet normal 0 0 1
    outer loop
      vertex 56.1962 -19.0064 3
      vertex 48.1696 -6.84666 3
      vertex 56 -19 3
    endloop
  endfacet
  facet normal 0 0 1
    outer loop
      vertex 46.4463 10.65 3
      vertex 54.852 19.2284 3
      vertex 54.6731 19.3094 3
    endloop
  endfacet
  facet normal -0 0 1
    outer loop
      vertex 47.6786 -8.15116 3
      vertex 56 -19 3
      vertex 48.1696 -6.84666 3
    endloop
  endfacet
  facet normal 0 0 1
    outer loop
      vertex 46.4463 10.65 3
      vertex 54.6731 19.3094 3
      vertex 54.5 19.4019 3
    endloop
  endfacet
  facet normal 0 0 1
    outer loop
      vertex 56 -19 3
      vertex 47.6786 -8.15116 3
      vertex 55.8038 -19.0064 3
    endloop
  endfacet
  facet normal 0 0 1
    outer loop
      vertex 46.4463 10.65 3
      vertex 54.5 19.4019 3
      vertex 54.3333 19.5056 3
    endloop
  endfacet
  facet normal 0 0 1
    outer loop
      vertex 55.8038 -19.0064 3
      vertex 47.6786 -8.15116 3
      vertex 55.6084 -19.0257 3
    endloop
  endfacet
  facet normal 0 0 1
    outer loop
      vertex 45.7103 11.8336 3
      vertex 54.3333 19.5056 3
      vertex 54.1737 19.6199 3
    endloop
  endfacet
  facet normal 0 0 1
    outer loop
      vertex 55.6084 -19.0257 3
      vertex 47.6786 -8.15116 3
      vertex 55.4147 -19.0576 3
    endloop
  endfacet
  facet normal 0 0 1
    outer loop
      vertex 45.7103 11.8336 3
      vertex 54.1737 19.6199 3
      vertex 54.022 19.7445 3
    endloop
  endfacet
  facet normal -0 0 1
    outer loop
      vertex 47.1034 -9.42075 3
      vertex 55.4147 -19.0576 3
      vertex 47.6786 -8.15116 3
    endloop
  endfacet
  facet normal 0 0 1
    outer loop
      vertex 45.7103 11.8336 3
      vertex 54.022 19.7445 3
      vertex 53.8787 19.8787 3
    endloop
  endfacet
  facet normal 0 0 1
    outer loop
      vertex 55.4147 -19.0576 3
      vertex 47.1034 -9.42075 3
      vertex 55.2235 -19.1022 3
    endloop
  endfacet
  facet normal 0 0 1
    outer loop
      vertex 44.8984 12.9666 3
      vertex 53.8787 19.8787 3
      vertex 53.7445 20.022 3
    endloop
  endfacet
  facet normal 0 0 1
    outer loop
      vertex 55.2235 -19.1022 3
      vertex 47.1034 -9.42075 3
      vertex 55.0357 -19.1592 3
    endloop
  endfacet
  facet normal 0 0 1
    outer loop
      vertex 44.8984 12.9666 3
      vertex 53.7445 20.022 3
      vertex 53.6199 20.1737 3
    endloop
  endfacet
  facet normal 0 0 1
    outer loop
      vertex 55.0357 -19.1592 3
      vertex 47.1034 -9.42075 3
      vertex 54.852 -19.2284 3
    endloop
  endfacet
  facet normal 0 0 1
    outer loop
      vertex 44.8984 12.9666 3
      vertex 53.6199 20.1737 3
      vertex 53.5056 20.3333 3
    endloop
  endfacet
  facet normal -0 0 1
    outer loop
      vertex 46.4463 -10.65 3
      vertex 54.852 -19.2284 3
      vertex 47.1034 -9.42075 3
    endloop
  endfacet
  facet normal 0 0 1
    outer loop
      vertex 44.0142 14.0441 3
      vertex 53.5056 20.3333 3
      vertex 53.4019 20.5 3
    endloop
  endfacet
  facet normal 0 0 1
    outer loop
      vertex 54.852 -19.2284 3
      vertex 46.4463 -10.65 3
      vertex 54.6731 -19.3094 3
    endloop
  endfacet
  facet normal 0 0 1
    outer loop
      vertex 44.0142 14.0441 3
      vertex 53.4019 20.5 3
      vertex 53.3094 20.6731 3
    endloop
  endfacet
  facet normal 0 0 1
    outer loop
      vertex 54.6731 -19.3094 3
      vertex 46.4463 -10.65 3
      vertex 54.5 -19.4019 3
    endloop
  endfacet
  facet normal 0 0 1
    outer loop
      vertex 44.0142 14.0441 3
      vertex 53.3094 20.6731 3
      vertex 53.2284 20.8519 3
    endloop
  endfacet
  facet normal 0 0 1
    outer loop
      vertex 54.5 -19.4019 3
      vertex 46.4463 -10.65 3
      vertex 54.3333 -19.5056 3
    endloop
  endfacet
  facet normal 0 0 1
    outer loop
      vertex 43.0614 15.0614 3
      vertex 53.2284 20.8519 3
      vertex 53.1592 21.0357 3
    endloop
  endfacet
  facet normal -0 0 1
    outer loop
      vertex 45.7103 -11.8336 3
      vertex 54.3333 -19.5056 3
      vertex 46.4463 -10.65 3
    endloop
  endfacet
  facet normal 0 0 1
    outer loop
      vertex 43.0614 15.0614 3
      vertex 53.1592 21.0357 3
      vertex 53.1022 21.2235 3
    endloop
  endfacet
  facet normal 0 0 1
    outer loop
      vertex 54.3333 -19.5056 3
      vertex 45.7103 -11.8336 3
      vertex 54.1737 -19.6199 3
    endloop
  endfacet
  facet normal 0 0 1
    outer loop
      vertex 43.0614 15.0614 3
      vertex 53.1022 21.2235 3
      vertex 53.0576 21.4147 3
    endloop
  endfacet
  facet normal 0 0 1
    outer loop
      vertex 54.1737 -19.6199 3
      vertex 45.7103 -11.8336 3
      vertex 54.022 -19.7445 3
    endloop
  endfacet
  facet normal 0 0 1
    outer loop
      vertex 42.0441 16.0142 3
      vertex 53.0576 21.4147 3
      vertex 53.0257 21.6084 3
    endloop
  endfacet
  facet normal 0 0 1
    outer loop
      vertex 54.022 -19.7445 3
      vertex 45.7103 -11.8336 3
      vertex 53.8787 -19.8787 3
    endloop
  endfacet
  facet normal 0 0 1
    outer loop
      vertex 42.0441 16.0142 3
      vertex 53.0257 21.6084 3
      vertex 53.0064 21.8038 3
    endloop
  endfacet
  facet normal -0 0 1
    outer loop
      vertex 44.8984 -12.9666 3
      vertex 53.8787 -19.8787 3
      vertex 45.7103 -11.8336 3
    endloop
  endfacet
  facet normal 0 0 1
    outer loop
      vertex 42.0441 16.0142 3
      vertex 53.0064 21.8038 3
      vertex 53 22 3
    endloop
  endfacet
  facet normal 0 0 1
    outer loop
      vertex 53.8787 -19.8787 3
      vertex 44.8984 -12.9666 3
      vertex 53.7445 -20.022 3
    endloop
  endfacet
  facet normal -0 0 1
    outer loop
      vertex 56.9643 -24.8408 3
      vertex 64.3494 -43.4294 3
      vertex 57.148 -24.7716 3
    endloop
  endfacet
  facet normal 0 0 1
    outer loop
      vertex 64.3494 -43.4294 3
      vertex 56.9643 -24.8408 3
      vertex 64.2481 -43.4753 3
    endloop
  endfacet
  facet normal -0 0 1
    outer loop
      vertex 56.7765 -24.8978 3
      vertex 64.2481 -43.4753 3
      vertex 56.9643 -24.8408 3
    endloop
  endfacet
  facet normal 0 0 1
    outer loop
      vertex 64.2481 -43.4753 3
      vertex 56.7765 -24.8978 3
      vertex 64.15 -43.5278 3
    endloop
  endfacet
  facet normal -0 0 1
    outer loop
      vertex 56.5853 -24.9424 3
      vertex 64.15 -43.5278 3
      vertex 56.7765 -24.8978 3
    endloop
  endfacet
  facet normal 0 0 1
    outer loop
      vertex 64.15 -43.5278 3
      vertex 56.5853 -24.9424 3
      vertex 64.0555 -43.5865 3
    endloop
  endfacet
  facet normal -0 0 1
    outer loop
      vertex 56.3916 -24.9743 3
      vertex 64.0555 -43.5865 3
      vertex 56.5853 -24.9424 3
    endloop
  endfacet
  facet normal 0 0 1
    outer loop
      vertex 64.0555 -43.5865 3
      vertex 56.3916 -24.9743 3
      vertex 63.9651 -43.6513 3
    endloop
  endfacet
  facet normal -0 0 1
    outer loop
      vertex 56.1962 -24.9936 3
      vertex 63.9651 -43.6513 3
      vertex 56.3916 -24.9743 3
    endloop
  endfacet
  facet normal 0 0 1
    outer loop
      vertex 63.9651 -43.6513 3
      vertex 56.1962 -24.9936 3
      vertex 63.8791 -43.7219 3
    endloop
  endfacet
  facet normal 0 0 1
    outer loop
      vertex 63.8791 -43.7219 3
      vertex 56.1962 -24.9936 3
      vertex 63.7979 -43.7979 3
    endloop
  endfacet
  facet normal -0 0 1
    outer loop
      vertex 56 -25 3
      vertex 63.7979 -43.7979 3
      vertex 56.1962 -24.9936 3
    endloop
  endfacet
  facet normal 0 0 1
    outer loop
      vertex 63.7979 -43.7979 3
      vertex 56 -25 3
      vertex 63.7219 -43.8791 3
    endloop
  endfacet
  facet normal 0 0 1
    outer loop
      vertex 55.8038 -24.9936 3
      vertex 63.7219 -43.8791 3
      vertex 56 -25 3
    endloop
  endfacet
  facet normal 0 0 1
    outer loop
      vertex 63.7219 -43.8791 3
      vertex 55.8038 -24.9936 3
      vertex 63.6513 -43.9651 3
    endloop
  endfacet
  facet normal 0 0 1
    outer loop
      vertex 55.6084 -24.9743 3
      vertex 63.6513 -43.9651 3
      vertex 55.8038 -24.9936 3
    endloop
  endfacet
  facet normal 0 0 1
    outer loop
      vertex 63.6513 -43.9651 3
      vertex 55.6084 -24.9743 3
      vertex 63.5865 -44.0555 3
    endloop
  endfacet
  facet normal 0 0 1
    outer loop
      vertex 55.4147 -24.9424 3
      vertex 63.5865 -44.0555 3
      vertex 55.6084 -24.9743 3
    endloop
  endfacet
  facet normal 0 0 1
    outer loop
      vertex 63.5865 -44.0555 3
      vertex 55.4147 -24.9424 3
      vertex 63.5278 -44.15 3
    endloop
  endfacet
  facet normal 0 0 1
    outer loop
      vertex 55.2235 -24.8978 3
      vertex 63.5278 -44.15 3
      vertex 55.4147 -24.9424 3
    endloop
  endfacet
  facet normal 0 0 1
    outer loop
      vertex 63.5278 -44.15 3
      vertex 55.2235 -24.8978 3
      vertex 63.4753 -44.2481 3
    endloop
  endfacet
  facet normal 0 0 1
    outer loop
      vertex 55.0357 -24.8408 3
      vertex 63.4753 -44.2481 3
      vertex 55.2235 -24.8978 3
    endloop
  endfacet
  facet normal 0 0 1
    outer loop
      vertex 63.4753 -44.2481 3
      vertex 55.0357 -24.8408 3
      vertex 63.4294 -44.3494 3
    endloop
  endfacet
  facet normal 0 0 1
    outer loop
      vertex 54.852 -24.7716 3
      vertex 63.4294 -44.3494 3
      vertex 55.0357 -24.8408 3
    endloop
  endfacet
  facet normal 0 0 1
    outer loop
      vertex 63.4294 -44.3494 3
      vertex 54.852 -24.7716 3
      vertex 63.3902 -44.4536 3
    endloop
  endfacet
  facet normal 0 0 1
    outer loop
      vertex 54.6731 -24.6906 3
      vertex 63.3902 -44.4536 3
      vertex 54.852 -24.7716 3
    endloop
  endfacet
  facet normal 0 0 1
    outer loop
      vertex 63.3902 -44.4536 3
      vertex 54.6731 -24.6906 3
      vertex 63.3579 -44.56 3
    endloop
  endfacet
  facet normal 0 0 1
    outer loop
      vertex 54.5 -24.5981 3
      vertex 63.3579 -44.56 3
      vertex 54.6731 -24.6906 3
    endloop
  endfacet
  facet normal 0 0 1
    outer loop
      vertex 63.3579 -44.56 3
      vertex 54.5 -24.5981 3
      vertex 63.3327 -44.6683 3
    endloop
  endfacet
  facet normal 0 0 1
    outer loop
      vertex 54.3333 -24.4944 3
      vertex 63.3327 -44.6683 3
      vertex 54.5 -24.5981 3
    endloop
  endfacet
  facet normal 0 0 1
    outer loop
      vertex 63.3327 -44.6683 3
      vertex 54.3333 -24.4944 3
      vertex 63.3145 -44.7781 3
    endloop
  endfacet
  facet normal 0 0 1
    outer loop
      vertex 54.1737 -24.3801 3
      vertex 63.3145 -44.7781 3
      vertex 54.3333 -24.4944 3
    endloop
  endfacet
  facet normal 0 0 1
    outer loop
      vertex 63.3145 -44.7781 3
      vertex 54.1737 -24.3801 3
      vertex 63.3036 -44.8888 3
    endloop
  endfacet
  facet normal 0 0 1
    outer loop
      vertex 33.5128 -20.5742 3
      vertex 63.3036 -44.8888 3
      vertex 54.1737 -24.3801 3
    endloop
  endfacet
  facet normal 0 0 1
    outer loop
      vertex 63.3036 -44.8888 3
      vertex 33.5128 -20.5742 3
      vertex 63.3 -45 3
    endloop
  endfacet
  facet normal 0 0 1
    outer loop
      vertex 33.5128 -20.5742 3
      vertex 54.1737 -24.3801 3
      vertex 54.022 -24.2555 3
    endloop
  endfacet
  facet normal 0 0 1
    outer loop
      vertex 34.8467 -20.1696 3
      vertex 54.022 -24.2555 3
      vertex 53.8787 -24.1213 3
    endloop
  endfacet
  facet normal 0 0 1
    outer loop
      vertex 36.1512 -19.6786 3
      vertex 53.8787 -24.1213 3
      vertex 53.7445 -23.978 3
    endloop
  endfacet
  facet normal 0 0 1
    outer loop
      vertex 36.1512 -19.6786 3
      vertex 53.7445 -23.978 3
      vertex 53.6199 -23.8263 3
    endloop
  endfacet
  facet normal 0 0 1
    outer loop
      vertex 37.4207 -19.1034 3
      vertex 53.6199 -23.8263 3
      vertex 53.5056 -23.6667 3
    endloop
  endfacet
  facet normal 0 0 1
    outer loop
      vertex 37.4207 -19.1034 3
      vertex 53.5056 -23.6667 3
      vertex 53.4019 -23.5 3
    endloop
  endfacet
  facet normal 0 0 1
    outer loop
      vertex 37.4207 -19.1034 3
      vertex 53.4019 -23.5 3
      vertex 53.3094 -23.3269 3
    endloop
  endfacet
  facet normal 0 0 1
    outer loop
      vertex 38.65 -18.4463 3
      vertex 53.3094 -23.3269 3
      vertex 53.2284 -23.148 3
    endloop
  endfacet
  facet normal 0 0 1
    outer loop
      vertex 38.65 -18.4463 3
      vertex 53.2284 -23.148 3
      vertex 53.1592 -22.9643 3
    endloop
  endfacet
  facet normal 0 0 1
    outer loop
      vertex 53.6199 -20.1737 3
      vertex 44.8984 -12.9666 3
      vertex 53.5056 -20.3333 3
    endloop
  endfacet
  facet normal -0 0 1
    outer loop
      vertex 44.0142 -14.0441 3
      vertex 53.5056 -20.3333 3
      vertex 44.8984 -12.9666 3
    endloop
  endfacet
  facet normal 0 0 1
    outer loop
      vertex 53.5056 -20.3333 3
      vertex 44.0142 -14.0441 3
      vertex 53.4019 -20.5 3
    endloop
  endfacet
  facet normal 0 0 1
    outer loop
      vertex 53.4019 -20.5 3
      vertex 44.0142 -14.0441 3
      vertex 53.3094 -20.6731 3
    endloop
  endfacet
  facet normal 0 0 1
    outer loop
      vertex 53.3094 -20.6731 3
      vertex 44.0142 -14.0441 3
      vertex 53.2284 -20.8519 3
    endloop
  endfacet
  facet normal -0 0 1
    outer loop
      vertex 43.0614 -15.0614 3
      vertex 53.2284 -20.8519 3
      vertex 44.0142 -14.0441 3
    endloop
  endfacet
  facet normal 0 0 1
    outer loop
      vertex 53.2284 -20.8519 3
      vertex 43.0614 -15.0614 3
      vertex 53.1592 -21.0357 3
    endloop
  endfacet
  facet normal 0 0 1
    outer loop
      vertex 53.1592 -21.0357 3
      vertex 43.0614 -15.0614 3
      vertex 53.1022 -21.2235 3
    endloop
  endfacet
  facet normal 0 0 1
    outer loop
      vertex 53.1022 -21.2235 3
      vertex 43.0614 -15.0614 3
      vertex 53.0576 -21.4147 3
    endloop
  endfacet
  facet normal -0 0 1
    outer loop
      vertex 42.0441 -16.0142 3
      vertex 53.0576 -21.4147 3
      vertex 43.0614 -15.0614 3
    endloop
  endfacet
  facet normal 0 0 1
    outer loop
      vertex 53.0576 -21.4147 3
      vertex 42.0441 -16.0142 3
      vertex 53.0257 -21.6084 3
    endloop
  endfacet
  facet normal 0 0 1
    outer loop
      vertex 53.0257 -21.6084 3
      vertex 42.0441 -16.0142 3
      vertex 53.0064 -21.8038 3
    endloop
  endfacet
  facet normal 0 0 1
    outer loop
      vertex 53.0064 -21.8038 3
      vertex 42.0441 -16.0142 3
      vertex 53 -22 3
    endloop
  endfacet
  facet normal -0 0 1
    outer loop
      vertex 40.9666 -16.8984 3
      vertex 53 -22 3
      vertex 42.0441 -16.0142 3
    endloop
  endfacet
  facet normal 0 0 1
    outer loop
      vertex 53 -22 3
      vertex 40.9666 -16.8984 3
      vertex 53.0064 -22.1962 3
    endloop
  endfacet
  facet normal 0 0 1
    outer loop
      vertex 53.0064 -22.1962 3
      vertex 40.9666 -16.8984 3
      vertex 53.0257 -22.3916 3
    endloop
  endfacet
  facet normal 0 0 1
    outer loop
      vertex 53.0257 -22.3916 3
      vertex 40.9666 -16.8984 3
      vertex 53.0576 -22.5853 3
    endloop
  endfacet
  facet normal -0 0 1
    outer loop
      vertex 39.8336 -17.7103 3
      vertex 53.0576 -22.5853 3
      vertex 40.9666 -16.8984 3
    endloop
  endfacet
  facet normal 0 0 1
    outer loop
      vertex 53.0576 -22.5853 3
      vertex 39.8336 -17.7103 3
      vertex 53.1022 -22.7765 3
    endloop
  endfacet
  facet normal 0 0 1
    outer loop
      vertex 53.1022 -22.7765 3
      vertex 39.8336 -17.7103 3
      vertex 53.1592 -22.9643 3
    endloop
  endfacet
  facet normal -0 0 1
    outer loop
      vertex 38.65 -18.4463 3
      vertex 53.1592 -22.9643 3
      vertex 39.8336 -17.7103 3
    endloop
  endfacet
  facet normal 0 0 1
    outer loop
      vertex 53.3094 -23.3269 3
      vertex 38.65 -18.4463 3
      vertex 37.4207 -19.1034 3
    endloop
  endfacet
  facet normal 0 0 1
    outer loop
      vertex 53.6199 -23.8263 3
      vertex 37.4207 -19.1034 3
      vertex 36.1512 -19.6786 3
    endloop
  endfacet
  facet normal 0 0 1
    outer loop
      vertex 53.8787 -24.1213 3
      vertex 36.1512 -19.6786 3
      vertex 34.8467 -20.1696 3
    endloop
  endfacet
  facet normal 0 0 1
    outer loop
      vertex 54.022 -24.2555 3
      vertex 34.8467 -20.1696 3
      vertex 33.5128 -20.5742 3
    endloop
  endfacet
  facet normal -0 0 1
    outer loop
      vertex 32.1554 -20.8907 3
      vertex 63.3 -45 3
      vertex 33.5128 -20.5742 3
    endloop
  endfacet
  facet normal -0 0 1
    outer loop
      vertex 30.7802 -21.1178 3
      vertex 63.3 -45 3
      vertex 32.1554 -20.8907 3
    endloop
  endfacet
  facet normal 0 0 1
    outer loop
      vertex 63.3 -45 3
      vertex 30.7802 -21.1178 3
      vertex 63 -55 3
    endloop
  endfacet
  facet normal -0 0 1
    outer loop
      vertex 29.3931 -21.2544 3
      vertex 63 -55 3
      vertex 30.7802 -21.1178 3
    endloop
  endfacet
  facet normal -0 0 1
    outer loop
      vertex 28 -21.3 3
      vertex 63 -55 3
      vertex 29.3931 -21.2544 3
    endloop
  endfacet
  facet normal 0 0 1
    outer loop
      vertex 26.6069 -21.2544 3
      vertex 63 -55 3
      vertex 28 -21.3 3
    endloop
  endfacet
  facet normal 0 0 1
    outer loop
      vertex 25.2198 -21.1178 3
      vertex 63 -55 3
      vertex 26.6069 -21.2544 3
    endloop
  endfacet
  facet normal 0 0 1
    outer loop
      vertex 1.32687 -24.6906 3
      vertex 25.2198 -21.1178 3
      vertex 23.8446 -20.8907 3
    endloop
  endfacet
  facet normal 0 0 1
    outer loop
      vertex 1.66671 -24.4944 3
      vertex 23.8446 -20.8907 3
      vertex 22.4872 -20.5742 3
    endloop
  endfacet
  facet normal 0 0 1
    outer loop
      vertex 1.82628 -24.3801 3
      vertex 22.4872 -20.5742 3
      vertex 21.1533 -20.1696 3
    endloop
  endfacet
  facet normal 0 0 1
    outer loop
      vertex 2.12132 -24.1213 3
      vertex 21.1533 -20.1696 3
      vertex 19.8488 -19.6786 3
    endloop
  endfacet
  facet normal 0 0 1
    outer loop
      vertex 2.38006 -23.8263 3
      vertex 19.8488 -19.6786 3
      vertex 18.5793 -19.1034 3
    endloop
  endfacet
  facet normal 0 0 1
    outer loop
      vertex 2.59808 -23.5 3
      vertex 18.5793 -19.1034 3
      vertex 17.35 -18.4463 3
    endloop
  endfacet
  facet normal 0 0 1
    outer loop
      vertex 2.84079 -22.9643 3
      vertex 17.35 -18.4463 3
      vertex 16.1664 -17.7103 3
    endloop
  endfacet
  facet normal 0 0 1
    outer loop
      vertex 2.94236 -22.5853 3
      vertex 16.1664 -17.7103 3
      vertex 15.0334 -16.8984 3
    endloop
  endfacet
  facet normal -0 0 1
    outer loop
      vertex 2.25552 20.022 3
      vertex 11.1016 12.9666 3
      vertex 2.38006 20.1737 3
    endloop
  endfacet
  facet normal 0 0 1
    outer loop
      vertex 6.7 0 3
      vertex 3 -22 3
      vertex 6.7456 -1.39309 3
    endloop
  endfacet
  facet normal 0 0 1
    outer loop
      vertex 6.7456 -1.39309 3
      vertex 3 -22 3
      vertex 6.88222 -2.78021 3
    endloop
  endfacet
  facet normal 0 0 1
    outer loop
      vertex 3 -22 3
      vertex 7.10927 -4.15542 3
      vertex 6.88222 -2.78021 3
    endloop
  endfacet
  facet normal 0 0 1
    outer loop
      vertex 3 -22 3
      vertex 7.42578 -5.51285 3
      vertex 7.10927 -4.15542 3
    endloop
  endfacet
  facet normal 0 0 1
    outer loop
      vertex 3 -22 3
      vertex 7.83039 -6.84666 3
      vertex 7.42578 -5.51285 3
    endloop
  endfacet
  facet normal 0 0 1
    outer loop
      vertex 3 -22 3
      vertex 8.32137 -8.15116 3
      vertex 7.83039 -6.84666 3
    endloop
  endfacet
  facet normal 0 0 1
    outer loop
      vertex 3 -22 3
      vertex 8.89661 -9.42075 3
      vertex 8.32137 -8.15116 3
    endloop
  endfacet
  facet normal 0 0 1
    outer loop
      vertex 3 -22 3
      vertex 9.55366 -10.65 3
      vertex 8.89661 -9.42075 3
    endloop
  endfacet
  facet normal 0 0 1
    outer loop
      vertex 3 -22 3
      vertex 10.2897 -11.8336 3
      vertex 9.55366 -10.65 3
    endloop
  endfacet
  facet normal 0 0 1
    outer loop
      vertex 3 -22 3
      vertex 11.1016 -12.9666 3
      vertex 10.2897 -11.8336 3
    endloop
  endfacet
  facet normal 0 0 1
    outer loop
      vertex 3 -22 3
      vertex 11.9858 -14.0441 3
      vertex 11.1016 -12.9666 3
    endloop
  endfacet
  facet normal 0 0 1
    outer loop
      vertex 3 -22 3
      vertex 12.9386 -15.0614 3
      vertex 11.9858 -14.0441 3
    endloop
  endfacet
  facet normal 0 0 1
    outer loop
      vertex 3 -22 3
      vertex 13.9559 -16.0142 3
      vertex 12.9386 -15.0614 3
    endloop
  endfacet
  facet normal 0 0 1
    outer loop
      vertex 3 -22 3
      vertex 15.0334 -16.8984 3
      vertex 13.9559 -16.0142 3
    endloop
  endfacet
  facet normal 0 0 1
    outer loop
      vertex 2.99358 -22.1962 3
      vertex 15.0334 -16.8984 3
      vertex 3 -22 3
    endloop
  endfacet
  facet normal 0 0 1
    outer loop
      vertex 2.97433 -22.3916 3
      vertex 15.0334 -16.8984 3
      vertex 2.99358 -22.1962 3
    endloop
  endfacet
  facet normal 0 0 1
    outer loop
      vertex 2.94236 -22.5853 3
      vertex 15.0334 -16.8984 3
      vertex 2.97433 -22.3916 3
    endloop
  endfacet
  facet normal 0 0 1
    outer loop
      vertex 16.1664 -17.7103 3
      vertex 2.94236 -22.5853 3
      vertex 2.89778 -22.7765 3
    endloop
  endfacet
  facet normal 0 0 1
    outer loop
      vertex 16.1664 -17.7103 3
      vertex 2.89778 -22.7765 3
      vertex 2.84079 -22.9643 3
    endloop
  endfacet
  facet normal 0 0 1
    outer loop
      vertex 17.35 -18.4463 3
      vertex 2.84079 -22.9643 3
      vertex 2.77164 -23.148 3
    endloop
  endfacet
  facet normal 0 0 1
    outer loop
      vertex 17.35 -18.4463 3
      vertex 2.77164 -23.148 3
      vertex 2.69062 -23.3269 3
    endloop
  endfacet
  facet normal 0 0 1
    outer loop
      vertex 17.35 -18.4463 3
      vertex 2.69062 -23.3269 3
      vertex 2.59808 -23.5 3
    endloop
  endfacet
  facet normal 0 0 1
    outer loop
      vertex 18.5793 -19.1034 3
      vertex 2.59808 -23.5 3
      vertex 2.49441 -23.6667 3
    endloop
  endfacet
  facet normal 0 0 1
    outer loop
      vertex 18.5793 -19.1034 3
      vertex 2.49441 -23.6667 3
      vertex 2.38006 -23.8263 3
    endloop
  endfacet
  facet normal 0 0 1
    outer loop
      vertex 19.8488 -19.6786 3
      vertex 2.38006 -23.8263 3
      vertex 2.25552 -23.978 3
    endloop
  endfacet
  facet normal 0 0 1
    outer loop
      vertex 19.8488 -19.6786 3
      vertex 2.25552 -23.978 3
      vertex 2.12132 -24.1213 3
    endloop
  endfacet
  facet normal 0 0 1
    outer loop
      vertex 21.1533 -20.1696 3
      vertex 2.12132 -24.1213 3
      vertex 1.97804 -24.2555 3
    endloop
  endfacet
  facet normal 0 0 1
    outer loop
      vertex 21.1533 -20.1696 3
      vertex 1.97804 -24.2555 3
      vertex 1.82628 -24.3801 3
    endloop
  endfacet
  facet normal 0 0 1
    outer loop
      vertex 22.4872 -20.5742 3
      vertex 1.82628 -24.3801 3
      vertex 1.66671 -24.4944 3
    endloop
  endfacet
  facet normal 0 0 1
    outer loop
      vertex 23.8446 -20.8907 3
      vertex 1.66671 -24.4944 3
      vertex 1.5 -24.5981 3
    endloop
  endfacet
  facet normal 0 0 1
    outer loop
      vertex 23.8446 -20.8907 3
      vertex 1.5 -24.5981 3
      vertex 1.32687 -24.6906 3
    endloop
  endfacet
  facet normal 0 0 1
    outer loop
      vertex 25.2198 -21.1178 3
      vertex 1.32687 -24.6906 3
      vertex 63 -55 3
    endloop
  endfacet
  facet normal -0 0 1
    outer loop
      vertex 1.14805 -24.7716 3
      vertex 63 -55 3
      vertex 1.32687 -24.6906 3
    endloop
  endfacet
  facet normal -0 0 1
    outer loop
      vertex 0.964318 -24.8408 3
      vertex 63 -55 3
      vertex 1.14805 -24.7716 3
    endloop
  endfacet
  facet normal -0 0 1
    outer loop
      vertex 0.776457 -24.8978 3
      vertex 63 -55 3
      vertex 0.964318 -24.8408 3
    endloop
  endfacet
  facet normal -0 0 1
    outer loop
      vertex 0.585271 -24.9424 3
      vertex 63 -55 3
      vertex 0.776457 -24.8978 3
    endloop
  endfacet
  facet normal -0 0 1
    outer loop
      vertex 0.391578 -24.9743 3
      vertex 63 -55 3
      vertex 0.585271 -24.9424 3
    endloop
  endfacet
  facet normal -0 0 1
    outer loop
      vertex 0.196209 -24.9936 3
      vertex 63 -55 3
      vertex 0.391578 -24.9743 3
    endloop
  endfacet
  facet normal -0 0 1
    outer loop
      vertex 0 -25 3
      vertex 63 -55 3
      vertex 0.196209 -24.9936 3
    endloop
  endfacet
  facet normal 0 0 1
    outer loop
      vertex -63 -55 3
      vertex 0 -25 3
      vertex -0.196209 -24.9936 3
    endloop
  endfacet
  facet normal 0 0 1
    outer loop
      vertex -63 -55 3
      vertex -0.196209 -24.9936 3
      vertex -0.391578 -24.9743 3
    endloop
  endfacet
  facet normal 0 0 1
    outer loop
      vertex -63 -55 3
      vertex -0.391578 -24.9743 3
      vertex -0.585271 -24.9424 3
    endloop
  endfacet
  facet normal 0 0 1
    outer loop
      vertex -63 -55 3
      vertex -0.585271 -24.9424 3
      vertex -0.776457 -24.8978 3
    endloop
  endfacet
  facet normal 0 0 1
    outer loop
      vertex -63 -55 3
      vertex -0.776457 -24.8978 3
      vertex -0.964318 -24.8408 3
    endloop
  endfacet
  facet normal 0 0 1
    outer loop
      vertex -63 -55 3
      vertex -0.964318 -24.8408 3
      vertex -1.14805 -24.7716 3
    endloop
  endfacet
  facet normal 0 0 1
    outer loop
      vertex -63 -55 3
      vertex -1.14805 -24.7716 3
      vertex -1.32687 -24.6906 3
    endloop
  endfacet
  facet normal -0 0 1
    outer loop
      vertex -26.5455 -9.5 3
      vertex -2.69062 -20.6731 3
      vertex -25.9594 -8.40348 3
    endloop
  endfacet
  facet normal 0 0 1
    outer loop
      vertex -2.69062 -20.6731 3
      vertex -26.5455 -9.5 3
      vertex -2.77164 -20.8519 3
    endloop
  endfacet
  facet normal 0 0 1
    outer loop
      vertex -2.77164 -20.8519 3
      vertex -26.5455 -9.5 3
      vertex -2.84079 -21.0357 3
    endloop
  endfacet
  facet normal -0 0 1
    outer loop
      vertex -27.2021 -10.5558 3
      vertex -2.84079 -21.0357 3
      vertex -26.5455 -9.5 3
    endloop
  endfacet
  facet normal 0 0 1
    outer loop
      vertex -2.84079 -21.0357 3
      vertex -27.2021 -10.5558 3
      vertex -2.89778 -21.2235 3
    endloop
  endfacet
  facet normal 0 0 1
    outer loop
      vertex -2.89778 -21.2235 3
      vertex -27.2021 -10.5558 3
      vertex -2.94236 -21.4147 3
    endloop
  endfacet
  facet normal -0 0 1
    outer loop
      vertex -27.9263 -11.5665 3
      vertex -2.94236 -21.4147 3
      vertex -27.2021 -10.5558 3
    endloop
  endfacet
  facet normal 0 0 1
    outer loop
      vertex -2.94236 -21.4147 3
      vertex -27.9263 -11.5665 3
      vertex -2.97433 -21.6084 3
    endloop
  endfacet
  facet normal 0 0 1
    outer loop
      vertex -2.97433 -21.6084 3
      vertex -27.9263 -11.5665 3
      vertex -2.99358 -21.8038 3
    endloop
  endfacet
  facet normal -0 0 1
    outer loop
      vertex -28.715 -12.5276 3
      vertex -2.99358 -21.8038 3
      vertex -27.9263 -11.5665 3
    endloop
  endfacet
  facet normal 0 0 1
    outer loop
      vertex -2.99358 -21.8038 3
      vertex -28.715 -12.5276 3
      vertex -3 -22 3
    endloop
  endfacet
  facet normal 0 0 1
    outer loop
      vertex -3 -22 3
      vertex -28.715 -12.5276 3
      vertex -2.99358 -22.1962 3
    endloop
  endfacet
  facet normal -0 0 1
    outer loop
      vertex -29.565 -13.435 3
      vertex -2.99358 -22.1962 3
      vertex -28.715 -12.5276 3
    endloop
  endfacet
  facet normal 0 0 1
    outer loop
      vertex -2.99358 -22.1962 3
      vertex -29.565 -13.435 3
      vertex -2.97433 -22.3916 3
    endloop
  endfacet
  facet normal 0 0 1
    outer loop
      vertex -2.97433 -22.3916 3
      vertex -29.565 -13.435 3
      vertex -2.94236 -22.5853 3
    endloop
  endfacet
  facet normal -0 0 1
    outer loop
      vertex -30.4724 -14.285 3
      vertex -2.94236 -22.5853 3
      vertex -29.565 -13.435 3
    endloop
  endfacet
  facet normal 0 0 1
    outer loop
      vertex -2.94236 -22.5853 3
      vertex -30.4724 -14.285 3
      vertex -2.89778 -22.7765 3
    endloop
  endfacet
  facet normal 0 0 1
    outer loop
      vertex -2.89778 -22.7765 3
      vertex -30.4724 -14.285 3
      vertex -2.84079 -22.9643 3
    endloop
  endfacet
  facet normal -0 0 1
    outer loop
      vertex -31.4335 -15.0737 3
      vertex -2.84079 -22.9643 3
      vertex -30.4724 -14.285 3
    endloop
  endfacet
  facet normal 0 0 1
    outer loop
      vertex -2.84079 -22.9643 3
      vertex -31.4335 -15.0737 3
      vertex -2.77164 -23.148 3
    endloop
  endfacet
  facet normal 0 0 1
    outer loop
      vertex -2.77164 -23.148 3
      vertex -31.4335 -15.0737 3
      vertex -2.69062 -23.3269 3
    endloop
  endfacet
  facet normal -0 0 1
    outer loop
      vertex -32.4442 -15.7979 3
      vertex -2.69062 -23.3269 3
      vertex -31.4335 -15.0737 3
    endloop
  endfacet
  facet normal 0 0 1
    outer loop
      vertex -2.69062 -23.3269 3
      vertex -32.4442 -15.7979 3
      vertex -2.59808 -23.5 3
    endloop
  endfacet
  facet normal -0 0 1
    outer loop
      vertex -33.5 -16.4545 3
      vertex -2.59808 -23.5 3
      vertex -32.4442 -15.7979 3
    endloop
  endfacet
  facet normal 0 0 1
    outer loop
      vertex -2.59808 -23.5 3
      vertex -33.5 -16.4545 3
      vertex -2.49441 -23.6667 3
    endloop
  endfacet
  facet normal 0 0 1
    outer loop
      vertex -2.49441 -23.6667 3
      vertex -33.5 -16.4545 3
      vertex -2.38006 -23.8263 3
    endloop
  endfacet
  facet normal -0 0 1
    outer loop
      vertex -34.5965 -17.0406 3
      vertex -2.38006 -23.8263 3
      vertex -33.5 -16.4545 3
    endloop
  endfacet
  facet normal 0 0 1
    outer loop
      vertex -2.38006 -23.8263 3
      vertex -34.5965 -17.0406 3
      vertex -2.25552 -23.978 3
    endloop
  endfacet
  facet normal -0 0 1
    outer loop
      vertex -35.729 -17.5537 3
      vertex -2.25552 -23.978 3
      vertex -34.5965 -17.0406 3
    endloop
  endfacet
  facet normal 0 0 1
    outer loop
      vertex -2.25552 -23.978 3
      vertex -35.729 -17.5537 3
      vertex -2.12132 -24.1213 3
    endloop
  endfacet
  facet normal 0 0 1
    outer loop
      vertex -2.12132 -24.1213 3
      vertex -35.729 -17.5537 3
      vertex -1.97804 -24.2555 3
    endloop
  endfacet
  facet normal -0 0 1
    outer loop
      vertex -36.8927 -17.9917 3
      vertex -1.97804 -24.2555 3
      vertex -35.729 -17.5537 3
    endloop
  endfacet
  facet normal 0 0 1
    outer loop
      vertex -1.97804 -24.2555 3
      vertex -36.8927 -17.9917 3
      vertex -1.82628 -24.3801 3
    endloop
  endfacet
  facet normal 0 0 1
    outer loop
      vertex -63 -55 3
      vertex -1.82628 -24.3801 3
      vertex -36.8927 -17.9917 3
    endloop
  endfacet
  facet normal 0 0 1
    outer loop
      vertex -1.82628 -24.3801 3
      vertex -63 -55 3
      vertex -1.66671 -24.4944 3
    endloop
  endfacet
  facet normal 0 0 1
    outer loop
      vertex -1.66671 -24.4944 3
      vertex -63 -55 3
      vertex -1.5 -24.5981 3
    endloop
  endfacet
  facet normal 0 0 1
    outer loop
      vertex -1.5 -24.5981 3
      vertex -63 -55 3
      vertex -1.32687 -24.6906 3
    endloop
  endfacet
  facet normal 0 0 1
    outer loop
      vertex -63 -55 3
      vertex -36.8927 -17.9917 3
      vertex -38.0824 -18.3526 3
    endloop
  endfacet
  facet normal 0 0 1
    outer loop
      vertex -63 -55 3
      vertex -38.0824 -18.3526 3
      vertex -39.2933 -18.6349 3
    endloop
  endfacet
  facet normal 0 0 1
    outer loop
      vertex -63.3036 -45.1112 3
      vertex -40.52 -18.8375 3
      vertex -63.3 -45 3
    endloop
  endfacet
  facet normal 0 0 1
    outer loop
      vertex -63.3 -45 3
      vertex -40.52 -18.8375 3
      vertex -41.7573 -18.9593 3
    endloop
  endfacet
  facet normal 0 0 1
    outer loop
      vertex -63.3 -45 3
      vertex -41.7573 -18.9593 3
      vertex -43 -19 3
    endloop
  endfacet
  facet normal 0 0 1
    outer loop
      vertex -63.3 -45 3
      vertex -43 -19 3
      vertex -44.2427 -18.9593 3
    endloop
  endfacet
  facet normal 0 0 1
    outer loop
      vertex -63.3 -45 3
      vertex -44.2427 -18.9593 3
      vertex -45.48 -18.8375 3
    endloop
  endfacet
  facet normal 0 0 1
    outer loop
      vertex -63.3 -45 3
      vertex -45.48 -18.8375 3
      vertex -46.7067 -18.6349 3
    endloop
  endfacet
  facet normal 0 0 1
    outer loop
      vertex -63.3 -45 3
      vertex -46.7067 -18.6349 3
      vertex -47.9176 -18.3526 3
    endloop
  endfacet
  facet normal 0 0 1
    outer loop
      vertex -63.3 -45 3
      vertex -47.9176 -18.3526 3
      vertex -49.1073 -17.9917 3
    endloop
  endfacet
  facet normal 0 0 1
    outer loop
      vertex 0 -25 3
      vertex -63 -55 3
      vertex 63 -55 3
    endloop
  endfacet
  facet normal 0 0 1
    outer loop
      vertex -63.3 -45 3
      vertex -49.1073 -17.9917 3
      vertex -50.271 -17.5537 3
    endloop
  endfacet
  facet normal 0 0 1
    outer loop
      vertex -63.3 -45 3
      vertex -50.271 -17.5537 3
      vertex -51.4035 -17.0406 3
    endloop
  endfacet
  facet normal 0 0 1
    outer loop
      vertex -63.3 -45 3
      vertex -51.4035 -17.0406 3
      vertex -52.5 -16.4545 3
    endloop
  endfacet
  facet normal 0 0 1
    outer loop
      vertex -63.3 -45 3
      vertex -52.5 -16.4545 3
      vertex -53.5558 -15.7979 3
    endloop
  endfacet
  facet normal 0 0 1
    outer loop
      vertex -63.3 -45 3
      vertex -53.5558 -15.7979 3
      vertex -54.5665 -15.0737 3
    endloop
  endfacet
  facet normal 0 0 1
    outer loop
      vertex -63.3 -45 3
      vertex -54.5665 -15.0737 3
      vertex -55.5276 -14.285 3
    endloop
  endfacet
  facet normal 0 0 1
    outer loop
      vertex -63.3 -45 3
      vertex -55.5276 -14.285 3
      vertex -56.435 -13.435 3
    endloop
  endfacet
  facet normal 0 0 1
    outer loop
      vertex -63.3 -45 3
      vertex -56.435 -13.435 3
      vertex -57.285 -12.5276 3
    endloop
  endfacet
  facet normal 0 0 1
    outer loop
      vertex -63.3 -45 3
      vertex -57.285 -12.5276 3
      vertex -58.0737 -11.5665 3
    endloop
  endfacet
  facet normal 0 0 1
    outer loop
      vertex -63.3 -45 3
      vertex -58.0737 -11.5665 3
      vertex -58.7979 -10.5558 3
    endloop
  endfacet
  facet normal 0 0 1
    outer loop
      vertex -63.3 -45 3
      vertex -58.7979 -10.5558 3
      vertex -59.4545 -9.5 3
    endloop
  endfacet
  facet normal 0 0 1
    outer loop
      vertex -63.3 -45 3
      vertex -59.4545 -9.5 3
      vertex -60.0406 -8.40348 3
    endloop
  endfacet
  facet normal 0 0 1
    outer loop
      vertex -63.3 -45 3
      vertex -60.0406 -8.40348 3
      vertex -60.5537 -7.27098 3
    endloop
  endfacet
  facet normal 0 0 1
    outer loop
      vertex -63.3 -45 3
      vertex -60.5537 -7.27098 3
      vertex -60.9917 -6.10735 3
    endloop
  endfacet
  facet normal 0 0 1
    outer loop
      vertex -63.3 -45 3
      vertex -60.9917 -6.10735 3
      vertex -61.3526 -4.91756 3
    endloop
  endfacet
  facet normal 0 0 1
    outer loop
      vertex -63.3 -45 3
      vertex -61.3526 -4.91756 3
      vertex -61.6349 -3.70672 3
    endloop
  endfacet
  facet normal 0 0 1
    outer loop
      vertex -63.3 -45 3
      vertex -61.6349 -3.70672 3
      vertex -61.8375 -2.48 3
    endloop
  endfacet
  facet normal 0 0 1
    outer loop
      vertex -63.3 -45 3
      vertex -61.8375 -2.48 3
      vertex -61.9593 -1.24266 3
    endloop
  endfacet
  facet normal 0 0 1
    outer loop
      vertex -63.3 -45 3
      vertex -61.9593 -1.24266 3
      vertex -62 0 3
    endloop
  endfacet
  facet normal -0 0 1
    outer loop
      vertex -64.2481 43.4753 3
      vertex -51.4035 17.0406 3
      vertex -64.15 43.5278 3
    endloop
  endfacet
  facet normal -0 0 1
    outer loop
      vertex -64.3494 43.4294 3
      vertex -51.4035 17.0406 3
      vertex -64.2481 43.4753 3
    endloop
  endfacet
  facet normal 0 0 1
    outer loop
      vertex -63 55 3
      vertex -63.3036 45.1112 3
      vertex -63.3 45 3
    endloop
  endfacet
  facet normal 0 0 1
    outer loop
      vertex -63 55 3
      vertex -63.3145 45.2219 3
      vertex -63.3036 45.1112 3
    endloop
  endfacet
  facet normal 0 0 1
    outer loop
      vertex -63 55 3
      vertex -63.3327 45.3317 3
      vertex -63.3145 45.2219 3
    endloop
  endfacet
  facet normal 0 0 1
    outer loop
      vertex -63 55 3
      vertex -63.3579 45.44 3
      vertex -63.3327 45.3317 3
    endloop
  endfacet
  facet normal 0 0 1
    outer loop
      vertex -63 55 3
      vertex -63.3902 45.5464 3
      vertex -63.3579 45.44 3
    endloop
  endfacet
  facet normal 0 0 1
    outer loop
      vertex -63 55 3
      vertex -63.4294 45.6506 3
      vertex -63.3902 45.5464 3
    endloop
  endfacet
  facet normal 0 0 1
    outer loop
      vertex -63 55 3
      vertex -63.4753 45.7519 3
      vertex -63.4294 45.6506 3
    endloop
  endfacet
  facet normal 0 0 1
    outer loop
      vertex -63 55 3
      vertex -63.5278 45.85 3
      vertex -63.4753 45.7519 3
    endloop
  endfacet
  facet normal 0 0 1
    outer loop
      vertex -63 55 3
      vertex -63.5865 45.9445 3
      vertex -63.5278 45.85 3
    endloop
  endfacet
  facet normal 0 0 1
    outer loop
      vertex -63 55 3
      vertex -63.6513 46.0349 3
      vertex -63.5865 45.9445 3
    endloop
  endfacet
  facet normal 0 0 1
    outer loop
      vertex -63 55 3
      vertex -63.7219 46.1209 3
      vertex -63.6513 46.0349 3
    endloop
  endfacet
  facet normal 0 0 1
    outer loop
      vertex -64.4536 46.6098 3
      vertex -63 55 3
      vertex -63.7848 54.9743 3
    endloop
  endfacet
  facet normal 0 0 1
    outer loop
      vertex -63 55 3
      vertex -63.7979 46.2021 3
      vertex -63.7219 46.1209 3
    endloop
  endfacet
  facet normal 0 0 1
    outer loop
      vertex -63 55 3
      vertex -63.8791 46.2781 3
      vertex -63.7979 46.2021 3
    endloop
  endfacet
  facet normal 0 0 1
    outer loop
      vertex -63 55 3
      vertex -63.9651 46.3487 3
      vertex -63.8791 46.2781 3
    endloop
  endfacet
  facet normal 0 0 1
    outer loop
      vertex -63 55 3
      vertex -64.0555 46.4135 3
      vertex -63.9651 46.3487 3
    endloop
  endfacet
  facet normal 0 0 1
    outer loop
      vertex -63 55 3
      vertex -64.15 46.4722 3
      vertex -64.0555 46.4135 3
    endloop
  endfacet
  facet normal 0 0 1
    outer loop
      vertex -63 55 3
      vertex -64.2481 46.5247 3
      vertex -64.15 46.4722 3
    endloop
  endfacet
  facet normal 0 0 1
    outer loop
      vertex -63 55 3
      vertex -64.3494 46.5706 3
      vertex -64.2481 46.5247 3
    endloop
  endfacet
  facet normal 0 0 1
    outer loop
      vertex -63 55 3
      vertex -64.4536 46.6098 3
      vertex -64.3494 46.5706 3
    endloop
  endfacet
  facet normal 0 0 1
    outer loop
      vertex -63.7848 54.9743 3
      vertex -64.56 46.6421 3
      vertex -64.4536 46.6098 3
    endloop
  endfacet
  facet normal 0 0 1
    outer loop
      vertex -64.6684 46.6673 3
      vertex -63.7848 54.9743 3
      vertex -64.5663 54.8973 3
    endloop
  endfacet
  facet normal 0 0 1
    outer loop
      vertex -63.7848 54.9743 3
      vertex -64.6684 46.6673 3
      vertex -64.56 46.6421 3
    endloop
  endfacet
  facet normal 0 0 1
    outer loop
      vertex -64.5663 54.8973 3
      vertex -64.7781 46.6855 3
      vertex -64.6684 46.6673 3
    endloop
  endfacet
  facet normal -0 0 1
    outer loop
      vertex -65.3411 54.7694 3
      vertex -64.7781 46.6855 3
      vertex -64.5663 54.8973 3
    endloop
  endfacet
  facet normal 0 0 1
    outer loop
      vertex -64.7781 46.6855 3
      vertex -65.3411 54.7694 3
      vertex -64.8888 46.6964 3
    endloop
  endfacet
  facet normal 0 0 1
    outer loop
      vertex -64.8888 46.6964 3
      vertex -65.3411 54.7694 3
      vertex -65 46.7 3
    endloop
  endfacet
  facet normal -0 0 1
    outer loop
      vertex -66.1058 54.5911 3
      vertex -65 46.7 3
      vertex -65.3411 54.7694 3
    endloop
  endfacet
  facet normal 0 0 1
    outer loop
      vertex -65 46.7 3
      vertex -66.1058 54.5911 3
      vertex -65.1112 46.6964 3
    endloop
  endfacet
  facet normal -0 0 1
    outer loop
      vertex -66.8573 54.3632 3
      vertex -65.1112 46.6964 3
      vertex -66.1058 54.5911 3
    endloop
  endfacet
  facet normal 0 0 1
    outer loop
      vertex -65.1112 46.6964 3
      vertex -66.8573 54.3632 3
      vertex -65.2219 46.6855 3
    endloop
  endfacet
  facet normal 0 0 1
    outer loop
      vertex -65.2219 46.6855 3
      vertex -66.8573 54.3632 3
      vertex -65.3316 46.6673 3
    endloop
  endfacet
  facet normal 0 0 1
    outer loop
      vertex -65.3316 46.6673 3
      vertex -66.8573 54.3632 3
      vertex -65.44 46.6421 3
    endloop
  endfacet
  facet normal 0 0 1
    outer loop
      vertex -65.44 46.6421 3
      vertex -66.8573 54.3632 3
      vertex -65.5464 46.6098 3
    endloop
  endfacet
  facet normal 0 0 1
    outer loop
      vertex -65.5464 46.6098 3
      vertex -66.8573 54.3632 3
      vertex -65.6506 46.5706 3
    endloop
  endfacet
  facet normal 0 0 1
    outer loop
      vertex -65.6506 46.5706 3
      vertex -66.8573 54.3632 3
      vertex -65.7519 46.5247 3
    endloop
  endfacet
  facet normal 0 0 1
    outer loop
      vertex -65.7519 46.5247 3
      vertex -66.8573 54.3632 3
      vertex -65.85 46.4722 3
    endloop
  endfacet
  facet normal 0 0 1
    outer loop
      vertex -65.85 46.4722 3
      vertex -66.8573 54.3632 3
      vertex -65.9445 46.4135 3
    endloop
  endfacet
  facet normal 0 0 1
    outer loop
      vertex -65.9445 46.4135 3
      vertex -66.8573 54.3632 3
      vertex -66.0349 46.3487 3
    endloop
  endfacet
  facet normal 0 0 1
    outer loop
      vertex -66.0349 46.3487 3
      vertex -66.8573 54.3632 3
      vertex -66.1209 46.2781 3
    endloop
  endfacet
  facet normal 0 0 1
    outer loop
      vertex -66.1209 46.2781 3
      vertex -66.8573 54.3632 3
      vertex -66.2021 46.2021 3
    endloop
  endfacet
  facet normal 0 0 1
    outer loop
      vertex -66.2021 46.2021 3
      vertex -66.8573 54.3632 3
      vertex -66.2781 46.1209 3
    endloop
  endfacet
  facet normal 0 0 1
    outer loop
      vertex -66.2781 46.1209 3
      vertex -66.8573 54.3632 3
      vertex -66.3487 46.0349 3
    endloop
  endfacet
  facet normal 0 0 1
    outer loop
      vertex -66.3487 46.0349 3
      vertex -66.8573 54.3632 3
      vertex -66.4135 45.9445 3
    endloop
  endfacet
  facet normal 0 0 1
    outer loop
      vertex -75 43 3
      vertex -66.4135 45.9445 3
      vertex -66.8573 54.3632 3
    endloop
  endfacet
  facet normal 0 0 1
    outer loop
      vertex -66.4135 45.9445 3
      vertex -75 43 3
      vertex -66.4722 45.85 3
    endloop
  endfacet
  facet normal 0 0 1
    outer loop
      vertex -66.4722 45.85 3
      vertex -75 43 3
      vertex -66.5247 45.7519 3
    endloop
  endfacet
  facet normal 0 0 1
    outer loop
      vertex -66.5247 45.7519 3
      vertex -75 43 3
      vertex -66.5706 45.6506 3
    endloop
  endfacet
  facet normal 0 0 1
    outer loop
      vertex -66.5706 45.6506 3
      vertex -75 43 3
      vertex -66.6098 45.5464 3
    endloop
  endfacet
  facet normal 0 0 1
    outer loop
      vertex -66.6098 45.5464 3
      vertex -75 43 3
      vertex -66.6421 45.44 3
    endloop
  endfacet
  facet normal 0 0 1
    outer loop
      vertex -66.6421 45.44 3
      vertex -75 43 3
      vertex -66.6673 45.3317 3
    endloop
  endfacet
  facet normal 0 0 1
    outer loop
      vertex -66.6964 45.1112 3
      vertex -75 43 3
      vertex -66.7 45 3
    endloop
  endfacet
  facet normal 0 0 1
    outer loop
      vertex -66.6855 45.2219 3
      vertex -75 43 3
      vertex -66.6964 45.1112 3
    endloop
  endfacet
  facet normal 0 0 1
    outer loop
      vertex -66.6673 45.3317 3
      vertex -75 43 3
      vertex -66.6855 45.2219 3
    endloop
  endfacet
  facet normal -0 0 1
    outer loop
      vertex 66.6421 44.56 3
      vertex 74.9743 43.7848 3
      vertex 66.6673 44.6683 3
    endloop
  endfacet
  facet normal 0 0 1
    outer loop
      vertex 75 -43 3
      vertex 66.6964 -44.8888 3
      vertex 66.7 -45 3
    endloop
  endfacet
  facet normal 0 0 1
    outer loop
      vertex 74.9743 43.7848 3
      vertex 66.6421 44.56 3
      vertex 75 43 3
    endloop
  endfacet
  facet normal 0 0 1
    outer loop
      vertex 75 -43 3
      vertex 66.6855 -44.7781 3
      vertex 66.6964 -44.8888 3
    endloop
  endfacet
  facet normal -0 0 1
    outer loop
      vertex 66.6098 44.4536 3
      vertex 75 43 3
      vertex 66.6421 44.56 3
    endloop
  endfacet
  facet normal 0 0 1
    outer loop
      vertex 75 -43 3
      vertex 66.6673 -44.6683 3
      vertex 66.6855 -44.7781 3
    endloop
  endfacet
  facet normal -0 0 1
    outer loop
      vertex 66.5706 44.3494 3
      vertex 75 43 3
      vertex 66.6098 44.4536 3
    endloop
  endfacet
  facet normal 0 0 1
    outer loop
      vertex 75 -43 3
      vertex 66.6421 -44.56 3
      vertex 66.6673 -44.6683 3
    endloop
  endfacet
  facet normal -0 0 1
    outer loop
      vertex 66.5247 44.2481 3
      vertex 75 43 3
      vertex 66.5706 44.3494 3
    endloop
  endfacet
  facet normal 0 0 1
    outer loop
      vertex 75 -43 3
      vertex 66.6098 -44.4536 3
      vertex 66.6421 -44.56 3
    endloop
  endfacet
  facet normal -0 0 1
    outer loop
      vertex 66.4722 44.15 3
      vertex 75 43 3
      vertex 66.5247 44.2481 3
    endloop
  endfacet
  facet normal 0 0 1
    outer loop
      vertex 75 -43 3
      vertex 66.5706 -44.3494 3
      vertex 66.6098 -44.4536 3
    endloop
  endfacet
  facet normal 0 0 1
    outer loop
      vertex 58.9936 21.8038 3
      vertex 75 43 3
      vertex 59 22 3
    endloop
  endfacet
  facet normal 0 0 1
    outer loop
      vertex 75 -43 3
      vertex 66.5247 -44.2481 3
      vertex 66.5706 -44.3494 3
    endloop
  endfacet
  facet normal -0 0 1
    outer loop
      vertex 66.4135 44.0555 3
      vertex 75 43 3
      vertex 66.4722 44.15 3
    endloop
  endfacet
  facet normal 0 0 1
    outer loop
      vertex 58.9743 21.6084 3
      vertex 75 43 3
      vertex 58.9936 21.8038 3
    endloop
  endfacet
  facet normal -0 0 1
    outer loop
      vertex 66.3487 43.9651 3
      vertex 75 43 3
      vertex 66.4135 44.0555 3
    endloop
  endfacet
  facet normal 0 0 1
    outer loop
      vertex 75 -43 3
      vertex 66.4722 -44.15 3
      vertex 66.5247 -44.2481 3
    endloop
  endfacet
  facet normal -0 0 1
    outer loop
      vertex 66.2781 43.8791 3
      vertex 75 43 3
      vertex 66.3487 43.9651 3
    endloop
  endfacet
  facet normal 0 0 1
    outer loop
      vertex 75 -43 3
      vertex 66.4135 -44.0555 3
      vertex 66.4722 -44.15 3
    endloop
  endfacet
  facet normal -0 0 1
    outer loop
      vertex 66.2021 43.7979 3
      vertex 75 43 3
      vertex 66.2781 43.8791 3
    endloop
  endfacet
  facet normal 0 0 1
    outer loop
      vertex 75 -43 3
      vertex 66.3487 -43.9651 3
      vertex 66.4135 -44.0555 3
    endloop
  endfacet
  facet normal -0 0 1
    outer loop
      vertex 66.1209 43.7219 3
      vertex 75 43 3
      vertex 66.2021 43.7979 3
    endloop
  endfacet
  facet normal 0 0 1
    outer loop
      vertex 75 -43 3
      vertex 66.2781 -43.8791 3
      vertex 66.3487 -43.9651 3
    endloop
  endfacet
  facet normal -0 0 1
    outer loop
      vertex 66.0349 43.6513 3
      vertex 75 43 3
      vertex 66.1209 43.7219 3
    endloop
  endfacet
  facet normal 0 0 1
    outer loop
      vertex 75 -43 3
      vertex 66.2021 -43.7979 3
      vertex 66.2781 -43.8791 3
    endloop
  endfacet
  facet normal -0 0 1
    outer loop
      vertex 65.9445 43.5865 3
      vertex 75 43 3
      vertex 66.0349 43.6513 3
    endloop
  endfacet
  facet normal 0 0 1
    outer loop
      vertex 75 -43 3
      vertex 66.1209 -43.7219 3
      vertex 66.2021 -43.7979 3
    endloop
  endfacet
  facet normal -0 0 1
    outer loop
      vertex 65.85 43.5278 3
      vertex 75 43 3
      vertex 65.9445 43.5865 3
    endloop
  endfacet
  facet normal 0 0 1
    outer loop
      vertex 75 -43 3
      vertex 66.0349 -43.6513 3
      vertex 66.1209 -43.7219 3
    endloop
  endfacet
  facet normal -0 0 1
    outer loop
      vertex 65.7519 43.4753 3
      vertex 75 43 3
      vertex 65.85 43.5278 3
    endloop
  endfacet
  facet normal 0 0 1
    outer loop
      vertex 75 -43 3
      vertex 65.9445 -43.5865 3
      vertex 66.0349 -43.6513 3
    endloop
  endfacet
  facet normal -0 0 1
    outer loop
      vertex 65.6506 43.4294 3
      vertex 75 43 3
      vertex 65.7519 43.4753 3
    endloop
  endfacet
  facet normal 0 0 1
    outer loop
      vertex 75 -43 3
      vertex 65.85 -43.5278 3
      vertex 65.9445 -43.5865 3
    endloop
  endfacet
  facet normal -0 0 1
    outer loop
      vertex 65.5464 43.3902 3
      vertex 75 43 3
      vertex 65.6506 43.4294 3
    endloop
  endfacet
  facet normal 0 0 1
    outer loop
      vertex 75 -43 3
      vertex 65.7519 -43.4753 3
      vertex 65.85 -43.5278 3
    endloop
  endfacet
  facet normal 0 0 1
    outer loop
      vertex 58.4944 23.6667 3
      vertex 75 43 3
      vertex 65.5464 43.3902 3
    endloop
  endfacet
  facet normal 0 0 1
    outer loop
      vertex 75 -43 3
      vertex 65.6506 -43.4294 3
      vertex 65.7519 -43.4753 3
    endloop
  endfacet
  facet normal 0 0 1
    outer loop
      vertex 58.4944 23.6667 3
      vertex 65.5464 43.3902 3
      vertex 65.44 43.3579 3
    endloop
  endfacet
  facet normal 0 0 1
    outer loop
      vertex 75 -43 3
      vertex 65.5464 -43.3902 3
      vertex 65.6506 -43.4294 3
    endloop
  endfacet
  facet normal 0 0 1
    outer loop
      vertex 58.3801 23.8263 3
      vertex 65.44 43.3579 3
      vertex 65.3316 43.3327 3
    endloop
  endfacet
  facet normal -0 0 1
    outer loop
      vertex 58.9936 -22.1962 3
      vertex 75 -43 3
      vertex 59 -22 3
    endloop
  endfacet
  facet normal 0 0 1
    outer loop
      vertex 58.2555 23.978 3
      vertex 65.3316 43.3327 3
      vertex 65.2219 43.3145 3
    endloop
  endfacet
  facet normal -0 0 1
    outer loop
      vertex 58.9743 -22.3916 3
      vertex 75 -43 3
      vertex 58.9936 -22.1962 3
    endloop
  endfacet
  facet normal 0 0 1
    outer loop
      vertex 58.1213 24.1213 3
      vertex 65.2219 43.3145 3
      vertex 65.1112 43.3036 3
    endloop
  endfacet
  facet normal -0 0 1
    outer loop
      vertex 58.9424 -22.5853 3
      vertex 75 -43 3
      vertex 58.9743 -22.3916 3
    endloop
  endfacet
  facet normal 0 0 1
    outer loop
      vertex 57.978 24.2555 3
      vertex 65.1112 43.3036 3
      vertex 65 43.3 3
    endloop
  endfacet
  facet normal -0 0 1
    outer loop
      vertex 58.8978 -22.7765 3
      vertex 75 -43 3
      vertex 58.9424 -22.5853 3
    endloop
  endfacet
  facet normal 0 0 1
    outer loop
      vertex 57.978 24.2555 3
      vertex 65 43.3 3
      vertex 64.8888 43.3036 3
    endloop
  endfacet
  facet normal -0 0 1
    outer loop
      vertex 58.8408 -22.9643 3
      vertex 75 -43 3
      vertex 58.8978 -22.7765 3
    endloop
  endfacet
  facet normal 0 0 1
    outer loop
      vertex 57.8263 24.3801 3
      vertex 64.8888 43.3036 3
      vertex 64.7781 43.3145 3
    endloop
  endfacet
  facet normal -0 0 1
    outer loop
      vertex 58.7716 -23.148 3
      vertex 75 -43 3
      vertex 58.8408 -22.9643 3
    endloop
  endfacet
  facet normal 0 0 1
    outer loop
      vertex 57.6667 24.4944 3
      vertex 64.7781 43.3145 3
      vertex 64.6684 43.3327 3
    endloop
  endfacet
  facet normal -0 0 1
    outer loop
      vertex 58.6906 -23.3269 3
      vertex 75 -43 3
      vertex 58.7716 -23.148 3
    endloop
  endfacet
  facet normal 0 0 1
    outer loop
      vertex 57.5 24.5981 3
      vertex 64.6684 43.3327 3
      vertex 64.56 43.3579 3
    endloop
  endfacet
  facet normal -0 0 1
    outer loop
      vertex 58.5981 -23.5 3
      vertex 75 -43 3
      vertex 58.6906 -23.3269 3
    endloop
  endfacet
  facet normal 0 0 1
    outer loop
      vertex 57.3269 24.6906 3
      vertex 64.56 43.3579 3
      vertex 64.4536 43.3902 3
    endloop
  endfacet
  facet normal -0 0 1
    outer loop
      vertex 58.4944 -23.6667 3
      vertex 75 -43 3
      vertex 58.5981 -23.5 3
    endloop
  endfacet
  facet normal 0 0 1
    outer loop
      vertex 57.148 24.7716 3
      vertex 64.4536 43.3902 3
      vertex 64.3494 43.4294 3
    endloop
  endfacet
  facet normal 0 0 1
    outer loop
      vertex 75 -43 3
      vertex 58.4944 -23.6667 3
      vertex 65.5464 -43.3902 3
    endloop
  endfacet
  facet normal 0 0 1
    outer loop
      vertex 56.9643 24.8408 3
      vertex 64.3494 43.4294 3
      vertex 64.2481 43.4753 3
    endloop
  endfacet
  facet normal 0 0 1
    outer loop
      vertex 65.5464 -43.3902 3
      vertex 58.4944 -23.6667 3
      vertex 65.44 -43.3579 3
    endloop
  endfacet
  facet normal 0 0 1
    outer loop
      vertex 56.7765 24.8978 3
      vertex 64.2481 43.4753 3
      vertex 64.15 43.5278 3
    endloop
  endfacet
  facet normal -0 0 1
    outer loop
      vertex 58.3801 -23.8263 3
      vertex 65.44 -43.3579 3
      vertex 58.4944 -23.6667 3
    endloop
  endfacet
  facet normal 0 0 1
    outer loop
      vertex 56.5853 24.9424 3
      vertex 64.15 43.5278 3
      vertex 64.0555 43.5865 3
    endloop
  endfacet
  facet normal 0 0 1
    outer loop
      vertex 65.44 -43.3579 3
      vertex 58.3801 -23.8263 3
      vertex 65.3316 -43.3327 3
    endloop
  endfacet
  facet normal 0 0 1
    outer loop
      vertex 56.3916 24.9743 3
      vertex 64.0555 43.5865 3
      vertex 63.9651 43.6513 3
    endloop
  endfacet
  facet normal -0 0 1
    outer loop
      vertex 58.2555 -23.978 3
      vertex 65.3316 -43.3327 3
      vertex 58.3801 -23.8263 3
    endloop
  endfacet
  facet normal 0 0 1
    outer loop
      vertex 56.1962 24.9936 3
      vertex 63.9651 43.6513 3
      vertex 63.8791 43.7219 3
    endloop
  endfacet
  facet normal 0 0 1
    outer loop
      vertex 65.3316 -43.3327 3
      vertex 58.2555 -23.978 3
      vertex 65.2219 -43.3145 3
    endloop
  endfacet
  facet normal 0 0 1
    outer loop
      vertex 56.1962 24.9936 3
      vertex 63.8791 43.7219 3
      vertex 63.7979 43.7979 3
    endloop
  endfacet
  facet normal -0 0 1
    outer loop
      vertex 58.1213 -24.1213 3
      vertex 65.2219 -43.3145 3
      vertex 58.2555 -23.978 3
    endloop
  endfacet
  facet normal 0 0 1
    outer loop
      vertex 56 25 3
      vertex 63.7979 43.7979 3
      vertex 63.7219 43.8791 3
    endloop
  endfacet
  facet normal 0 0 1
    outer loop
      vertex 65.2219 -43.3145 3
      vertex 58.1213 -24.1213 3
      vertex 65.1112 -43.3036 3
    endloop
  endfacet
  facet normal 0 0 1
    outer loop
      vertex 55.8038 24.9936 3
      vertex 63.7219 43.8791 3
      vertex 63.6513 43.9651 3
    endloop
  endfacet
  facet normal -0 0 1
    outer loop
      vertex 57.978 -24.2555 3
      vertex 65.1112 -43.3036 3
      vertex 58.1213 -24.1213 3
    endloop
  endfacet
  facet normal 0 0 1
    outer loop
      vertex 55.6084 24.9743 3
      vertex 63.6513 43.9651 3
      vertex 63.5865 44.0555 3
    endloop
  endfacet
  facet normal 0 0 1
    outer loop
      vertex 65.1112 -43.3036 3
      vertex 57.978 -24.2555 3
      vertex 65 -43.3 3
    endloop
  endfacet
  facet normal 0 0 1
    outer loop
      vertex 55.4147 24.9424 3
      vertex 63.5865 44.0555 3
      vertex 63.5278 44.15 3
    endloop
  endfacet
  facet normal 0 0 1
    outer loop
      vertex 65 -43.3 3
      vertex 57.978 -24.2555 3
      vertex 64.8888 -43.3036 3
    endloop
  endfacet
  facet normal 0 0 1
    outer loop
      vertex 55.2235 24.8978 3
      vertex 63.5278 44.15 3
      vertex 63.4753 44.2481 3
    endloop
  endfacet
  facet normal -0 0 1
    outer loop
      vertex 57.8263 -24.3801 3
      vertex 64.8888 -43.3036 3
      vertex 57.978 -24.2555 3
    endloop
  endfacet
  facet normal 0 0 1
    outer loop
      vertex 55.0357 24.8408 3
      vertex 63.4753 44.2481 3
      vertex 63.4294 44.3494 3
    endloop
  endfacet
  facet normal 0 0 1
    outer loop
      vertex 64.8888 -43.3036 3
      vertex 57.8263 -24.3801 3
      vertex 64.7781 -43.3145 3
    endloop
  endfacet
  facet normal 0 0 1
    outer loop
      vertex 54.852 24.7716 3
      vertex 63.4294 44.3494 3
      vertex 63.3902 44.4536 3
    endloop
  endfacet
  facet normal -0 0 1
    outer loop
      vertex 57.6667 -24.4944 3
      vertex 64.7781 -43.3145 3
      vertex 57.8263 -24.3801 3
    endloop
  endfacet
  facet normal 0 0 1
    outer loop
      vertex 54.6731 24.6906 3
      vertex 63.3902 44.4536 3
      vertex 63.3579 44.56 3
    endloop
  endfacet
  facet normal 0 0 1
    outer loop
      vertex 64.7781 -43.3145 3
      vertex 57.6667 -24.4944 3
      vertex 64.6684 -43.3327 3
    endloop
  endfacet
  facet normal 0 0 1
    outer loop
      vertex 54.5 24.5981 3
      vertex 63.3579 44.56 3
      vertex 63.3327 44.6683 3
    endloop
  endfacet
  facet normal -0 0 1
    outer loop
      vertex 57.5 -24.5981 3
      vertex 64.6684 -43.3327 3
      vertex 57.6667 -24.4944 3
    endloop
  endfacet
  facet normal 0 0 1
    outer loop
      vertex 54.3333 24.4944 3
      vertex 63.3327 44.6683 3
      vertex 63.3145 44.7781 3
    endloop
  endfacet
  facet normal 0 0 1
    outer loop
      vertex 64.6684 -43.3327 3
      vertex 57.5 -24.5981 3
      vertex 64.56 -43.3579 3
    endloop
  endfacet
  facet normal 0 0 1
    outer loop
      vertex 54.1737 24.3801 3
      vertex 63.3145 44.7781 3
      vertex 63.3036 44.8888 3
    endloop
  endfacet
  facet normal -0 0 1
    outer loop
      vertex 57.3269 -24.6906 3
      vertex 64.56 -43.3579 3
      vertex 57.5 -24.5981 3
    endloop
  endfacet
  facet normal 0 0 1
    outer loop
      vertex 33.5128 20.5742 3
      vertex 63.3036 44.8888 3
      vertex 63.3 45 3
    endloop
  endfacet
  facet normal 0 0 1
    outer loop
      vertex 64.56 -43.3579 3
      vertex 57.3269 -24.6906 3
      vertex 64.4536 -43.3902 3
    endloop
  endfacet
  facet normal 0 0 1
    outer loop
      vertex 74.7694 45.3411 3
      vertex 66.6855 44.7781 3
      vertex 74.8973 44.5663 3
    endloop
  endfacet
  facet normal -0 0 1
    outer loop
      vertex 66.6673 44.6683 3
      vertex 74.8973 44.5663 3
      vertex 66.6855 44.7781 3
    endloop
  endfacet
  facet normal 0 0 1
    outer loop
      vertex 66.6855 44.7781 3
      vertex 74.7694 45.3411 3
      vertex 66.6964 44.8888 3
    endloop
  endfacet
  facet normal 0 0 1
    outer loop
      vertex 74.8973 44.5663 3
      vertex 66.6673 44.6683 3
      vertex 74.9743 43.7848 3
    endloop
  endfacet
  facet normal 0 0 1
    outer loop
      vertex 66.6964 44.8888 3
      vertex 74.7694 45.3411 3
      vertex 66.7 45 3
    endloop
  endfacet
  facet normal 0 0 1
    outer loop
      vertex 75 -43 3
      vertex 66.7 -45 3
      vertex 74.9743 -43.7848 3
    endloop
  endfacet
  facet normal 0 0 1
    outer loop
      vertex 66.7 45 3
      vertex 74.7694 45.3411 3
      vertex 74.5911 46.1058 3
    endloop
  endfacet
  facet normal 0 0 1
    outer loop
      vertex 74.9743 -43.7848 3
      vertex 66.7 -45 3
      vertex 74.8973 -44.5663 3
    endloop
  endfacet
  facet normal 0 0 1
    outer loop
      vertex 66.6964 45.1112 3
      vertex 74.5911 46.1058 3
      vertex 74.3632 46.8573 3
    endloop
  endfacet
  facet normal 0 0 1
    outer loop
      vertex 74.8973 -44.5663 3
      vertex 66.7 -45 3
      vertex 74.7694 -45.3411 3
    endloop
  endfacet
  facet normal 0 0 1
    outer loop
      vertex 66.6855 45.2219 3
      vertex 74.3632 46.8573 3
      vertex 74.0865 47.5922 3
    endloop
  endfacet
  facet normal 0 0 1
    outer loop
      vertex 74.7694 -45.3411 3
      vertex 66.7 -45 3
      vertex 74.5911 -46.1058 3
    endloop
  endfacet
  facet normal 0 0 1
    outer loop
      vertex 66.6421 45.44 3
      vertex 74.0865 47.5922 3
      vertex 73.7625 48.3075 3
    endloop
  endfacet
  facet normal -0 0 1
    outer loop
      vertex 66.6964 -45.1112 3
      vertex 74.5911 -46.1058 3
      vertex 66.7 -45 3
    endloop
  endfacet
  facet normal 0 0 1
    outer loop
      vertex 66.6098 45.5464 3
      vertex 73.7625 48.3075 3
      vertex 73.3923 49 3
    endloop
  endfacet
  facet normal 0 0 1
    outer loop
      vertex 74.5911 -46.1058 3
      vertex 66.6964 -45.1112 3
      vertex 74.3632 -46.8573 3
    endloop
  endfacet
  facet normal 0 0 1
    outer loop
      vertex 66.5247 45.7519 3
      vertex 73.3923 49 3
      vertex 72.9776 49.6668 3
    endloop
  endfacet
  facet normal -0 0 1
    outer loop
      vertex 66.6855 -45.2219 3
      vertex 74.3632 -46.8573 3
      vertex 66.6964 -45.1112 3
    endloop
  endfacet
  facet normal 0 0 1
    outer loop
      vertex 66.4722 45.85 3
      vertex 72.9776 49.6668 3
      vertex 72.5202 50.3051 3
    endloop
  endfacet
  facet normal 0 0 1
    outer loop
      vertex 74.3632 -46.8573 3
      vertex 66.6855 -45.2219 3
      vertex 74.0865 -47.5922 3
    endloop
  endfacet
  facet normal 0 0 1
    outer loop
      vertex 66.3487 46.0349 3
      vertex 72.5202 50.3051 3
      vertex 72.0221 50.9122 3
    endloop
  endfacet
  facet normal -0 0 1
    outer loop
      vertex 66.6673 -45.3317 3
      vertex 74.0865 -47.5922 3
      vertex 66.6855 -45.2219 3
    endloop
  endfacet
  facet normal 0 0 1
    outer loop
      vertex 66.2781 46.1209 3
      vertex 72.0221 50.9122 3
      vertex 71.4853 51.4853 3
    endloop
  endfacet
  facet normal -0 0 1
    outer loop
      vertex 66.6421 -45.44 3
      vertex 74.0865 -47.5922 3
      vertex 66.6673 -45.3317 3
    endloop
  endfacet
  facet normal 0 0 1
    outer loop
      vertex 66.1209 46.2781 3
      vertex 71.4853 51.4853 3
      vertex 70.9122 52.0221 3
    endloop
  endfacet
  facet normal 0 0 1
    outer loop
      vertex 74.0865 -47.5922 3
      vertex 66.6421 -45.44 3
      vertex 73.7625 -48.3075 3
    endloop
  endfacet
  facet normal 0 0 1
    outer loop
      vertex 66.0349 46.3487 3
      vertex 70.9122 52.0221 3
      vertex 70.3051 52.5202 3
    endloop
  endfacet
  facet normal -0 0 1
    outer loop
      vertex 66.6098 -45.5464 3
      vertex 73.7625 -48.3075 3
      vertex 66.6421 -45.44 3
    endloop
  endfacet
  facet normal 0 0 1
    outer loop
      vertex 65.85 46.4722 3
      vertex 70.3051 52.5202 3
      vertex 69.6668 52.9776 3
    endloop
  endfacet
  facet normal 0 0 1
    outer loop
      vertex 73.7625 -48.3075 3
      vertex 66.6098 -45.5464 3
      vertex 73.3923 -49 3
    endloop
  endfacet
  facet normal 0 0 1
    outer loop
      vertex 65.7519 46.5247 3
      vertex 69.6668 52.9776 3
      vertex 69 53.3923 3
    endloop
  endfacet
  facet normal -0 0 1
    outer loop
      vertex 66.5706 -45.6506 3
      vertex 73.3923 -49 3
      vertex 66.6098 -45.5464 3
    endloop
  endfacet
  facet normal 0 0 1
    outer loop
      vertex 65.5464 46.6098 3
      vertex 69 53.3923 3
      vertex 68.3075 53.7625 3
    endloop
  endfacet
  facet normal -0 0 1
    outer loop
      vertex 66.5247 -45.7519 3
      vertex 73.3923 -49 3
      vertex 66.5706 -45.6506 3
    endloop
  endfacet
  facet normal 0 0 1
    outer loop
      vertex 65.44 46.6421 3
      vertex 68.3075 53.7625 3
      vertex 67.5922 54.0865 3
    endloop
  endfacet
  facet normal 0 0 1
    outer loop
      vertex 73.3923 -49 3
      vertex 66.5247 -45.7519 3
      vertex 72.9776 -49.6668 3
    endloop
  endfacet
  facet normal 0 0 1
    outer loop
      vertex 65.2219 46.6855 3
      vertex 67.5922 54.0865 3
      vertex 66.8573 54.3632 3
    endloop
  endfacet
  facet normal -0 0 1
    outer loop
      vertex 66.4722 -45.85 3
      vertex 72.9776 -49.6668 3
      vertex 66.5247 -45.7519 3
    endloop
  endfacet
  facet normal 0 0 1
    outer loop
      vertex 72.9776 -49.6668 3
      vertex 66.4722 -45.85 3
      vertex 72.5202 -50.3051 3
    endloop
  endfacet
  facet normal 0 0 1
    outer loop
      vertex 74.5911 46.1058 3
      vertex 66.6964 45.1112 3
      vertex 66.7 45 3
    endloop
  endfacet
  facet normal 0 0 1
    outer loop
      vertex 74.3632 46.8573 3
      vertex 66.6855 45.2219 3
      vertex 66.6964 45.1112 3
    endloop
  endfacet
  facet normal 0 0 1
    outer loop
      vertex 74.0865 47.5922 3
      vertex 66.6673 45.3317 3
      vertex 66.6855 45.2219 3
    endloop
  endfacet
  facet normal 0 0 1
    outer loop
      vertex 74.0865 47.5922 3
      vertex 66.6421 45.44 3
      vertex 66.6673 45.3317 3
    endloop
  endfacet
  facet normal 0 0 1
    outer loop
      vertex 73.7625 48.3075 3
      vertex 66.6098 45.5464 3
      vertex 66.6421 45.44 3
    endloop
  endfacet
  facet normal 0 0 1
    outer loop
      vertex 73.3923 49 3
      vertex 66.5706 45.6506 3
      vertex 66.6098 45.5464 3
    endloop
  endfacet
  facet normal 0 0 1
    outer loop
      vertex 73.3923 49 3
      vertex 66.5247 45.7519 3
      vertex 66.5706 45.6506 3
    endloop
  endfacet
  facet normal 0 0 1
    outer loop
      vertex 72.9776 49.6668 3
      vertex 66.4722 45.85 3
      vertex 66.5247 45.7519 3
    endloop
  endfacet
  facet normal 0 0 1
    outer loop
      vertex 72.5202 50.3051 3
      vertex 66.4135 45.9445 3
      vertex 66.4722 45.85 3
    endloop
  endfacet
  facet normal 0 0 1
    outer loop
      vertex 72.5202 50.3051 3
      vertex 66.3487 46.0349 3
      vertex 66.4135 45.9445 3
    endloop
  endfacet
  facet normal 0 0 1
    outer loop
      vertex 72.0221 50.9122 3
      vertex 66.2781 46.1209 3
      vertex 66.3487 46.0349 3
    endloop
  endfacet
  facet normal 0 0 1
    outer loop
      vertex 71.4853 51.4853 3
      vertex 66.2021 46.2021 3
      vertex 66.2781 46.1209 3
    endloop
  endfacet
  facet normal 0 0 1
    outer loop
      vertex 71.4853 51.4853 3
      vertex 66.1209 46.2781 3
      vertex 66.2021 46.2021 3
    endloop
  endfacet
  facet normal 0 0 1
    outer loop
      vertex 65.1112 46.6964 3
      vertex 66.8573 54.3632 3
      vertex 66.1058 54.5911 3
    endloop
  endfacet
  facet normal 0 0 1
    outer loop
      vertex 70.9122 52.0221 3
      vertex 66.0349 46.3487 3
      vertex 66.1209 46.2781 3
    endloop
  endfacet
  facet normal 0 0 1
    outer loop
      vertex 70.3051 52.5202 3
      vertex 65.9445 46.4135 3
      vertex 66.0349 46.3487 3
    endloop
  endfacet
  facet normal 0 0 1
    outer loop
      vertex 70.3051 52.5202 3
      vertex 65.85 46.4722 3
      vertex 65.9445 46.4135 3
    endloop
  endfacet
  facet normal 0 0 1
    outer loop
      vertex 69.6668 52.9776 3
      vertex 65.7519 46.5247 3
      vertex 65.85 46.4722 3
    endloop
  endfacet
  facet normal 0 0 1
    outer loop
      vertex 69 53.3923 3
      vertex 65.6506 46.5706 3
      vertex 65.7519 46.5247 3
    endloop
  endfacet
  facet normal 0 0 1
    outer loop
      vertex 69 53.3923 3
      vertex 65.5464 46.6098 3
      vertex 65.6506 46.5706 3
    endloop
  endfacet
  facet normal 0 0 1
    outer loop
      vertex 68.3075 53.7625 3
      vertex 65.44 46.6421 3
      vertex 65.5464 46.6098 3
    endloop
  endfacet
  facet normal 0 0 1
    outer loop
      vertex 65 46.7 3
      vertex 66.1058 54.5911 3
      vertex 65.3411 54.7694 3
    endloop
  endfacet
  facet normal 0 0 1
    outer loop
      vertex 67.5922 54.0865 3
      vertex 65.3316 46.6673 3
      vertex 65.44 46.6421 3
    endloop
  endfacet
  facet normal 0 0 1
    outer loop
      vertex 67.5922 54.0865 3
      vertex 65.2219 46.6855 3
      vertex 65.3316 46.6673 3
    endloop
  endfacet
  facet normal 0 0 1
    outer loop
      vertex 66.8573 54.3632 3
      vertex 65.1112 46.6964 3
      vertex 65.2219 46.6855 3
    endloop
  endfacet
  facet normal 0 0 1
    outer loop
      vertex 66.1058 54.5911 3
      vertex 65 46.7 3
      vertex 65.1112 46.6964 3
    endloop
  endfacet
  facet normal 0 0 1
    outer loop
      vertex 65.3411 54.7694 3
      vertex 64.8888 46.6964 3
      vertex 65 46.7 3
    endloop
  endfacet
  facet normal 0 0 1
    outer loop
      vertex 65.3411 54.7694 3
      vertex 64.7781 46.6855 3
      vertex 64.8888 46.6964 3
    endloop
  endfacet
  facet normal 0 0 1
    outer loop
      vertex 64.5663 54.8973 3
      vertex 64.7781 46.6855 3
      vertex 65.3411 54.7694 3
    endloop
  endfacet
  facet normal 0 0 1
    outer loop
      vertex 64.7781 46.6855 3
      vertex 64.5663 54.8973 3
      vertex 64.6684 46.6673 3
    endloop
  endfacet
  facet normal 0 0 1
    outer loop
      vertex 63.7848 54.9743 3
      vertex 64.6684 46.6673 3
      vertex 64.5663 54.8973 3
    endloop
  endfacet
  facet normal 0 0 1
    outer loop
      vertex 64.6684 46.6673 3
      vertex 63.7848 54.9743 3
      vertex 64.56 46.6421 3
    endloop
  endfacet
  facet normal 0 0 1
    outer loop
      vertex 64.56 46.6421 3
      vertex 63.7848 54.9743 3
      vertex 64.4536 46.6098 3
    endloop
  endfacet
  facet normal 0 0 1
    outer loop
      vertex 63 55 3
      vertex 64.4536 46.6098 3
      vertex 63.7848 54.9743 3
    endloop
  endfacet
  facet normal 0 0 1
    outer loop
      vertex 64.4536 46.6098 3
      vertex 63 55 3
      vertex 64.3494 46.5706 3
    endloop
  endfacet
  facet normal 0 0 1
    outer loop
      vertex 64.3494 46.5706 3
      vertex 63 55 3
      vertex 64.2481 46.5247 3
    endloop
  endfacet
  facet normal 0 0 1
    outer loop
      vertex 64.2481 46.5247 3
      vertex 63 55 3
      vertex 64.15 46.4722 3
    endloop
  endfacet
  facet normal 0 0 1
    outer loop
      vertex 64.15 46.4722 3
      vertex 63 55 3
      vertex 64.0555 46.4135 3
    endloop
  endfacet
  facet normal 0 0 1
    outer loop
      vertex 64.0555 46.4135 3
      vertex 63 55 3
      vertex 63.9651 46.3487 3
    endloop
  endfacet
  facet normal 0 0 1
    outer loop
      vertex 63.9651 46.3487 3
      vertex 63 55 3
      vertex 63.8791 46.2781 3
    endloop
  endfacet
  facet normal 0 0 1
    outer loop
      vertex 63.8791 46.2781 3
      vertex 63 55 3
      vertex 63.7979 46.2021 3
    endloop
  endfacet
  facet normal 0 0 1
    outer loop
      vertex 63.7979 46.2021 3
      vertex 63 55 3
      vertex 63.7219 46.1209 3
    endloop
  endfacet
  facet normal 0 0 1
    outer loop
      vertex 63.7219 46.1209 3
      vertex 63 55 3
      vertex 63.6513 46.0349 3
    endloop
  endfacet
  facet normal 0 0 1
    outer loop
      vertex 63.6513 46.0349 3
      vertex 63 55 3
      vertex 63.5865 45.9445 3
    endloop
  endfacet
  facet normal 0 0 1
    outer loop
      vertex 63.5865 45.9445 3
      vertex 63 55 3
      vertex 63.5278 45.85 3
    endloop
  endfacet
  facet normal 0 0 1
    outer loop
      vertex 63.5278 45.85 3
      vertex 63 55 3
      vertex 63.4753 45.7519 3
    endloop
  endfacet
  facet normal 0 0 1
    outer loop
      vertex 63.4753 45.7519 3
      vertex 63 55 3
      vertex 63.4294 45.6506 3
    endloop
  endfacet
  facet normal 0 0 1
    outer loop
      vertex 63.4294 45.6506 3
      vertex 63 55 3
      vertex 63.3902 45.5464 3
    endloop
  endfacet
  facet normal 0 0 1
    outer loop
      vertex 63.3902 45.5464 3
      vertex 63 55 3
      vertex 63.3579 45.44 3
    endloop
  endfacet
  facet normal 0 0 1
    outer loop
      vertex 63.3579 45.44 3
      vertex 63 55 3
      vertex 63.3327 45.3317 3
    endloop
  endfacet
  facet normal 0 0 1
    outer loop
      vertex 63.3327 45.3317 3
      vertex 63 55 3
      vertex 63.3145 45.2219 3
    endloop
  endfacet
  facet normal 0 0 1
    outer loop
      vertex 63.3145 45.2219 3
      vertex 32.1554 20.8907 3
      vertex 63.3036 45.1112 3
    endloop
  endfacet
  facet normal 0 -0 1
    outer loop
      vertex 32.1554 20.8907 3
      vertex 63.3145 45.2219 3
      vertex 30.7802 21.1178 3
    endloop
  endfacet
  facet normal 0 0 1
    outer loop
      vertex 30.7802 21.1178 3
      vertex 63.3145 45.2219 3
      vertex 63 55 3
    endloop
  endfacet
  facet normal -0 0 1
    outer loop
      vertex 66.4135 -45.9445 3
      vertex 72.5202 -50.3051 3
      vertex 66.4722 -45.85 3
    endloop
  endfacet
  facet normal -0 0 1
    outer loop
      vertex 66.3487 -46.0349 3
      vertex 72.5202 -50.3051 3
      vertex 66.4135 -45.9445 3
    endloop
  endfacet
  facet normal 0 0 1
    outer loop
      vertex 72.5202 -50.3051 3
      vertex 66.3487 -46.0349 3
      vertex 72.0221 -50.9122 3
    endloop
  endfacet
  facet normal -0 0 1
    outer loop
      vertex 66.2781 -46.1209 3
      vertex 72.0221 -50.9122 3
      vertex 66.3487 -46.0349 3
    endloop
  endfacet
  facet normal 0 0 1
    outer loop
      vertex 72.0221 -50.9122 3
      vertex 66.2781 -46.1209 3
      vertex 71.4853 -51.4853 3
    endloop
  endfacet
  facet normal -0 0 1
    outer loop
      vertex 66.2021 -46.2021 3
      vertex 71.4853 -51.4853 3
      vertex 66.2781 -46.1209 3
    endloop
  endfacet
  facet normal -0 0 1
    outer loop
      vertex 66.1209 -46.2781 3
      vertex 71.4853 -51.4853 3
      vertex 66.2021 -46.2021 3
    endloop
  endfacet
  facet normal 0 0 1
    outer loop
      vertex 71.4853 -51.4853 3
      vertex 66.1209 -46.2781 3
      vertex 70.9122 -52.0221 3
    endloop
  endfacet
  facet normal -0 0 1
    outer loop
      vertex 66.0349 -46.3487 3
      vertex 70.9122 -52.0221 3
      vertex 66.1209 -46.2781 3
    endloop
  endfacet
  facet normal 0 0 1
    outer loop
      vertex 70.9122 -52.0221 3
      vertex 66.0349 -46.3487 3
      vertex 70.3051 -52.5202 3
    endloop
  endfacet
  facet normal -0 0 1
    outer loop
      vertex 65.9445 -46.4135 3
      vertex 70.3051 -52.5202 3
      vertex 66.0349 -46.3487 3
    endloop
  endfacet
  facet normal -0 0 1
    outer loop
      vertex 65.85 -46.4722 3
      vertex 70.3051 -52.5202 3
      vertex 65.9445 -46.4135 3
    endloop
  endfacet
  facet normal 0 0 1
    outer loop
      vertex 70.3051 -52.5202 3
      vertex 65.85 -46.4722 3
      vertex 69.6668 -52.9776 3
    endloop
  endfacet
  facet normal -0 0 1
    outer loop
      vertex 65.7519 -46.5247 3
      vertex 69.6668 -52.9776 3
      vertex 65.85 -46.4722 3
    endloop
  endfacet
  facet normal 0 0 1
    outer loop
      vertex 69.6668 -52.9776 3
      vertex 65.7519 -46.5247 3
      vertex 69 -53.3923 3
    endloop
  endfacet
  facet normal -0 0 1
    outer loop
      vertex 65.6506 -46.5706 3
      vertex 69 -53.3923 3
      vertex 65.7519 -46.5247 3
    endloop
  endfacet
  facet normal -0 0 1
    outer loop
      vertex 65.5464 -46.6098 3
      vertex 69 -53.3923 3
      vertex 65.6506 -46.5706 3
    endloop
  endfacet
  facet normal 0 0 1
    outer loop
      vertex 69 -53.3923 3
      vertex 65.5464 -46.6098 3
      vertex 68.3075 -53.7625 3
    endloop
  endfacet
  facet normal -0 0 1
    outer loop
      vertex 65.44 -46.6421 3
      vertex 68.3075 -53.7625 3
      vertex 65.5464 -46.6098 3
    endloop
  endfacet
  facet normal 0 0 1
    outer loop
      vertex 68.3075 -53.7625 3
      vertex 65.44 -46.6421 3
      vertex 67.5922 -54.0865 3
    endloop
  endfacet
  facet normal -0 0 1
    outer loop
      vertex 65.3316 -46.6673 3
      vertex 67.5922 -54.0865 3
      vertex 65.44 -46.6421 3
    endloop
  endfacet
  facet normal -0 0 1
    outer loop
      vertex 65.2219 -46.6855 3
      vertex 67.5922 -54.0865 3
      vertex 65.3316 -46.6673 3
    endloop
  endfacet
  facet normal 0 0 1
    outer loop
      vertex 67.5922 -54.0865 3
      vertex 65.2219 -46.6855 3
      vertex 66.8573 -54.3632 3
    endloop
  endfacet
  facet normal -0 0 1
    outer loop
      vertex 65.1112 -46.6964 3
      vertex 66.8573 -54.3632 3
      vertex 65.2219 -46.6855 3
    endloop
  endfacet
  facet normal 0 0 1
    outer loop
      vertex 66.8573 -54.3632 3
      vertex 65.1112 -46.6964 3
      vertex 66.1058 -54.5911 3
    endloop
  endfacet
  facet normal -0 0 1
    outer loop
      vertex 65 -46.7 3
      vertex 66.1058 -54.5911 3
      vertex 65.1112 -46.6964 3
    endloop
  endfacet
  facet normal 0 0 1
    outer loop
      vertex 66.1058 -54.5911 3
      vertex 65 -46.7 3
      vertex 65.3411 -54.7694 3
    endloop
  endfacet
  facet normal 0 0 1
    outer loop
      vertex 64.8888 -46.6964 3
      vertex 65.3411 -54.7694 3
      vertex 65 -46.7 3
    endloop
  endfacet
  facet normal 0 0 1
    outer loop
      vertex 64.7781 -46.6855 3
      vertex 65.3411 -54.7694 3
      vertex 64.8888 -46.6964 3
    endloop
  endfacet
  facet normal 0 0 1
    outer loop
      vertex 64.5663 -54.8973 3
      vertex 64.7781 -46.6855 3
      vertex 64.6684 -46.6673 3
    endloop
  endfacet
  facet normal 0 0 1
    outer loop
      vertex 64.7781 -46.6855 3
      vertex 64.5663 -54.8973 3
      vertex 65.3411 -54.7694 3
    endloop
  endfacet
  facet normal 0 0 1
    outer loop
      vertex 63.7848 -54.9743 3
      vertex 64.6684 -46.6673 3
      vertex 64.56 -46.6421 3
    endloop
  endfacet
  facet normal 0 0 1
    outer loop
      vertex 63.7848 -54.9743 3
      vertex 64.56 -46.6421 3
      vertex 64.4536 -46.6098 3
    endloop
  endfacet
  facet normal 0 0 1
    outer loop
      vertex 63 -55 3
      vertex 64.4536 -46.6098 3
      vertex 64.3494 -46.5706 3
    endloop
  endfacet
  facet normal 0 0 1
    outer loop
      vertex 63 -55 3
      vertex 64.3494 -46.5706 3
      vertex 64.2481 -46.5247 3
    endloop
  endfacet
  facet normal 0 0 1
    outer loop
      vertex 63 -55 3
      vertex 64.2481 -46.5247 3
      vertex 64.15 -46.4722 3
    endloop
  endfacet
  facet normal 0 0 1
    outer loop
      vertex 63 -55 3
      vertex 64.15 -46.4722 3
      vertex 64.0555 -46.4135 3
    endloop
  endfacet
  facet normal 0 0 1
    outer loop
      vertex 63 -55 3
      vertex 64.0555 -46.4135 3
      vertex 63.9651 -46.3487 3
    endloop
  endfacet
  facet normal 0 0 1
    outer loop
      vertex 63 -55 3
      vertex 63.9651 -46.3487 3
      vertex 63.8791 -46.2781 3
    endloop
  endfacet
  facet normal 0 0 1
    outer loop
      vertex 63 -55 3
      vertex 63.8791 -46.2781 3
      vertex 63.7979 -46.2021 3
    endloop
  endfacet
  facet normal 0 0 1
    outer loop
      vertex 64.6684 -46.6673 3
      vertex 63.7848 -54.9743 3
      vertex 64.5663 -54.8973 3
    endloop
  endfacet
  facet normal 0 0 1
    outer loop
      vertex 63 -55 3
      vertex 63.7979 -46.2021 3
      vertex 63.7219 -46.1209 3
    endloop
  endfacet
  facet normal 0 0 1
    outer loop
      vertex 63 -55 3
      vertex 63.7219 -46.1209 3
      vertex 63.6513 -46.0349 3
    endloop
  endfacet
  facet normal 0 0 1
    outer loop
      vertex 63 -55 3
      vertex 63.6513 -46.0349 3
      vertex 63.5865 -45.9445 3
    endloop
  endfacet
  facet normal 0 0 1
    outer loop
      vertex 63 -55 3
      vertex 63.5865 -45.9445 3
      vertex 63.5278 -45.85 3
    endloop
  endfacet
  facet normal 0 0 1
    outer loop
      vertex 63 -55 3
      vertex 63.5278 -45.85 3
      vertex 63.4753 -45.7519 3
    endloop
  endfacet
  facet normal 0 0 1
    outer loop
      vertex 63 -55 3
      vertex 63.4753 -45.7519 3
      vertex 63.4294 -45.6506 3
    endloop
  endfacet
  facet normal 0 0 1
    outer loop
      vertex 63 -55 3
      vertex 63.4294 -45.6506 3
      vertex 63.3902 -45.5464 3
    endloop
  endfacet
  facet normal 0 0 1
    outer loop
      vertex 63 -55 3
      vertex 63.3902 -45.5464 3
      vertex 63.3579 -45.44 3
    endloop
  endfacet
  facet normal 0 0 1
    outer loop
      vertex 63 -55 3
      vertex 63.3579 -45.44 3
      vertex 63.3327 -45.3317 3
    endloop
  endfacet
  facet normal 0 0 1
    outer loop
      vertex 63 -55 3
      vertex 63.3327 -45.3317 3
      vertex 63.3145 -45.2219 3
    endloop
  endfacet
  facet normal 0 0 1
    outer loop
      vertex 63 -55 3
      vertex 63.3145 -45.2219 3
      vertex 63.3036 -45.1112 3
    endloop
  endfacet
  facet normal 0 0 1
    outer loop
      vertex 64.4536 -46.6098 3
      vertex 63 -55 3
      vertex 63.7848 -54.9743 3
    endloop
  endfacet
  facet normal 0 0 1
    outer loop
      vertex 63.3 -45 3
      vertex 63 -55 3
      vertex 63.3036 -45.1112 3
    endloop
  endfacet
  facet normal -0 0 1
    outer loop
      vertex 57.148 -24.7716 3
      vertex 64.4536 -43.3902 3
      vertex 57.3269 -24.6906 3
    endloop
  endfacet
  facet normal 0 0 1
    outer loop
      vertex 64.4536 -43.3902 3
      vertex 57.148 -24.7716 3
      vertex 64.3494 -43.4294 3
    endloop
  endfacet
  facet normal 0 0 1
    outer loop
      vertex 75 43 3
      vertex 58.9936 22.1962 3
      vertex 59 22 3
    endloop
  endfacet
  facet normal 0 0 1
    outer loop
      vertex 75 43 3
      vertex 58.9743 22.3916 3
      vertex 58.9936 22.1962 3
    endloop
  endfacet
  facet normal 0 0 1
    outer loop
      vertex 75 43 3
      vertex 58.9424 22.5853 3
      vertex 58.9743 22.3916 3
    endloop
  endfacet
  facet normal 0 0 1
    outer loop
      vertex 75 43 3
      vertex 58.8978 22.7765 3
      vertex 58.9424 22.5853 3
    endloop
  endfacet
  facet normal 0 0 1
    outer loop
      vertex 75 43 3
      vertex 58.8408 22.9643 3
      vertex 58.8978 22.7765 3
    endloop
  endfacet
  facet normal 0 0 1
    outer loop
      vertex 75 43 3
      vertex 58.7716 23.148 3
      vertex 58.8408 22.9643 3
    endloop
  endfacet
  facet normal 0 0 1
    outer loop
      vertex 75 43 3
      vertex 58.6906 23.3269 3
      vertex 58.7716 23.148 3
    endloop
  endfacet
  facet normal 0 0 1
    outer loop
      vertex 75 43 3
      vertex 58.5981 23.5 3
      vertex 58.6906 23.3269 3
    endloop
  endfacet
  facet normal 0 0 1
    outer loop
      vertex 75 43 3
      vertex 58.4944 23.6667 3
      vertex 58.5981 23.5 3
    endloop
  endfacet
  facet normal 0 0 1
    outer loop
      vertex 65.44 43.3579 3
      vertex 58.3801 23.8263 3
      vertex 58.4944 23.6667 3
    endloop
  endfacet
  facet normal 0 0 1
    outer loop
      vertex 65.3316 43.3327 3
      vertex 58.2555 23.978 3
      vertex 58.3801 23.8263 3
    endloop
  endfacet
  facet normal 0 0 1
    outer loop
      vertex 65.2219 43.3145 3
      vertex 58.1213 24.1213 3
      vertex 58.2555 23.978 3
    endloop
  endfacet
  facet normal 0 0 1
    outer loop
      vertex 65.1112 43.3036 3
      vertex 57.978 24.2555 3
      vertex 58.1213 24.1213 3
    endloop
  endfacet
  facet normal 0 0 1
    outer loop
      vertex 64.8888 43.3036 3
      vertex 57.8263 24.3801 3
      vertex 57.978 24.2555 3
    endloop
  endfacet
  facet normal 0 0 1
    outer loop
      vertex 64.7781 43.3145 3
      vertex 57.6667 24.4944 3
      vertex 57.8263 24.3801 3
    endloop
  endfacet
  facet normal 0 0 1
    outer loop
      vertex 64.6684 43.3327 3
      vertex 57.5 24.5981 3
      vertex 57.6667 24.4944 3
    endloop
  endfacet
  facet normal 0 0 1
    outer loop
      vertex 64.56 43.3579 3
      vertex 57.3269 24.6906 3
      vertex 57.5 24.5981 3
    endloop
  endfacet
  facet normal 0 0 1
    outer loop
      vertex 64.4536 43.3902 3
      vertex 57.148 24.7716 3
      vertex 57.3269 24.6906 3
    endloop
  endfacet
  facet normal 0 0 1
    outer loop
      vertex 64.3494 43.4294 3
      vertex 56.9643 24.8408 3
      vertex 57.148 24.7716 3
    endloop
  endfacet
  facet normal 0 0 1
    outer loop
      vertex 64.2481 43.4753 3
      vertex 56.7765 24.8978 3
      vertex 56.9643 24.8408 3
    endloop
  endfacet
  facet normal 0 0 1
    outer loop
      vertex 64.15 43.5278 3
      vertex 56.5853 24.9424 3
      vertex 56.7765 24.8978 3
    endloop
  endfacet
  facet normal 0 0 1
    outer loop
      vertex 64.0555 43.5865 3
      vertex 56.3916 24.9743 3
      vertex 56.5853 24.9424 3
    endloop
  endfacet
  facet normal 0 0 1
    outer loop
      vertex 63.9651 43.6513 3
      vertex 56.1962 24.9936 3
      vertex 56.3916 24.9743 3
    endloop
  endfacet
  facet normal 0 0 1
    outer loop
      vertex 63.7979 43.7979 3
      vertex 56 25 3
      vertex 56.1962 24.9936 3
    endloop
  endfacet
  facet normal 0 0 1
    outer loop
      vertex 63.7219 43.8791 3
      vertex 55.8038 24.9936 3
      vertex 56 25 3
    endloop
  endfacet
  facet normal 0 0 1
    outer loop
      vertex 63.6513 43.9651 3
      vertex 55.6084 24.9743 3
      vertex 55.8038 24.9936 3
    endloop
  endfacet
  facet normal 0 0 1
    outer loop
      vertex 63.5865 44.0555 3
      vertex 55.4147 24.9424 3
      vertex 55.6084 24.9743 3
    endloop
  endfacet
  facet normal 0 0 1
    outer loop
      vertex 63.5278 44.15 3
      vertex 55.2235 24.8978 3
      vertex 55.4147 24.9424 3
    endloop
  endfacet
  facet normal 0 0 1
    outer loop
      vertex 63.4753 44.2481 3
      vertex 55.0357 24.8408 3
      vertex 55.2235 24.8978 3
    endloop
  endfacet
  facet normal 0 0 1
    outer loop
      vertex 63.4294 44.3494 3
      vertex 54.852 24.7716 3
      vertex 55.0357 24.8408 3
    endloop
  endfacet
  facet normal 0 0 1
    outer loop
      vertex 63.3902 44.4536 3
      vertex 54.6731 24.6906 3
      vertex 54.852 24.7716 3
    endloop
  endfacet
  facet normal 0 0 1
    outer loop
      vertex 63.3579 44.56 3
      vertex 54.5 24.5981 3
      vertex 54.6731 24.6906 3
    endloop
  endfacet
  facet normal 0 0 1
    outer loop
      vertex 63.3327 44.6683 3
      vertex 54.3333 24.4944 3
      vertex 54.5 24.5981 3
    endloop
  endfacet
  facet normal 0 0 1
    outer loop
      vertex 63.3145 44.7781 3
      vertex 54.1737 24.3801 3
      vertex 54.3333 24.4944 3
    endloop
  endfacet
  facet normal 0 0 1
    outer loop
      vertex 63.3036 44.8888 3
      vertex 33.5128 20.5742 3
      vertex 54.1737 24.3801 3
    endloop
  endfacet
  facet normal 0 0 1
    outer loop
      vertex 54.1737 24.3801 3
      vertex 33.5128 20.5742 3
      vertex 54.022 24.2555 3
    endloop
  endfacet
  facet normal 0 -0 1
    outer loop
      vertex 34.8467 20.1696 3
      vertex 54.022 24.2555 3
      vertex 33.5128 20.5742 3
    endloop
  endfacet
  facet normal 0 0 1
    outer loop
      vertex 54.022 24.2555 3
      vertex 34.8467 20.1696 3
      vertex 53.8787 24.1213 3
    endloop
  endfacet
  facet normal 0 -0 1
    outer loop
      vertex 36.1512 19.6786 3
      vertex 53.8787 24.1213 3
      vertex 34.8467 20.1696 3
    endloop
  endfacet
  facet normal 0 0 1
    outer loop
      vertex 53.8787 24.1213 3
      vertex 36.1512 19.6786 3
      vertex 53.7445 23.978 3
    endloop
  endfacet
  facet normal 0 0 1
    outer loop
      vertex 53.7445 23.978 3
      vertex 36.1512 19.6786 3
      vertex 53.6199 23.8263 3
    endloop
  endfacet
  facet normal 0 -0 1
    outer loop
      vertex 37.4207 19.1034 3
      vertex 53.6199 23.8263 3
      vertex 36.1512 19.6786 3
    endloop
  endfacet
  facet normal 0 0 1
    outer loop
      vertex 53.6199 23.8263 3
      vertex 37.4207 19.1034 3
      vertex 53.5056 23.6667 3
    endloop
  endfacet
  facet normal 0 0 1
    outer loop
      vertex 53.7445 -20.022 3
      vertex 44.8984 -12.9666 3
      vertex 53.6199 -20.1737 3
    endloop
  endfacet
  facet normal 0 0 1
    outer loop
      vertex 40.9666 16.8984 3
      vertex 53 22 3
      vertex 53.0064 22.1962 3
    endloop
  endfacet
  facet normal 0 0 1
    outer loop
      vertex 40.9666 16.8984 3
      vertex 53.0064 22.1962 3
      vertex 53.0257 22.3916 3
    endloop
  endfacet
  facet normal 0 0 1
    outer loop
      vertex 40.9666 16.8984 3
      vertex 53.0257 22.3916 3
      vertex 53.0576 22.5853 3
    endloop
  endfacet
  facet normal 0 0 1
    outer loop
      vertex 57.8263 19.6199 3
      vertex 49.2544 1.39309 3
      vertex 49.3 0 3
    endloop
  endfacet
  facet normal 0 0 1
    outer loop
      vertex 57.6667 19.5056 3
      vertex 49.1178 2.78021 3
      vertex 49.2544 1.39309 3
    endloop
  endfacet
  facet normal 0 0 1
    outer loop
      vertex 57.3269 19.3094 3
      vertex 48.8907 4.15542 3
      vertex 49.1178 2.78021 3
    endloop
  endfacet
  facet normal 0 0 1
    outer loop
      vertex 56.9643 19.1592 3
      vertex 48.5742 5.51285 3
      vertex 48.8907 4.15542 3
    endloop
  endfacet
  facet normal 0 0 1
    outer loop
      vertex 39.8336 17.7103 3
      vertex 53.0576 22.5853 3
      vertex 53.1022 22.7765 3
    endloop
  endfacet
  facet normal 0 0 1
    outer loop
      vertex 56.3916 19.0257 3
      vertex 48.1696 6.84666 3
      vertex 48.5742 5.51285 3
    endloop
  endfacet
  facet normal 0 0 1
    outer loop
      vertex 39.8336 17.7103 3
      vertex 53.1022 22.7765 3
      vertex 53.1592 22.9643 3
    endloop
  endfacet
  facet normal 0 0 1
    outer loop
      vertex 53.5056 23.6667 3
      vertex 37.4207 19.1034 3
      vertex 53.4019 23.5 3
    endloop
  endfacet
  facet normal 0 0 1
    outer loop
      vertex 56 19 3
      vertex 47.6786 8.15116 3
      vertex 48.1696 6.84666 3
    endloop
  endfacet
  facet normal 0 0 1
    outer loop
      vertex 55.4147 19.0576 3
      vertex 47.1034 9.42075 3
      vertex 47.6786 8.15116 3
    endloop
  endfacet
  facet normal 0 0 1
    outer loop
      vertex 54.852 19.2284 3
      vertex 46.4463 10.65 3
      vertex 47.1034 9.42075 3
    endloop
  endfacet
  facet normal 0 0 1
    outer loop
      vertex 54.3333 19.5056 3
      vertex 45.7103 11.8336 3
      vertex 46.4463 10.65 3
    endloop
  endfacet
  facet normal 0 0 1
    outer loop
      vertex 53.8787 19.8787 3
      vertex 44.8984 12.9666 3
      vertex 45.7103 11.8336 3
    endloop
  endfacet
  facet normal 0 0 1
    outer loop
      vertex 53.5056 20.3333 3
      vertex 44.0142 14.0441 3
      vertex 44.8984 12.9666 3
    endloop
  endfacet
  facet normal 0 0 1
    outer loop
      vertex 53.2284 20.8519 3
      vertex 43.0614 15.0614 3
      vertex 44.0142 14.0441 3
    endloop
  endfacet
  facet normal 0 0 1
    outer loop
      vertex 53.0576 21.4147 3
      vertex 42.0441 16.0142 3
      vertex 43.0614 15.0614 3
    endloop
  endfacet
  facet normal 0 0 1
    outer loop
      vertex 53 22 3
      vertex 40.9666 16.8984 3
      vertex 42.0441 16.0142 3
    endloop
  endfacet
  facet normal 0 0 1
    outer loop
      vertex 53.0576 22.5853 3
      vertex 39.8336 17.7103 3
      vertex 40.9666 16.8984 3
    endloop
  endfacet
  facet normal 0 0 1
    outer loop
      vertex 53.1592 22.9643 3
      vertex 38.65 18.4463 3
      vertex 39.8336 17.7103 3
    endloop
  endfacet
  facet normal 0 0 1
    outer loop
      vertex 53.2284 23.148 3
      vertex 38.65 18.4463 3
      vertex 53.1592 22.9643 3
    endloop
  endfacet
  facet normal 0 0 1
    outer loop
      vertex 53.3094 23.3269 3
      vertex 38.65 18.4463 3
      vertex 53.2284 23.148 3
    endloop
  endfacet
  facet normal 0 -0 1
    outer loop
      vertex 38.65 18.4463 3
      vertex 53.3094 23.3269 3
      vertex 37.4207 19.1034 3
    endloop
  endfacet
  facet normal 0 0 1
    outer loop
      vertex 53.4019 23.5 3
      vertex 37.4207 19.1034 3
      vertex 53.3094 23.3269 3
    endloop
  endfacet
  facet normal 0 0 1
    outer loop
      vertex 63.3 45 3
      vertex 32.1554 20.8907 3
      vertex 33.5128 20.5742 3
    endloop
  endfacet
  facet normal 0 0 1
    outer loop
      vertex 63.3036 45.1112 3
      vertex 32.1554 20.8907 3
      vertex 63.3 45 3
    endloop
  endfacet
  facet normal 0 0 1
    outer loop
      vertex 63 55 3
      vertex 29.3931 21.2544 3
      vertex 30.7802 21.1178 3
    endloop
  endfacet
  facet normal 0 0 1
    outer loop
      vertex 63 55 3
      vertex 28 21.3 3
      vertex 29.3931 21.2544 3
    endloop
  endfacet
  facet normal 0 0 1
    outer loop
      vertex 63 55 3
      vertex 26.6069 21.2544 3
      vertex 28 21.3 3
    endloop
  endfacet
  facet normal 0 0 1
    outer loop
      vertex 63 55 3
      vertex 25.2198 21.1178 3
      vertex 26.6069 21.2544 3
    endloop
  endfacet
  facet normal -0 0 1
    outer loop
      vertex 1.32687 24.6906 3
      vertex 25.2198 21.1178 3
      vertex 63 55 3
    endloop
  endfacet
  facet normal 0 0 1
    outer loop
      vertex 25.2198 21.1178 3
      vertex 1.32687 24.6906 3
      vertex 23.8446 20.8907 3
    endloop
  endfacet
  facet normal -0 -0 1
    outer loop
      vertex 1.5 24.5981 3
      vertex 23.8446 20.8907 3
      vertex 1.32687 24.6906 3
    endloop
  endfacet
  facet normal -0 -0 1
    outer loop
      vertex 1.66671 24.4944 3
      vertex 23.8446 20.8907 3
      vertex 1.5 24.5981 3
    endloop
  endfacet
  facet normal -0 -0 1
    outer loop
      vertex 1.82628 24.3801 3
      vertex 22.4872 20.5742 3
      vertex 1.66671 24.4944 3
    endloop
  endfacet
  facet normal 0 0 1
    outer loop
      vertex 22.4872 20.5742 3
      vertex 1.82628 24.3801 3
      vertex 21.1533 20.1696 3
    endloop
  endfacet
  facet normal -0 -0 1
    outer loop
      vertex 2.12132 24.1213 3
      vertex 21.1533 20.1696 3
      vertex 1.97804 24.2555 3
    endloop
  endfacet
  facet normal -0 -0 1
    outer loop
      vertex 2.25552 23.978 3
      vertex 19.8488 19.6786 3
      vertex 2.12132 24.1213 3
    endloop
  endfacet
  facet normal -0 0 1
    outer loop
      vertex 2.38006 20.1737 3
      vertex 11.1016 12.9666 3
      vertex 2.49441 20.3333 3
    endloop
  endfacet
  facet normal 0 0 1
    outer loop
      vertex 11.9858 14.0441 3
      vertex 2.49441 20.3333 3
      vertex 11.1016 12.9666 3
    endloop
  endfacet
  facet normal -0 0 1
    outer loop
      vertex 2.49441 20.3333 3
      vertex 11.9858 14.0441 3
      vertex 2.59808 20.5 3
    endloop
  endfacet
  facet normal -0 0 1
    outer loop
      vertex 2.59808 20.5 3
      vertex 11.9858 14.0441 3
      vertex 2.69062 20.6731 3
    endloop
  endfacet
  facet normal -0 0 1
    outer loop
      vertex 2.69062 20.6731 3
      vertex 11.9858 14.0441 3
      vertex 2.77164 20.8519 3
    endloop
  endfacet
  facet normal 0 0 1
    outer loop
      vertex 12.9386 15.0614 3
      vertex 2.77164 20.8519 3
      vertex 11.9858 14.0441 3
    endloop
  endfacet
  facet normal -0 0 1
    outer loop
      vertex 2.77164 20.8519 3
      vertex 12.9386 15.0614 3
      vertex 2.84079 21.0357 3
    endloop
  endfacet
  facet normal -0 0 1
    outer loop
      vertex 2.84079 21.0357 3
      vertex 12.9386 15.0614 3
      vertex 2.89778 21.2235 3
    endloop
  endfacet
  facet normal -0 0 1
    outer loop
      vertex 2.89778 21.2235 3
      vertex 12.9386 15.0614 3
      vertex 2.94236 21.4147 3
    endloop
  endfacet
  facet normal 0 0 1
    outer loop
      vertex 13.9559 16.0142 3
      vertex 2.94236 21.4147 3
      vertex 12.9386 15.0614 3
    endloop
  endfacet
  facet normal -0 0 1
    outer loop
      vertex 2.94236 21.4147 3
      vertex 13.9559 16.0142 3
      vertex 2.97433 21.6084 3
    endloop
  endfacet
  facet normal -0 0 1
    outer loop
      vertex 2.97433 21.6084 3
      vertex 13.9559 16.0142 3
      vertex 2.99358 21.8038 3
    endloop
  endfacet
  facet normal -0 0 1
    outer loop
      vertex 2.99358 21.8038 3
      vertex 13.9559 16.0142 3
      vertex 3 22 3
    endloop
  endfacet
  facet normal 0 0 1
    outer loop
      vertex 15.0334 16.8984 3
      vertex 3 22 3
      vertex 13.9559 16.0142 3
    endloop
  endfacet
  facet normal 0 0 1
    outer loop
      vertex 19.8488 19.6786 3
      vertex 2.38006 23.8263 3
      vertex 18.5793 19.1034 3
    endloop
  endfacet
  facet normal 0 0 1
    outer loop
      vertex 15.0334 16.8984 3
      vertex 2.99358 22.1962 3
      vertex 3 22 3
    endloop
  endfacet
  facet normal 0 0 1
    outer loop
      vertex 15.0334 16.8984 3
      vertex 2.97433 22.3916 3
      vertex 2.99358 22.1962 3
    endloop
  endfacet
  facet normal 0 0 1
    outer loop
      vertex 15.0334 16.8984 3
      vertex 2.94236 22.5853 3
      vertex 2.97433 22.3916 3
    endloop
  endfacet
  facet normal 0 0 1
    outer loop
      vertex 16.1664 17.7103 3
      vertex 2.94236 22.5853 3
      vertex 15.0334 16.8984 3
    endloop
  endfacet
  facet normal -0 -0 1
    outer loop
      vertex 2.94236 22.5853 3
      vertex 16.1664 17.7103 3
      vertex 2.89778 22.7765 3
    endloop
  endfacet
  facet normal -0 -0 1
    outer loop
      vertex 2.89778 22.7765 3
      vertex 16.1664 17.7103 3
      vertex 2.84079 22.9643 3
    endloop
  endfacet
  facet normal 0 0 1
    outer loop
      vertex 17.35 18.4463 3
      vertex 2.84079 22.9643 3
      vertex 16.1664 17.7103 3
    endloop
  endfacet
  facet normal -0 -0 1
    outer loop
      vertex 2.84079 22.9643 3
      vertex 17.35 18.4463 3
      vertex 2.77164 23.148 3
    endloop
  endfacet
  facet normal -0 -0 1
    outer loop
      vertex 2.77164 23.148 3
      vertex 17.35 18.4463 3
      vertex 2.69062 23.3269 3
    endloop
  endfacet
  facet normal -0 -0 1
    outer loop
      vertex 2.69062 23.3269 3
      vertex 17.35 18.4463 3
      vertex 2.59808 23.5 3
    endloop
  endfacet
  facet normal 0 0 1
    outer loop
      vertex 18.5793 19.1034 3
      vertex 2.59808 23.5 3
      vertex 17.35 18.4463 3
    endloop
  endfacet
  facet normal -0 -0 1
    outer loop
      vertex 2.59808 23.5 3
      vertex 18.5793 19.1034 3
      vertex 2.49441 23.6667 3
    endloop
  endfacet
  facet normal -0 -0 1
    outer loop
      vertex 2.49441 23.6667 3
      vertex 18.5793 19.1034 3
      vertex 2.38006 23.8263 3
    endloop
  endfacet
  facet normal -0 -0 1
    outer loop
      vertex 2.38006 23.8263 3
      vertex 19.8488 19.6786 3
      vertex 2.25552 23.978 3
    endloop
  endfacet
  facet normal 0 0 1
    outer loop
      vertex 21.1533 20.1696 3
      vertex 2.12132 24.1213 3
      vertex 19.8488 19.6786 3
    endloop
  endfacet
  facet normal -0 -0 1
    outer loop
      vertex 1.97804 24.2555 3
      vertex 21.1533 20.1696 3
      vertex 1.82628 24.3801 3
    endloop
  endfacet
  facet normal 0 0 1
    outer loop
      vertex 23.8446 20.8907 3
      vertex 1.66671 24.4944 3
      vertex 22.4872 20.5742 3
    endloop
  endfacet
  facet normal 0 0 1
    outer loop
      vertex 63 55 3
      vertex 1.14805 24.7716 3
      vertex 1.32687 24.6906 3
    endloop
  endfacet
  facet normal 0 0 1
    outer loop
      vertex 63 55 3
      vertex 0.964318 24.8408 3
      vertex 1.14805 24.7716 3
    endloop
  endfacet
  facet normal 0 0 1
    outer loop
      vertex 63 55 3
      vertex 0.776457 24.8978 3
      vertex 0.964318 24.8408 3
    endloop
  endfacet
  facet normal 0 0 1
    outer loop
      vertex 63 55 3
      vertex 0.585271 24.9424 3
      vertex 0.776457 24.8978 3
    endloop
  endfacet
  facet normal 0 0 1
    outer loop
      vertex 63 55 3
      vertex 0.391578 24.9743 3
      vertex 0.585271 24.9424 3
    endloop
  endfacet
  facet normal 0 0 1
    outer loop
      vertex 63 55 3
      vertex 0.196209 24.9936 3
      vertex 0.391578 24.9743 3
    endloop
  endfacet
  facet normal 0 0 1
    outer loop
      vertex 63 55 3
      vertex 0 25 3
      vertex 0.196209 24.9936 3
    endloop
  endfacet
  facet normal -0 0 1
    outer loop
      vertex -63 55 3
      vertex 0 25 3
      vertex 63 55 3
    endloop
  endfacet
  facet normal 0 0 1
    outer loop
      vertex 0 25 3
      vertex -63 55 3
      vertex -0.196209 24.9936 3
    endloop
  endfacet
  facet normal 0 0 1
    outer loop
      vertex -0.196209 24.9936 3
      vertex -63 55 3
      vertex -0.391578 24.9743 3
    endloop
  endfacet
  facet normal 0 0 1
    outer loop
      vertex -0.391578 24.9743 3
      vertex -63 55 3
      vertex -0.585271 24.9424 3
    endloop
  endfacet
  facet normal 0 0 1
    outer loop
      vertex -0.585271 24.9424 3
      vertex -63 55 3
      vertex -0.776457 24.8978 3
    endloop
  endfacet
  facet normal 0 0 1
    outer loop
      vertex -0.776457 24.8978 3
      vertex -63 55 3
      vertex -0.964318 24.8408 3
    endloop
  endfacet
  facet normal 0 0 1
    outer loop
      vertex -0.964318 24.8408 3
      vertex -63 55 3
      vertex -1.14805 24.7716 3
    endloop
  endfacet
  facet normal 0 0 1
    outer loop
      vertex -2.59808 -20.5 3
      vertex -25.9594 -8.40348 3
      vertex -2.69062 -20.6731 3
    endloop
  endfacet
  facet normal 0 0 1
    outer loop
      vertex -28.715 12.5276 3
      vertex -3 22 3
      vertex -2.99358 22.1962 3
    endloop
  endfacet
  facet normal 0 0 1
    outer loop
      vertex -29.565 13.435 3
      vertex -2.99358 22.1962 3
      vertex -2.97433 22.3916 3
    endloop
  endfacet
  facet normal 0 0 1
    outer loop
      vertex -29.565 13.435 3
      vertex -2.97433 22.3916 3
      vertex -2.94236 22.5853 3
    endloop
  endfacet
  facet normal 0 0 1
    outer loop
      vertex -30.4724 14.285 3
      vertex -2.94236 22.5853 3
      vertex -2.89778 22.7765 3
    endloop
  endfacet
  facet normal 0 0 1
    outer loop
      vertex -30.4724 14.285 3
      vertex -2.89778 22.7765 3
      vertex -2.84079 22.9643 3
    endloop
  endfacet
  facet normal 0 0 1
    outer loop
      vertex -31.4335 15.0737 3
      vertex -2.84079 22.9643 3
      vertex -2.77164 23.148 3
    endloop
  endfacet
  facet normal 0 0 1
    outer loop
      vertex -31.4335 15.0737 3
      vertex -2.77164 23.148 3
      vertex -2.69062 23.3269 3
    endloop
  endfacet
  facet normal 0 0 1
    outer loop
      vertex -32.4442 15.7979 3
      vertex -2.69062 23.3269 3
      vertex -2.59808 23.5 3
    endloop
  endfacet
  facet normal 0 0 1
    outer loop
      vertex -33.5 16.4545 3
      vertex -2.59808 23.5 3
      vertex -2.49441 23.6667 3
    endloop
  endfacet
  facet normal 0 0 1
    outer loop
      vertex -33.5 16.4545 3
      vertex -2.49441 23.6667 3
      vertex -2.38006 23.8263 3
    endloop
  endfacet
  facet normal 0 0 1
    outer loop
      vertex -34.5965 17.0406 3
      vertex -2.38006 23.8263 3
      vertex -2.25552 23.978 3
    endloop
  endfacet
  facet normal 0 0 1
    outer loop
      vertex 6.7 0 3
      vertex -24.0407 1.24266 3
      vertex -24 0 3
    endloop
  endfacet
  facet normal 0 0 1
    outer loop
      vertex -35.729 17.5537 3
      vertex -2.25552 23.978 3
      vertex -2.12132 24.1213 3
    endloop
  endfacet
  facet normal 0 0 1
    outer loop
      vertex 6.7456 1.39309 3
      vertex -24.0407 1.24266 3
      vertex 6.7 0 3
    endloop
  endfacet
  facet normal 0 0 1
    outer loop
      vertex -1.5 19.4019 3
      vertex -24.3651 3.70672 3
      vertex -24.1625 2.48 3
    endloop
  endfacet
  facet normal 0 0 1
    outer loop
      vertex -35.729 17.5537 3
      vertex -2.12132 24.1213 3
      vertex -1.97804 24.2555 3
    endloop
  endfacet
  facet normal 0 0 1
    outer loop
      vertex -1.82628 19.6199 3
      vertex -24.6474 4.91756 3
      vertex -24.3651 3.70672 3
    endloop
  endfacet
  facet normal 0 0 1
    outer loop
      vertex -2.12132 19.8787 3
      vertex -25.0083 6.10735 3
      vertex -24.6474 4.91756 3
    endloop
  endfacet
  facet normal 0 0 1
    outer loop
      vertex -36.8927 17.9917 3
      vertex -1.97804 24.2555 3
      vertex -1.82628 24.3801 3
    endloop
  endfacet
  facet normal 0 0 1
    outer loop
      vertex -2.25552 20.022 3
      vertex -25.4463 7.27098 3
      vertex -25.0083 6.10735 3
    endloop
  endfacet
  facet normal 0 0 1
    outer loop
      vertex -2.49441 20.3333 3
      vertex -25.9594 8.40348 3
      vertex -25.4463 7.27098 3
    endloop
  endfacet
  facet normal 0 0 1
    outer loop
      vertex -63 55 3
      vertex -1.82628 24.3801 3
      vertex -1.66671 24.4944 3
    endloop
  endfacet
  facet normal 0 0 1
    outer loop
      vertex -2.69062 20.6731 3
      vertex -26.5455 9.5 3
      vertex -25.9594 8.40348 3
    endloop
  endfacet
  facet normal 0 0 1
    outer loop
      vertex -63 55 3
      vertex -1.66671 24.4944 3
      vertex -1.5 24.5981 3
    endloop
  endfacet
  facet normal 0 0 1
    outer loop
      vertex -2.84079 21.0357 3
      vertex -27.2021 10.5558 3
      vertex -26.5455 9.5 3
    endloop
  endfacet
  facet normal 0 0 1
    outer loop
      vertex -2.94236 21.4147 3
      vertex -27.9263 11.5665 3
      vertex -27.2021 10.5558 3
    endloop
  endfacet
  facet normal 0 0 1
    outer loop
      vertex -63 55 3
      vertex -1.5 24.5981 3
      vertex -1.32687 24.6906 3
    endloop
  endfacet
  facet normal 0 0 1
    outer loop
      vertex -2.99358 21.8038 3
      vertex -28.715 12.5276 3
      vertex -27.9263 11.5665 3
    endloop
  endfacet
  facet normal 0 0 1
    outer loop
      vertex -1.14805 24.7716 3
      vertex -63 55 3
      vertex -1.32687 24.6906 3
    endloop
  endfacet
  facet normal 0 0 1
    outer loop
      vertex -2.99358 22.1962 3
      vertex -29.565 13.435 3
      vertex -28.715 12.5276 3
    endloop
  endfacet
  facet normal 0 0 1
    outer loop
      vertex -2.94236 22.5853 3
      vertex -30.4724 14.285 3
      vertex -29.565 13.435 3
    endloop
  endfacet
  facet normal 0 0 1
    outer loop
      vertex -2.84079 22.9643 3
      vertex -31.4335 15.0737 3
      vertex -30.4724 14.285 3
    endloop
  endfacet
  facet normal 0 0 1
    outer loop
      vertex -2.69062 23.3269 3
      vertex -32.4442 15.7979 3
      vertex -31.4335 15.0737 3
    endloop
  endfacet
  facet normal 0 0 1
    outer loop
      vertex -2.59808 23.5 3
      vertex -33.5 16.4545 3
      vertex -32.4442 15.7979 3
    endloop
  endfacet
  facet normal 0 0 1
    outer loop
      vertex -1.82628 24.3801 3
      vertex -63 55 3
      vertex -36.8927 17.9917 3
    endloop
  endfacet
  facet normal 0 0 1
    outer loop
      vertex -2.38006 23.8263 3
      vertex -34.5965 17.0406 3
      vertex -33.5 16.4545 3
    endloop
  endfacet
  facet normal 0 0 1
    outer loop
      vertex -2.25552 23.978 3
      vertex -35.729 17.5537 3
      vertex -34.5965 17.0406 3
    endloop
  endfacet
  facet normal 0 0 1
    outer loop
      vertex -1.97804 24.2555 3
      vertex -36.8927 17.9917 3
      vertex -35.729 17.5537 3
    endloop
  endfacet
  facet normal 0 0 1
    outer loop
      vertex -36.8927 17.9917 3
      vertex -63 55 3
      vertex -38.0824 18.3526 3
    endloop
  endfacet
  facet normal 0 0 1
    outer loop
      vertex -38.0824 18.3526 3
      vertex -63 55 3
      vertex -39.2933 18.6349 3
    endloop
  endfacet
  facet normal -0 0 1
    outer loop
      vertex -63.3 45 3
      vertex -39.2933 18.6349 3
      vertex -63 55 3
    endloop
  endfacet
  facet normal 0 0 1
    outer loop
      vertex -39.2933 18.6349 3
      vertex -63.3 45 3
      vertex -40.52 18.8375 3
    endloop
  endfacet
  facet normal -0 0 1
    outer loop
      vertex -63.3036 44.8888 3
      vertex -40.52 18.8375 3
      vertex -63.3 45 3
    endloop
  endfacet
  facet normal 0 0 1
    outer loop
      vertex -40.52 18.8375 3
      vertex -63.3036 44.8888 3
      vertex -41.7573 18.9593 3
    endloop
  endfacet
  facet normal -0 0 1
    outer loop
      vertex -63.3145 44.7781 3
      vertex -41.7573 18.9593 3
      vertex -63.3036 44.8888 3
    endloop
  endfacet
  facet normal 0 0 1
    outer loop
      vertex -41.7573 18.9593 3
      vertex -63.3145 44.7781 3
      vertex -43 19 3
    endloop
  endfacet
  facet normal -0 0 1
    outer loop
      vertex -63.3327 44.6683 3
      vertex -43 19 3
      vertex -63.3145 44.7781 3
    endloop
  endfacet
  facet normal 0 0 1
    outer loop
      vertex -50.271 17.5537 3
      vertex -64.15 43.5278 3
      vertex -51.4035 17.0406 3
    endloop
  endfacet
  facet normal -0 0 1
    outer loop
      vertex -64.15 43.5278 3
      vertex -50.271 17.5537 3
      vertex -64.0555 43.5865 3
    endloop
  endfacet
  facet normal -0 0 1
    outer loop
      vertex -64.0555 43.5865 3
      vertex -50.271 17.5537 3
      vertex -63.9651 43.6513 3
    endloop
  endfacet
  facet normal 0 0 1
    outer loop
      vertex -49.1073 17.9917 3
      vertex -63.9651 43.6513 3
      vertex -50.271 17.5537 3
    endloop
  endfacet
  facet normal -0 0 1
    outer loop
      vertex -63.9651 43.6513 3
      vertex -49.1073 17.9917 3
      vertex -63.8791 43.7219 3
    endloop
  endfacet
  facet normal -0 0 1
    outer loop
      vertex -63.8791 43.7219 3
      vertex -49.1073 17.9917 3
      vertex -63.7979 43.7979 3
    endloop
  endfacet
  facet normal 0 0 1
    outer loop
      vertex -47.9176 18.3526 3
      vertex -63.7979 43.7979 3
      vertex -49.1073 17.9917 3
    endloop
  endfacet
  facet normal -0 0 1
    outer loop
      vertex -63.7979 43.7979 3
      vertex -47.9176 18.3526 3
      vertex -63.7219 43.8791 3
    endloop
  endfacet
  facet normal -0 0 1
    outer loop
      vertex -63.7219 43.8791 3
      vertex -47.9176 18.3526 3
      vertex -63.6513 43.9651 3
    endloop
  endfacet
  facet normal 0 0 1
    outer loop
      vertex -46.7067 18.6349 3
      vertex -63.6513 43.9651 3
      vertex -47.9176 18.3526 3
    endloop
  endfacet
  facet normal -0 0 1
    outer loop
      vertex -63.6513 43.9651 3
      vertex -46.7067 18.6349 3
      vertex -63.5865 44.0555 3
    endloop
  endfacet
  facet normal -0 0 1
    outer loop
      vertex -63.5865 44.0555 3
      vertex -46.7067 18.6349 3
      vertex -63.5278 44.15 3
    endloop
  endfacet
  facet normal 0 0 1
    outer loop
      vertex -45.48 18.8375 3
      vertex -63.5278 44.15 3
      vertex -46.7067 18.6349 3
    endloop
  endfacet
  facet normal -0 0 1
    outer loop
      vertex -63.5278 44.15 3
      vertex -45.48 18.8375 3
      vertex -63.4753 44.2481 3
    endloop
  endfacet
  facet normal -0 0 1
    outer loop
      vertex -63.4753 44.2481 3
      vertex -45.48 18.8375 3
      vertex -63.4294 44.3494 3
    endloop
  endfacet
  facet normal 0 0 1
    outer loop
      vertex -44.2427 18.9593 3
      vertex -63.4294 44.3494 3
      vertex -45.48 18.8375 3
    endloop
  endfacet
  facet normal -0 0 1
    outer loop
      vertex -63.4294 44.3494 3
      vertex -44.2427 18.9593 3
      vertex -63.3902 44.4536 3
    endloop
  endfacet
  facet normal -0 0 1
    outer loop
      vertex -63.3902 44.4536 3
      vertex -44.2427 18.9593 3
      vertex -63.3579 44.56 3
    endloop
  endfacet
  facet normal 0 0 1
    outer loop
      vertex -43 19 3
      vertex -63.3579 44.56 3
      vertex -44.2427 18.9593 3
    endloop
  endfacet
  facet normal -0 0 1
    outer loop
      vertex -63.3579 44.56 3
      vertex -43 19 3
      vertex -63.3327 44.6683 3
    endloop
  endfacet
  facet normal -0.910851 -0.412736 0
    outer loop
      vertex -2.69062 20.6731 3
      vertex -2.77164 20.8519 9
      vertex -2.77164 20.8519 3
    endloop
  endfacet
  facet normal -0.910851 -0.412736 0
    outer loop
      vertex -2.77164 20.8519 9
      vertex -2.69062 20.6731 3
      vertex -2.69062 20.6731 9
    endloop
  endfacet
  facet normal -0.812889 -0.582418 0
    outer loop
      vertex -2.38006 20.1737 3
      vertex -2.49441 20.3333 9
      vertex -2.49441 20.3333 3
    endloop
  endfacet
  facet normal -0.812889 -0.582418 0
    outer loop
      vertex -2.49441 20.3333 9
      vertex -2.38006 20.1737 3
      vertex -2.38006 20.1737 9
    endloop
  endfacet
  facet normal -0.352465 -0.935825 0
    outer loop
      vertex -1.14805 19.2284 3
      vertex -0.964318 19.1592 9
      vertex -1.14805 19.2284 9
    endloop
  endfacet
  facet normal -0.352465 -0.935825 -0
    outer loop
      vertex -0.964318 19.1592 9
      vertex -1.14805 19.2284 3
      vertex -0.964318 19.1592 3
    endloop
  endfacet
  facet normal -0.0983089 -0.995156 0
    outer loop
      vertex -0.391578 19.0257 3
      vertex -0.196209 19.0064 9
      vertex -0.391578 19.0257 9
    endloop
  endfacet
  facet normal -0.0983089 -0.995156 -0
    outer loop
      vertex -0.196209 19.0064 9
      vertex -0.391578 19.0257 3
      vertex -0.196209 19.0064 3
    endloop
  endfacet
  facet normal -0.528189 -0.849127 0
    outer loop
      vertex -1.66671 19.5056 3
      vertex -1.5 19.4019 9
      vertex -1.66671 19.5056 9
    endloop
  endfacet
  facet normal -0.528189 -0.849127 -0
    outer loop
      vertex -1.5 19.4019 9
      vertex -1.66671 19.5056 3
      vertex -1.5 19.4019 3
    endloop
  endfacet
  facet normal -0.683602 -0.729855 0
    outer loop
      vertex -2.12132 19.8787 3
      vertex -1.97804 19.7445 9
      vertex -2.12132 19.8787 9
    endloop
  endfacet
  facet normal -0.683602 -0.729855 -0
    outer loop
      vertex -1.97804 19.7445 9
      vertex -2.12132 19.8787 3
      vertex -1.97804 19.7445 3
    endloop
  endfacet
  facet normal -0.729902 -0.683551 0
    outer loop
      vertex -2.12132 19.8787 3
      vertex -2.25552 20.022 9
      vertex -2.25552 20.022 3
    endloop
  endfacet
  facet normal -0.729902 -0.683551 0
    outer loop
      vertex -2.25552 20.022 9
      vertex -2.12132 19.8787 3
      vertex -2.12132 19.8787 9
    endloop
  endfacet
  facet normal 0.0326009 0.999468 -0
    outer loop
      vertex 0.196209 24.9936 3
      vertex 0 25 9
      vertex 0.196209 24.9936 9
    endloop
  endfacet
  facet normal 0.0326009 0.999468 0
    outer loop
      vertex 0 25 9
      vertex 0.196209 24.9936 3
      vertex 0 25 3
    endloop
  endfacet
  facet normal 0.986652 0.162846 0
    outer loop
      vertex 2.97433 22.3916 9
      vertex 2.94236 22.5853 3
      vertex 2.94236 22.5853 9
    endloop
  endfacet
  facet normal 0.986652 0.162846 0
    outer loop
      vertex 2.94236 22.5853 3
      vertex 2.97433 22.3916 9
      vertex 2.97433 22.3916 3
    endloop
  endfacet
  facet normal 0.95691 0.290385 0
    outer loop
      vertex 2.89778 22.7765 9
      vertex 2.84079 22.9643 3
      vertex 2.84079 22.9643 9
    endloop
  endfacet
  facet normal 0.95691 0.290385 0
    outer loop
      vertex 2.84079 22.9643 3
      vertex 2.89778 22.7765 9
      vertex 2.89778 22.7765 3
    endloop
  endfacet
  facet normal 0.162504 0.986708 -0
    outer loop
      vertex 0.585271 24.9424 3
      vertex 0.391578 24.9743 9
      vertex 0.585271 24.9424 9
    endloop
  endfacet
  facet normal 0.162504 0.986708 0
    outer loop
      vertex 0.391578 24.9743 9
      vertex 0.585271 24.9424 3
      vertex 0.391578 24.9743 3
    endloop
  endfacet
  facet normal 0.290345 0.956922 -0
    outer loop
      vertex 0.964318 24.8408 3
      vertex 0.776457 24.8978 9
      vertex 0.964318 24.8408 9
    endloop
  endfacet
  facet normal 0.290345 0.956922 0
    outer loop
      vertex 0.776457 24.8978 9
      vertex 0.964318 24.8408 3
      vertex 0.776457 24.8978 3
    endloop
  endfacet
  facet normal 0.352465 0.935825 -0
    outer loop
      vertex 1.14805 24.7716 3
      vertex 0.964318 24.8408 9
      vertex 1.14805 24.7716 9
    endloop
  endfacet
  facet normal 0.352465 0.935825 0
    outer loop
      vertex 0.964318 24.8408 9
      vertex 1.14805 24.7716 3
      vertex 0.964318 24.8408 3
    endloop
  endfacet
  facet normal 0.227181 0.973853 -0
    outer loop
      vertex 0.776457 24.8978 3
      vertex 0.585271 24.9424 9
      vertex 0.776457 24.8978 9
    endloop
  endfacet
  facet normal 0.227181 0.973853 0
    outer loop
      vertex 0.585271 24.9424 9
      vertex 0.776457 24.8978 3
      vertex 0.585271 24.9424 3
    endloop
  endfacet
  facet normal 0.683602 0.729855 -0
    outer loop
      vertex 2.12132 24.1213 3
      vertex 1.97804 24.2555 9
      vertex 2.12132 24.1213 9
    endloop
  endfacet
  facet normal 0.683602 0.729855 0
    outer loop
      vertex 1.97804 24.2555 9
      vertex 2.12132 24.1213 3
      vertex 1.97804 24.2555 3
    endloop
  endfacet
  facet normal 0.528189 0.849127 -0
    outer loop
      vertex 1.66671 24.4944 3
      vertex 1.5 24.5981 9
      vertex 1.66671 24.4944 9
    endloop
  endfacet
  facet normal 0.528189 0.849127 0
    outer loop
      vertex 1.5 24.5981 9
      vertex 1.66671 24.4944 3
      vertex 1.5 24.5981 3
    endloop
  endfacet
  facet normal 0.582322 0.812958 -0
    outer loop
      vertex 1.82628 24.3801 3
      vertex 1.66671 24.4944 9
      vertex 1.82628 24.3801 9
    endloop
  endfacet
  facet normal 0.582322 0.812958 0
    outer loop
      vertex 1.66671 24.4944 9
      vertex 1.82628 24.3801 3
      vertex 1.66671 24.4944 3
    endloop
  endfacet
  facet normal 0.910938 0.412544 0
    outer loop
      vertex 2.77164 23.148 9
      vertex 2.69062 23.3269 3
      vertex 2.69062 23.3269 9
    endloop
  endfacet
  facet normal 0.910938 0.412544 0
    outer loop
      vertex 2.69062 23.3269 3
      vertex 2.77164 23.148 9
      vertex 2.77164 23.148 3
    endloop
  endfacet
  facet normal 0.881887 0.471461 0
    outer loop
      vertex 2.69062 23.3269 9
      vertex 2.59808 23.5 3
      vertex 2.59808 23.5 9
    endloop
  endfacet
  facet normal 0.881887 0.471461 0
    outer loop
      vertex 2.59808 23.5 3
      vertex 2.69062 23.3269 9
      vertex 2.69062 23.3269 3
    endloop
  endfacet
  facet normal 0.935889 0.352296 0
    outer loop
      vertex 2.84079 22.9643 9
      vertex 2.77164 23.148 3
      vertex 2.77164 23.148 9
    endloop
  endfacet
  facet normal 0.935889 0.352296 0
    outer loop
      vertex 2.77164 23.148 3
      vertex 2.84079 22.9643 9
      vertex 2.84079 22.9643 3
    endloop
  endfacet
  facet normal 0.849181 0.528102 0
    outer loop
      vertex 2.59808 23.5 9
      vertex 2.49441 23.6667 3
      vertex 2.49441 23.6667 9
    endloop
  endfacet
  facet normal 0.849181 0.528102 0
    outer loop
      vertex 2.49441 23.6667 3
      vertex 2.59808 23.5 9
      vertex 2.59808 23.5 3
    endloop
  endfacet
  facet normal -0.0983089 0.995156 0
    outer loop
      vertex -0.196209 24.9936 3
      vertex -0.391578 24.9743 9
      vertex -0.196209 24.9936 9
    endloop
  endfacet
  facet normal -0.0983089 0.995156 0
    outer loop
      vertex -0.391578 24.9743 9
      vertex -0.196209 24.9936 3
      vertex -0.391578 24.9743 3
    endloop
  endfacet
  facet normal -0.290345 0.956922 0
    outer loop
      vertex -0.776457 24.8978 3
      vertex -0.964318 24.8408 9
      vertex -0.776457 24.8978 9
    endloop
  endfacet
  facet normal -0.290345 0.956922 0
    outer loop
      vertex -0.964318 24.8408 9
      vertex -0.776457 24.8978 3
      vertex -0.964318 24.8408 3
    endloop
  endfacet
  facet normal -0.471239 0.882006 0
    outer loop
      vertex -1.32687 24.6906 3
      vertex -1.5 24.5981 9
      vertex -1.32687 24.6906 9
    endloop
  endfacet
  facet normal -0.471239 0.882006 0
    outer loop
      vertex -1.5 24.5981 9
      vertex -1.32687 24.6906 3
      vertex -1.5 24.5981 3
    endloop
  endfacet
  facet normal -0.634557 0.772876 0
    outer loop
      vertex -1.82628 24.3801 3
      vertex -1.97804 24.2555 9
      vertex -1.82628 24.3801 9
    endloop
  endfacet
  facet normal -0.634557 0.772876 0
    outer loop
      vertex -1.97804 24.2555 9
      vertex -1.82628 24.3801 3
      vertex -1.97804 24.2555 3
    endloop
  endfacet
  facet normal -0.582322 0.812958 0
    outer loop
      vertex -1.66671 24.4944 3
      vertex -1.82628 24.3801 9
      vertex -1.66671 24.4944 9
    endloop
  endfacet
  facet normal -0.582322 0.812958 0
    outer loop
      vertex -1.82628 24.3801 9
      vertex -1.66671 24.4944 3
      vertex -1.82628 24.3801 3
    endloop
  endfacet
  facet normal -0.973879 0.227069 0
    outer loop
      vertex -2.94236 22.5853 3
      vertex -2.89778 22.7765 9
      vertex -2.89778 22.7765 3
    endloop
  endfacet
  facet normal -0.973879 0.227069 0
    outer loop
      vertex -2.89778 22.7765 9
      vertex -2.94236 22.5853 3
      vertex -2.94236 22.5853 9
    endloop
  endfacet
  facet normal -0.986652 0.162846 0
    outer loop
      vertex -2.97433 22.3916 3
      vertex -2.94236 22.5853 9
      vertex -2.94236 22.5853 3
    endloop
  endfacet
  facet normal -0.986652 0.162846 0
    outer loop
      vertex -2.94236 22.5853 9
      vertex -2.97433 22.3916 3
      vertex -2.97433 22.3916 9
    endloop
  endfacet
  facet normal -0.999465 0.0327042 0
    outer loop
      vertex -3 22 3
      vertex -2.99358 22.1962 9
      vertex -2.99358 22.1962 3
    endloop
  endfacet
  facet normal -0.999465 0.0327042 0
    outer loop
      vertex -2.99358 22.1962 9
      vertex -3 22 3
      vertex -3 22 9
    endloop
  endfacet
  facet normal -0.881887 0.471461 0
    outer loop
      vertex -2.69062 23.3269 3
      vertex -2.59808 23.5 9
      vertex -2.59808 23.5 3
    endloop
  endfacet
  facet normal -0.881887 0.471461 0
    outer loop
      vertex -2.59808 23.5 9
      vertex -2.69062 23.3269 3
      vertex -2.69062 23.3269 9
    endloop
  endfacet
  facet normal -0.849181 0.528102 0
    outer loop
      vertex -2.59808 23.5 3
      vertex -2.49441 23.6667 9
      vertex -2.49441 23.6667 3
    endloop
  endfacet
  facet normal -0.849181 0.528102 0
    outer loop
      vertex -2.49441 23.6667 9
      vertex -2.59808 23.5 3
      vertex -2.59808 23.5 9
    endloop
  endfacet
  facet normal -0.910938 0.412544 0
    outer loop
      vertex -2.77164 23.148 3
      vertex -2.69062 23.3269 9
      vertex -2.69062 23.3269 3
    endloop
  endfacet
  facet normal -0.910938 0.412544 0
    outer loop
      vertex -2.69062 23.3269 9
      vertex -2.77164 23.148 3
      vertex -2.77164 23.148 9
    endloop
  endfacet
  facet normal 0.973879 0.227069 0
    outer loop
      vertex 2.94236 22.5853 9
      vertex 2.89778 22.7765 3
      vertex 2.89778 22.7765 9
    endloop
  endfacet
  facet normal 0.973879 0.227069 0
    outer loop
      vertex 2.89778 22.7765 3
      vertex 2.94236 22.5853 9
      vertex 2.94236 22.5853 3
    endloop
  endfacet
  facet normal 0.0983089 0.995156 -0
    outer loop
      vertex 0.391578 24.9743 3
      vertex 0.196209 24.9936 9
      vertex 0.391578 24.9743 9
    endloop
  endfacet
  facet normal 0.0983089 0.995156 0
    outer loop
      vertex 0.196209 24.9936 9
      vertex 0.391578 24.9743 3
      vertex 0.196209 24.9936 3
    endloop
  endfacet
  facet normal 0.729902 0.683551 0
    outer loop
      vertex 2.25552 23.978 9
      vertex 2.12132 24.1213 3
      vertex 2.12132 24.1213 9
    endloop
  endfacet
  facet normal 0.729902 0.683551 0
    outer loop
      vertex 2.12132 24.1213 3
      vertex 2.25552 23.978 9
      vertex 2.25552 23.978 3
    endloop
  endfacet
  facet normal 0.812889 0.582418 0
    outer loop
      vertex 2.49441 23.6667 9
      vertex 2.38006 23.8263 3
      vertex 2.38006 23.8263 9
    endloop
  endfacet
  facet normal 0.812889 0.582418 0
    outer loop
      vertex 2.38006 23.8263 3
      vertex 2.49441 23.6667 9
      vertex 2.49441 23.6667 3
    endloop
  endfacet
  facet normal -0.227181 0.973853 0
    outer loop
      vertex -0.585271 24.9424 3
      vertex -0.776457 24.8978 9
      vertex -0.585271 24.9424 9
    endloop
  endfacet
  facet normal -0.227181 0.973853 0
    outer loop
      vertex -0.776457 24.8978 9
      vertex -0.585271 24.9424 3
      vertex -0.776457 24.8978 3
    endloop
  endfacet
  facet normal -0.95691 0.290385 0
    outer loop
      vertex -2.89778 22.7765 3
      vertex -2.84079 22.9643 9
      vertex -2.84079 22.9643 3
    endloop
  endfacet
  facet normal -0.95691 0.290385 0
    outer loop
      vertex -2.84079 22.9643 9
      vertex -2.89778 22.7765 3
      vertex -2.89778 22.7765 9
    endloop
  endfacet
  facet normal -0.995182 0.0980413 0
    outer loop
      vertex -2.99358 22.1962 3
      vertex -2.97433 22.3916 9
      vertex -2.97433 22.3916 3
    endloop
  endfacet
  facet normal -0.995182 0.0980413 0
    outer loop
      vertex -2.97433 22.3916 9
      vertex -2.99358 22.1962 3
      vertex -2.99358 22.1962 9
    endloop
  endfacet
  facet normal -0.772903 0.634524 0
    outer loop
      vertex -2.38006 23.8263 3
      vertex -2.25552 23.978 9
      vertex -2.25552 23.978 3
    endloop
  endfacet
  facet normal -0.772903 0.634524 0
    outer loop
      vertex -2.25552 23.978 9
      vertex -2.38006 23.8263 3
      vertex -2.38006 23.8263 9
    endloop
  endfacet
  facet normal 0.999465 0.0327042 0
    outer loop
      vertex 3 22 9
      vertex 2.99358 22.1962 3
      vertex 2.99358 22.1962 9
    endloop
  endfacet
  facet normal 0.999465 0.0327042 0
    outer loop
      vertex 2.99358 22.1962 3
      vertex 3 22 9
      vertex 3 22 3
    endloop
  endfacet
  facet normal 0.634557 -0.772876 0
    outer loop
      vertex 1.82628 -24.3801 3
      vertex 1.97804 -24.2555 9
      vertex 1.82628 -24.3801 9
    endloop
  endfacet
  facet normal 0.634557 -0.772876 0
    outer loop
      vertex 1.97804 -24.2555 9
      vertex 1.82628 -24.3801 3
      vertex 1.97804 -24.2555 3
    endloop
  endfacet
  facet normal -0.412613 -0.910906 0
    outer loop
      vertex -1.32687 -24.6906 3
      vertex -1.14805 -24.7716 9
      vertex -1.32687 -24.6906 9
    endloop
  endfacet
  facet normal -0.412613 -0.910906 -0
    outer loop
      vertex -1.14805 -24.7716 9
      vertex -1.32687 -24.6906 3
      vertex -1.14805 -24.7716 3
    endloop
  endfacet
  facet normal -0.935889 -0.352296 0
    outer loop
      vertex -2.77164 -23.148 3
      vertex -2.84079 -22.9643 9
      vertex -2.84079 -22.9643 3
    endloop
  endfacet
  facet normal -0.935889 -0.352296 0
    outer loop
      vertex -2.84079 -22.9643 9
      vertex -2.77164 -23.148 3
      vertex -2.77164 -23.148 9
    endloop
  endfacet
  facet normal 0.582322 0.812958 -0
    outer loop
      vertex 1.82628 -19.6199 3
      vertex 1.66671 -19.5056 9
      vertex 1.82628 -19.6199 9
    endloop
  endfacet
  facet normal 0.582322 0.812958 0
    outer loop
      vertex 1.66671 -19.5056 9
      vertex 1.82628 -19.6199 3
      vertex 1.66671 -19.5056 3
    endloop
  endfacet
  facet normal 0.935952 0.352128 0
    outer loop
      vertex 2.84079 -21.0357 9
      vertex 2.77164 -20.8519 3
      vertex 2.77164 -20.8519 9
    endloop
  endfacet
  facet normal 0.935952 0.352128 0
    outer loop
      vertex 2.77164 -20.8519 3
      vertex 2.84079 -21.0357 9
      vertex 2.84079 -21.0357 3
    endloop
  endfacet
  facet normal 0.881887 -0.471461 0
    outer loop
      vertex 2.59808 -23.5 9
      vertex 2.69062 -23.3269 3
      vertex 2.69062 -23.3269 9
    endloop
  endfacet
  facet normal 0.881887 -0.471461 0
    outer loop
      vertex 2.69062 -23.3269 3
      vertex 2.59808 -23.5 9
      vertex 2.59808 -23.5 3
    endloop
  endfacet
  facet normal 0.352465 -0.935825 0
    outer loop
      vertex 0.964318 -24.8408 3
      vertex 1.14805 -24.7716 9
      vertex 0.964318 -24.8408 9
    endloop
  endfacet
  facet normal 0.352465 -0.935825 0
    outer loop
      vertex 1.14805 -24.7716 9
      vertex 0.964318 -24.8408 3
      vertex 1.14805 -24.7716 3
    endloop
  endfacet
  facet normal 0 0 1
    outer loop
      vertex 0.9 -22 9
      vertex 3 -22 9
      vertex 2.99358 -21.8038 9
    endloop
  endfacet
  facet normal 0 0 1
    outer loop
      vertex 0.898072 -21.9411 9
      vertex 2.99358 -21.8038 9
      vertex 2.97433 -21.6084 9
    endloop
  endfacet
  facet normal 0 0 1
    outer loop
      vertex 3 -22 9
      vertex 0.9 -22 9
      vertex 2.99358 -22.1962 9
    endloop
  endfacet
  facet normal 0 0 1
    outer loop
      vertex 0.8923 -21.8825 9
      vertex 2.97433 -21.6084 9
      vertex 2.94236 -21.4147 9
    endloop
  endfacet
  facet normal -0 0 1
    outer loop
      vertex 0.898072 -22.0589 9
      vertex 2.99358 -22.1962 9
      vertex 0.9 -22 9
    endloop
  endfacet
  facet normal 0 0 1
    outer loop
      vertex 0.882707 -21.8244 9
      vertex 2.94236 -21.4147 9
      vertex 2.89778 -21.2235 9
    endloop
  endfacet
  facet normal 0 0 1
    outer loop
      vertex 2.99358 -22.1962 9
      vertex 0.898072 -22.0589 9
      vertex 2.97433 -22.3916 9
    endloop
  endfacet
  facet normal 0 0 1
    outer loop
      vertex 0.869332 -21.7671 9
      vertex 2.89778 -21.2235 9
      vertex 2.84079 -21.0357 9
    endloop
  endfacet
  facet normal -0 0 1
    outer loop
      vertex 0.8923 -22.1175 9
      vertex 2.97433 -22.3916 9
      vertex 0.898072 -22.0589 9
    endloop
  endfacet
  facet normal 0 0 1
    outer loop
      vertex 0.852237 -21.7107 9
      vertex 2.84079 -21.0357 9
      vertex 2.77164 -20.8519 9
    endloop
  endfacet
  facet normal 0 0 1
    outer loop
      vertex 2.97433 -22.3916 9
      vertex 0.8923 -22.1175 9
      vertex 2.94236 -22.5853 9
    endloop
  endfacet
  facet normal 0 0 1
    outer loop
      vertex 0.831491 -21.6556 9
      vertex 2.77164 -20.8519 9
      vertex 2.69062 -20.6731 9
    endloop
  endfacet
  facet normal -0 0 1
    outer loop
      vertex 0.882707 -22.1756 9
      vertex 2.94236 -22.5853 9
      vertex 0.8923 -22.1175 9
    endloop
  endfacet
  facet normal 0 0 1
    outer loop
      vertex 0.807185 -21.6019 9
      vertex 2.69062 -20.6731 9
      vertex 2.59808 -20.5 9
    endloop
  endfacet
  facet normal 0 0 1
    outer loop
      vertex 2.94236 -22.5853 9
      vertex 0.882707 -22.1756 9
      vertex 2.89778 -22.7765 9
    endloop
  endfacet
  facet normal 0 0 1
    outer loop
      vertex 0.779423 -21.55 9
      vertex 2.59808 -20.5 9
      vertex 2.49441 -20.3333 9
    endloop
  endfacet
  facet normal -0 0 1
    outer loop
      vertex 0.869332 -22.2329 9
      vertex 2.89778 -22.7765 9
      vertex 0.882707 -22.1756 9
    endloop
  endfacet
  facet normal 0 0 1
    outer loop
      vertex 0.748322 -21.5 9
      vertex 2.49441 -20.3333 9
      vertex 2.38006 -20.1737 9
    endloop
  endfacet
  facet normal 0 0 1
    outer loop
      vertex 2.89778 -22.7765 9
      vertex 0.869332 -22.2329 9
      vertex 2.84079 -22.9643 9
    endloop
  endfacet
  facet normal 0 0 1
    outer loop
      vertex 0.714018 -21.4521 9
      vertex 2.38006 -20.1737 9
      vertex 2.25552 -20.022 9
    endloop
  endfacet
  facet normal -0 0 1
    outer loop
      vertex 0.852237 -22.2893 9
      vertex 2.84079 -22.9643 9
      vertex 0.869332 -22.2329 9
    endloop
  endfacet
  facet normal 0 0 1
    outer loop
      vertex 0.676656 -21.4066 9
      vertex 2.25552 -20.022 9
      vertex 2.12132 -19.8787 9
    endloop
  endfacet
  facet normal 0 0 1
    outer loop
      vertex 2.84079 -22.9643 9
      vertex 0.852237 -22.2893 9
      vertex 2.77164 -23.148 9
    endloop
  endfacet
  facet normal 0 0 1
    outer loop
      vertex 0.636395 -21.3636 9
      vertex 2.12132 -19.8787 9
      vertex 1.97804 -19.7445 9
    endloop
  endfacet
  facet normal -0 0 1
    outer loop
      vertex 0.831491 -22.3444 9
      vertex 2.77164 -23.148 9
      vertex 0.852237 -22.2893 9
    endloop
  endfacet
  facet normal 0 0 1
    outer loop
      vertex 0.59341 -21.3233 9
      vertex 1.97804 -19.7445 9
      vertex 1.82628 -19.6199 9
    endloop
  endfacet
  facet normal 0 0 1
    outer loop
      vertex 2.77164 -23.148 9
      vertex 0.831491 -22.3444 9
      vertex 2.69062 -23.3269 9
    endloop
  endfacet
  facet normal 0 0 1
    outer loop
      vertex 0.547885 -21.286 9
      vertex 1.82628 -19.6199 9
      vertex 1.66671 -19.5056 9
    endloop
  endfacet
  facet normal -0 0 1
    outer loop
      vertex 0.807185 -22.3981 9
      vertex 2.69062 -23.3269 9
      vertex 0.831491 -22.3444 9
    endloop
  endfacet
  facet normal 0 0 1
    outer loop
      vertex 0.500012 -21.2517 9
      vertex 1.66671 -19.5056 9
      vertex 1.5 -19.4019 9
    endloop
  endfacet
  facet normal 0 0 1
    outer loop
      vertex 2.69062 -23.3269 9
      vertex 0.807185 -22.3981 9
      vertex 2.59808 -23.5 9
    endloop
  endfacet
  facet normal 0 0 1
    outer loop
      vertex 0.45 -21.2206 9
      vertex 1.5 -19.4019 9
      vertex 1.32687 -19.3094 9
    endloop
  endfacet
  facet normal -0 0 1
    outer loop
      vertex 0.779423 -22.45 9
      vertex 2.59808 -23.5 9
      vertex 0.807185 -22.3981 9
    endloop
  endfacet
  facet normal 0 0 1
    outer loop
      vertex 0.398059 -21.1928 9
      vertex 1.32687 -19.3094 9
      vertex 1.14805 -19.2284 9
    endloop
  endfacet
  facet normal 0 0 1
    outer loop
      vertex 2.59808 -23.5 9
      vertex 0.779423 -22.45 9
      vertex 2.49441 -23.6667 9
    endloop
  endfacet
  facet normal 0 0 1
    outer loop
      vertex 0.344415 -21.1685 9
      vertex 1.14805 -19.2284 9
      vertex 0.964318 -19.1592 9
    endloop
  endfacet
  facet normal -0 0 1
    outer loop
      vertex 0.748322 -22.5 9
      vertex 2.49441 -23.6667 9
      vertex 0.779423 -22.45 9
    endloop
  endfacet
  facet normal 0 0 1
    outer loop
      vertex 2.49441 -23.6667 9
      vertex 0.748322 -22.5 9
      vertex 2.38006 -23.8263 9
    endloop
  endfacet
  facet normal 0 0 1
    outer loop
      vertex 2.99358 -21.8038 9
      vertex 0.898072 -21.9411 9
      vertex 0.9 -22 9
    endloop
  endfacet
  facet normal 0 0 1
    outer loop
      vertex 2.97433 -21.6084 9
      vertex 0.8923 -21.8825 9
      vertex 0.898072 -21.9411 9
    endloop
  endfacet
  facet normal 0 0 1
    outer loop
      vertex 2.94236 -21.4147 9
      vertex 0.882707 -21.8244 9
      vertex 0.8923 -21.8825 9
    endloop
  endfacet
  facet normal 0 0 1
    outer loop
      vertex 2.89778 -21.2235 9
      vertex 0.869332 -21.7671 9
      vertex 0.882707 -21.8244 9
    endloop
  endfacet
  facet normal 0 0 1
    outer loop
      vertex 2.84079 -21.0357 9
      vertex 0.852237 -21.7107 9
      vertex 0.869332 -21.7671 9
    endloop
  endfacet
  facet normal 0 0 1
    outer loop
      vertex 2.77164 -20.8519 9
      vertex 0.831491 -21.6556 9
      vertex 0.852237 -21.7107 9
    endloop
  endfacet
  facet normal 0 0 1
    outer loop
      vertex 2.69062 -20.6731 9
      vertex 0.807185 -21.6019 9
      vertex 0.831491 -21.6556 9
    endloop
  endfacet
  facet normal 0 0 1
    outer loop
      vertex 2.59808 -20.5 9
      vertex 0.779423 -21.55 9
      vertex 0.807185 -21.6019 9
    endloop
  endfacet
  facet normal 0 0 1
    outer loop
      vertex 0.289295 -21.1478 9
      vertex 0.964318 -19.1592 9
      vertex 0.776457 -19.1022 9
    endloop
  endfacet
  facet normal 0 0 1
    outer loop
      vertex 2.49441 -20.3333 9
      vertex 0.748322 -21.5 9
      vertex 0.779423 -21.55 9
    endloop
  endfacet
  facet normal 0 0 1
    outer loop
      vertex 2.38006 -20.1737 9
      vertex 0.714018 -21.4521 9
      vertex 0.748322 -21.5 9
    endloop
  endfacet
  facet normal 0 0 1
    outer loop
      vertex 2.25552 -20.022 9
      vertex 0.676656 -21.4066 9
      vertex 0.714018 -21.4521 9
    endloop
  endfacet
  facet normal 0 0 1
    outer loop
      vertex 2.12132 -19.8787 9
      vertex 0.636395 -21.3636 9
      vertex 0.676656 -21.4066 9
    endloop
  endfacet
  facet normal 0 0 1
    outer loop
      vertex 1.97804 -19.7445 9
      vertex 0.59341 -21.3233 9
      vertex 0.636395 -21.3636 9
    endloop
  endfacet
  facet normal 0 0 1
    outer loop
      vertex 0.232937 -21.1307 9
      vertex 0.776457 -19.1022 9
      vertex 0.585271 -19.0576 9
    endloop
  endfacet
  facet normal 0 0 1
    outer loop
      vertex 1.82628 -19.6199 9
      vertex 0.547885 -21.286 9
      vertex 0.59341 -21.3233 9
    endloop
  endfacet
  facet normal 0 0 1
    outer loop
      vertex 1.66671 -19.5056 9
      vertex 0.500012 -21.2517 9
      vertex 0.547885 -21.286 9
    endloop
  endfacet
  facet normal 0 0 1
    outer loop
      vertex 1.5 -19.4019 9
      vertex 0.45 -21.2206 9
      vertex 0.500012 -21.2517 9
    endloop
  endfacet
  facet normal 0 0 1
    outer loop
      vertex 1.32687 -19.3094 9
      vertex 0.398059 -21.1928 9
      vertex 0.45 -21.2206 9
    endloop
  endfacet
  facet normal 0 0 1
    outer loop
      vertex 0.175581 -21.1173 9
      vertex 0.585271 -19.0576 9
      vertex 0.391578 -19.0257 9
    endloop
  endfacet
  facet normal 0 0 1
    outer loop
      vertex 1.14805 -19.2284 9
      vertex 0.344415 -21.1685 9
      vertex 0.398059 -21.1928 9
    endloop
  endfacet
  facet normal 0 0 1
    outer loop
      vertex 0.964318 -19.1592 9
      vertex 0.289295 -21.1478 9
      vertex 0.344415 -21.1685 9
    endloop
  endfacet
  facet normal 0 0 1
    outer loop
      vertex 0.776457 -19.1022 9
      vertex 0.232937 -21.1307 9
      vertex 0.289295 -21.1478 9
    endloop
  endfacet
  facet normal 0 0 1
    outer loop
      vertex 0.117473 -21.1077 9
      vertex 0.391578 -19.0257 9
      vertex 0.196209 -19.0064 9
    endloop
  endfacet
  facet normal 0 0 1
    outer loop
      vertex 0.585271 -19.0576 9
      vertex 0.175581 -21.1173 9
      vertex 0.232937 -21.1307 9
    endloop
  endfacet
  facet normal 0 0 1
    outer loop
      vertex 0.391578 -19.0257 9
      vertex 0.117473 -21.1077 9
      vertex 0.175581 -21.1173 9
    endloop
  endfacet
  facet normal 0 0 1
    outer loop
      vertex 0.196209 -19.0064 9
      vertex 0.0588627 -21.1019 9
      vertex 0.117473 -21.1077 9
    endloop
  endfacet
  facet normal 0 0 1
    outer loop
      vertex 0 -19 9
      vertex 0.0588627 -21.1019 9
      vertex 0.196209 -19.0064 9
    endloop
  endfacet
  facet normal 0 0 1
    outer loop
      vertex 0 -19 9
      vertex 0 -21.1 9
      vertex 0.0588627 -21.1019 9
    endloop
  endfacet
  facet normal 0 0 1
    outer loop
      vertex 0 -19 9
      vertex -0.0588627 -21.1019 9
      vertex 0 -21.1 9
    endloop
  endfacet
  facet normal -0 0 1
    outer loop
      vertex -0.196209 -19.0064 9
      vertex -0.0588627 -21.1019 9
      vertex 0 -19 9
    endloop
  endfacet
  facet normal 0 0 1
    outer loop
      vertex -0.0588627 -21.1019 9
      vertex -0.196209 -19.0064 9
      vertex -0.117473 -21.1077 9
    endloop
  endfacet
  facet normal -0 0 1
    outer loop
      vertex -0.391578 -19.0257 9
      vertex -0.117473 -21.1077 9
      vertex -0.196209 -19.0064 9
    endloop
  endfacet
  facet normal 0 0 1
    outer loop
      vertex -0.117473 -21.1077 9
      vertex -0.391578 -19.0257 9
      vertex -0.175581 -21.1173 9
    endloop
  endfacet
  facet normal -0 0 1
    outer loop
      vertex -0.585271 -19.0576 9
      vertex -0.175581 -21.1173 9
      vertex -0.391578 -19.0257 9
    endloop
  endfacet
  facet normal 0 0 1
    outer loop
      vertex -0.175581 -21.1173 9
      vertex -0.585271 -19.0576 9
      vertex -0.232937 -21.1307 9
    endloop
  endfacet
  facet normal -0 0 1
    outer loop
      vertex -0.776457 -19.1022 9
      vertex -0.232937 -21.1307 9
      vertex -0.585271 -19.0576 9
    endloop
  endfacet
  facet normal 0 0 1
    outer loop
      vertex -0.232937 -21.1307 9
      vertex -0.776457 -19.1022 9
      vertex -0.289295 -21.1478 9
    endloop
  endfacet
  facet normal -0 0 1
    outer loop
      vertex -0.964318 -19.1592 9
      vertex -0.289295 -21.1478 9
      vertex -0.776457 -19.1022 9
    endloop
  endfacet
  facet normal 0 0 1
    outer loop
      vertex -0.289295 -21.1478 9
      vertex -0.964318 -19.1592 9
      vertex -0.344415 -21.1685 9
    endloop
  endfacet
  facet normal -0 0 1
    outer loop
      vertex -1.14805 -19.2284 9
      vertex -0.344415 -21.1685 9
      vertex -0.964318 -19.1592 9
    endloop
  endfacet
  facet normal 0 0 1
    outer loop
      vertex -0.344415 -21.1685 9
      vertex -1.14805 -19.2284 9
      vertex -0.398059 -21.1928 9
    endloop
  endfacet
  facet normal -0 0 1
    outer loop
      vertex -1.32687 -19.3094 9
      vertex -0.398059 -21.1928 9
      vertex -1.14805 -19.2284 9
    endloop
  endfacet
  facet normal 0 0 1
    outer loop
      vertex -0.398059 -21.1928 9
      vertex -1.32687 -19.3094 9
      vertex -0.45 -21.2206 9
    endloop
  endfacet
  facet normal -0 0 1
    outer loop
      vertex -1.5 -19.4019 9
      vertex -0.45 -21.2206 9
      vertex -1.32687 -19.3094 9
    endloop
  endfacet
  facet normal 0 0 1
    outer loop
      vertex -0.45 -21.2206 9
      vertex -1.5 -19.4019 9
      vertex -0.500012 -21.2517 9
    endloop
  endfacet
  facet normal -0 0 1
    outer loop
      vertex -1.66671 -19.5056 9
      vertex -0.500012 -21.2517 9
      vertex -1.5 -19.4019 9
    endloop
  endfacet
  facet normal 0 0 1
    outer loop
      vertex -0.500012 -21.2517 9
      vertex -1.66671 -19.5056 9
      vertex -0.547885 -21.286 9
    endloop
  endfacet
  facet normal -0 0 1
    outer loop
      vertex -1.82628 -19.6199 9
      vertex -0.547885 -21.286 9
      vertex -1.66671 -19.5056 9
    endloop
  endfacet
  facet normal 0 0 1
    outer loop
      vertex -0.547885 -21.286 9
      vertex -1.82628 -19.6199 9
      vertex -0.59341 -21.3233 9
    endloop
  endfacet
  facet normal -0 0 1
    outer loop
      vertex -1.97804 -19.7445 9
      vertex -0.59341 -21.3233 9
      vertex -1.82628 -19.6199 9
    endloop
  endfacet
  facet normal 0 0 1
    outer loop
      vertex -0.59341 -21.3233 9
      vertex -1.97804 -19.7445 9
      vertex -0.636395 -21.3636 9
    endloop
  endfacet
  facet normal -0 0 1
    outer loop
      vertex -2.12132 -19.8787 9
      vertex -0.636395 -21.3636 9
      vertex -1.97804 -19.7445 9
    endloop
  endfacet
  facet normal 0 0 1
    outer loop
      vertex -0.636395 -21.3636 9
      vertex -2.12132 -19.8787 9
      vertex -0.676656 -21.4066 9
    endloop
  endfacet
  facet normal -0 0 1
    outer loop
      vertex -2.25552 -20.022 9
      vertex -0.676656 -21.4066 9
      vertex -2.12132 -19.8787 9
    endloop
  endfacet
  facet normal 0 0 1
    outer loop
      vertex -0.676656 -21.4066 9
      vertex -2.25552 -20.022 9
      vertex -0.714018 -21.4521 9
    endloop
  endfacet
  facet normal 0 0 1
    outer loop
      vertex -0.714018 -21.4521 9
      vertex -2.38006 -20.1737 9
      vertex -0.748322 -21.5 9
    endloop
  endfacet
  facet normal -0 0 1
    outer loop
      vertex -2.38006 -20.1737 9
      vertex -0.714018 -21.4521 9
      vertex -2.25552 -20.022 9
    endloop
  endfacet
  facet normal -0 0 1
    outer loop
      vertex 0.714018 -22.5479 9
      vertex 2.38006 -23.8263 9
      vertex 0.748322 -22.5 9
    endloop
  endfacet
  facet normal 0 0 1
    outer loop
      vertex 2.38006 -23.8263 9
      vertex 0.714018 -22.5479 9
      vertex 2.25552 -23.978 9
    endloop
  endfacet
  facet normal -0 0 1
    outer loop
      vertex 0.676656 -22.5934 9
      vertex 2.25552 -23.978 9
      vertex 0.714018 -22.5479 9
    endloop
  endfacet
  facet normal 0 0 1
    outer loop
      vertex 2.25552 -23.978 9
      vertex 0.676656 -22.5934 9
      vertex 2.12132 -24.1213 9
    endloop
  endfacet
  facet normal -0 0 1
    outer loop
      vertex 0.636395 -22.6364 9
      vertex 2.12132 -24.1213 9
      vertex 0.676656 -22.5934 9
    endloop
  endfacet
  facet normal 0 0 1
    outer loop
      vertex 2.12132 -24.1213 9
      vertex 0.636395 -22.6364 9
      vertex 1.97804 -24.2555 9
    endloop
  endfacet
  facet normal -0 0 1
    outer loop
      vertex 0.59341 -22.6767 9
      vertex 1.97804 -24.2555 9
      vertex 0.636395 -22.6364 9
    endloop
  endfacet
  facet normal 0 0 1
    outer loop
      vertex 1.97804 -24.2555 9
      vertex 0.59341 -22.6767 9
      vertex 1.82628 -24.3801 9
    endloop
  endfacet
  facet normal -0 0 1
    outer loop
      vertex 0.547885 -22.714 9
      vertex 1.82628 -24.3801 9
      vertex 0.59341 -22.6767 9
    endloop
  endfacet
  facet normal 0 0 1
    outer loop
      vertex 1.82628 -24.3801 9
      vertex 0.547885 -22.714 9
      vertex 1.66671 -24.4944 9
    endloop
  endfacet
  facet normal -0 0 1
    outer loop
      vertex 0.500012 -22.7483 9
      vertex 1.66671 -24.4944 9
      vertex 0.547885 -22.714 9
    endloop
  endfacet
  facet normal 0 0 1
    outer loop
      vertex 1.66671 -24.4944 9
      vertex 0.500012 -22.7483 9
      vertex 1.5 -24.5981 9
    endloop
  endfacet
  facet normal -0 0 1
    outer loop
      vertex 0.45 -22.7794 9
      vertex 1.5 -24.5981 9
      vertex 0.500012 -22.7483 9
    endloop
  endfacet
  facet normal 0 0 1
    outer loop
      vertex 1.5 -24.5981 9
      vertex 0.45 -22.7794 9
      vertex 1.32687 -24.6906 9
    endloop
  endfacet
  facet normal -0 0 1
    outer loop
      vertex 0.398059 -22.8072 9
      vertex 1.32687 -24.6906 9
      vertex 0.45 -22.7794 9
    endloop
  endfacet
  facet normal 0 0 1
    outer loop
      vertex 1.32687 -24.6906 9
      vertex 0.398059 -22.8072 9
      vertex 1.14805 -24.7716 9
    endloop
  endfacet
  facet normal -0 0 1
    outer loop
      vertex 0.344415 -22.8315 9
      vertex 1.14805 -24.7716 9
      vertex 0.398059 -22.8072 9
    endloop
  endfacet
  facet normal 0 0 1
    outer loop
      vertex 1.14805 -24.7716 9
      vertex 0.344415 -22.8315 9
      vertex 0.964318 -24.8408 9
    endloop
  endfacet
  facet normal -0 0 1
    outer loop
      vertex 0.289295 -22.8522 9
      vertex 0.964318 -24.8408 9
      vertex 0.344415 -22.8315 9
    endloop
  endfacet
  facet normal 0 0 1
    outer loop
      vertex 0.964318 -24.8408 9
      vertex 0.289295 -22.8522 9
      vertex 0.776457 -24.8978 9
    endloop
  endfacet
  facet normal -0 0 1
    outer loop
      vertex 0.232937 -22.8693 9
      vertex 0.776457 -24.8978 9
      vertex 0.289295 -22.8522 9
    endloop
  endfacet
  facet normal 0 0 1
    outer loop
      vertex 0.776457 -24.8978 9
      vertex 0.232937 -22.8693 9
      vertex 0.585271 -24.9424 9
    endloop
  endfacet
  facet normal -0 0 1
    outer loop
      vertex 0.175581 -22.8827 9
      vertex 0.585271 -24.9424 9
      vertex 0.232937 -22.8693 9
    endloop
  endfacet
  facet normal 0 0 1
    outer loop
      vertex 0.585271 -24.9424 9
      vertex 0.175581 -22.8827 9
      vertex 0.391578 -24.9743 9
    endloop
  endfacet
  facet normal -0 0 1
    outer loop
      vertex 0.117473 -22.8923 9
      vertex 0.391578 -24.9743 9
      vertex 0.175581 -22.8827 9
    endloop
  endfacet
  facet normal 0 0 1
    outer loop
      vertex 0.391578 -24.9743 9
      vertex 0.117473 -22.8923 9
      vertex 0.196209 -24.9936 9
    endloop
  endfacet
  facet normal -0 0 1
    outer loop
      vertex 0.0588627 -22.8981 9
      vertex 0.196209 -24.9936 9
      vertex 0.117473 -22.8923 9
    endloop
  endfacet
  facet normal -0 0 1
    outer loop
      vertex 0 -22.9 9
      vertex 0.196209 -24.9936 9
      vertex 0.0588627 -22.8981 9
    endloop
  endfacet
  facet normal 0 0 1
    outer loop
      vertex 0 -22.9 9
      vertex 0 -25 9
      vertex 0.196209 -24.9936 9
    endloop
  endfacet
  facet normal 0 0 1
    outer loop
      vertex -0.0588627 -22.8981 9
      vertex 0 -25 9
      vertex 0 -22.9 9
    endloop
  endfacet
  facet normal 0 0 1
    outer loop
      vertex -0.196209 -24.9936 9
      vertex -0.0588627 -22.8981 9
      vertex -0.117473 -22.8923 9
    endloop
  endfacet
  facet normal 0 0 1
    outer loop
      vertex -0.391578 -24.9743 9
      vertex -0.117473 -22.8923 9
      vertex -0.175581 -22.8827 9
    endloop
  endfacet
  facet normal 0 0 1
    outer loop
      vertex -0.0588627 -22.8981 9
      vertex -0.196209 -24.9936 9
      vertex 0 -25 9
    endloop
  endfacet
  facet normal 0 0 1
    outer loop
      vertex -0.585271 -24.9424 9
      vertex -0.175581 -22.8827 9
      vertex -0.232937 -22.8693 9
    endloop
  endfacet
  facet normal 0 0 1
    outer loop
      vertex -0.776457 -24.8978 9
      vertex -0.232937 -22.8693 9
      vertex -0.289295 -22.8522 9
    endloop
  endfacet
  facet normal 0 0 1
    outer loop
      vertex -0.964318 -24.8408 9
      vertex -0.289295 -22.8522 9
      vertex -0.344415 -22.8315 9
    endloop
  endfacet
  facet normal 0 0 1
    outer loop
      vertex -0.117473 -22.8923 9
      vertex -0.391578 -24.9743 9
      vertex -0.196209 -24.9936 9
    endloop
  endfacet
  facet normal 0 0 1
    outer loop
      vertex -1.14805 -24.7716 9
      vertex -0.344415 -22.8315 9
      vertex -0.398059 -22.8072 9
    endloop
  endfacet
  facet normal 0 0 1
    outer loop
      vertex -1.32687 -24.6906 9
      vertex -0.398059 -22.8072 9
      vertex -0.45 -22.7794 9
    endloop
  endfacet
  facet normal 0 0 1
    outer loop
      vertex -1.5 -24.5981 9
      vertex -0.45 -22.7794 9
      vertex -0.500012 -22.7483 9
    endloop
  endfacet
  facet normal 0 0 1
    outer loop
      vertex -1.66671 -24.4944 9
      vertex -0.500012 -22.7483 9
      vertex -0.547885 -22.714 9
    endloop
  endfacet
  facet normal 0 0 1
    outer loop
      vertex -0.175581 -22.8827 9
      vertex -0.585271 -24.9424 9
      vertex -0.391578 -24.9743 9
    endloop
  endfacet
  facet normal 0 0 1
    outer loop
      vertex -1.82628 -24.3801 9
      vertex -0.547885 -22.714 9
      vertex -0.59341 -22.6767 9
    endloop
  endfacet
  facet normal 0 0 1
    outer loop
      vertex -1.97804 -24.2555 9
      vertex -0.59341 -22.6767 9
      vertex -0.636395 -22.6364 9
    endloop
  endfacet
  facet normal 0 0 1
    outer loop
      vertex -2.12132 -24.1213 9
      vertex -0.636395 -22.6364 9
      vertex -0.676656 -22.5934 9
    endloop
  endfacet
  facet normal 0 0 1
    outer loop
      vertex -2.25552 -23.978 9
      vertex -0.676656 -22.5934 9
      vertex -0.714018 -22.5479 9
    endloop
  endfacet
  facet normal 0 0 1
    outer loop
      vertex -2.38006 -23.8263 9
      vertex -0.714018 -22.5479 9
      vertex -0.748322 -22.5 9
    endloop
  endfacet
  facet normal 0 0 1
    outer loop
      vertex -0.232937 -22.8693 9
      vertex -0.776457 -24.8978 9
      vertex -0.585271 -24.9424 9
    endloop
  endfacet
  facet normal 0 0 1
    outer loop
      vertex -2.49441 -23.6667 9
      vertex -0.748322 -22.5 9
      vertex -0.779423 -22.45 9
    endloop
  endfacet
  facet normal 0 0 1
    outer loop
      vertex -2.59808 -23.5 9
      vertex -0.779423 -22.45 9
      vertex -0.807185 -22.3981 9
    endloop
  endfacet
  facet normal 0 0 1
    outer loop
      vertex -2.69062 -23.3269 9
      vertex -0.807185 -22.3981 9
      vertex -0.831491 -22.3444 9
    endloop
  endfacet
  facet normal 0 0 1
    outer loop
      vertex -2.77164 -23.148 9
      vertex -0.831491 -22.3444 9
      vertex -0.852237 -22.2893 9
    endloop
  endfacet
  facet normal 0 0 1
    outer loop
      vertex -2.84079 -22.9643 9
      vertex -0.852237 -22.2893 9
      vertex -0.869332 -22.2329 9
    endloop
  endfacet
  facet normal 0 0 1
    outer loop
      vertex -2.89778 -22.7765 9
      vertex -0.869332 -22.2329 9
      vertex -0.882707 -22.1756 9
    endloop
  endfacet
  facet normal 0 0 1
    outer loop
      vertex -2.94236 -22.5853 9
      vertex -0.882707 -22.1756 9
      vertex -0.8923 -22.1175 9
    endloop
  endfacet
  facet normal 0 0 1
    outer loop
      vertex -2.97433 -22.3916 9
      vertex -0.8923 -22.1175 9
      vertex -0.898072 -22.0589 9
    endloop
  endfacet
  facet normal 0 0 1
    outer loop
      vertex -0.289295 -22.8522 9
      vertex -0.964318 -24.8408 9
      vertex -0.776457 -24.8978 9
    endloop
  endfacet
  facet normal 0 0 1
    outer loop
      vertex -2.99358 -22.1962 9
      vertex -0.898072 -22.0589 9
      vertex -0.9 -22 9
    endloop
  endfacet
  facet normal -0 0 1
    outer loop
      vertex -2.49441 -20.3333 9
      vertex -0.748322 -21.5 9
      vertex -2.38006 -20.1737 9
    endloop
  endfacet
  facet normal 0 0 1
    outer loop
      vertex -0.748322 -21.5 9
      vertex -2.49441 -20.3333 9
      vertex -0.779423 -21.55 9
    endloop
  endfacet
  facet normal 0 0 1
    outer loop
      vertex -0.344415 -22.8315 9
      vertex -1.14805 -24.7716 9
      vertex -0.964318 -24.8408 9
    endloop
  endfacet
  facet normal -0 0 1
    outer loop
      vertex -2.59808 -20.5 9
      vertex -0.779423 -21.55 9
      vertex -2.49441 -20.3333 9
    endloop
  endfacet
  facet normal 0 0 1
    outer loop
      vertex -0.398059 -22.8072 9
      vertex -1.32687 -24.6906 9
      vertex -1.14805 -24.7716 9
    endloop
  endfacet
  facet normal 0 0 1
    outer loop
      vertex -0.779423 -21.55 9
      vertex -2.59808 -20.5 9
      vertex -0.807185 -21.6019 9
    endloop
  endfacet
  facet normal 0 0 1
    outer loop
      vertex -0.45 -22.7794 9
      vertex -1.5 -24.5981 9
      vertex -1.32687 -24.6906 9
    endloop
  endfacet
  facet normal -0 0 1
    outer loop
      vertex -2.69062 -20.6731 9
      vertex -0.807185 -21.6019 9
      vertex -2.59808 -20.5 9
    endloop
  endfacet
  facet normal 0 0 1
    outer loop
      vertex -0.500012 -22.7483 9
      vertex -1.66671 -24.4944 9
      vertex -1.5 -24.5981 9
    endloop
  endfacet
  facet normal 0 0 1
    outer loop
      vertex -0.807185 -21.6019 9
      vertex -2.69062 -20.6731 9
      vertex -0.831491 -21.6556 9
    endloop
  endfacet
  facet normal 0 0 1
    outer loop
      vertex -0.547885 -22.714 9
      vertex -1.82628 -24.3801 9
      vertex -1.66671 -24.4944 9
    endloop
  endfacet
  facet normal -0 0 1
    outer loop
      vertex -2.77164 -20.8519 9
      vertex -0.831491 -21.6556 9
      vertex -2.69062 -20.6731 9
    endloop
  endfacet
  facet normal 0 0 1
    outer loop
      vertex -0.59341 -22.6767 9
      vertex -1.97804 -24.2555 9
      vertex -1.82628 -24.3801 9
    endloop
  endfacet
  facet normal 0 0 1
    outer loop
      vertex -0.831491 -21.6556 9
      vertex -2.77164 -20.8519 9
      vertex -0.852237 -21.7107 9
    endloop
  endfacet
  facet normal 0 0 1
    outer loop
      vertex -0.636395 -22.6364 9
      vertex -2.12132 -24.1213 9
      vertex -1.97804 -24.2555 9
    endloop
  endfacet
  facet normal -0 0 1
    outer loop
      vertex -2.84079 -21.0357 9
      vertex -0.852237 -21.7107 9
      vertex -2.77164 -20.8519 9
    endloop
  endfacet
  facet normal 0 0 1
    outer loop
      vertex -0.676656 -22.5934 9
      vertex -2.25552 -23.978 9
      vertex -2.12132 -24.1213 9
    endloop
  endfacet
  facet normal 0 0 1
    outer loop
      vertex -0.852237 -21.7107 9
      vertex -2.84079 -21.0357 9
      vertex -0.869332 -21.7671 9
    endloop
  endfacet
  facet normal 0 0 1
    outer loop
      vertex -0.714018 -22.5479 9
      vertex -2.38006 -23.8263 9
      vertex -2.25552 -23.978 9
    endloop
  endfacet
  facet normal -0 0 1
    outer loop
      vertex -2.89778 -21.2235 9
      vertex -0.869332 -21.7671 9
      vertex -2.84079 -21.0357 9
    endloop
  endfacet
  facet normal 0 0 1
    outer loop
      vertex -0.748322 -22.5 9
      vertex -2.49441 -23.6667 9
      vertex -2.38006 -23.8263 9
    endloop
  endfacet
  facet normal 0 0 1
    outer loop
      vertex -0.869332 -21.7671 9
      vertex -2.89778 -21.2235 9
      vertex -0.882707 -21.8244 9
    endloop
  endfacet
  facet normal 0 0 1
    outer loop
      vertex -0.779423 -22.45 9
      vertex -2.59808 -23.5 9
      vertex -2.49441 -23.6667 9
    endloop
  endfacet
  facet normal -0 0 1
    outer loop
      vertex -2.94236 -21.4147 9
      vertex -0.882707 -21.8244 9
      vertex -2.89778 -21.2235 9
    endloop
  endfacet
  facet normal 0 0 1
    outer loop
      vertex -0.807185 -22.3981 9
      vertex -2.69062 -23.3269 9
      vertex -2.59808 -23.5 9
    endloop
  endfacet
  facet normal 0 0 1
    outer loop
      vertex -0.882707 -21.8244 9
      vertex -2.94236 -21.4147 9
      vertex -0.8923 -21.8825 9
    endloop
  endfacet
  facet normal 0 0 1
    outer loop
      vertex -0.831491 -22.3444 9
      vertex -2.77164 -23.148 9
      vertex -2.69062 -23.3269 9
    endloop
  endfacet
  facet normal -0 0 1
    outer loop
      vertex -2.97433 -21.6084 9
      vertex -0.8923 -21.8825 9
      vertex -2.94236 -21.4147 9
    endloop
  endfacet
  facet normal 0 0 1
    outer loop
      vertex -0.852237 -22.2893 9
      vertex -2.84079 -22.9643 9
      vertex -2.77164 -23.148 9
    endloop
  endfacet
  facet normal 0 0 1
    outer loop
      vertex -0.8923 -21.8825 9
      vertex -2.97433 -21.6084 9
      vertex -0.898072 -21.9411 9
    endloop
  endfacet
  facet normal 0 0 1
    outer loop
      vertex -0.869332 -22.2329 9
      vertex -2.89778 -22.7765 9
      vertex -2.84079 -22.9643 9
    endloop
  endfacet
  facet normal -0 0 1
    outer loop
      vertex -2.99358 -21.8038 9
      vertex -0.898072 -21.9411 9
      vertex -2.97433 -21.6084 9
    endloop
  endfacet
  facet normal 0 0 1
    outer loop
      vertex -0.882707 -22.1756 9
      vertex -2.94236 -22.5853 9
      vertex -2.89778 -22.7765 9
    endloop
  endfacet
  facet normal 0 0 1
    outer loop
      vertex -0.898072 -21.9411 9
      vertex -2.99358 -21.8038 9
      vertex -0.9 -22 9
    endloop
  endfacet
  facet normal 0 0 1
    outer loop
      vertex -0.8923 -22.1175 9
      vertex -2.97433 -22.3916 9
      vertex -2.94236 -22.5853 9
    endloop
  endfacet
  facet normal 0 0 1
    outer loop
      vertex -3 -22 9
      vertex -0.9 -22 9
      vertex -2.99358 -21.8038 9
    endloop
  endfacet
  facet normal 0 0 1
    outer loop
      vertex -0.898072 -22.0589 9
      vertex -2.99358 -22.1962 9
      vertex -2.97433 -22.3916 9
    endloop
  endfacet
  facet normal 0 0 1
    outer loop
      vertex -0.9 -22 9
      vertex -3 -22 9
      vertex -2.99358 -22.1962 9
    endloop
  endfacet
  facet normal -0.772903 -0.634524 0
    outer loop
      vertex -2.25552 -23.978 3
      vertex -2.38006 -23.8263 9
      vertex -2.38006 -23.8263 3
    endloop
  endfacet
  facet normal -0.772903 -0.634524 0
    outer loop
      vertex -2.38006 -23.8263 9
      vertex -2.25552 -23.978 3
      vertex -2.25552 -23.978 9
    endloop
  endfacet
  facet normal -0.227181 -0.973853 0
    outer loop
      vertex -0.776457 -24.8978 3
      vertex -0.585271 -24.9424 9
      vertex -0.776457 -24.8978 9
    endloop
  endfacet
  facet normal -0.227181 -0.973853 -0
    outer loop
      vertex -0.585271 -24.9424 9
      vertex -0.776457 -24.8978 3
      vertex -0.585271 -24.9424 3
    endloop
  endfacet
  facet normal 0.995182 0.0980413 0
    outer loop
      vertex 2.99358 -21.8038 9
      vertex 2.97433 -21.6084 3
      vertex 2.97433 -21.6084 9
    endloop
  endfacet
  facet normal 0.995182 0.0980413 0
    outer loop
      vertex 2.97433 -21.6084 3
      vertex 2.99358 -21.8038 9
      vertex 2.99358 -21.8038 3
    endloop
  endfacet
  facet normal 0.412613 0.910906 -0
    outer loop
      vertex 1.32687 -19.3094 3
      vertex 1.14805 -19.2284 9
      vertex 1.32687 -19.3094 9
    endloop
  endfacet
  facet normal 0.412613 0.910906 0
    outer loop
      vertex 1.14805 -19.2284 9
      vertex 1.32687 -19.3094 3
      vertex 1.14805 -19.2284 3
    endloop
  endfacet
  facet normal 0.772903 0.634524 0
    outer loop
      vertex 2.38006 -20.1737 9
      vertex 2.25552 -20.022 3
      vertex 2.25552 -20.022 9
    endloop
  endfacet
  facet normal 0.772903 0.634524 0
    outer loop
      vertex 2.25552 -20.022 3
      vertex 2.38006 -20.1737 9
      vertex 2.38006 -20.1737 3
    endloop
  endfacet
  facet normal -0.0983089 0.995156 0
    outer loop
      vertex -0.196209 -19.0064 3
      vertex -0.391578 -19.0257 9
      vertex -0.196209 -19.0064 9
    endloop
  endfacet
  facet normal -0.0983089 0.995156 0
    outer loop
      vertex -0.391578 -19.0257 9
      vertex -0.196209 -19.0064 3
      vertex -0.391578 -19.0257 3
    endloop
  endfacet
  facet normal -0.634557 0.772876 0
    outer loop
      vertex -1.82628 -19.6199 3
      vertex -1.97804 -19.7445 9
      vertex -1.82628 -19.6199 9
    endloop
  endfacet
  facet normal -0.634557 0.772876 0
    outer loop
      vertex -1.97804 -19.7445 9
      vertex -1.82628 -19.6199 3
      vertex -1.97804 -19.7445 3
    endloop
  endfacet
  facet normal 0.973879 -0.227069 0
    outer loop
      vertex 2.89778 -22.7765 9
      vertex 2.94236 -22.5853 3
      vertex 2.94236 -22.5853 9
    endloop
  endfacet
  facet normal 0.973879 -0.227069 0
    outer loop
      vertex 2.94236 -22.5853 3
      vertex 2.89778 -22.7765 9
      vertex 2.89778 -22.7765 3
    endloop
  endfacet
  facet normal 0.95691 -0.290385 0
    outer loop
      vertex 2.84079 -22.9643 9
      vertex 2.89778 -22.7765 3
      vertex 2.89778 -22.7765 9
    endloop
  endfacet
  facet normal 0.95691 -0.290385 0
    outer loop
      vertex 2.89778 -22.7765 3
      vertex 2.84079 -22.9643 9
      vertex 2.84079 -22.9643 3
    endloop
  endfacet
  facet normal 0.772903 -0.634524 0
    outer loop
      vertex 2.25552 -23.978 9
      vertex 2.38006 -23.8263 3
      vertex 2.38006 -23.8263 9
    endloop
  endfacet
  facet normal 0.772903 -0.634524 0
    outer loop
      vertex 2.38006 -23.8263 3
      vertex 2.25552 -23.978 9
      vertex 2.25552 -23.978 3
    endloop
  endfacet
  facet normal 0.812889 -0.582418 0
    outer loop
      vertex 2.38006 -23.8263 9
      vertex 2.49441 -23.6667 3
      vertex 2.49441 -23.6667 9
    endloop
  endfacet
  facet normal 0.812889 -0.582418 0
    outer loop
      vertex 2.49441 -23.6667 3
      vertex 2.38006 -23.8263 9
      vertex 2.38006 -23.8263 3
    endloop
  endfacet
  facet normal 0.528189 -0.849127 0
    outer loop
      vertex 1.5 -24.5981 3
      vertex 1.66671 -24.4944 9
      vertex 1.5 -24.5981 9
    endloop
  endfacet
  facet normal 0.528189 -0.849127 0
    outer loop
      vertex 1.66671 -24.4944 9
      vertex 1.5 -24.5981 3
      vertex 1.66671 -24.4944 3
    endloop
  endfacet
  facet normal -0.0326009 -0.999468 0
    outer loop
      vertex -0.196209 -24.9936 3
      vertex 0 -25 9
      vertex -0.196209 -24.9936 9
    endloop
  endfacet
  facet normal -0.0326009 -0.999468 -0
    outer loop
      vertex 0 -25 9
      vertex -0.196209 -24.9936 3
      vertex 0 -25 3
    endloop
  endfacet
  facet normal 0.162504 -0.986708 0
    outer loop
      vertex 0.391578 -24.9743 3
      vertex 0.585271 -24.9424 9
      vertex 0.391578 -24.9743 9
    endloop
  endfacet
  facet normal 0.162504 -0.986708 0
    outer loop
      vertex 0.585271 -24.9424 9
      vertex 0.391578 -24.9743 3
      vertex 0.585271 -24.9424 3
    endloop
  endfacet
  facet normal -0.986652 -0.162846 0
    outer loop
      vertex -2.94236 -22.5853 3
      vertex -2.97433 -22.3916 9
      vertex -2.97433 -22.3916 3
    endloop
  endfacet
  facet normal -0.986652 -0.162846 0
    outer loop
      vertex -2.97433 -22.3916 9
      vertex -2.94236 -22.5853 3
      vertex -2.94236 -22.5853 9
    endloop
  endfacet
  facet normal -0.849181 -0.528102 0
    outer loop
      vertex -2.49441 -23.6667 3
      vertex -2.59808 -23.5 9
      vertex -2.59808 -23.5 3
    endloop
  endfacet
  facet normal -0.849181 -0.528102 0
    outer loop
      vertex -2.59808 -23.5 9
      vertex -2.49441 -23.6667 3
      vertex -2.49441 -23.6667 9
    endloop
  endfacet
  facet normal -0.162504 -0.986708 0
    outer loop
      vertex -0.585271 -24.9424 3
      vertex -0.391578 -24.9743 9
      vertex -0.585271 -24.9424 9
    endloop
  endfacet
  facet normal -0.162504 -0.986708 -0
    outer loop
      vertex -0.391578 -24.9743 9
      vertex -0.585271 -24.9424 3
      vertex -0.391578 -24.9743 3
    endloop
  endfacet
  facet normal -0.290345 -0.956922 0
    outer loop
      vertex -0.964318 -24.8408 3
      vertex -0.776457 -24.8978 9
      vertex -0.964318 -24.8408 9
    endloop
  endfacet
  facet normal -0.290345 -0.956922 -0
    outer loop
      vertex -0.776457 -24.8978 9
      vertex -0.964318 -24.8408 3
      vertex -0.776457 -24.8978 3
    endloop
  endfacet
  facet normal -0.582322 -0.812958 0
    outer loop
      vertex -1.82628 -24.3801 3
      vertex -1.66671 -24.4944 9
      vertex -1.82628 -24.3801 9
    endloop
  endfacet
  facet normal -0.582322 -0.812958 -0
    outer loop
      vertex -1.66671 -24.4944 9
      vertex -1.82628 -24.3801 3
      vertex -1.66671 -24.4944 3
    endloop
  endfacet
  facet normal -0.634557 -0.772876 0
    outer loop
      vertex -1.97804 -24.2555 3
      vertex -1.82628 -24.3801 9
      vertex -1.97804 -24.2555 9
    endloop
  endfacet
  facet normal -0.634557 -0.772876 -0
    outer loop
      vertex -1.82628 -24.3801 9
      vertex -1.97804 -24.2555 3
      vertex -1.82628 -24.3801 3
    endloop
  endfacet
  facet normal -0.471239 -0.882006 0
    outer loop
      vertex -1.5 -24.5981 3
      vertex -1.32687 -24.6906 9
      vertex -1.5 -24.5981 9
    endloop
  endfacet
  facet normal -0.471239 -0.882006 -0
    outer loop
      vertex -1.32687 -24.6906 9
      vertex -1.5 -24.5981 3
      vertex -1.32687 -24.6906 3
    endloop
  endfacet
  facet normal 0.999465 -0.0327042 0
    outer loop
      vertex 2.99358 -22.1962 9
      vertex 3 -22 3
      vertex 3 -22 9
    endloop
  endfacet
  facet normal 0.999465 -0.0327042 0
    outer loop
      vertex 3 -22 3
      vertex 2.99358 -22.1962 9
      vertex 2.99358 -22.1962 3
    endloop
  endfacet
  facet normal 0.290345 0.956922 -0
    outer loop
      vertex 0.964318 -19.1592 3
      vertex 0.776457 -19.1022 9
      vertex 0.964318 -19.1592 9
    endloop
  endfacet
  facet normal 0.290345 0.956922 0
    outer loop
      vertex 0.776457 -19.1022 9
      vertex 0.964318 -19.1592 3
      vertex 0.776457 -19.1022 3
    endloop
  endfacet
  facet normal 0.634557 0.772876 -0
    outer loop
      vertex 1.97804 -19.7445 3
      vertex 1.82628 -19.6199 9
      vertex 1.97804 -19.7445 9
    endloop
  endfacet
  facet normal 0.634557 0.772876 0
    outer loop
      vertex 1.82628 -19.6199 9
      vertex 1.97804 -19.7445 3
      vertex 1.82628 -19.6199 3
    endloop
  endfacet
  facet normal 0.471239 0.882006 -0
    outer loop
      vertex 1.5 -19.4019 3
      vertex 1.32687 -19.3094 9
      vertex 1.5 -19.4019 9
    endloop
  endfacet
  facet normal 0.471239 0.882006 0
    outer loop
      vertex 1.32687 -19.3094 9
      vertex 1.5 -19.4019 3
      vertex 1.32687 -19.3094 3
    endloop
  endfacet
  facet normal 0.881887 0.471461 0
    outer loop
      vertex 2.69062 -20.6731 9
      vertex 2.59808 -20.5 3
      vertex 2.59808 -20.5 9
    endloop
  endfacet
  facet normal 0.881887 0.471461 0
    outer loop
      vertex 2.59808 -20.5 3
      vertex 2.69062 -20.6731 9
      vertex 2.69062 -20.6731 3
    endloop
  endfacet
  facet normal -0.95691 0.290385 0
    outer loop
      vertex -2.89778 -21.2235 3
      vertex -2.84079 -21.0357 9
      vertex -2.84079 -21.0357 3
    endloop
  endfacet
  facet normal -0.95691 0.290385 0
    outer loop
      vertex -2.84079 -21.0357 9
      vertex -2.89778 -21.2235 3
      vertex -2.89778 -21.2235 9
    endloop
  endfacet
  facet normal -0.772903 0.634524 0
    outer loop
      vertex -2.38006 -20.1737 3
      vertex -2.25552 -20.022 9
      vertex -2.25552 -20.022 3
    endloop
  endfacet
  facet normal -0.772903 0.634524 0
    outer loop
      vertex -2.25552 -20.022 9
      vertex -2.38006 -20.1737 3
      vertex -2.38006 -20.1737 9
    endloop
  endfacet
  facet normal 0.986652 -0.162846 0
    outer loop
      vertex 2.94236 -22.5853 9
      vertex 2.97433 -22.3916 3
      vertex 2.97433 -22.3916 9
    endloop
  endfacet
  facet normal 0.986652 -0.162846 0
    outer loop
      vertex 2.97433 -22.3916 3
      vertex 2.94236 -22.5853 9
      vertex 2.94236 -22.5853 3
    endloop
  endfacet
  facet normal 0.995182 -0.0980413 0
    outer loop
      vertex 2.97433 -22.3916 9
      vertex 2.99358 -22.1962 3
      vertex 2.99358 -22.1962 9
    endloop
  endfacet
  facet normal 0.995182 -0.0980413 0
    outer loop
      vertex 2.99358 -22.1962 3
      vertex 2.97433 -22.3916 9
      vertex 2.97433 -22.3916 3
    endloop
  endfacet
  facet normal 0.910938 -0.412544 0
    outer loop
      vertex 2.69062 -23.3269 9
      vertex 2.77164 -23.148 3
      vertex 2.77164 -23.148 9
    endloop
  endfacet
  facet normal 0.910938 -0.412544 0
    outer loop
      vertex 2.77164 -23.148 3
      vertex 2.69062 -23.3269 9
      vertex 2.69062 -23.3269 3
    endloop
  endfacet
  facet normal 0.935889 -0.352296 0
    outer loop
      vertex 2.77164 -23.148 9
      vertex 2.84079 -22.9643 3
      vertex 2.84079 -22.9643 9
    endloop
  endfacet
  facet normal 0.935889 -0.352296 0
    outer loop
      vertex 2.84079 -22.9643 3
      vertex 2.77164 -23.148 9
      vertex 2.77164 -23.148 3
    endloop
  endfacet
  facet normal 0.849181 -0.528102 0
    outer loop
      vertex 2.49441 -23.6667 9
      vertex 2.59808 -23.5 3
      vertex 2.59808 -23.5 9
    endloop
  endfacet
  facet normal 0.849181 -0.528102 0
    outer loop
      vertex 2.59808 -23.5 3
      vertex 2.49441 -23.6667 9
      vertex 2.49441 -23.6667 3
    endloop
  endfacet
  facet normal 0.729902 -0.683551 0
    outer loop
      vertex 2.12132 -24.1213 9
      vertex 2.25552 -23.978 3
      vertex 2.25552 -23.978 9
    endloop
  endfacet
  facet normal 0.729902 -0.683551 0
    outer loop
      vertex 2.25552 -23.978 3
      vertex 2.12132 -24.1213 9
      vertex 2.12132 -24.1213 3
    endloop
  endfacet
  facet normal 0.683602 -0.729855 0
    outer loop
      vertex 1.97804 -24.2555 3
      vertex 2.12132 -24.1213 9
      vertex 1.97804 -24.2555 9
    endloop
  endfacet
  facet normal 0.683602 -0.729855 0
    outer loop
      vertex 2.12132 -24.1213 9
      vertex 1.97804 -24.2555 3
      vertex 2.12132 -24.1213 3
    endloop
  endfacet
  facet normal 0.582322 -0.812958 0
    outer loop
      vertex 1.66671 -24.4944 3
      vertex 1.82628 -24.3801 9
      vertex 1.66671 -24.4944 9
    endloop
  endfacet
  facet normal 0.582322 -0.812958 0
    outer loop
      vertex 1.82628 -24.3801 9
      vertex 1.66671 -24.4944 3
      vertex 1.82628 -24.3801 3
    endloop
  endfacet
  facet normal 0.412613 -0.910906 0
    outer loop
      vertex 1.14805 -24.7716 3
      vertex 1.32687 -24.6906 9
      vertex 1.14805 -24.7716 9
    endloop
  endfacet
  facet normal 0.412613 -0.910906 0
    outer loop
      vertex 1.32687 -24.6906 9
      vertex 1.14805 -24.7716 3
      vertex 1.32687 -24.6906 3
    endloop
  endfacet
  facet normal 0.471239 -0.882006 0
    outer loop
      vertex 1.32687 -24.6906 3
      vertex 1.5 -24.5981 9
      vertex 1.32687 -24.6906 9
    endloop
  endfacet
  facet normal 0.471239 -0.882006 0
    outer loop
      vertex 1.5 -24.5981 9
      vertex 1.32687 -24.6906 3
      vertex 1.5 -24.5981 3
    endloop
  endfacet
  facet normal 0.227181 -0.973853 0
    outer loop
      vertex 0.585271 -24.9424 3
      vertex 0.776457 -24.8978 9
      vertex 0.585271 -24.9424 9
    endloop
  endfacet
  facet normal 0.227181 -0.973853 0
    outer loop
      vertex 0.776457 -24.8978 9
      vertex 0.585271 -24.9424 3
      vertex 0.776457 -24.8978 3
    endloop
  endfacet
  facet normal 0.290345 -0.956922 0
    outer loop
      vertex 0.776457 -24.8978 3
      vertex 0.964318 -24.8408 9
      vertex 0.776457 -24.8978 9
    endloop
  endfacet
  facet normal 0.290345 -0.956922 0
    outer loop
      vertex 0.964318 -24.8408 9
      vertex 0.776457 -24.8978 3
      vertex 0.964318 -24.8408 3
    endloop
  endfacet
  facet normal 0.0983089 -0.995156 0
    outer loop
      vertex 0.196209 -24.9936 3
      vertex 0.391578 -24.9743 9
      vertex 0.196209 -24.9936 9
    endloop
  endfacet
  facet normal 0.0983089 -0.995156 0
    outer loop
      vertex 0.391578 -24.9743 9
      vertex 0.196209 -24.9936 3
      vertex 0.391578 -24.9743 3
    endloop
  endfacet
  facet normal 0.0326009 -0.999468 0
    outer loop
      vertex 0 -25 3
      vertex 0.196209 -24.9936 9
      vertex 0 -25 9
    endloop
  endfacet
  facet normal 0.0326009 -0.999468 0
    outer loop
      vertex 0.196209 -24.9936 9
      vertex 0 -25 3
      vertex 0.196209 -24.9936 3
    endloop
  endfacet
  facet normal -0.973879 -0.227069 0
    outer loop
      vertex -2.89778 -22.7765 3
      vertex -2.94236 -22.5853 9
      vertex -2.94236 -22.5853 3
    endloop
  endfacet
  facet normal -0.973879 -0.227069 0
    outer loop
      vertex -2.94236 -22.5853 9
      vertex -2.89778 -22.7765 3
      vertex -2.89778 -22.7765 9
    endloop
  endfacet
  facet normal -0.95691 -0.290385 0
    outer loop
      vertex -2.84079 -22.9643 3
      vertex -2.89778 -22.7765 9
      vertex -2.89778 -22.7765 3
    endloop
  endfacet
  facet normal -0.95691 -0.290385 0
    outer loop
      vertex -2.89778 -22.7765 9
      vertex -2.84079 -22.9643 3
      vertex -2.84079 -22.9643 9
    endloop
  endfacet
  facet normal -0.995182 -0.0980413 0
    outer loop
      vertex -2.97433 -22.3916 3
      vertex -2.99358 -22.1962 9
      vertex -2.99358 -22.1962 3
    endloop
  endfacet
  facet normal -0.995182 -0.0980413 0
    outer loop
      vertex -2.99358 -22.1962 9
      vertex -2.97433 -22.3916 3
      vertex -2.97433 -22.3916 9
    endloop
  endfacet
  facet normal -0.999465 -0.0327042 0
    outer loop
      vertex -2.99358 -22.1962 3
      vertex -3 -22 9
      vertex -3 -22 3
    endloop
  endfacet
  facet normal -0.999465 -0.0327042 0
    outer loop
      vertex -3 -22 9
      vertex -2.99358 -22.1962 3
      vertex -2.99358 -22.1962 9
    endloop
  endfacet
  facet normal -0.999465 0.0327042 0
    outer loop
      vertex -3 -22 3
      vertex -2.99358 -21.8038 9
      vertex -2.99358 -21.8038 3
    endloop
  endfacet
  facet normal -0.999465 0.0327042 0
    outer loop
      vertex -2.99358 -21.8038 9
      vertex -3 -22 3
      vertex -3 -22 9
    endloop
  endfacet
  facet normal -0.881887 -0.471461 0
    outer loop
      vertex -2.59808 -23.5 3
      vertex -2.69062 -23.3269 9
      vertex -2.69062 -23.3269 3
    endloop
  endfacet
  facet normal -0.881887 -0.471461 0
    outer loop
      vertex -2.69062 -23.3269 9
      vertex -2.59808 -23.5 3
      vertex -2.59808 -23.5 9
    endloop
  endfacet
  facet normal -0.910938 -0.412544 0
    outer loop
      vertex -2.69062 -23.3269 3
      vertex -2.77164 -23.148 9
      vertex -2.77164 -23.148 3
    endloop
  endfacet
  facet normal -0.910938 -0.412544 0
    outer loop
      vertex -2.77164 -23.148 9
      vertex -2.69062 -23.3269 3
      vertex -2.69062 -23.3269 9
    endloop
  endfacet
  facet normal -0.812889 -0.582418 0
    outer loop
      vertex -2.38006 -23.8263 3
      vertex -2.49441 -23.6667 9
      vertex -2.49441 -23.6667 3
    endloop
  endfacet
  facet normal -0.812889 -0.582418 0
    outer loop
      vertex -2.49441 -23.6667 9
      vertex -2.38006 -23.8263 3
      vertex -2.38006 -23.8263 9
    endloop
  endfacet
  facet normal -0.352465 -0.935825 0
    outer loop
      vertex -1.14805 -24.7716 3
      vertex -0.964318 -24.8408 9
      vertex -1.14805 -24.7716 9
    endloop
  endfacet
  facet normal -0.352465 -0.935825 -0
    outer loop
      vertex -0.964318 -24.8408 9
      vertex -1.14805 -24.7716 3
      vertex -0.964318 -24.8408 3
    endloop
  endfacet
  facet normal -0.0983089 -0.995156 0
    outer loop
      vertex -0.391578 -24.9743 3
      vertex -0.196209 -24.9936 9
      vertex -0.391578 -24.9743 9
    endloop
  endfacet
  facet normal -0.0983089 -0.995156 -0
    outer loop
      vertex -0.196209 -24.9936 9
      vertex -0.391578 -24.9743 3
      vertex -0.196209 -24.9936 3
    endloop
  endfacet
  facet normal -0.528189 -0.849127 0
    outer loop
      vertex -1.66671 -24.4944 3
      vertex -1.5 -24.5981 9
      vertex -1.66671 -24.4944 9
    endloop
  endfacet
  facet normal -0.528189 -0.849127 -0
    outer loop
      vertex -1.5 -24.5981 9
      vertex -1.66671 -24.4944 3
      vertex -1.5 -24.5981 3
    endloop
  endfacet
  facet normal -0.683602 -0.729855 0
    outer loop
      vertex -2.12132 -24.1213 3
      vertex -1.97804 -24.2555 9
      vertex -2.12132 -24.1213 9
    endloop
  endfacet
  facet normal -0.683602 -0.729855 -0
    outer loop
      vertex -1.97804 -24.2555 9
      vertex -2.12132 -24.1213 3
      vertex -1.97804 -24.2555 3
    endloop
  endfacet
  facet normal -0.729902 -0.683551 0
    outer loop
      vertex -2.12132 -24.1213 3
      vertex -2.25552 -23.978 9
      vertex -2.25552 -23.978 3
    endloop
  endfacet
  facet normal -0.729902 -0.683551 0
    outer loop
      vertex -2.25552 -23.978 9
      vertex -2.12132 -24.1213 3
      vertex -2.12132 -24.1213 9
    endloop
  endfacet
  facet normal 0.0983089 0.995156 -0
    outer loop
      vertex 0.391578 -19.0257 3
      vertex 0.196209 -19.0064 9
      vertex 0.391578 -19.0257 9
    endloop
  endfacet
  facet normal 0.0983089 0.995156 0
    outer loop
      vertex 0.196209 -19.0064 9
      vertex 0.391578 -19.0257 3
      vertex 0.196209 -19.0064 3
    endloop
  endfacet
  facet normal 0.986652 0.162846 0
    outer loop
      vertex 2.97433 -21.6084 9
      vertex 2.94236 -21.4147 3
      vertex 2.94236 -21.4147 9
    endloop
  endfacet
  facet normal 0.986652 0.162846 0
    outer loop
      vertex 2.94236 -21.4147 3
      vertex 2.97433 -21.6084 9
      vertex 2.97433 -21.6084 3
    endloop
  endfacet
  facet normal 0.95691 0.290385 0
    outer loop
      vertex 2.89778 -21.2235 9
      vertex 2.84079 -21.0357 3
      vertex 2.84079 -21.0357 9
    endloop
  endfacet
  facet normal 0.95691 0.290385 0
    outer loop
      vertex 2.84079 -21.0357 3
      vertex 2.89778 -21.2235 9
      vertex 2.89778 -21.2235 3
    endloop
  endfacet
  facet normal 0.227181 0.973853 -0
    outer loop
      vertex 0.776457 -19.1022 3
      vertex 0.585271 -19.0576 9
      vertex 0.776457 -19.1022 9
    endloop
  endfacet
  facet normal 0.227181 0.973853 0
    outer loop
      vertex 0.585271 -19.0576 9
      vertex 0.776457 -19.1022 3
      vertex 0.585271 -19.0576 3
    endloop
  endfacet
  facet normal 0.352465 0.935825 -0
    outer loop
      vertex 1.14805 -19.2284 3
      vertex 0.964318 -19.1592 9
      vertex 1.14805 -19.2284 9
    endloop
  endfacet
  facet normal 0.352465 0.935825 0
    outer loop
      vertex 0.964318 -19.1592 9
      vertex 1.14805 -19.2284 3
      vertex 0.964318 -19.1592 3
    endloop
  endfacet
  facet normal 0.683602 0.729855 -0
    outer loop
      vertex 2.12132 -19.8787 3
      vertex 1.97804 -19.7445 9
      vertex 2.12132 -19.8787 9
    endloop
  endfacet
  facet normal 0.683602 0.729855 0
    outer loop
      vertex 1.97804 -19.7445 9
      vertex 2.12132 -19.8787 3
      vertex 1.97804 -19.7445 3
    endloop
  endfacet
  facet normal 0.528189 0.849127 -0
    outer loop
      vertex 1.66671 -19.5056 3
      vertex 1.5 -19.4019 9
      vertex 1.66671 -19.5056 9
    endloop
  endfacet
  facet normal 0.528189 0.849127 0
    outer loop
      vertex 1.5 -19.4019 9
      vertex 1.66671 -19.5056 3
      vertex 1.5 -19.4019 3
    endloop
  endfacet
  facet normal 0.910851 0.412736 0
    outer loop
      vertex 2.77164 -20.8519 9
      vertex 2.69062 -20.6731 3
      vertex 2.69062 -20.6731 9
    endloop
  endfacet
  facet normal 0.910851 0.412736 0
    outer loop
      vertex 2.69062 -20.6731 3
      vertex 2.77164 -20.8519 9
      vertex 2.77164 -20.8519 3
    endloop
  endfacet
  facet normal 0.849181 0.528102 0
    outer loop
      vertex 2.59808 -20.5 9
      vertex 2.49441 -20.3333 3
      vertex 2.49441 -20.3333 9
    endloop
  endfacet
  facet normal 0.849181 0.528102 0
    outer loop
      vertex 2.49441 -20.3333 3
      vertex 2.59808 -20.5 9
      vertex 2.59808 -20.5 3
    endloop
  endfacet
  facet normal -0.290345 0.956922 0
    outer loop
      vertex -0.776457 -19.1022 3
      vertex -0.964318 -19.1592 9
      vertex -0.776457 -19.1022 9
    endloop
  endfacet
  facet normal -0.290345 0.956922 0
    outer loop
      vertex -0.964318 -19.1592 9
      vertex -0.776457 -19.1022 3
      vertex -0.964318 -19.1592 3
    endloop
  endfacet
  facet normal -0.0326009 0.999468 0
    outer loop
      vertex 0 -19 3
      vertex -0.196209 -19.0064 9
      vertex 0 -19 9
    endloop
  endfacet
  facet normal -0.0326009 0.999468 0
    outer loop
      vertex -0.196209 -19.0064 9
      vertex 0 -19 3
      vertex -0.196209 -19.0064 3
    endloop
  endfacet
  facet normal -0.162504 0.986708 0
    outer loop
      vertex -0.391578 -19.0257 3
      vertex -0.585271 -19.0576 9
      vertex -0.391578 -19.0257 9
    endloop
  endfacet
  facet normal -0.162504 0.986708 0
    outer loop
      vertex -0.585271 -19.0576 9
      vertex -0.391578 -19.0257 3
      vertex -0.585271 -19.0576 3
    endloop
  endfacet
  facet normal -0.471239 0.882006 0
    outer loop
      vertex -1.32687 -19.3094 3
      vertex -1.5 -19.4019 9
      vertex -1.32687 -19.3094 9
    endloop
  endfacet
  facet normal -0.471239 0.882006 0
    outer loop
      vertex -1.5 -19.4019 9
      vertex -1.32687 -19.3094 3
      vertex -1.5 -19.4019 3
    endloop
  endfacet
  facet normal -0.352465 0.935825 0
    outer loop
      vertex -0.964318 -19.1592 3
      vertex -1.14805 -19.2284 9
      vertex -0.964318 -19.1592 9
    endloop
  endfacet
  facet normal -0.352465 0.935825 0
    outer loop
      vertex -1.14805 -19.2284 9
      vertex -0.964318 -19.1592 3
      vertex -1.14805 -19.2284 3
    endloop
  endfacet
  facet normal -0.528189 0.849127 0
    outer loop
      vertex -1.5 -19.4019 3
      vertex -1.66671 -19.5056 9
      vertex -1.5 -19.4019 9
    endloop
  endfacet
  facet normal -0.528189 0.849127 0
    outer loop
      vertex -1.66671 -19.5056 9
      vertex -1.5 -19.4019 3
      vertex -1.66671 -19.5056 3
    endloop
  endfacet
  facet normal -0.935952 0.352128 0
    outer loop
      vertex -2.84079 -21.0357 3
      vertex -2.77164 -20.8519 9
      vertex -2.77164 -20.8519 3
    endloop
  endfacet
  facet normal -0.935952 0.352128 0
    outer loop
      vertex -2.77164 -20.8519 9
      vertex -2.84079 -21.0357 3
      vertex -2.84079 -21.0357 9
    endloop
  endfacet
  facet normal -0.973879 0.227069 0
    outer loop
      vertex -2.94236 -21.4147 3
      vertex -2.89778 -21.2235 9
      vertex -2.89778 -21.2235 3
    endloop
  endfacet
  facet normal -0.973879 0.227069 0
    outer loop
      vertex -2.89778 -21.2235 9
      vertex -2.94236 -21.4147 3
      vertex -2.94236 -21.4147 9
    endloop
  endfacet
  facet normal -0.995182 0.0980413 0
    outer loop
      vertex -2.99358 -21.8038 3
      vertex -2.97433 -21.6084 9
      vertex -2.97433 -21.6084 3
    endloop
  endfacet
  facet normal -0.995182 0.0980413 0
    outer loop
      vertex -2.97433 -21.6084 9
      vertex -2.99358 -21.8038 3
      vertex -2.99358 -21.8038 9
    endloop
  endfacet
  facet normal -0.812889 0.582418 0
    outer loop
      vertex -2.49441 -20.3333 3
      vertex -2.38006 -20.1737 9
      vertex -2.38006 -20.1737 3
    endloop
  endfacet
  facet normal -0.812889 0.582418 0
    outer loop
      vertex -2.38006 -20.1737 9
      vertex -2.49441 -20.3333 3
      vertex -2.49441 -20.3333 9
    endloop
  endfacet
  facet normal -0.881887 0.471461 0
    outer loop
      vertex -2.69062 -20.6731 3
      vertex -2.59808 -20.5 9
      vertex -2.59808 -20.5 3
    endloop
  endfacet
  facet normal -0.881887 0.471461 0
    outer loop
      vertex -2.59808 -20.5 9
      vertex -2.69062 -20.6731 3
      vertex -2.69062 -20.6731 9
    endloop
  endfacet
  facet normal -0.729902 0.683551 0
    outer loop
      vertex -2.25552 -20.022 3
      vertex -2.12132 -19.8787 9
      vertex -2.12132 -19.8787 3
    endloop
  endfacet
  facet normal -0.729902 0.683551 0
    outer loop
      vertex -2.12132 -19.8787 9
      vertex -2.25552 -20.022 3
      vertex -2.25552 -20.022 9
    endloop
  endfacet
  facet normal -0.683602 0.729855 0
    outer loop
      vertex -1.97804 -19.7445 3
      vertex -2.12132 -19.8787 9
      vertex -1.97804 -19.7445 9
    endloop
  endfacet
  facet normal -0.683602 0.729855 0
    outer loop
      vertex -2.12132 -19.8787 9
      vertex -1.97804 -19.7445 3
      vertex -2.12132 -19.8787 3
    endloop
  endfacet
  facet normal 0.973879 0.227069 0
    outer loop
      vertex 2.94236 -21.4147 9
      vertex 2.89778 -21.2235 3
      vertex 2.89778 -21.2235 9
    endloop
  endfacet
  facet normal 0.973879 0.227069 0
    outer loop
      vertex 2.89778 -21.2235 3
      vertex 2.94236 -21.4147 9
      vertex 2.94236 -21.4147 3
    endloop
  endfacet
  facet normal 0.162504 0.986708 -0
    outer loop
      vertex 0.585271 -19.0576 3
      vertex 0.391578 -19.0257 9
      vertex 0.585271 -19.0576 9
    endloop
  endfacet
  facet normal 0.162504 0.986708 0
    outer loop
      vertex 0.391578 -19.0257 9
      vertex 0.585271 -19.0576 3
      vertex 0.391578 -19.0257 3
    endloop
  endfacet
  facet normal 0.729902 0.683551 0
    outer loop
      vertex 2.25552 -20.022 9
      vertex 2.12132 -19.8787 3
      vertex 2.12132 -19.8787 9
    endloop
  endfacet
  facet normal 0.729902 0.683551 0
    outer loop
      vertex 2.12132 -19.8787 3
      vertex 2.25552 -20.022 9
      vertex 2.25552 -20.022 3
    endloop
  endfacet
  facet normal 0.812889 0.582418 0
    outer loop
      vertex 2.49441 -20.3333 9
      vertex 2.38006 -20.1737 3
      vertex 2.38006 -20.1737 9
    endloop
  endfacet
  facet normal 0.812889 0.582418 0
    outer loop
      vertex 2.38006 -20.1737 3
      vertex 2.49441 -20.3333 9
      vertex 2.49441 -20.3333 3
    endloop
  endfacet
  facet normal 0.0326009 0.999468 -0
    outer loop
      vertex 0.196209 -19.0064 3
      vertex 0 -19 9
      vertex 0.196209 -19.0064 9
    endloop
  endfacet
  facet normal 0.0326009 0.999468 0
    outer loop
      vertex 0 -19 9
      vertex 0.196209 -19.0064 3
      vertex 0 -19 3
    endloop
  endfacet
  facet normal -0.227181 0.973853 0
    outer loop
      vertex -0.585271 -19.0576 3
      vertex -0.776457 -19.1022 9
      vertex -0.585271 -19.0576 9
    endloop
  endfacet
  facet normal -0.227181 0.973853 0
    outer loop
      vertex -0.776457 -19.1022 9
      vertex -0.585271 -19.0576 3
      vertex -0.776457 -19.1022 3
    endloop
  endfacet
  facet normal -0.412613 0.910906 0
    outer loop
      vertex -1.14805 -19.2284 3
      vertex -1.32687 -19.3094 9
      vertex -1.14805 -19.2284 9
    endloop
  endfacet
  facet normal -0.412613 0.910906 0
    outer loop
      vertex -1.32687 -19.3094 9
      vertex -1.14805 -19.2284 3
      vertex -1.32687 -19.3094 3
    endloop
  endfacet
  facet normal -0.582322 0.812958 0
    outer loop
      vertex -1.66671 -19.5056 3
      vertex -1.82628 -19.6199 9
      vertex -1.66671 -19.5056 9
    endloop
  endfacet
  facet normal -0.582322 0.812958 0
    outer loop
      vertex -1.82628 -19.6199 9
      vertex -1.66671 -19.5056 3
      vertex -1.82628 -19.6199 3
    endloop
  endfacet
  facet normal -0.910851 0.412736 0
    outer loop
      vertex -2.77164 -20.8519 3
      vertex -2.69062 -20.6731 9
      vertex -2.69062 -20.6731 3
    endloop
  endfacet
  facet normal -0.910851 0.412736 0
    outer loop
      vertex -2.69062 -20.6731 9
      vertex -2.77164 -20.8519 3
      vertex -2.77164 -20.8519 9
    endloop
  endfacet
  facet normal -0.986652 0.162846 0
    outer loop
      vertex -2.97433 -21.6084 3
      vertex -2.94236 -21.4147 9
      vertex -2.94236 -21.4147 3
    endloop
  endfacet
  facet normal -0.986652 0.162846 0
    outer loop
      vertex -2.94236 -21.4147 9
      vertex -2.97433 -21.6084 3
      vertex -2.97433 -21.6084 9
    endloop
  endfacet
  facet normal -0.849181 0.528102 0
    outer loop
      vertex -2.59808 -20.5 3
      vertex -2.49441 -20.3333 9
      vertex -2.49441 -20.3333 3
    endloop
  endfacet
  facet normal -0.849181 0.528102 0
    outer loop
      vertex -2.49441 -20.3333 9
      vertex -2.59808 -20.5 3
      vertex -2.59808 -20.5 9
    endloop
  endfacet
  facet normal 0.999465 0.0327042 0
    outer loop
      vertex 3 -22 9
      vertex 2.99358 -21.8038 3
      vertex 2.99358 -21.8038 9
    endloop
  endfacet
  facet normal 0.999465 0.0327042 0
    outer loop
      vertex 2.99358 -21.8038 3
      vertex 3 -22 9
      vertex 3 -22 3
    endloop
  endfacet
  facet normal 0.881972 -0.471302 0
    outer loop
      vertex 58.5981 20.5 9
      vertex 58.6906 20.6731 3
      vertex 58.6906 20.6731 9
    endloop
  endfacet
  facet normal 0.881972 -0.471302 0
    outer loop
      vertex 58.6906 20.6731 3
      vertex 58.5981 20.5 9
      vertex 58.5981 20.5 3
    endloop
  endfacet
  facet normal 0.352519 -0.935805 0
    outer loop
      vertex 56.9643 19.1592 3
      vertex 57.148 19.2284 9
      vertex 56.9643 19.1592 9
    endloop
  endfacet
  facet normal 0.352519 -0.935805 0
    outer loop
      vertex 57.148 19.2284 9
      vertex 56.9643 19.1592 3
      vertex 57.148 19.2284 3
    endloop
  endfacet
  facet normal -0.41246 -0.910976 0
    outer loop
      vertex 54.6731 19.3094 3
      vertex 54.852 19.2284 9
      vertex 54.6731 19.3094 9
    endloop
  endfacet
  facet normal -0.41246 -0.910976 -0
    outer loop
      vertex 54.852 19.2284 9
      vertex 54.6731 19.3094 3
      vertex 54.852 19.2284 3
    endloop
  endfacet
  facet normal -0.935868 -0.352351 0
    outer loop
      vertex 53.2284 20.8519 3
      vertex 53.1592 21.0357 9
      vertex 53.1592 21.0357 3
    endloop
  endfacet
  facet normal -0.935868 -0.352351 0
    outer loop
      vertex 53.1592 21.0357 9
      vertex 53.2284 20.8519 3
      vertex 53.2284 20.8519 9
    endloop
  endfacet
  facet normal 0.995157 0.0982934 0
    outer loop
      vertex 58.9936 22.1962 9
      vertex 58.9743 22.3916 3
      vertex 58.9743 22.3916 9
    endloop
  endfacet
  facet normal 0.995157 0.0982934 0
    outer loop
      vertex 58.9743 22.3916 3
      vertex 58.9936 22.1962 9
      vertex 58.9936 22.1962 3
    endloop
  endfacet
  facet normal 0.0982934 -0.995157 0
    outer loop
      vertex 56.1962 19.0064 3
      vertex 56.3916 19.0257 9
      vertex 56.1962 19.0064 9
    endloop
  endfacet
  facet normal 0.0982934 -0.995157 0
    outer loop
      vertex 56.3916 19.0257 9
      vertex 56.1962 19.0064 3
      vertex 56.3916 19.0257 3
    endloop
  endfacet
  facet normal 0.528212 -0.849112 0
    outer loop
      vertex 57.5 19.4019 3
      vertex 57.6667 19.5056 9
      vertex 57.5 19.4019 9
    endloop
  endfacet
  facet normal 0.528212 -0.849112 0
    outer loop
      vertex 57.6667 19.5056 9
      vertex 57.5 19.4019 3
      vertex 57.6667 19.5056 3
    endloop
  endfacet
  facet normal -0.995157 -0.0982934 0
    outer loop
      vertex 53.0257 21.6084 3
      vertex 53.0064 21.8038 9
      vertex 53.0064 21.8038 3
    endloop
  endfacet
  facet normal -0.995157 -0.0982934 0
    outer loop
      vertex 53.0064 21.8038 9
      vertex 53.0257 21.6084 3
      vertex 53.0257 21.6084 9
    endloop
  endfacet
  facet normal -0.772753 -0.634707 0
    outer loop
      vertex 53.7445 20.022 3
      vertex 53.6199 20.1737 9
      vertex 53.6199 20.1737 3
    endloop
  endfacet
  facet normal -0.772753 -0.634707 0
    outer loop
      vertex 53.6199 20.1737 9
      vertex 53.7445 20.022 3
      vertex 53.7445 20.022 9
    endloop
  endfacet
  facet normal -0.227165 -0.973856 0
    outer loop
      vertex 55.2235 19.1022 3
      vertex 55.4147 19.0576 9
      vertex 55.2235 19.1022 9
    endloop
  endfacet
  facet normal -0.227165 -0.973856 -0
    outer loop
      vertex 55.4147 19.0576 9
      vertex 55.2235 19.1022 3
      vertex 55.4147 19.0576 3
    endloop
  endfacet
  facet normal 0.471302 0.881972 -0
    outer loop
      vertex 57.5 24.5981 3
      vertex 57.3269 24.6906 9
      vertex 57.5 24.5981 9
    endloop
  endfacet
  facet normal 0.471302 0.881972 0
    outer loop
      vertex 57.3269 24.6906 9
      vertex 57.5 24.5981 3
      vertex 57.3269 24.6906 3
    endloop
  endfacet
  facet normal -0.634707 0.772753 0
    outer loop
      vertex 54.1737 24.3801 3
      vertex 54.022 24.2555 9
      vertex 54.1737 24.3801 9
    endloop
  endfacet
  facet normal -0.634707 0.772753 0
    outer loop
      vertex 54.022 24.2555 9
      vertex 54.1737 24.3801 3
      vertex 54.022 24.2555 3
    endloop
  endfacet
  facet normal -0.881972 0.471302 0
    outer loop
      vertex 53.3094 23.3269 3
      vertex 53.4019 23.5 9
      vertex 53.4019 23.5 3
    endloop
  endfacet
  facet normal -0.881972 0.471302 0
    outer loop
      vertex 53.4019 23.5 9
      vertex 53.3094 23.3269 3
      vertex 53.3094 23.3269 9
    endloop
  endfacet
  facet normal 0.81301 -0.58225 0
    outer loop
      vertex 58.3801 20.1737 9
      vertex 58.4944 20.3333 3
      vertex 58.4944 20.3333 9
    endloop
  endfacet
  facet normal 0.81301 -0.58225 0
    outer loop
      vertex 58.4944 20.3333 3
      vertex 58.3801 20.1737 9
      vertex 58.3801 20.1737 3
    endloop
  endfacet
  facet normal 0.772753 -0.634707 0
    outer loop
      vertex 58.2555 20.022 9
      vertex 58.3801 20.1737 3
      vertex 58.3801 20.1737 9
    endloop
  endfacet
  facet normal 0.772753 -0.634707 0
    outer loop
      vertex 58.3801 20.1737 3
      vertex 58.2555 20.022 9
      vertex 58.2555 20.022 3
    endloop
  endfacet
  facet normal 0.729902 -0.683551 0
    outer loop
      vertex 58.1213 19.8787 9
      vertex 58.2555 20.022 3
      vertex 58.2555 20.022 9
    endloop
  endfacet
  facet normal 0.729902 -0.683551 0
    outer loop
      vertex 58.2555 20.022 3
      vertex 58.1213 19.8787 9
      vertex 58.1213 19.8787 3
    endloop
  endfacet
  facet normal -0.0326024 -0.999468 0
    outer loop
      vertex 55.8038 19.0064 3
      vertex 56 19 9
      vertex 55.8038 19.0064 9
    endloop
  endfacet
  facet normal -0.0326024 -0.999468 -0
    outer loop
      vertex 56 19 9
      vertex 55.8038 19.0064 3
      vertex 56 19 3
    endloop
  endfacet
  facet normal 0.162499 -0.986709 0
    outer loop
      vertex 56.3916 19.0257 3
      vertex 56.5853 19.0576 9
      vertex 56.3916 19.0257 9
    endloop
  endfacet
  facet normal 0.162499 -0.986709 0
    outer loop
      vertex 56.5853 19.0576 9
      vertex 56.3916 19.0257 3
      vertex 56.5853 19.0576 3
    endloop
  endfacet
  facet normal 0.58225 -0.81301 0
    outer loop
      vertex 57.6667 19.5056 3
      vertex 57.8263 19.6199 9
      vertex 57.6667 19.5056 9
    endloop
  endfacet
  facet normal 0.58225 -0.81301 0
    outer loop
      vertex 57.8263 19.6199 9
      vertex 57.6667 19.5056 3
      vertex 57.8263 19.6199 3
    endloop
  endfacet
  facet normal -0.986709 -0.162499 0
    outer loop
      vertex 53.0576 21.4147 3
      vertex 53.0257 21.6084 9
      vertex 53.0257 21.6084 3
    endloop
  endfacet
  facet normal -0.986709 -0.162499 0
    outer loop
      vertex 53.0257 21.6084 9
      vertex 53.0576 21.4147 3
      vertex 53.0576 21.4147 9
    endloop
  endfacet
  facet normal -0.881972 -0.471302 0
    outer loop
      vertex 53.4019 20.5 3
      vertex 53.3094 20.6731 9
      vertex 53.3094 20.6731 3
    endloop
  endfacet
  facet normal -0.881972 -0.471302 0
    outer loop
      vertex 53.3094 20.6731 9
      vertex 53.4019 20.5 3
      vertex 53.4019 20.5 9
    endloop
  endfacet
  facet normal -0.849112 -0.528212 0
    outer loop
      vertex 53.5056 20.3333 3
      vertex 53.4019 20.5 9
      vertex 53.4019 20.5 3
    endloop
  endfacet
  facet normal -0.849112 -0.528212 0
    outer loop
      vertex 53.4019 20.5 9
      vertex 53.5056 20.3333 3
      vertex 53.5056 20.3333 9
    endloop
  endfacet
  facet normal -0.0982934 -0.995157 0
    outer loop
      vertex 55.6084 19.0257 3
      vertex 55.8038 19.0064 9
      vertex 55.6084 19.0257 9
    endloop
  endfacet
  facet normal -0.0982934 -0.995157 -0
    outer loop
      vertex 55.8038 19.0064 9
      vertex 55.6084 19.0257 3
      vertex 55.8038 19.0064 3
    endloop
  endfacet
  facet normal -0.290432 -0.956896 0
    outer loop
      vertex 55.0357 19.1592 3
      vertex 55.2235 19.1022 9
      vertex 55.0357 19.1592 9
    endloop
  endfacet
  facet normal -0.290432 -0.956896 -0
    outer loop
      vertex 55.2235 19.1022 9
      vertex 55.0357 19.1592 3
      vertex 55.2235 19.1022 3
    endloop
  endfacet
  facet normal -0.58225 -0.81301 0
    outer loop
      vertex 54.1737 19.6199 3
      vertex 54.3333 19.5056 9
      vertex 54.1737 19.6199 9
    endloop
  endfacet
  facet normal -0.58225 -0.81301 -0
    outer loop
      vertex 54.3333 19.5056 9
      vertex 54.1737 19.6199 3
      vertex 54.3333 19.5056 3
    endloop
  endfacet
  facet normal -0.634707 -0.772753 0
    outer loop
      vertex 54.022 19.7445 3
      vertex 54.1737 19.6199 9
      vertex 54.022 19.7445 9
    endloop
  endfacet
  facet normal -0.634707 -0.772753 -0
    outer loop
      vertex 54.1737 19.6199 9
      vertex 54.022 19.7445 3
      vertex 54.1737 19.6199 3
    endloop
  endfacet
  facet normal -0.528212 -0.849112 0
    outer loop
      vertex 54.3333 19.5056 3
      vertex 54.5 19.4019 9
      vertex 54.3333 19.5056 9
    endloop
  endfacet
  facet normal -0.528212 -0.849112 -0
    outer loop
      vertex 54.5 19.4019 9
      vertex 54.3333 19.5056 3
      vertex 54.5 19.4019 3
    endloop
  endfacet
  facet normal 0.999468 -0.0326024 0
    outer loop
      vertex 58.9936 21.8038 9
      vertex 59 22 3
      vertex 59 22 9
    endloop
  endfacet
  facet normal 0.999468 -0.0326024 0
    outer loop
      vertex 59 22 3
      vertex 58.9936 21.8038 9
      vertex 58.9936 21.8038 3
    endloop
  endfacet
  facet normal -0.772753 0.634707 0
    outer loop
      vertex 53.6199 23.8263 3
      vertex 53.7445 23.978 9
      vertex 53.7445 23.978 3
    endloop
  endfacet
  facet normal -0.772753 0.634707 0
    outer loop
      vertex 53.7445 23.978 9
      vertex 53.6199 23.8263 3
      vertex 53.6199 23.8263 9
    endloop
  endfacet
  facet normal 0.0982934 0.995157 -0
    outer loop
      vertex 56.3916 24.9743 3
      vertex 56.1962 24.9936 9
      vertex 56.3916 24.9743 9
    endloop
  endfacet
  facet normal 0.0982934 0.995157 0
    outer loop
      vertex 56.1962 24.9936 9
      vertex 56.3916 24.9743 3
      vertex 56.1962 24.9936 3
    endloop
  endfacet
  facet normal 0.162499 0.986709 -0
    outer loop
      vertex 56.5853 24.9424 3
      vertex 56.3916 24.9743 9
      vertex 56.5853 24.9424 9
    endloop
  endfacet
  facet normal 0.162499 0.986709 0
    outer loop
      vertex 56.3916 24.9743 9
      vertex 56.5853 24.9424 3
      vertex 56.3916 24.9743 3
    endloop
  endfacet
  facet normal 0.995157 -0.0982934 0
    outer loop
      vertex 58.9743 21.6084 9
      vertex 58.9936 21.8038 3
      vertex 58.9936 21.8038 9
    endloop
  endfacet
  facet normal 0.995157 -0.0982934 0
    outer loop
      vertex 58.9936 21.8038 3
      vertex 58.9743 21.6084 9
      vertex 58.9743 21.6084 3
    endloop
  endfacet
  facet normal 0.956896 -0.290432 0
    outer loop
      vertex 58.8408 21.0357 9
      vertex 58.8978 21.2235 3
      vertex 58.8978 21.2235 9
    endloop
  endfacet
  facet normal 0.956896 -0.290432 0
    outer loop
      vertex 58.8978 21.2235 3
      vertex 58.8408 21.0357 9
      vertex 58.8408 21.0357 3
    endloop
  endfacet
  facet normal 0.910889 -0.412651 0
    outer loop
      vertex 58.6906 20.6731 9
      vertex 58.7716 20.8519 3
      vertex 58.7716 20.8519 9
    endloop
  endfacet
  facet normal 0.910889 -0.412651 0
    outer loop
      vertex 58.7716 20.8519 3
      vertex 58.6906 20.6731 9
      vertex 58.6906 20.6731 3
    endloop
  endfacet
  facet normal 0.986709 -0.162499 0
    outer loop
      vertex 58.9424 21.4147 9
      vertex 58.9743 21.6084 3
      vertex 58.9743 21.6084 9
    endloop
  endfacet
  facet normal 0.986709 -0.162499 0
    outer loop
      vertex 58.9743 21.6084 3
      vertex 58.9424 21.4147 9
      vertex 58.9424 21.4147 3
    endloop
  endfacet
  facet normal 0.973856 -0.227165 0
    outer loop
      vertex 58.8978 21.2235 9
      vertex 58.9424 21.4147 3
      vertex 58.9424 21.4147 9
    endloop
  endfacet
  facet normal 0.973856 -0.227165 0
    outer loop
      vertex 58.9424 21.4147 3
      vertex 58.8978 21.2235 9
      vertex 58.8978 21.2235 3
    endloop
  endfacet
  facet normal 0.849112 -0.528212 0
    outer loop
      vertex 58.4944 20.3333 9
      vertex 58.5981 20.5 3
      vertex 58.5981 20.5 9
    endloop
  endfacet
  facet normal 0.849112 -0.528212 0
    outer loop
      vertex 58.5981 20.5 3
      vertex 58.4944 20.3333 9
      vertex 58.4944 20.3333 3
    endloop
  endfacet
  facet normal 0.683551 -0.729902 0
    outer loop
      vertex 57.978 19.7445 3
      vertex 58.1213 19.8787 9
      vertex 57.978 19.7445 9
    endloop
  endfacet
  facet normal 0.683551 -0.729902 0
    outer loop
      vertex 58.1213 19.8787 9
      vertex 57.978 19.7445 3
      vertex 58.1213 19.8787 3
    endloop
  endfacet
  facet normal 0.227165 -0.973856 0
    outer loop
      vertex 56.5853 19.0576 3
      vertex 56.7765 19.1022 9
      vertex 56.5853 19.0576 9
    endloop
  endfacet
  facet normal 0.227165 -0.973856 0
    outer loop
      vertex 56.7765 19.1022 9
      vertex 56.5853 19.0576 3
      vertex 56.7765 19.1022 3
    endloop
  endfacet
  facet normal 0.290432 -0.956896 0
    outer loop
      vertex 56.7765 19.1022 3
      vertex 56.9643 19.1592 9
      vertex 56.7765 19.1022 9
    endloop
  endfacet
  facet normal 0.290432 -0.956896 0
    outer loop
      vertex 56.9643 19.1592 9
      vertex 56.7765 19.1022 3
      vertex 56.9643 19.1592 3
    endloop
  endfacet
  facet normal 0.0326024 -0.999468 0
    outer loop
      vertex 56 19 3
      vertex 56.1962 19.0064 9
      vertex 56 19 9
    endloop
  endfacet
  facet normal 0.0326024 -0.999468 0
    outer loop
      vertex 56.1962 19.0064 9
      vertex 56 19 3
      vertex 56.1962 19.0064 3
    endloop
  endfacet
  facet normal 0.471302 -0.881972 0
    outer loop
      vertex 57.3269 19.3094 3
      vertex 57.5 19.4019 9
      vertex 57.3269 19.3094 9
    endloop
  endfacet
  facet normal 0.471302 -0.881972 0
    outer loop
      vertex 57.5 19.4019 9
      vertex 57.3269 19.3094 3
      vertex 57.5 19.4019 3
    endloop
  endfacet
  facet normal 0.41246 -0.910976 0
    outer loop
      vertex 57.148 19.2284 3
      vertex 57.3269 19.3094 9
      vertex 57.148 19.2284 9
    endloop
  endfacet
  facet normal 0.41246 -0.910976 0
    outer loop
      vertex 57.3269 19.3094 9
      vertex 57.148 19.2284 3
      vertex 57.3269 19.3094 3
    endloop
  endfacet
  facet normal 0.634707 -0.772753 0
    outer loop
      vertex 57.8263 19.6199 3
      vertex 57.978 19.7445 9
      vertex 57.8263 19.6199 9
    endloop
  endfacet
  facet normal 0.634707 -0.772753 0
    outer loop
      vertex 57.978 19.7445 9
      vertex 57.8263 19.6199 3
      vertex 57.978 19.7445 3
    endloop
  endfacet
  facet normal 0 0 1
    outer loop
      vertex 56.9 22 9
      vertex 59 22 9
      vertex 58.9936 22.1962 9
    endloop
  endfacet
  facet normal 0 0 1
    outer loop
      vertex 56.8981 22.0589 9
      vertex 58.9936 22.1962 9
      vertex 58.9743 22.3916 9
    endloop
  endfacet
  facet normal 0 0 1
    outer loop
      vertex 59 22 9
      vertex 56.9 22 9
      vertex 58.9936 21.8038 9
    endloop
  endfacet
  facet normal 0 0 1
    outer loop
      vertex 56.8923 22.1175 9
      vertex 58.9743 22.3916 9
      vertex 58.9424 22.5853 9
    endloop
  endfacet
  facet normal -0 0 1
    outer loop
      vertex 56.8981 21.9411 9
      vertex 58.9936 21.8038 9
      vertex 56.9 22 9
    endloop
  endfacet
  facet normal 0 0 1
    outer loop
      vertex 56.8827 22.1756 9
      vertex 58.9424 22.5853 9
      vertex 58.8978 22.7765 9
    endloop
  endfacet
  facet normal 0 0 1
    outer loop
      vertex 58.9936 21.8038 9
      vertex 56.8981 21.9411 9
      vertex 58.9743 21.6084 9
    endloop
  endfacet
  facet normal 0 0 1
    outer loop
      vertex 56.8693 22.2329 9
      vertex 58.8978 22.7765 9
      vertex 58.8408 22.9643 9
    endloop
  endfacet
  facet normal -0 0 1
    outer loop
      vertex 56.8923 21.8825 9
      vertex 58.9743 21.6084 9
      vertex 56.8981 21.9411 9
    endloop
  endfacet
  facet normal 0 0 1
    outer loop
      vertex 56.8522 22.2893 9
      vertex 58.8408 22.9643 9
      vertex 58.7716 23.148 9
    endloop
  endfacet
  facet normal 0 0 1
    outer loop
      vertex 58.9743 21.6084 9
      vertex 56.8923 21.8825 9
      vertex 58.9424 21.4147 9
    endloop
  endfacet
  facet normal 0 0 1
    outer loop
      vertex 56.8315 22.3444 9
      vertex 58.7716 23.148 9
      vertex 58.6906 23.3269 9
    endloop
  endfacet
  facet normal -0 0 1
    outer loop
      vertex 56.8827 21.8244 9
      vertex 58.9424 21.4147 9
      vertex 56.8923 21.8825 9
    endloop
  endfacet
  facet normal 0 0 1
    outer loop
      vertex 56.8072 22.3981 9
      vertex 58.6906 23.3269 9
      vertex 58.5981 23.5 9
    endloop
  endfacet
  facet normal 0 0 1
    outer loop
      vertex 58.9424 21.4147 9
      vertex 56.8827 21.8244 9
      vertex 58.8978 21.2235 9
    endloop
  endfacet
  facet normal 0 0 1
    outer loop
      vertex 56.7794 22.45 9
      vertex 58.5981 23.5 9
      vertex 58.4944 23.6667 9
    endloop
  endfacet
  facet normal -0 0 1
    outer loop
      vertex 56.8693 21.7671 9
      vertex 58.8978 21.2235 9
      vertex 56.8827 21.8244 9
    endloop
  endfacet
  facet normal 0 0 1
    outer loop
      vertex 56.7483 22.5 9
      vertex 58.4944 23.6667 9
      vertex 58.3801 23.8263 9
    endloop
  endfacet
  facet normal 0 0 1
    outer loop
      vertex 58.8978 21.2235 9
      vertex 56.8693 21.7671 9
      vertex 58.8408 21.0357 9
    endloop
  endfacet
  facet normal 0 0 1
    outer loop
      vertex 56.714 22.5479 9
      vertex 58.3801 23.8263 9
      vertex 58.2555 23.978 9
    endloop
  endfacet
  facet normal -0 0 1
    outer loop
      vertex 56.8522 21.7107 9
      vertex 58.8408 21.0357 9
      vertex 56.8693 21.7671 9
    endloop
  endfacet
  facet normal 0 0 1
    outer loop
      vertex 56.6767 22.5934 9
      vertex 58.2555 23.978 9
      vertex 58.1213 24.1213 9
    endloop
  endfacet
  facet normal 0 0 1
    outer loop
      vertex 58.8408 21.0357 9
      vertex 56.8522 21.7107 9
      vertex 58.7716 20.8519 9
    endloop
  endfacet
  facet normal 0 0 1
    outer loop
      vertex 56.6364 22.6364 9
      vertex 58.1213 24.1213 9
      vertex 57.978 24.2555 9
    endloop
  endfacet
  facet normal -0 0 1
    outer loop
      vertex 56.8315 21.6556 9
      vertex 58.7716 20.8519 9
      vertex 56.8522 21.7107 9
    endloop
  endfacet
  facet normal 0 0 1
    outer loop
      vertex 56.5934 22.6767 9
      vertex 57.978 24.2555 9
      vertex 57.8263 24.3801 9
    endloop
  endfacet
  facet normal 0 0 1
    outer loop
      vertex 58.7716 20.8519 9
      vertex 56.8315 21.6556 9
      vertex 58.6906 20.6731 9
    endloop
  endfacet
  facet normal 0 0 1
    outer loop
      vertex 56.5479 22.714 9
      vertex 57.8263 24.3801 9
      vertex 57.6667 24.4944 9
    endloop
  endfacet
  facet normal -0 0 1
    outer loop
      vertex 56.8072 21.6019 9
      vertex 58.6906 20.6731 9
      vertex 56.8315 21.6556 9
    endloop
  endfacet
  facet normal 0 0 1
    outer loop
      vertex 56.5 22.7483 9
      vertex 57.6667 24.4944 9
      vertex 57.5 24.5981 9
    endloop
  endfacet
  facet normal 0 0 1
    outer loop
      vertex 58.6906 20.6731 9
      vertex 56.8072 21.6019 9
      vertex 58.5981 20.5 9
    endloop
  endfacet
  facet normal 0 0 1
    outer loop
      vertex 56.45 22.7794 9
      vertex 57.5 24.5981 9
      vertex 57.3269 24.6906 9
    endloop
  endfacet
  facet normal -0 0 1
    outer loop
      vertex 56.7794 21.55 9
      vertex 58.5981 20.5 9
      vertex 56.8072 21.6019 9
    endloop
  endfacet
  facet normal 0 0 1
    outer loop
      vertex 56.3981 22.8072 9
      vertex 57.3269 24.6906 9
      vertex 57.148 24.7716 9
    endloop
  endfacet
  facet normal 0 0 1
    outer loop
      vertex 58.5981 20.5 9
      vertex 56.7794 21.55 9
      vertex 58.4944 20.3333 9
    endloop
  endfacet
  facet normal 0 0 1
    outer loop
      vertex 56.3444 22.8315 9
      vertex 57.148 24.7716 9
      vertex 56.9643 24.8408 9
    endloop
  endfacet
  facet normal -0 0 1
    outer loop
      vertex 56.7483 21.5 9
      vertex 58.4944 20.3333 9
      vertex 56.7794 21.55 9
    endloop
  endfacet
  facet normal 0 0 1
    outer loop
      vertex 58.4944 20.3333 9
      vertex 56.7483 21.5 9
      vertex 58.3801 20.1737 9
    endloop
  endfacet
  facet normal 0 0 1
    outer loop
      vertex 58.9936 22.1962 9
      vertex 56.8981 22.0589 9
      vertex 56.9 22 9
    endloop
  endfacet
  facet normal 0 0 1
    outer loop
      vertex 58.9743 22.3916 9
      vertex 56.8923 22.1175 9
      vertex 56.8981 22.0589 9
    endloop
  endfacet
  facet normal 0 0 1
    outer loop
      vertex 58.9424 22.5853 9
      vertex 56.8827 22.1756 9
      vertex 56.8923 22.1175 9
    endloop
  endfacet
  facet normal 0 0 1
    outer loop
      vertex 58.8978 22.7765 9
      vertex 56.8693 22.2329 9
      vertex 56.8827 22.1756 9
    endloop
  endfacet
  facet normal 0 0 1
    outer loop
      vertex 58.8408 22.9643 9
      vertex 56.8522 22.2893 9
      vertex 56.8693 22.2329 9
    endloop
  endfacet
  facet normal 0 0 1
    outer loop
      vertex 58.7716 23.148 9
      vertex 56.8315 22.3444 9
      vertex 56.8522 22.2893 9
    endloop
  endfacet
  facet normal 0 0 1
    outer loop
      vertex 58.6906 23.3269 9
      vertex 56.8072 22.3981 9
      vertex 56.8315 22.3444 9
    endloop
  endfacet
  facet normal 0 0 1
    outer loop
      vertex 58.5981 23.5 9
      vertex 56.7794 22.45 9
      vertex 56.8072 22.3981 9
    endloop
  endfacet
  facet normal 0 0 1
    outer loop
      vertex 56.2893 22.8522 9
      vertex 56.9643 24.8408 9
      vertex 56.7765 24.8978 9
    endloop
  endfacet
  facet normal 0 0 1
    outer loop
      vertex 58.4944 23.6667 9
      vertex 56.7483 22.5 9
      vertex 56.7794 22.45 9
    endloop
  endfacet
  facet normal 0 0 1
    outer loop
      vertex 58.3801 23.8263 9
      vertex 56.714 22.5479 9
      vertex 56.7483 22.5 9
    endloop
  endfacet
  facet normal 0 0 1
    outer loop
      vertex 58.2555 23.978 9
      vertex 56.6767 22.5934 9
      vertex 56.714 22.5479 9
    endloop
  endfacet
  facet normal 0 0 1
    outer loop
      vertex 58.1213 24.1213 9
      vertex 56.6364 22.6364 9
      vertex 56.6767 22.5934 9
    endloop
  endfacet
  facet normal 0 0 1
    outer loop
      vertex 57.978 24.2555 9
      vertex 56.5934 22.6767 9
      vertex 56.6364 22.6364 9
    endloop
  endfacet
  facet normal 0 0 1
    outer loop
      vertex 56.2329 22.8693 9
      vertex 56.7765 24.8978 9
      vertex 56.5853 24.9424 9
    endloop
  endfacet
  facet normal 0 0 1
    outer loop
      vertex 57.8263 24.3801 9
      vertex 56.5479 22.714 9
      vertex 56.5934 22.6767 9
    endloop
  endfacet
  facet normal 0 0 1
    outer loop
      vertex 57.6667 24.4944 9
      vertex 56.5 22.7483 9
      vertex 56.5479 22.714 9
    endloop
  endfacet
  facet normal 0 0 1
    outer loop
      vertex 57.5 24.5981 9
      vertex 56.45 22.7794 9
      vertex 56.5 22.7483 9
    endloop
  endfacet
  facet normal 0 0 1
    outer loop
      vertex 57.3269 24.6906 9
      vertex 56.3981 22.8072 9
      vertex 56.45 22.7794 9
    endloop
  endfacet
  facet normal 0 0 1
    outer loop
      vertex 56.1756 22.8827 9
      vertex 56.5853 24.9424 9
      vertex 56.3916 24.9743 9
    endloop
  endfacet
  facet normal 0 0 1
    outer loop
      vertex 57.148 24.7716 9
      vertex 56.3444 22.8315 9
      vertex 56.3981 22.8072 9
    endloop
  endfacet
  facet normal 0 0 1
    outer loop
      vertex 56.9643 24.8408 9
      vertex 56.2893 22.8522 9
      vertex 56.3444 22.8315 9
    endloop
  endfacet
  facet normal 0 0 1
    outer loop
      vertex 56.7765 24.8978 9
      vertex 56.2329 22.8693 9
      vertex 56.2893 22.8522 9
    endloop
  endfacet
  facet normal 0 0 1
    outer loop
      vertex 56.1175 22.8923 9
      vertex 56.3916 24.9743 9
      vertex 56.1962 24.9936 9
    endloop
  endfacet
  facet normal 0 0 1
    outer loop
      vertex 56.5853 24.9424 9
      vertex 56.1756 22.8827 9
      vertex 56.2329 22.8693 9
    endloop
  endfacet
  facet normal 0 0 1
    outer loop
      vertex 56.3916 24.9743 9
      vertex 56.1175 22.8923 9
      vertex 56.1756 22.8827 9
    endloop
  endfacet
  facet normal 0 0 1
    outer loop
      vertex 56.1962 24.9936 9
      vertex 56.0589 22.8981 9
      vertex 56.1175 22.8923 9
    endloop
  endfacet
  facet normal 0 0 1
    outer loop
      vertex 56 25 9
      vertex 56.0589 22.8981 9
      vertex 56.1962 24.9936 9
    endloop
  endfacet
  facet normal 0 0 1
    outer loop
      vertex 56 25 9
      vertex 56 22.9 9
      vertex 56.0589 22.8981 9
    endloop
  endfacet
  facet normal 0 0 1
    outer loop
      vertex 56 25 9
      vertex 55.9411 22.8981 9
      vertex 56 22.9 9
    endloop
  endfacet
  facet normal -0 0 1
    outer loop
      vertex 55.8038 24.9936 9
      vertex 55.9411 22.8981 9
      vertex 56 25 9
    endloop
  endfacet
  facet normal 0 0 1
    outer loop
      vertex 55.9411 22.8981 9
      vertex 55.8038 24.9936 9
      vertex 55.8825 22.8923 9
    endloop
  endfacet
  facet normal -0 0 1
    outer loop
      vertex 55.6084 24.9743 9
      vertex 55.8825 22.8923 9
      vertex 55.8038 24.9936 9
    endloop
  endfacet
  facet normal 0 0 1
    outer loop
      vertex 55.8825 22.8923 9
      vertex 55.6084 24.9743 9
      vertex 55.8244 22.8827 9
    endloop
  endfacet
  facet normal -0 0 1
    outer loop
      vertex 55.4147 24.9424 9
      vertex 55.8244 22.8827 9
      vertex 55.6084 24.9743 9
    endloop
  endfacet
  facet normal 0 0 1
    outer loop
      vertex 55.8244 22.8827 9
      vertex 55.4147 24.9424 9
      vertex 55.7671 22.8693 9
    endloop
  endfacet
  facet normal -0 0 1
    outer loop
      vertex 55.2235 24.8978 9
      vertex 55.7671 22.8693 9
      vertex 55.4147 24.9424 9
    endloop
  endfacet
  facet normal 0 0 1
    outer loop
      vertex 55.7671 22.8693 9
      vertex 55.2235 24.8978 9
      vertex 55.7107 22.8522 9
    endloop
  endfacet
  facet normal -0 0 1
    outer loop
      vertex 55.0357 24.8408 9
      vertex 55.7107 22.8522 9
      vertex 55.2235 24.8978 9
    endloop
  endfacet
  facet normal 0 0 1
    outer loop
      vertex 55.7107 22.8522 9
      vertex 55.0357 24.8408 9
      vertex 55.6556 22.8315 9
    endloop
  endfacet
  facet normal -0 0 1
    outer loop
      vertex 54.852 24.7716 9
      vertex 55.6556 22.8315 9
      vertex 55.0357 24.8408 9
    endloop
  endfacet
  facet normal 0 0 1
    outer loop
      vertex 55.6556 22.8315 9
      vertex 54.852 24.7716 9
      vertex 55.6019 22.8072 9
    endloop
  endfacet
  facet normal -0 0 1
    outer loop
      vertex 54.6731 24.6906 9
      vertex 55.6019 22.8072 9
      vertex 54.852 24.7716 9
    endloop
  endfacet
  facet normal 0 0 1
    outer loop
      vertex 55.6019 22.8072 9
      vertex 54.6731 24.6906 9
      vertex 55.55 22.7794 9
    endloop
  endfacet
  facet normal -0 0 1
    outer loop
      vertex 54.5 24.5981 9
      vertex 55.55 22.7794 9
      vertex 54.6731 24.6906 9
    endloop
  endfacet
  facet normal 0 0 1
    outer loop
      vertex 55.55 22.7794 9
      vertex 54.5 24.5981 9
      vertex 55.5 22.7483 9
    endloop
  endfacet
  facet normal -0 0 1
    outer loop
      vertex 54.3333 24.4944 9
      vertex 55.5 22.7483 9
      vertex 54.5 24.5981 9
    endloop
  endfacet
  facet normal 0 0 1
    outer loop
      vertex 55.5 22.7483 9
      vertex 54.3333 24.4944 9
      vertex 55.4521 22.714 9
    endloop
  endfacet
  facet normal -0 0 1
    outer loop
      vertex 54.1737 24.3801 9
      vertex 55.4521 22.714 9
      vertex 54.3333 24.4944 9
    endloop
  endfacet
  facet normal 0 0 1
    outer loop
      vertex 55.4521 22.714 9
      vertex 54.1737 24.3801 9
      vertex 55.4066 22.6767 9
    endloop
  endfacet
  facet normal -0 0 1
    outer loop
      vertex 54.022 24.2555 9
      vertex 55.4066 22.6767 9
      vertex 54.1737 24.3801 9
    endloop
  endfacet
  facet normal 0 0 1
    outer loop
      vertex 55.4066 22.6767 9
      vertex 54.022 24.2555 9
      vertex 55.3636 22.6364 9
    endloop
  endfacet
  facet normal -0 0 1
    outer loop
      vertex 53.8787 24.1213 9
      vertex 55.3636 22.6364 9
      vertex 54.022 24.2555 9
    endloop
  endfacet
  facet normal 0 0 1
    outer loop
      vertex 55.3636 22.6364 9
      vertex 53.8787 24.1213 9
      vertex 55.3233 22.5934 9
    endloop
  endfacet
  facet normal -0 0 1
    outer loop
      vertex 53.7445 23.978 9
      vertex 55.3233 22.5934 9
      vertex 53.8787 24.1213 9
    endloop
  endfacet
  facet normal 0 0 1
    outer loop
      vertex 55.3233 22.5934 9
      vertex 53.7445 23.978 9
      vertex 55.286 22.5479 9
    endloop
  endfacet
  facet normal 0 0 1
    outer loop
      vertex 55.286 22.5479 9
      vertex 53.6199 23.8263 9
      vertex 55.2517 22.5 9
    endloop
  endfacet
  facet normal -0 0 1
    outer loop
      vertex 53.6199 23.8263 9
      vertex 55.286 22.5479 9
      vertex 53.7445 23.978 9
    endloop
  endfacet
  facet normal -0 0 1
    outer loop
      vertex 56.714 21.4521 9
      vertex 58.3801 20.1737 9
      vertex 56.7483 21.5 9
    endloop
  endfacet
  facet normal 0 0 1
    outer loop
      vertex 58.3801 20.1737 9
      vertex 56.714 21.4521 9
      vertex 58.2555 20.022 9
    endloop
  endfacet
  facet normal -0 0 1
    outer loop
      vertex 56.6767 21.4066 9
      vertex 58.2555 20.022 9
      vertex 56.714 21.4521 9
    endloop
  endfacet
  facet normal 0 0 1
    outer loop
      vertex 58.2555 20.022 9
      vertex 56.6767 21.4066 9
      vertex 58.1213 19.8787 9
    endloop
  endfacet
  facet normal -0 0 1
    outer loop
      vertex 56.6364 21.3636 9
      vertex 58.1213 19.8787 9
      vertex 56.6767 21.4066 9
    endloop
  endfacet
  facet normal 0 0 1
    outer loop
      vertex 58.1213 19.8787 9
      vertex 56.6364 21.3636 9
      vertex 57.978 19.7445 9
    endloop
  endfacet
  facet normal -0 0 1
    outer loop
      vertex 56.5934 21.3233 9
      vertex 57.978 19.7445 9
      vertex 56.6364 21.3636 9
    endloop
  endfacet
  facet normal 0 0 1
    outer loop
      vertex 57.978 19.7445 9
      vertex 56.5934 21.3233 9
      vertex 57.8263 19.6199 9
    endloop
  endfacet
  facet normal -0 0 1
    outer loop
      vertex 56.5479 21.286 9
      vertex 57.8263 19.6199 9
      vertex 56.5934 21.3233 9
    endloop
  endfacet
  facet normal 0 0 1
    outer loop
      vertex 57.8263 19.6199 9
      vertex 56.5479 21.286 9
      vertex 57.6667 19.5056 9
    endloop
  endfacet
  facet normal -0 0 1
    outer loop
      vertex 56.5 21.2517 9
      vertex 57.6667 19.5056 9
      vertex 56.5479 21.286 9
    endloop
  endfacet
  facet normal 0 0 1
    outer loop
      vertex 57.6667 19.5056 9
      vertex 56.5 21.2517 9
      vertex 57.5 19.4019 9
    endloop
  endfacet
  facet normal -0 0 1
    outer loop
      vertex 56.45 21.2206 9
      vertex 57.5 19.4019 9
      vertex 56.5 21.2517 9
    endloop
  endfacet
  facet normal 0 0 1
    outer loop
      vertex 57.5 19.4019 9
      vertex 56.45 21.2206 9
      vertex 57.3269 19.3094 9
    endloop
  endfacet
  facet normal -0 0 1
    outer loop
      vertex 56.3981 21.1928 9
      vertex 57.3269 19.3094 9
      vertex 56.45 21.2206 9
    endloop
  endfacet
  facet normal 0 0 1
    outer loop
      vertex 57.3269 19.3094 9
      vertex 56.3981 21.1928 9
      vertex 57.148 19.2284 9
    endloop
  endfacet
  facet normal -0 0 1
    outer loop
      vertex 56.3444 21.1685 9
      vertex 57.148 19.2284 9
      vertex 56.3981 21.1928 9
    endloop
  endfacet
  facet normal 0 0 1
    outer loop
      vertex 57.148 19.2284 9
      vertex 56.3444 21.1685 9
      vertex 56.9643 19.1592 9
    endloop
  endfacet
  facet normal -0 0 1
    outer loop
      vertex 56.2893 21.1478 9
      vertex 56.9643 19.1592 9
      vertex 56.3444 21.1685 9
    endloop
  endfacet
  facet normal 0 0 1
    outer loop
      vertex 56.9643 19.1592 9
      vertex 56.2893 21.1478 9
      vertex 56.7765 19.1022 9
    endloop
  endfacet
  facet normal -0 0 1
    outer loop
      vertex 56.2329 21.1307 9
      vertex 56.7765 19.1022 9
      vertex 56.2893 21.1478 9
    endloop
  endfacet
  facet normal 0 0 1
    outer loop
      vertex 56.7765 19.1022 9
      vertex 56.2329 21.1307 9
      vertex 56.5853 19.0576 9
    endloop
  endfacet
  facet normal -0 0 1
    outer loop
      vertex 56.1756 21.1173 9
      vertex 56.5853 19.0576 9
      vertex 56.2329 21.1307 9
    endloop
  endfacet
  facet normal 0 0 1
    outer loop
      vertex 56.5853 19.0576 9
      vertex 56.1756 21.1173 9
      vertex 56.3916 19.0257 9
    endloop
  endfacet
  facet normal -0 0 1
    outer loop
      vertex 56.1175 21.1077 9
      vertex 56.3916 19.0257 9
      vertex 56.1756 21.1173 9
    endloop
  endfacet
  facet normal 0 0 1
    outer loop
      vertex 56.3916 19.0257 9
      vertex 56.1175 21.1077 9
      vertex 56.1962 19.0064 9
    endloop
  endfacet
  facet normal -0 0 1
    outer loop
      vertex 56.0589 21.1019 9
      vertex 56.1962 19.0064 9
      vertex 56.1175 21.1077 9
    endloop
  endfacet
  facet normal -0 0 1
    outer loop
      vertex 56 21.1 9
      vertex 56.1962 19.0064 9
      vertex 56.0589 21.1019 9
    endloop
  endfacet
  facet normal 0 0 1
    outer loop
      vertex 56 21.1 9
      vertex 56 19 9
      vertex 56.1962 19.0064 9
    endloop
  endfacet
  facet normal 0 0 1
    outer loop
      vertex 55.9411 21.1019 9
      vertex 56 19 9
      vertex 56 21.1 9
    endloop
  endfacet
  facet normal 0 0 1
    outer loop
      vertex 55.8038 19.0064 9
      vertex 55.9411 21.1019 9
      vertex 55.8825 21.1077 9
    endloop
  endfacet
  facet normal 0 0 1
    outer loop
      vertex 55.6084 19.0257 9
      vertex 55.8825 21.1077 9
      vertex 55.8244 21.1173 9
    endloop
  endfacet
  facet normal 0 0 1
    outer loop
      vertex 55.9411 21.1019 9
      vertex 55.8038 19.0064 9
      vertex 56 19 9
    endloop
  endfacet
  facet normal 0 0 1
    outer loop
      vertex 55.4147 19.0576 9
      vertex 55.8244 21.1173 9
      vertex 55.7671 21.1307 9
    endloop
  endfacet
  facet normal 0 0 1
    outer loop
      vertex 55.2235 19.1022 9
      vertex 55.7671 21.1307 9
      vertex 55.7107 21.1478 9
    endloop
  endfacet
  facet normal 0 0 1
    outer loop
      vertex 55.0357 19.1592 9
      vertex 55.7107 21.1478 9
      vertex 55.6556 21.1685 9
    endloop
  endfacet
  facet normal 0 0 1
    outer loop
      vertex 55.8825 21.1077 9
      vertex 55.6084 19.0257 9
      vertex 55.8038 19.0064 9
    endloop
  endfacet
  facet normal 0 0 1
    outer loop
      vertex 54.852 19.2284 9
      vertex 55.6556 21.1685 9
      vertex 55.6019 21.1928 9
    endloop
  endfacet
  facet normal 0 0 1
    outer loop
      vertex 54.6731 19.3094 9
      vertex 55.6019 21.1928 9
      vertex 55.55 21.2206 9
    endloop
  endfacet
  facet normal 0 0 1
    outer loop
      vertex 54.5 19.4019 9
      vertex 55.55 21.2206 9
      vertex 55.5 21.2517 9
    endloop
  endfacet
  facet normal 0 0 1
    outer loop
      vertex 54.3333 19.5056 9
      vertex 55.5 21.2517 9
      vertex 55.4521 21.286 9
    endloop
  endfacet
  facet normal 0 0 1
    outer loop
      vertex 55.8244 21.1173 9
      vertex 55.4147 19.0576 9
      vertex 55.6084 19.0257 9
    endloop
  endfacet
  facet normal 0 0 1
    outer loop
      vertex 54.1737 19.6199 9
      vertex 55.4521 21.286 9
      vertex 55.4066 21.3233 9
    endloop
  endfacet
  facet normal 0 0 1
    outer loop
      vertex 54.022 19.7445 9
      vertex 55.4066 21.3233 9
      vertex 55.3636 21.3636 9
    endloop
  endfacet
  facet normal 0 0 1
    outer loop
      vertex 53.8787 19.8787 9
      vertex 55.3636 21.3636 9
      vertex 55.3233 21.4066 9
    endloop
  endfacet
  facet normal 0 0 1
    outer loop
      vertex 53.7445 20.022 9
      vertex 55.3233 21.4066 9
      vertex 55.286 21.4521 9
    endloop
  endfacet
  facet normal 0 0 1
    outer loop
      vertex 53.6199 20.1737 9
      vertex 55.286 21.4521 9
      vertex 55.2517 21.5 9
    endloop
  endfacet
  facet normal 0 0 1
    outer loop
      vertex 55.7671 21.1307 9
      vertex 55.2235 19.1022 9
      vertex 55.4147 19.0576 9
    endloop
  endfacet
  facet normal 0 0 1
    outer loop
      vertex 53.5056 20.3333 9
      vertex 55.2517 21.5 9
      vertex 55.2206 21.55 9
    endloop
  endfacet
  facet normal 0 0 1
    outer loop
      vertex 53.4019 20.5 9
      vertex 55.2206 21.55 9
      vertex 55.1928 21.6019 9
    endloop
  endfacet
  facet normal 0 0 1
    outer loop
      vertex 53.3094 20.6731 9
      vertex 55.1928 21.6019 9
      vertex 55.1685 21.6556 9
    endloop
  endfacet
  facet normal 0 0 1
    outer loop
      vertex 53.2284 20.8519 9
      vertex 55.1685 21.6556 9
      vertex 55.1478 21.7107 9
    endloop
  endfacet
  facet normal 0 0 1
    outer loop
      vertex 53.1592 21.0357 9
      vertex 55.1478 21.7107 9
      vertex 55.1307 21.7671 9
    endloop
  endfacet
  facet normal 0 0 1
    outer loop
      vertex 53.1022 21.2235 9
      vertex 55.1307 21.7671 9
      vertex 55.1173 21.8244 9
    endloop
  endfacet
  facet normal 0 0 1
    outer loop
      vertex 53.0576 21.4147 9
      vertex 55.1173 21.8244 9
      vertex 55.1077 21.8825 9
    endloop
  endfacet
  facet normal 0 0 1
    outer loop
      vertex 53.0257 21.6084 9
      vertex 55.1077 21.8825 9
      vertex 55.1019 21.9411 9
    endloop
  endfacet
  facet normal 0 0 1
    outer loop
      vertex 55.7107 21.1478 9
      vertex 55.0357 19.1592 9
      vertex 55.2235 19.1022 9
    endloop
  endfacet
  facet normal 0 0 1
    outer loop
      vertex 53.0064 21.8038 9
      vertex 55.1019 21.9411 9
      vertex 55.1 22 9
    endloop
  endfacet
  facet normal -0 0 1
    outer loop
      vertex 53.5056 23.6667 9
      vertex 55.2517 22.5 9
      vertex 53.6199 23.8263 9
    endloop
  endfacet
  facet normal 0 0 1
    outer loop
      vertex 55.2517 22.5 9
      vertex 53.5056 23.6667 9
      vertex 55.2206 22.45 9
    endloop
  endfacet
  facet normal 0 0 1
    outer loop
      vertex 55.6556 21.1685 9
      vertex 54.852 19.2284 9
      vertex 55.0357 19.1592 9
    endloop
  endfacet
  facet normal -0 0 1
    outer loop
      vertex 53.4019 23.5 9
      vertex 55.2206 22.45 9
      vertex 53.5056 23.6667 9
    endloop
  endfacet
  facet normal 0 0 1
    outer loop
      vertex 55.6019 21.1928 9
      vertex 54.6731 19.3094 9
      vertex 54.852 19.2284 9
    endloop
  endfacet
  facet normal 0 0 1
    outer loop
      vertex 55.2206 22.45 9
      vertex 53.4019 23.5 9
      vertex 55.1928 22.3981 9
    endloop
  endfacet
  facet normal 0 0 1
    outer loop
      vertex 55.55 21.2206 9
      vertex 54.5 19.4019 9
      vertex 54.6731 19.3094 9
    endloop
  endfacet
  facet normal -0 0 1
    outer loop
      vertex 53.3094 23.3269 9
      vertex 55.1928 22.3981 9
      vertex 53.4019 23.5 9
    endloop
  endfacet
  facet normal 0 0 1
    outer loop
      vertex 55.5 21.2517 9
      vertex 54.3333 19.5056 9
      vertex 54.5 19.4019 9
    endloop
  endfacet
  facet normal 0 0 1
    outer loop
      vertex 55.1928 22.3981 9
      vertex 53.3094 23.3269 9
      vertex 55.1685 22.3444 9
    endloop
  endfacet
  facet normal 0 0 1
    outer loop
      vertex 55.4521 21.286 9
      vertex 54.1737 19.6199 9
      vertex 54.3333 19.5056 9
    endloop
  endfacet
  facet normal -0 0 1
    outer loop
      vertex 53.2284 23.148 9
      vertex 55.1685 22.3444 9
      vertex 53.3094 23.3269 9
    endloop
  endfacet
  facet normal 0 0 1
    outer loop
      vertex 55.4066 21.3233 9
      vertex 54.022 19.7445 9
      vertex 54.1737 19.6199 9
    endloop
  endfacet
  facet normal 0 0 1
    outer loop
      vertex 55.1685 22.3444 9
      vertex 53.2284 23.148 9
      vertex 55.1478 22.2893 9
    endloop
  endfacet
  facet normal 0 0 1
    outer loop
      vertex 55.3636 21.3636 9
      vertex 53.8787 19.8787 9
      vertex 54.022 19.7445 9
    endloop
  endfacet
  facet normal -0 0 1
    outer loop
      vertex 53.1592 22.9643 9
      vertex 55.1478 22.2893 9
      vertex 53.2284 23.148 9
    endloop
  endfacet
  facet normal 0 0 1
    outer loop
      vertex 55.3233 21.4066 9
      vertex 53.7445 20.022 9
      vertex 53.8787 19.8787 9
    endloop
  endfacet
  facet normal 0 0 1
    outer loop
      vertex 55.1478 22.2893 9
      vertex 53.1592 22.9643 9
      vertex 55.1307 22.2329 9
    endloop
  endfacet
  facet normal 0 0 1
    outer loop
      vertex 55.286 21.4521 9
      vertex 53.6199 20.1737 9
      vertex 53.7445 20.022 9
    endloop
  endfacet
  facet normal -0 0 1
    outer loop
      vertex 53.1022 22.7765 9
      vertex 55.1307 22.2329 9
      vertex 53.1592 22.9643 9
    endloop
  endfacet
  facet normal 0 0 1
    outer loop
      vertex 55.2517 21.5 9
      vertex 53.5056 20.3333 9
      vertex 53.6199 20.1737 9
    endloop
  endfacet
  facet normal 0 0 1
    outer loop
      vertex 55.1307 22.2329 9
      vertex 53.1022 22.7765 9
      vertex 55.1173 22.1756 9
    endloop
  endfacet
  facet normal 0 0 1
    outer loop
      vertex 55.2206 21.55 9
      vertex 53.4019 20.5 9
      vertex 53.5056 20.3333 9
    endloop
  endfacet
  facet normal -0 0 1
    outer loop
      vertex 53.0576 22.5853 9
      vertex 55.1173 22.1756 9
      vertex 53.1022 22.7765 9
    endloop
  endfacet
  facet normal 0 0 1
    outer loop
      vertex 55.1928 21.6019 9
      vertex 53.3094 20.6731 9
      vertex 53.4019 20.5 9
    endloop
  endfacet
  facet normal 0 0 1
    outer loop
      vertex 55.1173 22.1756 9
      vertex 53.0576 22.5853 9
      vertex 55.1077 22.1175 9
    endloop
  endfacet
  facet normal 0 0 1
    outer loop
      vertex 55.1685 21.6556 9
      vertex 53.2284 20.8519 9
      vertex 53.3094 20.6731 9
    endloop
  endfacet
  facet normal -0 0 1
    outer loop
      vertex 53.0257 22.3916 9
      vertex 55.1077 22.1175 9
      vertex 53.0576 22.5853 9
    endloop
  endfacet
  facet normal 0 0 1
    outer loop
      vertex 55.1478 21.7107 9
      vertex 53.1592 21.0357 9
      vertex 53.2284 20.8519 9
    endloop
  endfacet
  facet normal 0 0 1
    outer loop
      vertex 55.1077 22.1175 9
      vertex 53.0257 22.3916 9
      vertex 55.1019 22.0589 9
    endloop
  endfacet
  facet normal 0 0 1
    outer loop
      vertex 55.1307 21.7671 9
      vertex 53.1022 21.2235 9
      vertex 53.1592 21.0357 9
    endloop
  endfacet
  facet normal -0 0 1
    outer loop
      vertex 53.0064 22.1962 9
      vertex 55.1019 22.0589 9
      vertex 53.0257 22.3916 9
    endloop
  endfacet
  facet normal 0 0 1
    outer loop
      vertex 55.1173 21.8244 9
      vertex 53.0576 21.4147 9
      vertex 53.1022 21.2235 9
    endloop
  endfacet
  facet normal 0 0 1
    outer loop
      vertex 55.1019 22.0589 9
      vertex 53.0064 22.1962 9
      vertex 55.1 22 9
    endloop
  endfacet
  facet normal 0 0 1
    outer loop
      vertex 55.1077 21.8825 9
      vertex 53.0257 21.6084 9
      vertex 53.0576 21.4147 9
    endloop
  endfacet
  facet normal 0 0 1
    outer loop
      vertex 53 22 9
      vertex 55.1 22 9
      vertex 53.0064 22.1962 9
    endloop
  endfacet
  facet normal 0 0 1
    outer loop
      vertex 55.1019 21.9411 9
      vertex 53.0064 21.8038 9
      vertex 53.0257 21.6084 9
    endloop
  endfacet
  facet normal 0 0 1
    outer loop
      vertex 55.1 22 9
      vertex 53 22 9
      vertex 53.0064 21.8038 9
    endloop
  endfacet
  facet normal -0.973856 -0.227165 0
    outer loop
      vertex 53.1022 21.2235 3
      vertex 53.0576 21.4147 9
      vertex 53.0576 21.4147 3
    endloop
  endfacet
  facet normal -0.973856 -0.227165 0
    outer loop
      vertex 53.0576 21.4147 9
      vertex 53.1022 21.2235 3
      vertex 53.1022 21.2235 9
    endloop
  endfacet
  facet normal -0.956896 -0.290432 0
    outer loop
      vertex 53.1592 21.0357 3
      vertex 53.1022 21.2235 9
      vertex 53.1022 21.2235 3
    endloop
  endfacet
  facet normal -0.956896 -0.290432 0
    outer loop
      vertex 53.1022 21.2235 9
      vertex 53.1592 21.0357 3
      vertex 53.1592 21.0357 9
    endloop
  endfacet
  facet normal -0.999468 -0.0326024 0
    outer loop
      vertex 53.0064 21.8038 3
      vertex 53 22 9
      vertex 53 22 3
    endloop
  endfacet
  facet normal -0.999468 -0.0326024 0
    outer loop
      vertex 53 22 9
      vertex 53.0064 21.8038 3
      vertex 53.0064 21.8038 9
    endloop
  endfacet
  facet normal -0.910889 -0.412651 0
    outer loop
      vertex 53.3094 20.6731 3
      vertex 53.2284 20.8519 9
      vertex 53.2284 20.8519 3
    endloop
  endfacet
  facet normal -0.910889 -0.412651 0
    outer loop
      vertex 53.2284 20.8519 9
      vertex 53.3094 20.6731 3
      vertex 53.3094 20.6731 9
    endloop
  endfacet
  facet normal -0.81301 -0.58225 0
    outer loop
      vertex 53.6199 20.1737 3
      vertex 53.5056 20.3333 9
      vertex 53.5056 20.3333 3
    endloop
  endfacet
  facet normal -0.81301 -0.58225 0
    outer loop
      vertex 53.5056 20.3333 9
      vertex 53.6199 20.1737 3
      vertex 53.6199 20.1737 9
    endloop
  endfacet
  facet normal -0.352519 -0.935805 0
    outer loop
      vertex 54.852 19.2284 3
      vertex 55.0357 19.1592 9
      vertex 54.852 19.2284 9
    endloop
  endfacet
  facet normal -0.352519 -0.935805 -0
    outer loop
      vertex 55.0357 19.1592 9
      vertex 54.852 19.2284 3
      vertex 55.0357 19.1592 3
    endloop
  endfacet
  facet normal -0.162499 -0.986709 0
    outer loop
      vertex 55.4147 19.0576 3
      vertex 55.6084 19.0257 9
      vertex 55.4147 19.0576 9
    endloop
  endfacet
  facet normal -0.162499 -0.986709 -0
    outer loop
      vertex 55.6084 19.0257 9
      vertex 55.4147 19.0576 3
      vertex 55.6084 19.0257 3
    endloop
  endfacet
  facet normal -0.471302 -0.881972 0
    outer loop
      vertex 54.5 19.4019 3
      vertex 54.6731 19.3094 9
      vertex 54.5 19.4019 9
    endloop
  endfacet
  facet normal -0.471302 -0.881972 -0
    outer loop
      vertex 54.6731 19.3094 9
      vertex 54.5 19.4019 3
      vertex 54.6731 19.3094 3
    endloop
  endfacet
  facet normal -0.683551 -0.729902 0
    outer loop
      vertex 53.8787 19.8787 3
      vertex 54.022 19.7445 9
      vertex 53.8787 19.8787 9
    endloop
  endfacet
  facet normal -0.683551 -0.729902 -0
    outer loop
      vertex 54.022 19.7445 9
      vertex 53.8787 19.8787 3
      vertex 54.022 19.7445 3
    endloop
  endfacet
  facet normal -0.729902 -0.683551 0
    outer loop
      vertex 53.8787 19.8787 3
      vertex 53.7445 20.022 9
      vertex 53.7445 20.022 3
    endloop
  endfacet
  facet normal -0.729902 -0.683551 0
    outer loop
      vertex 53.7445 20.022 9
      vertex 53.8787 19.8787 3
      vertex 53.8787 19.8787 9
    endloop
  endfacet
  facet normal 0.999468 0.0326024 0
    outer loop
      vertex 59 22 9
      vertex 58.9936 22.1962 3
      vertex 58.9936 22.1962 9
    endloop
  endfacet
  facet normal 0.999468 0.0326024 0
    outer loop
      vertex 58.9936 22.1962 3
      vertex 59 22 9
      vertex 59 22 3
    endloop
  endfacet
  facet normal 0.986709 0.162499 0
    outer loop
      vertex 58.9743 22.3916 9
      vertex 58.9424 22.5853 3
      vertex 58.9424 22.5853 9
    endloop
  endfacet
  facet normal 0.986709 0.162499 0
    outer loop
      vertex 58.9424 22.5853 3
      vertex 58.9743 22.3916 9
      vertex 58.9743 22.3916 3
    endloop
  endfacet
  facet normal 0.772753 0.634707 0
    outer loop
      vertex 58.3801 23.8263 9
      vertex 58.2555 23.978 3
      vertex 58.2555 23.978 9
    endloop
  endfacet
  facet normal 0.772753 0.634707 0
    outer loop
      vertex 58.2555 23.978 3
      vertex 58.3801 23.8263 9
      vertex 58.3801 23.8263 3
    endloop
  endfacet
  facet normal 0.881972 0.471302 0
    outer loop
      vertex 58.6906 23.3269 9
      vertex 58.5981 23.5 3
      vertex 58.5981 23.5 9
    endloop
  endfacet
  facet normal 0.881972 0.471302 0
    outer loop
      vertex 58.5981 23.5 3
      vertex 58.6906 23.3269 9
      vertex 58.6906 23.3269 3
    endloop
  endfacet
  facet normal -0.0982934 0.995157 0
    outer loop
      vertex 55.8038 24.9936 3
      vertex 55.6084 24.9743 9
      vertex 55.8038 24.9936 9
    endloop
  endfacet
  facet normal -0.0982934 0.995157 0
    outer loop
      vertex 55.6084 24.9743 9
      vertex 55.8038 24.9936 3
      vertex 55.6084 24.9743 3
    endloop
  endfacet
  facet normal -0.956896 0.290432 0
    outer loop
      vertex 53.1022 22.7765 3
      vertex 53.1592 22.9643 9
      vertex 53.1592 22.9643 3
    endloop
  endfacet
  facet normal -0.956896 0.290432 0
    outer loop
      vertex 53.1592 22.9643 9
      vertex 53.1022 22.7765 3
      vertex 53.1022 22.7765 9
    endloop
  endfacet
  facet normal -0.729902 0.683551 0
    outer loop
      vertex 53.7445 23.978 3
      vertex 53.8787 24.1213 9
      vertex 53.8787 24.1213 3
    endloop
  endfacet
  facet normal -0.729902 0.683551 0
    outer loop
      vertex 53.8787 24.1213 9
      vertex 53.7445 23.978 3
      vertex 53.7445 23.978 9
    endloop
  endfacet
  facet normal 0.227165 0.973856 -0
    outer loop
      vertex 56.7765 24.8978 3
      vertex 56.5853 24.9424 9
      vertex 56.7765 24.8978 9
    endloop
  endfacet
  facet normal 0.227165 0.973856 0
    outer loop
      vertex 56.5853 24.9424 9
      vertex 56.7765 24.8978 3
      vertex 56.5853 24.9424 3
    endloop
  endfacet
  facet normal 0.352519 0.935805 -0
    outer loop
      vertex 57.148 24.7716 3
      vertex 56.9643 24.8408 9
      vertex 57.148 24.7716 9
    endloop
  endfacet
  facet normal 0.352519 0.935805 0
    outer loop
      vertex 56.9643 24.8408 9
      vertex 57.148 24.7716 3
      vertex 56.9643 24.8408 3
    endloop
  endfacet
  facet normal 0.935868 -0.352351 0
    outer loop
      vertex 58.7716 20.8519 9
      vertex 58.8408 21.0357 3
      vertex 58.8408 21.0357 9
    endloop
  endfacet
  facet normal 0.935868 -0.352351 0
    outer loop
      vertex 58.8408 21.0357 3
      vertex 58.7716 20.8519 9
      vertex 58.7716 20.8519 3
    endloop
  endfacet
  facet normal -0.999468 0.0326024 0
    outer loop
      vertex 53 22 3
      vertex 53.0064 22.1962 9
      vertex 53.0064 22.1962 3
    endloop
  endfacet
  facet normal -0.999468 0.0326024 0
    outer loop
      vertex 53.0064 22.1962 9
      vertex 53 22 3
      vertex 53 22 9
    endloop
  endfacet
  facet normal 0.956896 0.290432 0
    outer loop
      vertex 58.8978 22.7765 9
      vertex 58.8408 22.9643 3
      vertex 58.8408 22.9643 9
    endloop
  endfacet
  facet normal 0.956896 0.290432 0
    outer loop
      vertex 58.8408 22.9643 3
      vertex 58.8978 22.7765 9
      vertex 58.8978 22.7765 3
    endloop
  endfacet
  facet normal 0.58225 0.81301 -0
    outer loop
      vertex 57.8263 24.3801 3
      vertex 57.6667 24.4944 9
      vertex 57.8263 24.3801 9
    endloop
  endfacet
  facet normal 0.58225 0.81301 0
    outer loop
      vertex 57.6667 24.4944 9
      vertex 57.8263 24.3801 3
      vertex 57.6667 24.4944 3
    endloop
  endfacet
  facet normal 0.935805 0.352519 0
    outer loop
      vertex 58.8408 22.9643 9
      vertex 58.7716 23.148 3
      vertex 58.7716 23.148 9
    endloop
  endfacet
  facet normal 0.935805 0.352519 0
    outer loop
      vertex 58.7716 23.148 3
      vertex 58.8408 22.9643 9
      vertex 58.8408 22.9643 3
    endloop
  endfacet
  facet normal 0.849112 0.528212 0
    outer loop
      vertex 58.5981 23.5 9
      vertex 58.4944 23.6667 3
      vertex 58.4944 23.6667 9
    endloop
  endfacet
  facet normal 0.849112 0.528212 0
    outer loop
      vertex 58.4944 23.6667 3
      vertex 58.5981 23.5 9
      vertex 58.5981 23.5 3
    endloop
  endfacet
  facet normal 0.0326024 0.999468 -0
    outer loop
      vertex 56.1962 24.9936 3
      vertex 56 25 9
      vertex 56.1962 24.9936 9
    endloop
  endfacet
  facet normal 0.0326024 0.999468 0
    outer loop
      vertex 56 25 9
      vertex 56.1962 24.9936 3
      vertex 56 25 3
    endloop
  endfacet
  facet normal -0.471302 0.881972 0
    outer loop
      vertex 54.6731 24.6906 3
      vertex 54.5 24.5981 9
      vertex 54.6731 24.6906 9
    endloop
  endfacet
  facet normal -0.471302 0.881972 0
    outer loop
      vertex 54.5 24.5981 9
      vertex 54.6731 24.6906 3
      vertex 54.5 24.5981 3
    endloop
  endfacet
  facet normal -0.290432 0.956896 0
    outer loop
      vertex 55.2235 24.8978 3
      vertex 55.0357 24.8408 9
      vertex 55.2235 24.8978 9
    endloop
  endfacet
  facet normal -0.290432 0.956896 0
    outer loop
      vertex 55.0357 24.8408 9
      vertex 55.2235 24.8978 3
      vertex 55.0357 24.8408 3
    endloop
  endfacet
  facet normal -0.995157 0.0982934 0
    outer loop
      vertex 53.0064 22.1962 3
      vertex 53.0257 22.3916 9
      vertex 53.0257 22.3916 3
    endloop
  endfacet
  facet normal -0.995157 0.0982934 0
    outer loop
      vertex 53.0257 22.3916 9
      vertex 53.0064 22.1962 3
      vertex 53.0064 22.1962 9
    endloop
  endfacet
  facet normal -0.973856 0.227165 0
    outer loop
      vertex 53.0576 22.5853 3
      vertex 53.1022 22.7765 9
      vertex 53.1022 22.7765 3
    endloop
  endfacet
  facet normal -0.973856 0.227165 0
    outer loop
      vertex 53.1022 22.7765 9
      vertex 53.0576 22.5853 3
      vertex 53.0576 22.5853 9
    endloop
  endfacet
  facet normal -0.935805 0.352519 0
    outer loop
      vertex 53.1592 22.9643 3
      vertex 53.2284 23.148 9
      vertex 53.2284 23.148 3
    endloop
  endfacet
  facet normal -0.935805 0.352519 0
    outer loop
      vertex 53.2284 23.148 9
      vertex 53.1592 22.9643 3
      vertex 53.1592 22.9643 9
    endloop
  endfacet
  facet normal -0.81301 0.58225 0
    outer loop
      vertex 53.5056 23.6667 3
      vertex 53.6199 23.8263 9
      vertex 53.6199 23.8263 3
    endloop
  endfacet
  facet normal -0.81301 0.58225 0
    outer loop
      vertex 53.6199 23.8263 9
      vertex 53.5056 23.6667 3
      vertex 53.5056 23.6667 9
    endloop
  endfacet
  facet normal -0.849112 0.528212 0
    outer loop
      vertex 53.4019 23.5 3
      vertex 53.5056 23.6667 9
      vertex 53.5056 23.6667 3
    endloop
  endfacet
  facet normal -0.849112 0.528212 0
    outer loop
      vertex 53.5056 23.6667 9
      vertex 53.4019 23.5 3
      vertex 53.4019 23.5 9
    endloop
  endfacet
  facet normal -0.683551 0.729902 0
    outer loop
      vertex 54.022 24.2555 3
      vertex 53.8787 24.1213 9
      vertex 54.022 24.2555 9
    endloop
  endfacet
  facet normal -0.683551 0.729902 0
    outer loop
      vertex 53.8787 24.1213 9
      vertex 54.022 24.2555 3
      vertex 53.8787 24.1213 3
    endloop
  endfacet
  facet normal 0.41246 0.910976 -0
    outer loop
      vertex 57.3269 24.6906 3
      vertex 57.148 24.7716 9
      vertex 57.3269 24.6906 9
    endloop
  endfacet
  facet normal 0.41246 0.910976 0
    outer loop
      vertex 57.148 24.7716 9
      vertex 57.3269 24.6906 3
      vertex 57.148 24.7716 3
    endloop
  endfacet
  facet normal 0.973856 0.227165 0
    outer loop
      vertex 58.9424 22.5853 9
      vertex 58.8978 22.7765 3
      vertex 58.8978 22.7765 9
    endloop
  endfacet
  facet normal 0.973856 0.227165 0
    outer loop
      vertex 58.8978 22.7765 3
      vertex 58.9424 22.5853 9
      vertex 58.9424 22.5853 3
    endloop
  endfacet
  facet normal 0.683551 0.729902 -0
    outer loop
      vertex 58.1213 24.1213 3
      vertex 57.978 24.2555 9
      vertex 58.1213 24.1213 9
    endloop
  endfacet
  facet normal 0.683551 0.729902 0
    outer loop
      vertex 57.978 24.2555 9
      vertex 58.1213 24.1213 3
      vertex 57.978 24.2555 3
    endloop
  endfacet
  facet normal 0.634707 0.772753 -0
    outer loop
      vertex 57.978 24.2555 3
      vertex 57.8263 24.3801 9
      vertex 57.978 24.2555 9
    endloop
  endfacet
  facet normal 0.634707 0.772753 0
    outer loop
      vertex 57.8263 24.3801 9
      vertex 57.978 24.2555 3
      vertex 57.8263 24.3801 3
    endloop
  endfacet
  facet normal 0.910976 0.41246 0
    outer loop
      vertex 58.7716 23.148 9
      vertex 58.6906 23.3269 3
      vertex 58.6906 23.3269 9
    endloop
  endfacet
  facet normal 0.910976 0.41246 0
    outer loop
      vertex 58.6906 23.3269 3
      vertex 58.7716 23.148 9
      vertex 58.7716 23.148 3
    endloop
  endfacet
  facet normal 0.81301 0.58225 0
    outer loop
      vertex 58.4944 23.6667 9
      vertex 58.3801 23.8263 3
      vertex 58.3801 23.8263 9
    endloop
  endfacet
  facet normal 0.81301 0.58225 0
    outer loop
      vertex 58.3801 23.8263 3
      vertex 58.4944 23.6667 9
      vertex 58.4944 23.6667 3
    endloop
  endfacet
  facet normal -0.0326024 0.999468 0
    outer loop
      vertex 56 25 3
      vertex 55.8038 24.9936 9
      vertex 56 25 9
    endloop
  endfacet
  facet normal -0.0326024 0.999468 0
    outer loop
      vertex 55.8038 24.9936 9
      vertex 56 25 3
      vertex 55.8038 24.9936 3
    endloop
  endfacet
  facet normal -0.528212 0.849112 0
    outer loop
      vertex 54.5 24.5981 3
      vertex 54.3333 24.4944 9
      vertex 54.5 24.5981 9
    endloop
  endfacet
  facet normal -0.528212 0.849112 0
    outer loop
      vertex 54.3333 24.4944 9
      vertex 54.5 24.5981 3
      vertex 54.3333 24.4944 3
    endloop
  endfacet
  facet normal -0.41246 0.910976 0
    outer loop
      vertex 54.852 24.7716 3
      vertex 54.6731 24.6906 9
      vertex 54.852 24.7716 9
    endloop
  endfacet
  facet normal -0.41246 0.910976 0
    outer loop
      vertex 54.6731 24.6906 9
      vertex 54.852 24.7716 3
      vertex 54.6731 24.6906 3
    endloop
  endfacet
  facet normal -0.162499 0.986709 0
    outer loop
      vertex 55.6084 24.9743 3
      vertex 55.4147 24.9424 9
      vertex 55.6084 24.9743 9
    endloop
  endfacet
  facet normal -0.162499 0.986709 0
    outer loop
      vertex 55.4147 24.9424 9
      vertex 55.6084 24.9743 3
      vertex 55.4147 24.9424 3
    endloop
  endfacet
  facet normal -0.986709 0.162499 0
    outer loop
      vertex 53.0257 22.3916 3
      vertex 53.0576 22.5853 9
      vertex 53.0576 22.5853 3
    endloop
  endfacet
  facet normal -0.986709 0.162499 0
    outer loop
      vertex 53.0576 22.5853 9
      vertex 53.0257 22.3916 3
      vertex 53.0257 22.3916 9
    endloop
  endfacet
  facet normal -0.910976 0.41246 0
    outer loop
      vertex 53.2284 23.148 3
      vertex 53.3094 23.3269 9
      vertex 53.3094 23.3269 3
    endloop
  endfacet
  facet normal -0.910976 0.41246 0
    outer loop
      vertex 53.3094 23.3269 9
      vertex 53.2284 23.148 3
      vertex 53.2284 23.148 9
    endloop
  endfacet
  facet normal 0.290432 0.956896 -0
    outer loop
      vertex 56.9643 24.8408 3
      vertex 56.7765 24.8978 9
      vertex 56.9643 24.8408 9
    endloop
  endfacet
  facet normal 0.290432 0.956896 0
    outer loop
      vertex 56.7765 24.8978 9
      vertex 56.9643 24.8408 3
      vertex 56.7765 24.8978 3
    endloop
  endfacet
  facet normal 0.729902 0.683551 0
    outer loop
      vertex 58.2555 23.978 9
      vertex 58.1213 24.1213 3
      vertex 58.1213 24.1213 9
    endloop
  endfacet
  facet normal 0.729902 0.683551 0
    outer loop
      vertex 58.1213 24.1213 3
      vertex 58.2555 23.978 9
      vertex 58.2555 23.978 3
    endloop
  endfacet
  facet normal 0.528212 0.849112 -0
    outer loop
      vertex 57.6667 24.4944 3
      vertex 57.5 24.5981 9
      vertex 57.6667 24.4944 9
    endloop
  endfacet
  facet normal 0.528212 0.849112 0
    outer loop
      vertex 57.5 24.5981 9
      vertex 57.6667 24.4944 3
      vertex 57.5 24.5981 3
    endloop
  endfacet
  facet normal -0.58225 0.81301 0
    outer loop
      vertex 54.3333 24.4944 3
      vertex 54.1737 24.3801 9
      vertex 54.3333 24.4944 9
    endloop
  endfacet
  facet normal -0.58225 0.81301 0
    outer loop
      vertex 54.1737 24.3801 9
      vertex 54.3333 24.4944 3
      vertex 54.1737 24.3801 3
    endloop
  endfacet
  facet normal -0.352519 0.935805 0
    outer loop
      vertex 55.0357 24.8408 3
      vertex 54.852 24.7716 9
      vertex 55.0357 24.8408 9
    endloop
  endfacet
  facet normal -0.352519 0.935805 0
    outer loop
      vertex 54.852 24.7716 9
      vertex 55.0357 24.8408 3
      vertex 54.852 24.7716 3
    endloop
  endfacet
  facet normal -0.227165 0.973856 0
    outer loop
      vertex 55.4147 24.9424 3
      vertex 55.2235 24.8978 9
      vertex 55.4147 24.9424 9
    endloop
  endfacet
  facet normal -0.227165 0.973856 0
    outer loop
      vertex 55.2235 24.8978 9
      vertex 55.4147 24.9424 3
      vertex 55.2235 24.8978 3
    endloop
  endfacet
  facet normal 0.634707 -0.772753 0
    outer loop
      vertex 57.8263 -24.3801 3
      vertex 57.978 -24.2555 9
      vertex 57.8263 -24.3801 9
    endloop
  endfacet
  facet normal 0.634707 -0.772753 0
    outer loop
      vertex 57.978 -24.2555 9
      vertex 57.8263 -24.3801 3
      vertex 57.978 -24.2555 3
    endloop
  endfacet
  facet normal -0.41246 -0.910976 0
    outer loop
      vertex 54.6731 -24.6906 3
      vertex 54.852 -24.7716 9
      vertex 54.6731 -24.6906 9
    endloop
  endfacet
  facet normal -0.41246 -0.910976 -0
    outer loop
      vertex 54.852 -24.7716 9
      vertex 54.6731 -24.6906 3
      vertex 54.852 -24.7716 3
    endloop
  endfacet
  facet normal -0.935805 -0.352519 0
    outer loop
      vertex 53.2284 -23.148 3
      vertex 53.1592 -22.9643 9
      vertex 53.1592 -22.9643 3
    endloop
  endfacet
  facet normal -0.935805 -0.352519 0
    outer loop
      vertex 53.1592 -22.9643 9
      vertex 53.2284 -23.148 3
      vertex 53.2284 -23.148 9
    endloop
  endfacet
  facet normal 0.935868 0.352351 0
    outer loop
      vertex 58.8408 -21.0357 9
      vertex 58.7716 -20.8519 3
      vertex 58.7716 -20.8519 9
    endloop
  endfacet
  facet normal 0.935868 0.352351 0
    outer loop
      vertex 58.7716 -20.8519 3
      vertex 58.8408 -21.0357 9
      vertex 58.8408 -21.0357 3
    endloop
  endfacet
  facet normal 0.881972 -0.471302 0
    outer loop
      vertex 58.5981 -23.5 9
      vertex 58.6906 -23.3269 3
      vertex 58.6906 -23.3269 9
    endloop
  endfacet
  facet normal 0.881972 -0.471302 0
    outer loop
      vertex 58.6906 -23.3269 3
      vertex 58.5981 -23.5 9
      vertex 58.5981 -23.5 3
    endloop
  endfacet
  facet normal 0.352519 -0.935805 0
    outer loop
      vertex 56.9643 -24.8408 3
      vertex 57.148 -24.7716 9
      vertex 56.9643 -24.8408 9
    endloop
  endfacet
  facet normal 0.352519 -0.935805 0
    outer loop
      vertex 57.148 -24.7716 9
      vertex 56.9643 -24.8408 3
      vertex 57.148 -24.7716 3
    endloop
  endfacet
  facet normal -0.995157 -0.0982934 0
    outer loop
      vertex 53.0257 -22.3916 3
      vertex 53.0064 -22.1962 9
      vertex 53.0064 -22.1962 3
    endloop
  endfacet
  facet normal -0.995157 -0.0982934 0
    outer loop
      vertex 53.0064 -22.1962 9
      vertex 53.0257 -22.3916 3
      vertex 53.0257 -22.3916 9
    endloop
  endfacet
  facet normal -0.772753 -0.634707 0
    outer loop
      vertex 53.7445 -23.978 3
      vertex 53.6199 -23.8263 9
      vertex 53.6199 -23.8263 3
    endloop
  endfacet
  facet normal -0.772753 -0.634707 0
    outer loop
      vertex 53.6199 -23.8263 9
      vertex 53.7445 -23.978 3
      vertex 53.7445 -23.978 9
    endloop
  endfacet
  facet normal -0.227165 -0.973856 0
    outer loop
      vertex 55.2235 -24.8978 3
      vertex 55.4147 -24.9424 9
      vertex 55.2235 -24.8978 9
    endloop
  endfacet
  facet normal -0.227165 -0.973856 -0
    outer loop
      vertex 55.4147 -24.9424 9
      vertex 55.2235 -24.8978 3
      vertex 55.4147 -24.9424 3
    endloop
  endfacet
  facet normal 0.995157 0.0982934 0
    outer loop
      vertex 58.9936 -21.8038 9
      vertex 58.9743 -21.6084 3
      vertex 58.9743 -21.6084 9
    endloop
  endfacet
  facet normal 0.995157 0.0982934 0
    outer loop
      vertex 58.9743 -21.6084 3
      vertex 58.9936 -21.8038 9
      vertex 58.9936 -21.8038 3
    endloop
  endfacet
  facet normal 0.41246 0.910976 -0
    outer loop
      vertex 57.3269 -19.3094 3
      vertex 57.148 -19.2284 9
      vertex 57.3269 -19.3094 9
    endloop
  endfacet
  facet normal 0.41246 0.910976 0
    outer loop
      vertex 57.148 -19.2284 9
      vertex 57.3269 -19.3094 3
      vertex 57.148 -19.2284 3
    endloop
  endfacet
  facet normal 0.772753 0.634707 0
    outer loop
      vertex 58.3801 -20.1737 9
      vertex 58.2555 -20.022 3
      vertex 58.2555 -20.022 9
    endloop
  endfacet
  facet normal 0.772753 0.634707 0
    outer loop
      vertex 58.2555 -20.022 3
      vertex 58.3801 -20.1737 9
      vertex 58.3801 -20.1737 3
    endloop
  endfacet
  facet normal -0.0982934 0.995157 0
    outer loop
      vertex 55.8038 -19.0064 3
      vertex 55.6084 -19.0257 9
      vertex 55.8038 -19.0064 9
    endloop
  endfacet
  facet normal -0.0982934 0.995157 0
    outer loop
      vertex 55.6084 -19.0257 9
      vertex 55.8038 -19.0064 3
      vertex 55.6084 -19.0257 3
    endloop
  endfacet
  facet normal -0.634707 0.772753 0
    outer loop
      vertex 54.1737 -19.6199 3
      vertex 54.022 -19.7445 9
      vertex 54.1737 -19.6199 9
    endloop
  endfacet
  facet normal -0.634707 0.772753 0
    outer loop
      vertex 54.022 -19.7445 9
      vertex 54.1737 -19.6199 3
      vertex 54.022 -19.7445 3
    endloop
  endfacet
  facet normal -0.935868 0.352351 0
    outer loop
      vertex 53.1592 -21.0357 3
      vertex 53.2284 -20.8519 9
      vertex 53.2284 -20.8519 3
    endloop
  endfacet
  facet normal -0.935868 0.352351 0
    outer loop
      vertex 53.2284 -20.8519 9
      vertex 53.1592 -21.0357 3
      vertex 53.1592 -21.0357 9
    endloop
  endfacet
  facet normal 0.986709 -0.162499 0
    outer loop
      vertex 58.9424 -22.5853 9
      vertex 58.9743 -22.3916 3
      vertex 58.9743 -22.3916 9
    endloop
  endfacet
  facet normal 0.986709 -0.162499 0
    outer loop
      vertex 58.9743 -22.3916 3
      vertex 58.9424 -22.5853 9
      vertex 58.9424 -22.5853 3
    endloop
  endfacet
  facet normal 0.973856 -0.227165 0
    outer loop
      vertex 58.8978 -22.7765 9
      vertex 58.9424 -22.5853 3
      vertex 58.9424 -22.5853 9
    endloop
  endfacet
  facet normal 0.973856 -0.227165 0
    outer loop
      vertex 58.9424 -22.5853 3
      vertex 58.8978 -22.7765 9
      vertex 58.8978 -22.7765 3
    endloop
  endfacet
  facet normal 0.956896 -0.290432 0
    outer loop
      vertex 58.8408 -22.9643 9
      vertex 58.8978 -22.7765 3
      vertex 58.8978 -22.7765 9
    endloop
  endfacet
  facet normal 0.956896 -0.290432 0
    outer loop
      vertex 58.8978 -22.7765 3
      vertex 58.8408 -22.9643 9
      vertex 58.8408 -22.9643 3
    endloop
  endfacet
  facet normal 0.772753 -0.634707 0
    outer loop
      vertex 58.2555 -23.978 9
      vertex 58.3801 -23.8263 3
      vertex 58.3801 -23.8263 9
    endloop
  endfacet
  facet normal 0.772753 -0.634707 0
    outer loop
      vertex 58.3801 -23.8263 3
      vertex 58.2555 -23.978 9
      vertex 58.2555 -23.978 3
    endloop
  endfacet
  facet normal 0.81301 -0.58225 0
    outer loop
      vertex 58.3801 -23.8263 9
      vertex 58.4944 -23.6667 3
      vertex 58.4944 -23.6667 9
    endloop
  endfacet
  facet normal 0.81301 -0.58225 0
    outer loop
      vertex 58.4944 -23.6667 3
      vertex 58.3801 -23.8263 9
      vertex 58.3801 -23.8263 3
    endloop
  endfacet
  facet normal 0.528212 -0.849112 0
    outer loop
      vertex 57.5 -24.5981 3
      vertex 57.6667 -24.4944 9
      vertex 57.5 -24.5981 9
    endloop
  endfacet
  facet normal 0.528212 -0.849112 0
    outer loop
      vertex 57.6667 -24.4944 9
      vertex 57.5 -24.5981 3
      vertex 57.6667 -24.4944 3
    endloop
  endfacet
  facet normal -0.0326024 -0.999468 0
    outer loop
      vertex 55.8038 -24.9936 3
      vertex 56 -25 9
      vertex 55.8038 -24.9936 9
    endloop
  endfacet
  facet normal -0.0326024 -0.999468 -0
    outer loop
      vertex 56 -25 9
      vertex 55.8038 -24.9936 3
      vertex 56 -25 3
    endloop
  endfacet
  facet normal 0.0326024 -0.999468 0
    outer loop
      vertex 56 -25 3
      vertex 56.1962 -24.9936 9
      vertex 56 -25 9
    endloop
  endfacet
  facet normal 0.0326024 -0.999468 0
    outer loop
      vertex 56.1962 -24.9936 9
      vertex 56 -25 3
      vertex 56.1962 -24.9936 3
    endloop
  endfacet
  facet normal 0.162499 -0.986709 0
    outer loop
      vertex 56.3916 -24.9743 3
      vertex 56.5853 -24.9424 9
      vertex 56.3916 -24.9743 9
    endloop
  endfacet
  facet normal 0.162499 -0.986709 0
    outer loop
      vertex 56.5853 -24.9424 9
      vertex 56.3916 -24.9743 3
      vertex 56.5853 -24.9424 3
    endloop
  endfacet
  facet normal -0.999468 0.0326024 0
    outer loop
      vertex 53 -22 3
      vertex 53.0064 -21.8038 9
      vertex 53.0064 -21.8038 3
    endloop
  endfacet
  facet normal -0.999468 0.0326024 0
    outer loop
      vertex 53.0064 -21.8038 9
      vertex 53 -22 3
      vertex 53 -22 9
    endloop
  endfacet
  facet normal -0.986709 -0.162499 0
    outer loop
      vertex 53.0576 -22.5853 3
      vertex 53.0257 -22.3916 9
      vertex 53.0257 -22.3916 3
    endloop
  endfacet
  facet normal -0.986709 -0.162499 0
    outer loop
      vertex 53.0257 -22.3916 9
      vertex 53.0576 -22.5853 3
      vertex 53.0576 -22.5853 9
    endloop
  endfacet
  facet normal -0.849112 -0.528212 0
    outer loop
      vertex 53.5056 -23.6667 3
      vertex 53.4019 -23.5 9
      vertex 53.4019 -23.5 3
    endloop
  endfacet
  facet normal -0.849112 -0.528212 0
    outer loop
      vertex 53.4019 -23.5 9
      vertex 53.5056 -23.6667 3
      vertex 53.5056 -23.6667 9
    endloop
  endfacet
  facet normal -0.0982934 -0.995157 0
    outer loop
      vertex 55.6084 -24.9743 3
      vertex 55.8038 -24.9936 9
      vertex 55.6084 -24.9743 9
    endloop
  endfacet
  facet normal -0.0982934 -0.995157 -0
    outer loop
      vertex 55.8038 -24.9936 9
      vertex 55.6084 -24.9743 3
      vertex 55.8038 -24.9936 3
    endloop
  endfacet
  facet normal -0.290432 -0.956896 0
    outer loop
      vertex 55.0357 -24.8408 3
      vertex 55.2235 -24.8978 9
      vertex 55.0357 -24.8408 9
    endloop
  endfacet
  facet normal -0.290432 -0.956896 -0
    outer loop
      vertex 55.2235 -24.8978 9
      vertex 55.0357 -24.8408 3
      vertex 55.2235 -24.8978 3
    endloop
  endfacet
  facet normal -0.58225 -0.81301 0
    outer loop
      vertex 54.1737 -24.3801 3
      vertex 54.3333 -24.4944 9
      vertex 54.1737 -24.3801 9
    endloop
  endfacet
  facet normal -0.58225 -0.81301 -0
    outer loop
      vertex 54.3333 -24.4944 9
      vertex 54.1737 -24.3801 3
      vertex 54.3333 -24.4944 3
    endloop
  endfacet
  facet normal -0.634707 -0.772753 0
    outer loop
      vertex 54.022 -24.2555 3
      vertex 54.1737 -24.3801 9
      vertex 54.022 -24.2555 9
    endloop
  endfacet
  facet normal -0.634707 -0.772753 -0
    outer loop
      vertex 54.1737 -24.3801 9
      vertex 54.022 -24.2555 3
      vertex 54.1737 -24.3801 3
    endloop
  endfacet
  facet normal -0.528212 -0.849112 0
    outer loop
      vertex 54.3333 -24.4944 3
      vertex 54.5 -24.5981 9
      vertex 54.3333 -24.4944 9
    endloop
  endfacet
  facet normal -0.528212 -0.849112 -0
    outer loop
      vertex 54.5 -24.5981 9
      vertex 54.3333 -24.4944 3
      vertex 54.5 -24.5981 3
    endloop
  endfacet
  facet normal 0.999468 -0.0326024 0
    outer loop
      vertex 58.9936 -22.1962 9
      vertex 59 -22 3
      vertex 59 -22 9
    endloop
  endfacet
  facet normal 0.999468 -0.0326024 0
    outer loop
      vertex 59 -22 3
      vertex 58.9936 -22.1962 9
      vertex 58.9936 -22.1962 3
    endloop
  endfacet
  facet normal 0.290432 0.956896 -0
    outer loop
      vertex 56.9643 -19.1592 3
      vertex 56.7765 -19.1022 9
      vertex 56.9643 -19.1592 9
    endloop
  endfacet
  facet normal 0.290432 0.956896 0
    outer loop
      vertex 56.7765 -19.1022 9
      vertex 56.9643 -19.1592 3
      vertex 56.7765 -19.1022 3
    endloop
  endfacet
  facet normal 0.634707 0.772753 -0
    outer loop
      vertex 57.978 -19.7445 3
      vertex 57.8263 -19.6199 9
      vertex 57.978 -19.7445 9
    endloop
  endfacet
  facet normal 0.634707 0.772753 0
    outer loop
      vertex 57.8263 -19.6199 9
      vertex 57.978 -19.7445 3
      vertex 57.8263 -19.6199 3
    endloop
  endfacet
  facet normal 0.471302 0.881972 -0
    outer loop
      vertex 57.5 -19.4019 3
      vertex 57.3269 -19.3094 9
      vertex 57.5 -19.4019 9
    endloop
  endfacet
  facet normal 0.471302 0.881972 0
    outer loop
      vertex 57.3269 -19.3094 9
      vertex 57.5 -19.4019 3
      vertex 57.3269 -19.3094 3
    endloop
  endfacet
  facet normal 0.881972 0.471302 0
    outer loop
      vertex 58.6906 -20.6731 9
      vertex 58.5981 -20.5 3
      vertex 58.5981 -20.5 9
    endloop
  endfacet
  facet normal 0.881972 0.471302 0
    outer loop
      vertex 58.5981 -20.5 3
      vertex 58.6906 -20.6731 9
      vertex 58.6906 -20.6731 3
    endloop
  endfacet
  facet normal 0.0326024 0.999468 -0
    outer loop
      vertex 56.1962 -19.0064 3
      vertex 56 -19 9
      vertex 56.1962 -19.0064 9
    endloop
  endfacet
  facet normal 0.0326024 0.999468 0
    outer loop
      vertex 56 -19 9
      vertex 56.1962 -19.0064 3
      vertex 56 -19 3
    endloop
  endfacet
  facet normal -0.471302 0.881972 0
    outer loop
      vertex 54.6731 -19.3094 3
      vertex 54.5 -19.4019 9
      vertex 54.6731 -19.3094 9
    endloop
  endfacet
  facet normal -0.471302 0.881972 0
    outer loop
      vertex 54.5 -19.4019 9
      vertex 54.6731 -19.3094 3
      vertex 54.5 -19.4019 3
    endloop
  endfacet
  facet normal -0.352519 0.935805 0
    outer loop
      vertex 55.0357 -19.1592 3
      vertex 54.852 -19.2284 9
      vertex 55.0357 -19.1592 9
    endloop
  endfacet
  facet normal -0.352519 0.935805 0
    outer loop
      vertex 54.852 -19.2284 9
      vertex 55.0357 -19.1592 3
      vertex 54.852 -19.2284 3
    endloop
  endfacet
  facet normal -0.956896 0.290432 0
    outer loop
      vertex 53.1022 -21.2235 3
      vertex 53.1592 -21.0357 9
      vertex 53.1592 -21.0357 3
    endloop
  endfacet
  facet normal -0.956896 0.290432 0
    outer loop
      vertex 53.1592 -21.0357 9
      vertex 53.1022 -21.2235 3
      vertex 53.1022 -21.2235 9
    endloop
  endfacet
  facet normal -0.973856 0.227165 0
    outer loop
      vertex 53.0576 -21.4147 3
      vertex 53.1022 -21.2235 9
      vertex 53.1022 -21.2235 3
    endloop
  endfacet
  facet normal -0.973856 0.227165 0
    outer loop
      vertex 53.1022 -21.2235 9
      vertex 53.0576 -21.4147 3
      vertex 53.0576 -21.4147 9
    endloop
  endfacet
  facet normal -0.772753 0.634707 0
    outer loop
      vertex 53.6199 -20.1737 3
      vertex 53.7445 -20.022 9
      vertex 53.7445 -20.022 3
    endloop
  endfacet
  facet normal -0.772753 0.634707 0
    outer loop
      vertex 53.7445 -20.022 9
      vertex 53.6199 -20.1737 3
      vertex 53.6199 -20.1737 9
    endloop
  endfacet
  facet normal 0.910976 -0.41246 0
    outer loop
      vertex 58.6906 -23.3269 9
      vertex 58.7716 -23.148 3
      vertex 58.7716 -23.148 9
    endloop
  endfacet
  facet normal 0.910976 -0.41246 0
    outer loop
      vertex 58.7716 -23.148 3
      vertex 58.6906 -23.3269 9
      vertex 58.6906 -23.3269 3
    endloop
  endfacet
  facet normal 0.935805 -0.352519 0
    outer loop
      vertex 58.7716 -23.148 9
      vertex 58.8408 -22.9643 3
      vertex 58.8408 -22.9643 9
    endloop
  endfacet
  facet normal 0.935805 -0.352519 0
    outer loop
      vertex 58.8408 -22.9643 3
      vertex 58.7716 -23.148 9
      vertex 58.7716 -23.148 3
    endloop
  endfacet
  facet normal 0.729902 -0.683551 0
    outer loop
      vertex 58.1213 -24.1213 9
      vertex 58.2555 -23.978 3
      vertex 58.2555 -23.978 9
    endloop
  endfacet
  facet normal 0.729902 -0.683551 0
    outer loop
      vertex 58.2555 -23.978 3
      vertex 58.1213 -24.1213 9
      vertex 58.1213 -24.1213 3
    endloop
  endfacet
  facet normal 0.683551 -0.729902 0
    outer loop
      vertex 57.978 -24.2555 3
      vertex 58.1213 -24.1213 9
      vertex 57.978 -24.2555 9
    endloop
  endfacet
  facet normal 0.683551 -0.729902 0
    outer loop
      vertex 58.1213 -24.1213 9
      vertex 57.978 -24.2555 3
      vertex 58.1213 -24.1213 3
    endloop
  endfacet
  facet normal 0.58225 -0.81301 0
    outer loop
      vertex 57.6667 -24.4944 3
      vertex 57.8263 -24.3801 9
      vertex 57.6667 -24.4944 9
    endloop
  endfacet
  facet normal 0.58225 -0.81301 0
    outer loop
      vertex 57.8263 -24.3801 9
      vertex 57.6667 -24.4944 3
      vertex 57.8263 -24.3801 3
    endloop
  endfacet
  facet normal 0.41246 -0.910976 0
    outer loop
      vertex 57.148 -24.7716 3
      vertex 57.3269 -24.6906 9
      vertex 57.148 -24.7716 9
    endloop
  endfacet
  facet normal 0.41246 -0.910976 0
    outer loop
      vertex 57.3269 -24.6906 9
      vertex 57.148 -24.7716 3
      vertex 57.3269 -24.6906 3
    endloop
  endfacet
  facet normal 0.471302 -0.881972 0
    outer loop
      vertex 57.3269 -24.6906 3
      vertex 57.5 -24.5981 9
      vertex 57.3269 -24.6906 9
    endloop
  endfacet
  facet normal 0.471302 -0.881972 0
    outer loop
      vertex 57.5 -24.5981 9
      vertex 57.3269 -24.6906 3
      vertex 57.5 -24.5981 3
    endloop
  endfacet
  facet normal 0.227165 -0.973856 0
    outer loop
      vertex 56.5853 -24.9424 3
      vertex 56.7765 -24.8978 9
      vertex 56.5853 -24.9424 9
    endloop
  endfacet
  facet normal 0.227165 -0.973856 0
    outer loop
      vertex 56.7765 -24.8978 9
      vertex 56.5853 -24.9424 3
      vertex 56.7765 -24.8978 3
    endloop
  endfacet
  facet normal 0.290432 -0.956896 0
    outer loop
      vertex 56.7765 -24.8978 3
      vertex 56.9643 -24.8408 9
      vertex 56.7765 -24.8978 9
    endloop
  endfacet
  facet normal 0.290432 -0.956896 0
    outer loop
      vertex 56.9643 -24.8408 9
      vertex 56.7765 -24.8978 3
      vertex 56.9643 -24.8408 3
    endloop
  endfacet
  facet normal 0 0 1
    outer loop
      vertex 56.9 -22 9
      vertex 59 -22 9
      vertex 58.9936 -21.8038 9
    endloop
  endfacet
  facet normal 0 0 1
    outer loop
      vertex 56.8981 -21.9411 9
      vertex 58.9936 -21.8038 9
      vertex 58.9743 -21.6084 9
    endloop
  endfacet
  facet normal 0 0 1
    outer loop
      vertex 59 -22 9
      vertex 56.9 -22 9
      vertex 58.9936 -22.1962 9
    endloop
  endfacet
  facet normal 0 0 1
    outer loop
      vertex 56.8923 -21.8825 9
      vertex 58.9743 -21.6084 9
      vertex 58.9424 -21.4147 9
    endloop
  endfacet
  facet normal -0 0 1
    outer loop
      vertex 56.8981 -22.0589 9
      vertex 58.9936 -22.1962 9
      vertex 56.9 -22 9
    endloop
  endfacet
  facet normal 0 0 1
    outer loop
      vertex 56.8827 -21.8244 9
      vertex 58.9424 -21.4147 9
      vertex 58.8978 -21.2235 9
    endloop
  endfacet
  facet normal 0 0 1
    outer loop
      vertex 58.9936 -22.1962 9
      vertex 56.8981 -22.0589 9
      vertex 58.9743 -22.3916 9
    endloop
  endfacet
  facet normal 0 0 1
    outer loop
      vertex 56.8693 -21.7671 9
      vertex 58.8978 -21.2235 9
      vertex 58.8408 -21.0357 9
    endloop
  endfacet
  facet normal -0 0 1
    outer loop
      vertex 56.8923 -22.1175 9
      vertex 58.9743 -22.3916 9
      vertex 56.8981 -22.0589 9
    endloop
  endfacet
  facet normal 0 0 1
    outer loop
      vertex 56.8522 -21.7107 9
      vertex 58.8408 -21.0357 9
      vertex 58.7716 -20.8519 9
    endloop
  endfacet
  facet normal 0 0 1
    outer loop
      vertex 58.9743 -22.3916 9
      vertex 56.8923 -22.1175 9
      vertex 58.9424 -22.5853 9
    endloop
  endfacet
  facet normal 0 0 1
    outer loop
      vertex 56.8315 -21.6556 9
      vertex 58.7716 -20.8519 9
      vertex 58.6906 -20.6731 9
    endloop
  endfacet
  facet normal -0 0 1
    outer loop
      vertex 56.8827 -22.1756 9
      vertex 58.9424 -22.5853 9
      vertex 56.8923 -22.1175 9
    endloop
  endfacet
  facet normal 0 0 1
    outer loop
      vertex 56.8072 -21.6019 9
      vertex 58.6906 -20.6731 9
      vertex 58.5981 -20.5 9
    endloop
  endfacet
  facet normal 0 0 1
    outer loop
      vertex 58.9424 -22.5853 9
      vertex 56.8827 -22.1756 9
      vertex 58.8978 -22.7765 9
    endloop
  endfacet
  facet normal 0 0 1
    outer loop
      vertex 56.7794 -21.55 9
      vertex 58.5981 -20.5 9
      vertex 58.4944 -20.3333 9
    endloop
  endfacet
  facet normal -0 0 1
    outer loop
      vertex 56.8693 -22.2329 9
      vertex 58.8978 -22.7765 9
      vertex 56.8827 -22.1756 9
    endloop
  endfacet
  facet normal 0 0 1
    outer loop
      vertex 56.7483 -21.5 9
      vertex 58.4944 -20.3333 9
      vertex 58.3801 -20.1737 9
    endloop
  endfacet
  facet normal 0 0 1
    outer loop
      vertex 58.8978 -22.7765 9
      vertex 56.8693 -22.2329 9
      vertex 58.8408 -22.9643 9
    endloop
  endfacet
  facet normal 0 0 1
    outer loop
      vertex 56.714 -21.4521 9
      vertex 58.3801 -20.1737 9
      vertex 58.2555 -20.022 9
    endloop
  endfacet
  facet normal -0 0 1
    outer loop
      vertex 56.8522 -22.2893 9
      vertex 58.8408 -22.9643 9
      vertex 56.8693 -22.2329 9
    endloop
  endfacet
  facet normal 0 0 1
    outer loop
      vertex 56.6767 -21.4066 9
      vertex 58.2555 -20.022 9
      vertex 58.1213 -19.8787 9
    endloop
  endfacet
  facet normal 0 0 1
    outer loop
      vertex 58.8408 -22.9643 9
      vertex 56.8522 -22.2893 9
      vertex 58.7716 -23.148 9
    endloop
  endfacet
  facet normal 0 0 1
    outer loop
      vertex 56.6364 -21.3636 9
      vertex 58.1213 -19.8787 9
      vertex 57.978 -19.7445 9
    endloop
  endfacet
  facet normal -0 0 1
    outer loop
      vertex 56.8315 -22.3444 9
      vertex 58.7716 -23.148 9
      vertex 56.8522 -22.2893 9
    endloop
  endfacet
  facet normal 0 0 1
    outer loop
      vertex 56.5934 -21.3233 9
      vertex 57.978 -19.7445 9
      vertex 57.8263 -19.6199 9
    endloop
  endfacet
  facet normal 0 0 1
    outer loop
      vertex 58.7716 -23.148 9
      vertex 56.8315 -22.3444 9
      vertex 58.6906 -23.3269 9
    endloop
  endfacet
  facet normal 0 0 1
    outer loop
      vertex 56.5479 -21.286 9
      vertex 57.8263 -19.6199 9
      vertex 57.6667 -19.5056 9
    endloop
  endfacet
  facet normal -0 0 1
    outer loop
      vertex 56.8072 -22.3981 9
      vertex 58.6906 -23.3269 9
      vertex 56.8315 -22.3444 9
    endloop
  endfacet
  facet normal 0 0 1
    outer loop
      vertex 56.5 -21.2517 9
      vertex 57.6667 -19.5056 9
      vertex 57.5 -19.4019 9
    endloop
  endfacet
  facet normal 0 0 1
    outer loop
      vertex 58.6906 -23.3269 9
      vertex 56.8072 -22.3981 9
      vertex 58.5981 -23.5 9
    endloop
  endfacet
  facet normal 0 0 1
    outer loop
      vertex 56.45 -21.2206 9
      vertex 57.5 -19.4019 9
      vertex 57.3269 -19.3094 9
    endloop
  endfacet
  facet normal -0 0 1
    outer loop
      vertex 56.7794 -22.45 9
      vertex 58.5981 -23.5 9
      vertex 56.8072 -22.3981 9
    endloop
  endfacet
  facet normal 0 0 1
    outer loop
      vertex 56.3981 -21.1928 9
      vertex 57.3269 -19.3094 9
      vertex 57.148 -19.2284 9
    endloop
  endfacet
  facet normal 0 0 1
    outer loop
      vertex 58.5981 -23.5 9
      vertex 56.7794 -22.45 9
      vertex 58.4944 -23.6667 9
    endloop
  endfacet
  facet normal 0 0 1
    outer loop
      vertex 56.3444 -21.1685 9
      vertex 57.148 -19.2284 9
      vertex 56.9643 -19.1592 9
    endloop
  endfacet
  facet normal -0 0 1
    outer loop
      vertex 56.7483 -22.5 9
      vertex 58.4944 -23.6667 9
      vertex 56.7794 -22.45 9
    endloop
  endfacet
  facet normal 0 0 1
    outer loop
      vertex 58.4944 -23.6667 9
      vertex 56.7483 -22.5 9
      vertex 58.3801 -23.8263 9
    endloop
  endfacet
  facet normal 0 0 1
    outer loop
      vertex 58.9936 -21.8038 9
      vertex 56.8981 -21.9411 9
      vertex 56.9 -22 9
    endloop
  endfacet
  facet normal 0 0 1
    outer loop
      vertex 58.9743 -21.6084 9
      vertex 56.8923 -21.8825 9
      vertex 56.8981 -21.9411 9
    endloop
  endfacet
  facet normal 0 0 1
    outer loop
      vertex 58.9424 -21.4147 9
      vertex 56.8827 -21.8244 9
      vertex 56.8923 -21.8825 9
    endloop
  endfacet
  facet normal 0 0 1
    outer loop
      vertex 58.8978 -21.2235 9
      vertex 56.8693 -21.7671 9
      vertex 56.8827 -21.8244 9
    endloop
  endfacet
  facet normal 0 0 1
    outer loop
      vertex 58.8408 -21.0357 9
      vertex 56.8522 -21.7107 9
      vertex 56.8693 -21.7671 9
    endloop
  endfacet
  facet normal 0 0 1
    outer loop
      vertex 58.7716 -20.8519 9
      vertex 56.8315 -21.6556 9
      vertex 56.8522 -21.7107 9
    endloop
  endfacet
  facet normal 0 0 1
    outer loop
      vertex 58.6906 -20.6731 9
      vertex 56.8072 -21.6019 9
      vertex 56.8315 -21.6556 9
    endloop
  endfacet
  facet normal 0 0 1
    outer loop
      vertex 58.5981 -20.5 9
      vertex 56.7794 -21.55 9
      vertex 56.8072 -21.6019 9
    endloop
  endfacet
  facet normal 0 0 1
    outer loop
      vertex 56.2893 -21.1478 9
      vertex 56.9643 -19.1592 9
      vertex 56.7765 -19.1022 9
    endloop
  endfacet
  facet normal 0 0 1
    outer loop
      vertex 58.4944 -20.3333 9
      vertex 56.7483 -21.5 9
      vertex 56.7794 -21.55 9
    endloop
  endfacet
  facet normal 0 0 1
    outer loop
      vertex 58.3801 -20.1737 9
      vertex 56.714 -21.4521 9
      vertex 56.7483 -21.5 9
    endloop
  endfacet
  facet normal 0 0 1
    outer loop
      vertex 58.2555 -20.022 9
      vertex 56.6767 -21.4066 9
      vertex 56.714 -21.4521 9
    endloop
  endfacet
  facet normal 0 0 1
    outer loop
      vertex 58.1213 -19.8787 9
      vertex 56.6364 -21.3636 9
      vertex 56.6767 -21.4066 9
    endloop
  endfacet
  facet normal 0 0 1
    outer loop
      vertex 57.978 -19.7445 9
      vertex 56.5934 -21.3233 9
      vertex 56.6364 -21.3636 9
    endloop
  endfacet
  facet normal 0 0 1
    outer loop
      vertex 56.2329 -21.1307 9
      vertex 56.7765 -19.1022 9
      vertex 56.5853 -19.0576 9
    endloop
  endfacet
  facet normal 0 0 1
    outer loop
      vertex 57.8263 -19.6199 9
      vertex 56.5479 -21.286 9
      vertex 56.5934 -21.3233 9
    endloop
  endfacet
  facet normal 0 0 1
    outer loop
      vertex 57.6667 -19.5056 9
      vertex 56.5 -21.2517 9
      vertex 56.5479 -21.286 9
    endloop
  endfacet
  facet normal 0 0 1
    outer loop
      vertex 57.5 -19.4019 9
      vertex 56.45 -21.2206 9
      vertex 56.5 -21.2517 9
    endloop
  endfacet
  facet normal 0 0 1
    outer loop
      vertex 57.3269 -19.3094 9
      vertex 56.3981 -21.1928 9
      vertex 56.45 -21.2206 9
    endloop
  endfacet
  facet normal 0 0 1
    outer loop
      vertex 56.1756 -21.1173 9
      vertex 56.5853 -19.0576 9
      vertex 56.3916 -19.0257 9
    endloop
  endfacet
  facet normal 0 0 1
    outer loop
      vertex 57.148 -19.2284 9
      vertex 56.3444 -21.1685 9
      vertex 56.3981 -21.1928 9
    endloop
  endfacet
  facet normal 0 0 1
    outer loop
      vertex 56.9643 -19.1592 9
      vertex 56.2893 -21.1478 9
      vertex 56.3444 -21.1685 9
    endloop
  endfacet
  facet normal 0 0 1
    outer loop
      vertex 56.7765 -19.1022 9
      vertex 56.2329 -21.1307 9
      vertex 56.2893 -21.1478 9
    endloop
  endfacet
  facet normal 0 0 1
    outer loop
      vertex 56.1175 -21.1077 9
      vertex 56.3916 -19.0257 9
      vertex 56.1962 -19.0064 9
    endloop
  endfacet
  facet normal 0 0 1
    outer loop
      vertex 56.5853 -19.0576 9
      vertex 56.1756 -21.1173 9
      vertex 56.2329 -21.1307 9
    endloop
  endfacet
  facet normal 0 0 1
    outer loop
      vertex 56.3916 -19.0257 9
      vertex 56.1175 -21.1077 9
      vertex 56.1756 -21.1173 9
    endloop
  endfacet
  facet normal 0 0 1
    outer loop
      vertex 56.1962 -19.0064 9
      vertex 56.0589 -21.1019 9
      vertex 56.1175 -21.1077 9
    endloop
  endfacet
  facet normal 0 0 1
    outer loop
      vertex 56 -19 9
      vertex 56.0589 -21.1019 9
      vertex 56.1962 -19.0064 9
    endloop
  endfacet
  facet normal 0 0 1
    outer loop
      vertex 56 -19 9
      vertex 56 -21.1 9
      vertex 56.0589 -21.1019 9
    endloop
  endfacet
  facet normal 0 0 1
    outer loop
      vertex 56 -19 9
      vertex 55.9411 -21.1019 9
      vertex 56 -21.1 9
    endloop
  endfacet
  facet normal -0 0 1
    outer loop
      vertex 55.8038 -19.0064 9
      vertex 55.9411 -21.1019 9
      vertex 56 -19 9
    endloop
  endfacet
  facet normal 0 0 1
    outer loop
      vertex 55.9411 -21.1019 9
      vertex 55.8038 -19.0064 9
      vertex 55.8825 -21.1077 9
    endloop
  endfacet
  facet normal -0 0 1
    outer loop
      vertex 55.6084 -19.0257 9
      vertex 55.8825 -21.1077 9
      vertex 55.8038 -19.0064 9
    endloop
  endfacet
  facet normal 0 0 1
    outer loop
      vertex 55.8825 -21.1077 9
      vertex 55.6084 -19.0257 9
      vertex 55.8244 -21.1173 9
    endloop
  endfacet
  facet normal -0 0 1
    outer loop
      vertex 55.4147 -19.0576 9
      vertex 55.8244 -21.1173 9
      vertex 55.6084 -19.0257 9
    endloop
  endfacet
  facet normal 0 0 1
    outer loop
      vertex 55.8244 -21.1173 9
      vertex 55.4147 -19.0576 9
      vertex 55.7671 -21.1307 9
    endloop
  endfacet
  facet normal -0 0 1
    outer loop
      vertex 55.2235 -19.1022 9
      vertex 55.7671 -21.1307 9
      vertex 55.4147 -19.0576 9
    endloop
  endfacet
  facet normal 0 0 1
    outer loop
      vertex 55.7671 -21.1307 9
      vertex 55.2235 -19.1022 9
      vertex 55.7107 -21.1478 9
    endloop
  endfacet
  facet normal -0 0 1
    outer loop
      vertex 55.0357 -19.1592 9
      vertex 55.7107 -21.1478 9
      vertex 55.2235 -19.1022 9
    endloop
  endfacet
  facet normal 0 0 1
    outer loop
      vertex 55.7107 -21.1478 9
      vertex 55.0357 -19.1592 9
      vertex 55.6556 -21.1685 9
    endloop
  endfacet
  facet normal -0 0 1
    outer loop
      vertex 54.852 -19.2284 9
      vertex 55.6556 -21.1685 9
      vertex 55.0357 -19.1592 9
    endloop
  endfacet
  facet normal 0 0 1
    outer loop
      vertex 55.6556 -21.1685 9
      vertex 54.852 -19.2284 9
      vertex 55.6019 -21.1928 9
    endloop
  endfacet
  facet normal -0 0 1
    outer loop
      vertex 54.6731 -19.3094 9
      vertex 55.6019 -21.1928 9
      vertex 54.852 -19.2284 9
    endloop
  endfacet
  facet normal 0 0 1
    outer loop
      vertex 55.6019 -21.1928 9
      vertex 54.6731 -19.3094 9
      vertex 55.55 -21.2206 9
    endloop
  endfacet
  facet normal -0 0 1
    outer loop
      vertex 54.5 -19.4019 9
      vertex 55.55 -21.2206 9
      vertex 54.6731 -19.3094 9
    endloop
  endfacet
  facet normal 0 0 1
    outer loop
      vertex 55.55 -21.2206 9
      vertex 54.5 -19.4019 9
      vertex 55.5 -21.2517 9
    endloop
  endfacet
  facet normal -0 0 1
    outer loop
      vertex 54.3333 -19.5056 9
      vertex 55.5 -21.2517 9
      vertex 54.5 -19.4019 9
    endloop
  endfacet
  facet normal 0 0 1
    outer loop
      vertex 55.5 -21.2517 9
      vertex 54.3333 -19.5056 9
      vertex 55.4521 -21.286 9
    endloop
  endfacet
  facet normal -0 0 1
    outer loop
      vertex 54.1737 -19.6199 9
      vertex 55.4521 -21.286 9
      vertex 54.3333 -19.5056 9
    endloop
  endfacet
  facet normal 0 0 1
    outer loop
      vertex 55.4521 -21.286 9
      vertex 54.1737 -19.6199 9
      vertex 55.4066 -21.3233 9
    endloop
  endfacet
  facet normal -0 0 1
    outer loop
      vertex 54.022 -19.7445 9
      vertex 55.4066 -21.3233 9
      vertex 54.1737 -19.6199 9
    endloop
  endfacet
  facet normal 0 0 1
    outer loop
      vertex 55.4066 -21.3233 9
      vertex 54.022 -19.7445 9
      vertex 55.3636 -21.3636 9
    endloop
  endfacet
  facet normal -0 0 1
    outer loop
      vertex 53.8787 -19.8787 9
      vertex 55.3636 -21.3636 9
      vertex 54.022 -19.7445 9
    endloop
  endfacet
  facet normal 0 0 1
    outer loop
      vertex 55.3636 -21.3636 9
      vertex 53.8787 -19.8787 9
      vertex 55.3233 -21.4066 9
    endloop
  endfacet
  facet normal -0 0 1
    outer loop
      vertex 53.7445 -20.022 9
      vertex 55.3233 -21.4066 9
      vertex 53.8787 -19.8787 9
    endloop
  endfacet
  facet normal 0 0 1
    outer loop
      vertex 55.3233 -21.4066 9
      vertex 53.7445 -20.022 9
      vertex 55.286 -21.4521 9
    endloop
  endfacet
  facet normal 0 0 1
    outer loop
      vertex 55.286 -21.4521 9
      vertex 53.6199 -20.1737 9
      vertex 55.2517 -21.5 9
    endloop
  endfacet
  facet normal -0 0 1
    outer loop
      vertex 53.6199 -20.1737 9
      vertex 55.286 -21.4521 9
      vertex 53.7445 -20.022 9
    endloop
  endfacet
  facet normal -0 0 1
    outer loop
      vertex 56.714 -22.5479 9
      vertex 58.3801 -23.8263 9
      vertex 56.7483 -22.5 9
    endloop
  endfacet
  facet normal 0 0 1
    outer loop
      vertex 58.3801 -23.8263 9
      vertex 56.714 -22.5479 9
      vertex 58.2555 -23.978 9
    endloop
  endfacet
  facet normal -0 0 1
    outer loop
      vertex 56.6767 -22.5934 9
      vertex 58.2555 -23.978 9
      vertex 56.714 -22.5479 9
    endloop
  endfacet
  facet normal 0 0 1
    outer loop
      vertex 58.2555 -23.978 9
      vertex 56.6767 -22.5934 9
      vertex 58.1213 -24.1213 9
    endloop
  endfacet
  facet normal -0 0 1
    outer loop
      vertex 56.6364 -22.6364 9
      vertex 58.1213 -24.1213 9
      vertex 56.6767 -22.5934 9
    endloop
  endfacet
  facet normal 0 0 1
    outer loop
      vertex 58.1213 -24.1213 9
      vertex 56.6364 -22.6364 9
      vertex 57.978 -24.2555 9
    endloop
  endfacet
  facet normal -0 0 1
    outer loop
      vertex 56.5934 -22.6767 9
      vertex 57.978 -24.2555 9
      vertex 56.6364 -22.6364 9
    endloop
  endfacet
  facet normal 0 0 1
    outer loop
      vertex 57.978 -24.2555 9
      vertex 56.5934 -22.6767 9
      vertex 57.8263 -24.3801 9
    endloop
  endfacet
  facet normal -0 0 1
    outer loop
      vertex 56.5479 -22.714 9
      vertex 57.8263 -24.3801 9
      vertex 56.5934 -22.6767 9
    endloop
  endfacet
  facet normal 0 0 1
    outer loop
      vertex 57.8263 -24.3801 9
      vertex 56.5479 -22.714 9
      vertex 57.6667 -24.4944 9
    endloop
  endfacet
  facet normal -0 0 1
    outer loop
      vertex 56.5 -22.7483 9
      vertex 57.6667 -24.4944 9
      vertex 56.5479 -22.714 9
    endloop
  endfacet
  facet normal 0 0 1
    outer loop
      vertex 57.6667 -24.4944 9
      vertex 56.5 -22.7483 9
      vertex 57.5 -24.5981 9
    endloop
  endfacet
  facet normal -0 0 1
    outer loop
      vertex 56.45 -22.7794 9
      vertex 57.5 -24.5981 9
      vertex 56.5 -22.7483 9
    endloop
  endfacet
  facet normal 0 0 1
    outer loop
      vertex 57.5 -24.5981 9
      vertex 56.45 -22.7794 9
      vertex 57.3269 -24.6906 9
    endloop
  endfacet
  facet normal -0 0 1
    outer loop
      vertex 56.3981 -22.8072 9
      vertex 57.3269 -24.6906 9
      vertex 56.45 -22.7794 9
    endloop
  endfacet
  facet normal 0 0 1
    outer loop
      vertex 57.3269 -24.6906 9
      vertex 56.3981 -22.8072 9
      vertex 57.148 -24.7716 9
    endloop
  endfacet
  facet normal -0 0 1
    outer loop
      vertex 56.3444 -22.8315 9
      vertex 57.148 -24.7716 9
      vertex 56.3981 -22.8072 9
    endloop
  endfacet
  facet normal 0 0 1
    outer loop
      vertex 57.148 -24.7716 9
      vertex 56.3444 -22.8315 9
      vertex 56.9643 -24.8408 9
    endloop
  endfacet
  facet normal -0 0 1
    outer loop
      vertex 56.2893 -22.8522 9
      vertex 56.9643 -24.8408 9
      vertex 56.3444 -22.8315 9
    endloop
  endfacet
  facet normal 0 0 1
    outer loop
      vertex 56.9643 -24.8408 9
      vertex 56.2893 -22.8522 9
      vertex 56.7765 -24.8978 9
    endloop
  endfacet
  facet normal -0 0 1
    outer loop
      vertex 56.2329 -22.8693 9
      vertex 56.7765 -24.8978 9
      vertex 56.2893 -22.8522 9
    endloop
  endfacet
  facet normal 0 0 1
    outer loop
      vertex 56.7765 -24.8978 9
      vertex 56.2329 -22.8693 9
      vertex 56.5853 -24.9424 9
    endloop
  endfacet
  facet normal -0 0 1
    outer loop
      vertex 56.1756 -22.8827 9
      vertex 56.5853 -24.9424 9
      vertex 56.2329 -22.8693 9
    endloop
  endfacet
  facet normal 0 0 1
    outer loop
      vertex 56.5853 -24.9424 9
      vertex 56.1756 -22.8827 9
      vertex 56.3916 -24.9743 9
    endloop
  endfacet
  facet normal -0 0 1
    outer loop
      vertex 56.1175 -22.8923 9
      vertex 56.3916 -24.9743 9
      vertex 56.1756 -22.8827 9
    endloop
  endfacet
  facet normal 0 0 1
    outer loop
      vertex 56.3916 -24.9743 9
      vertex 56.1175 -22.8923 9
      vertex 56.1962 -24.9936 9
    endloop
  endfacet
  facet normal -0 0 1
    outer loop
      vertex 56.0589 -22.8981 9
      vertex 56.1962 -24.9936 9
      vertex 56.1175 -22.8923 9
    endloop
  endfacet
  facet normal -0 0 1
    outer loop
      vertex 56 -22.9 9
      vertex 56.1962 -24.9936 9
      vertex 56.0589 -22.8981 9
    endloop
  endfacet
  facet normal 0 0 1
    outer loop
      vertex 56 -22.9 9
      vertex 56 -25 9
      vertex 56.1962 -24.9936 9
    endloop
  endfacet
  facet normal 0 0 1
    outer loop
      vertex 55.9411 -22.8981 9
      vertex 56 -25 9
      vertex 56 -22.9 9
    endloop
  endfacet
  facet normal 0 0 1
    outer loop
      vertex 55.8038 -24.9936 9
      vertex 55.9411 -22.8981 9
      vertex 55.8825 -22.8923 9
    endloop
  endfacet
  facet normal 0 0 1
    outer loop
      vertex 55.6084 -24.9743 9
      vertex 55.8825 -22.8923 9
      vertex 55.8244 -22.8827 9
    endloop
  endfacet
  facet normal 0 0 1
    outer loop
      vertex 55.9411 -22.8981 9
      vertex 55.8038 -24.9936 9
      vertex 56 -25 9
    endloop
  endfacet
  facet normal 0 0 1
    outer loop
      vertex 55.4147 -24.9424 9
      vertex 55.8244 -22.8827 9
      vertex 55.7671 -22.8693 9
    endloop
  endfacet
  facet normal 0 0 1
    outer loop
      vertex 55.2235 -24.8978 9
      vertex 55.7671 -22.8693 9
      vertex 55.7107 -22.8522 9
    endloop
  endfacet
  facet normal 0 0 1
    outer loop
      vertex 55.0357 -24.8408 9
      vertex 55.7107 -22.8522 9
      vertex 55.6556 -22.8315 9
    endloop
  endfacet
  facet normal 0 0 1
    outer loop
      vertex 55.8825 -22.8923 9
      vertex 55.6084 -24.9743 9
      vertex 55.8038 -24.9936 9
    endloop
  endfacet
  facet normal 0 0 1
    outer loop
      vertex 54.852 -24.7716 9
      vertex 55.6556 -22.8315 9
      vertex 55.6019 -22.8072 9
    endloop
  endfacet
  facet normal 0 0 1
    outer loop
      vertex 54.6731 -24.6906 9
      vertex 55.6019 -22.8072 9
      vertex 55.55 -22.7794 9
    endloop
  endfacet
  facet normal 0 0 1
    outer loop
      vertex 54.5 -24.5981 9
      vertex 55.55 -22.7794 9
      vertex 55.5 -22.7483 9
    endloop
  endfacet
  facet normal 0 0 1
    outer loop
      vertex 54.3333 -24.4944 9
      vertex 55.5 -22.7483 9
      vertex 55.4521 -22.714 9
    endloop
  endfacet
  facet normal 0 0 1
    outer loop
      vertex 55.8244 -22.8827 9
      vertex 55.4147 -24.9424 9
      vertex 55.6084 -24.9743 9
    endloop
  endfacet
  facet normal 0 0 1
    outer loop
      vertex 54.1737 -24.3801 9
      vertex 55.4521 -22.714 9
      vertex 55.4066 -22.6767 9
    endloop
  endfacet
  facet normal 0 0 1
    outer loop
      vertex 54.022 -24.2555 9
      vertex 55.4066 -22.6767 9
      vertex 55.3636 -22.6364 9
    endloop
  endfacet
  facet normal 0 0 1
    outer loop
      vertex 53.8787 -24.1213 9
      vertex 55.3636 -22.6364 9
      vertex 55.3233 -22.5934 9
    endloop
  endfacet
  facet normal 0 0 1
    outer loop
      vertex 53.7445 -23.978 9
      vertex 55.3233 -22.5934 9
      vertex 55.286 -22.5479 9
    endloop
  endfacet
  facet normal 0 0 1
    outer loop
      vertex 53.6199 -23.8263 9
      vertex 55.286 -22.5479 9
      vertex 55.2517 -22.5 9
    endloop
  endfacet
  facet normal 0 0 1
    outer loop
      vertex 55.7671 -22.8693 9
      vertex 55.2235 -24.8978 9
      vertex 55.4147 -24.9424 9
    endloop
  endfacet
  facet normal 0 0 1
    outer loop
      vertex 53.5056 -23.6667 9
      vertex 55.2517 -22.5 9
      vertex 55.2206 -22.45 9
    endloop
  endfacet
  facet normal 0 0 1
    outer loop
      vertex 53.4019 -23.5 9
      vertex 55.2206 -22.45 9
      vertex 55.1928 -22.3981 9
    endloop
  endfacet
  facet normal 0 0 1
    outer loop
      vertex 53.3094 -23.3269 9
      vertex 55.1928 -22.3981 9
      vertex 55.1685 -22.3444 9
    endloop
  endfacet
  facet normal 0 0 1
    outer loop
      vertex 53.2284 -23.148 9
      vertex 55.1685 -22.3444 9
      vertex 55.1478 -22.2893 9
    endloop
  endfacet
  facet normal 0 0 1
    outer loop
      vertex 53.1592 -22.9643 9
      vertex 55.1478 -22.2893 9
      vertex 55.1307 -22.2329 9
    endloop
  endfacet
  facet normal 0 0 1
    outer loop
      vertex 53.1022 -22.7765 9
      vertex 55.1307 -22.2329 9
      vertex 55.1173 -22.1756 9
    endloop
  endfacet
  facet normal 0 0 1
    outer loop
      vertex 53.0576 -22.5853 9
      vertex 55.1173 -22.1756 9
      vertex 55.1077 -22.1175 9
    endloop
  endfacet
  facet normal 0 0 1
    outer loop
      vertex 53.0257 -22.3916 9
      vertex 55.1077 -22.1175 9
      vertex 55.1019 -22.0589 9
    endloop
  endfacet
  facet normal 0 0 1
    outer loop
      vertex 55.7107 -22.8522 9
      vertex 55.0357 -24.8408 9
      vertex 55.2235 -24.8978 9
    endloop
  endfacet
  facet normal 0 0 1
    outer loop
      vertex 53.0064 -22.1962 9
      vertex 55.1019 -22.0589 9
      vertex 55.1 -22 9
    endloop
  endfacet
  facet normal -0 0 1
    outer loop
      vertex 53.5056 -20.3333 9
      vertex 55.2517 -21.5 9
      vertex 53.6199 -20.1737 9
    endloop
  endfacet
  facet normal 0 0 1
    outer loop
      vertex 55.2517 -21.5 9
      vertex 53.5056 -20.3333 9
      vertex 55.2206 -21.55 9
    endloop
  endfacet
  facet normal 0 0 1
    outer loop
      vertex 55.6556 -22.8315 9
      vertex 54.852 -24.7716 9
      vertex 55.0357 -24.8408 9
    endloop
  endfacet
  facet normal -0 0 1
    outer loop
      vertex 53.4019 -20.5 9
      vertex 55.2206 -21.55 9
      vertex 53.5056 -20.3333 9
    endloop
  endfacet
  facet normal 0 0 1
    outer loop
      vertex 55.6019 -22.8072 9
      vertex 54.6731 -24.6906 9
      vertex 54.852 -24.7716 9
    endloop
  endfacet
  facet normal 0 0 1
    outer loop
      vertex 55.2206 -21.55 9
      vertex 53.4019 -20.5 9
      vertex 55.1928 -21.6019 9
    endloop
  endfacet
  facet normal 0 0 1
    outer loop
      vertex 55.55 -22.7794 9
      vertex 54.5 -24.5981 9
      vertex 54.6731 -24.6906 9
    endloop
  endfacet
  facet normal -0 0 1
    outer loop
      vertex 53.3094 -20.6731 9
      vertex 55.1928 -21.6019 9
      vertex 53.4019 -20.5 9
    endloop
  endfacet
  facet normal 0 0 1
    outer loop
      vertex 55.5 -22.7483 9
      vertex 54.3333 -24.4944 9
      vertex 54.5 -24.5981 9
    endloop
  endfacet
  facet normal 0 0 1
    outer loop
      vertex 55.1928 -21.6019 9
      vertex 53.3094 -20.6731 9
      vertex 55.1685 -21.6556 9
    endloop
  endfacet
  facet normal 0 0 1
    outer loop
      vertex 55.4521 -22.714 9
      vertex 54.1737 -24.3801 9
      vertex 54.3333 -24.4944 9
    endloop
  endfacet
  facet normal -0 0 1
    outer loop
      vertex 53.2284 -20.8519 9
      vertex 55.1685 -21.6556 9
      vertex 53.3094 -20.6731 9
    endloop
  endfacet
  facet normal 0 0 1
    outer loop
      vertex 55.4066 -22.6767 9
      vertex 54.022 -24.2555 9
      vertex 54.1737 -24.3801 9
    endloop
  endfacet
  facet normal 0 0 1
    outer loop
      vertex 55.1685 -21.6556 9
      vertex 53.2284 -20.8519 9
      vertex 55.1478 -21.7107 9
    endloop
  endfacet
  facet normal 0 0 1
    outer loop
      vertex 55.3636 -22.6364 9
      vertex 53.8787 -24.1213 9
      vertex 54.022 -24.2555 9
    endloop
  endfacet
  facet normal -0 0 1
    outer loop
      vertex 53.1592 -21.0357 9
      vertex 55.1478 -21.7107 9
      vertex 53.2284 -20.8519 9
    endloop
  endfacet
  facet normal 0 0 1
    outer loop
      vertex 55.3233 -22.5934 9
      vertex 53.7445 -23.978 9
      vertex 53.8787 -24.1213 9
    endloop
  endfacet
  facet normal 0 0 1
    outer loop
      vertex 55.1478 -21.7107 9
      vertex 53.1592 -21.0357 9
      vertex 55.1307 -21.7671 9
    endloop
  endfacet
  facet normal 0 0 1
    outer loop
      vertex 55.286 -22.5479 9
      vertex 53.6199 -23.8263 9
      vertex 53.7445 -23.978 9
    endloop
  endfacet
  facet normal -0 0 1
    outer loop
      vertex 53.1022 -21.2235 9
      vertex 55.1307 -21.7671 9
      vertex 53.1592 -21.0357 9
    endloop
  endfacet
  facet normal 0 0 1
    outer loop
      vertex 55.2517 -22.5 9
      vertex 53.5056 -23.6667 9
      vertex 53.6199 -23.8263 9
    endloop
  endfacet
  facet normal 0 0 1
    outer loop
      vertex 55.1307 -21.7671 9
      vertex 53.1022 -21.2235 9
      vertex 55.1173 -21.8244 9
    endloop
  endfacet
  facet normal 0 0 1
    outer loop
      vertex 55.2206 -22.45 9
      vertex 53.4019 -23.5 9
      vertex 53.5056 -23.6667 9
    endloop
  endfacet
  facet normal -0 0 1
    outer loop
      vertex 53.0576 -21.4147 9
      vertex 55.1173 -21.8244 9
      vertex 53.1022 -21.2235 9
    endloop
  endfacet
  facet normal 0 0 1
    outer loop
      vertex 55.1928 -22.3981 9
      vertex 53.3094 -23.3269 9
      vertex 53.4019 -23.5 9
    endloop
  endfacet
  facet normal 0 0 1
    outer loop
      vertex 55.1173 -21.8244 9
      vertex 53.0576 -21.4147 9
      vertex 55.1077 -21.8825 9
    endloop
  endfacet
  facet normal 0 0 1
    outer loop
      vertex 55.1685 -22.3444 9
      vertex 53.2284 -23.148 9
      vertex 53.3094 -23.3269 9
    endloop
  endfacet
  facet normal -0 0 1
    outer loop
      vertex 53.0257 -21.6084 9
      vertex 55.1077 -21.8825 9
      vertex 53.0576 -21.4147 9
    endloop
  endfacet
  facet normal 0 0 1
    outer loop
      vertex 55.1478 -22.2893 9
      vertex 53.1592 -22.9643 9
      vertex 53.2284 -23.148 9
    endloop
  endfacet
  facet normal 0 0 1
    outer loop
      vertex 55.1077 -21.8825 9
      vertex 53.0257 -21.6084 9
      vertex 55.1019 -21.9411 9
    endloop
  endfacet
  facet normal 0 0 1
    outer loop
      vertex 55.1307 -22.2329 9
      vertex 53.1022 -22.7765 9
      vertex 53.1592 -22.9643 9
    endloop
  endfacet
  facet normal -0 0 1
    outer loop
      vertex 53.0064 -21.8038 9
      vertex 55.1019 -21.9411 9
      vertex 53.0257 -21.6084 9
    endloop
  endfacet
  facet normal 0 0 1
    outer loop
      vertex 55.1173 -22.1756 9
      vertex 53.0576 -22.5853 9
      vertex 53.1022 -22.7765 9
    endloop
  endfacet
  facet normal 0 0 1
    outer loop
      vertex 55.1019 -21.9411 9
      vertex 53.0064 -21.8038 9
      vertex 55.1 -22 9
    endloop
  endfacet
  facet normal 0 0 1
    outer loop
      vertex 55.1077 -22.1175 9
      vertex 53.0257 -22.3916 9
      vertex 53.0576 -22.5853 9
    endloop
  endfacet
  facet normal 0 0 1
    outer loop
      vertex 53 -22 9
      vertex 55.1 -22 9
      vertex 53.0064 -21.8038 9
    endloop
  endfacet
  facet normal 0 0 1
    outer loop
      vertex 55.1019 -22.0589 9
      vertex 53.0064 -22.1962 9
      vertex 53.0257 -22.3916 9
    endloop
  endfacet
  facet normal 0 0 1
    outer loop
      vertex 55.1 -22 9
      vertex 53 -22 9
      vertex 53.0064 -22.1962 9
    endloop
  endfacet
  facet normal -0.973856 -0.227165 0
    outer loop
      vertex 53.1022 -22.7765 3
      vertex 53.0576 -22.5853 9
      vertex 53.0576 -22.5853 3
    endloop
  endfacet
  facet normal -0.973856 -0.227165 0
    outer loop
      vertex 53.0576 -22.5853 9
      vertex 53.1022 -22.7765 3
      vertex 53.1022 -22.7765 9
    endloop
  endfacet
  facet normal -0.956896 -0.290432 0
    outer loop
      vertex 53.1592 -22.9643 3
      vertex 53.1022 -22.7765 9
      vertex 53.1022 -22.7765 3
    endloop
  endfacet
  facet normal -0.956896 -0.290432 0
    outer loop
      vertex 53.1022 -22.7765 9
      vertex 53.1592 -22.9643 3
      vertex 53.1592 -22.9643 9
    endloop
  endfacet
  facet normal -0.910976 -0.41246 0
    outer loop
      vertex 53.3094 -23.3269 3
      vertex 53.2284 -23.148 9
      vertex 53.2284 -23.148 3
    endloop
  endfacet
  facet normal -0.910976 -0.41246 0
    outer loop
      vertex 53.2284 -23.148 9
      vertex 53.3094 -23.3269 3
      vertex 53.3094 -23.3269 9
    endloop
  endfacet
  facet normal -0.81301 -0.58225 0
    outer loop
      vertex 53.6199 -23.8263 3
      vertex 53.5056 -23.6667 9
      vertex 53.5056 -23.6667 3
    endloop
  endfacet
  facet normal -0.81301 -0.58225 0
    outer loop
      vertex 53.5056 -23.6667 9
      vertex 53.6199 -23.8263 3
      vertex 53.6199 -23.8263 9
    endloop
  endfacet
  facet normal -0.352519 -0.935805 0
    outer loop
      vertex 54.852 -24.7716 3
      vertex 55.0357 -24.8408 9
      vertex 54.852 -24.7716 9
    endloop
  endfacet
  facet normal -0.352519 -0.935805 -0
    outer loop
      vertex 55.0357 -24.8408 9
      vertex 54.852 -24.7716 3
      vertex 55.0357 -24.8408 3
    endloop
  endfacet
  facet normal -0.162499 -0.986709 0
    outer loop
      vertex 55.4147 -24.9424 3
      vertex 55.6084 -24.9743 9
      vertex 55.4147 -24.9424 9
    endloop
  endfacet
  facet normal -0.162499 -0.986709 -0
    outer loop
      vertex 55.6084 -24.9743 9
      vertex 55.4147 -24.9424 3
      vertex 55.6084 -24.9743 3
    endloop
  endfacet
  facet normal -0.471302 -0.881972 0
    outer loop
      vertex 54.5 -24.5981 3
      vertex 54.6731 -24.6906 9
      vertex 54.5 -24.5981 9
    endloop
  endfacet
  facet normal -0.471302 -0.881972 -0
    outer loop
      vertex 54.6731 -24.6906 9
      vertex 54.5 -24.5981 3
      vertex 54.6731 -24.6906 3
    endloop
  endfacet
  facet normal -0.683551 -0.729902 0
    outer loop
      vertex 53.8787 -24.1213 3
      vertex 54.022 -24.2555 9
      vertex 53.8787 -24.1213 9
    endloop
  endfacet
  facet normal -0.683551 -0.729902 -0
    outer loop
      vertex 54.022 -24.2555 9
      vertex 53.8787 -24.1213 3
      vertex 54.022 -24.2555 3
    endloop
  endfacet
  facet normal -0.729902 -0.683551 0
    outer loop
      vertex 53.8787 -24.1213 3
      vertex 53.7445 -23.978 9
      vertex 53.7445 -23.978 3
    endloop
  endfacet
  facet normal -0.729902 -0.683551 0
    outer loop
      vertex 53.7445 -23.978 9
      vertex 53.8787 -24.1213 3
      vertex 53.8787 -24.1213 9
    endloop
  endfacet
  facet normal 0.999468 0.0326024 0
    outer loop
      vertex 59 -22 9
      vertex 58.9936 -21.8038 3
      vertex 58.9936 -21.8038 9
    endloop
  endfacet
  facet normal 0.999468 0.0326024 0
    outer loop
      vertex 58.9936 -21.8038 3
      vertex 59 -22 9
      vertex 59 -22 3
    endloop
  endfacet
  facet normal 0.227165 0.973856 -0
    outer loop
      vertex 56.7765 -19.1022 3
      vertex 56.5853 -19.0576 9
      vertex 56.7765 -19.1022 9
    endloop
  endfacet
  facet normal 0.227165 0.973856 0
    outer loop
      vertex 56.5853 -19.0576 9
      vertex 56.7765 -19.1022 3
      vertex 56.5853 -19.0576 3
    endloop
  endfacet
  facet normal 0.0982934 0.995157 -0
    outer loop
      vertex 56.3916 -19.0257 3
      vertex 56.1962 -19.0064 9
      vertex 56.3916 -19.0257 9
    endloop
  endfacet
  facet normal 0.0982934 0.995157 0
    outer loop
      vertex 56.1962 -19.0064 9
      vertex 56.3916 -19.0257 3
      vertex 56.1962 -19.0064 3
    endloop
  endfacet
  facet normal 0.986709 0.162499 0
    outer loop
      vertex 58.9743 -21.6084 9
      vertex 58.9424 -21.4147 3
      vertex 58.9424 -21.4147 9
    endloop
  endfacet
  facet normal 0.986709 0.162499 0
    outer loop
      vertex 58.9424 -21.4147 3
      vertex 58.9743 -21.6084 9
      vertex 58.9743 -21.6084 3
    endloop
  endfacet
  facet normal 0.956896 0.290432 0
    outer loop
      vertex 58.8978 -21.2235 9
      vertex 58.8408 -21.0357 3
      vertex 58.8408 -21.0357 9
    endloop
  endfacet
  facet normal 0.956896 0.290432 0
    outer loop
      vertex 58.8408 -21.0357 3
      vertex 58.8978 -21.2235 9
      vertex 58.8978 -21.2235 3
    endloop
  endfacet
  facet normal 0.162499 0.986709 -0
    outer loop
      vertex 56.5853 -19.0576 3
      vertex 56.3916 -19.0257 9
      vertex 56.5853 -19.0576 9
    endloop
  endfacet
  facet normal 0.162499 0.986709 0
    outer loop
      vertex 56.3916 -19.0257 9
      vertex 56.5853 -19.0576 3
      vertex 56.3916 -19.0257 3
    endloop
  endfacet
  facet normal 0.352519 0.935805 -0
    outer loop
      vertex 57.148 -19.2284 3
      vertex 56.9643 -19.1592 9
      vertex 57.148 -19.2284 9
    endloop
  endfacet
  facet normal 0.352519 0.935805 0
    outer loop
      vertex 56.9643 -19.1592 9
      vertex 57.148 -19.2284 3
      vertex 56.9643 -19.1592 3
    endloop
  endfacet
  facet normal 0.683551 0.729902 -0
    outer loop
      vertex 58.1213 -19.8787 3
      vertex 57.978 -19.7445 9
      vertex 58.1213 -19.8787 9
    endloop
  endfacet
  facet normal 0.683551 0.729902 0
    outer loop
      vertex 57.978 -19.7445 9
      vertex 58.1213 -19.8787 3
      vertex 57.978 -19.7445 3
    endloop
  endfacet
  facet normal 0.528212 0.849112 -0
    outer loop
      vertex 57.6667 -19.5056 3
      vertex 57.5 -19.4019 9
      vertex 57.6667 -19.5056 9
    endloop
  endfacet
  facet normal 0.528212 0.849112 0
    outer loop
      vertex 57.5 -19.4019 9
      vertex 57.6667 -19.5056 3
      vertex 57.5 -19.4019 3
    endloop
  endfacet
  facet normal 0.58225 0.81301 -0
    outer loop
      vertex 57.8263 -19.6199 3
      vertex 57.6667 -19.5056 9
      vertex 57.8263 -19.6199 9
    endloop
  endfacet
  facet normal 0.58225 0.81301 0
    outer loop
      vertex 57.6667 -19.5056 9
      vertex 57.8263 -19.6199 3
      vertex 57.6667 -19.5056 3
    endloop
  endfacet
  facet normal 0.910889 0.412651 0
    outer loop
      vertex 58.7716 -20.8519 9
      vertex 58.6906 -20.6731 3
      vertex 58.6906 -20.6731 9
    endloop
  endfacet
  facet normal 0.910889 0.412651 0
    outer loop
      vertex 58.6906 -20.6731 3
      vertex 58.7716 -20.8519 9
      vertex 58.7716 -20.8519 3
    endloop
  endfacet
  facet normal 0.849112 0.528212 0
    outer loop
      vertex 58.5981 -20.5 9
      vertex 58.4944 -20.3333 3
      vertex 58.4944 -20.3333 9
    endloop
  endfacet
  facet normal 0.849112 0.528212 0
    outer loop
      vertex 58.4944 -20.3333 3
      vertex 58.5981 -20.5 9
      vertex 58.5981 -20.5 3
    endloop
  endfacet
  facet normal -0.162499 0.986709 0
    outer loop
      vertex 55.6084 -19.0257 3
      vertex 55.4147 -19.0576 9
      vertex 55.6084 -19.0257 9
    endloop
  endfacet
  facet normal -0.162499 0.986709 0
    outer loop
      vertex 55.4147 -19.0576 9
      vertex 55.6084 -19.0257 3
      vertex 55.4147 -19.0576 3
    endloop
  endfacet
  facet normal -0.290432 0.956896 0
    outer loop
      vertex 55.2235 -19.1022 3
      vertex 55.0357 -19.1592 9
      vertex 55.2235 -19.1022 9
    endloop
  endfacet
  facet normal -0.290432 0.956896 0
    outer loop
      vertex 55.0357 -19.1592 9
      vertex 55.2235 -19.1022 3
      vertex 55.0357 -19.1592 3
    endloop
  endfacet
  facet normal -0.0326024 0.999468 0
    outer loop
      vertex 56 -19 3
      vertex 55.8038 -19.0064 9
      vertex 56 -19 9
    endloop
  endfacet
  facet normal -0.0326024 0.999468 0
    outer loop
      vertex 55.8038 -19.0064 9
      vertex 56 -19 3
      vertex 55.8038 -19.0064 3
    endloop
  endfacet
  facet normal -0.227165 0.973856 0
    outer loop
      vertex 55.4147 -19.0576 3
      vertex 55.2235 -19.1022 9
      vertex 55.4147 -19.0576 9
    endloop
  endfacet
  facet normal -0.227165 0.973856 0
    outer loop
      vertex 55.2235 -19.1022 9
      vertex 55.4147 -19.0576 3
      vertex 55.2235 -19.1022 3
    endloop
  endfacet
  facet normal -0.41246 0.910976 0
    outer loop
      vertex 54.852 -19.2284 3
      vertex 54.6731 -19.3094 9
      vertex 54.852 -19.2284 9
    endloop
  endfacet
  facet normal -0.41246 0.910976 0
    outer loop
      vertex 54.6731 -19.3094 9
      vertex 54.852 -19.2284 3
      vertex 54.6731 -19.3094 3
    endloop
  endfacet
  facet normal -0.528212 0.849112 0
    outer loop
      vertex 54.5 -19.4019 3
      vertex 54.3333 -19.5056 9
      vertex 54.5 -19.4019 9
    endloop
  endfacet
  facet normal -0.528212 0.849112 0
    outer loop
      vertex 54.3333 -19.5056 9
      vertex 54.5 -19.4019 3
      vertex 54.3333 -19.5056 3
    endloop
  endfacet
  facet normal -0.910889 0.412651 0
    outer loop
      vertex 53.2284 -20.8519 3
      vertex 53.3094 -20.6731 9
      vertex 53.3094 -20.6731 3
    endloop
  endfacet
  facet normal -0.910889 0.412651 0
    outer loop
      vertex 53.3094 -20.6731 9
      vertex 53.2284 -20.8519 3
      vertex 53.2284 -20.8519 9
    endloop
  endfacet
  facet normal -0.995157 0.0982934 0
    outer loop
      vertex 53.0064 -21.8038 3
      vertex 53.0257 -21.6084 9
      vertex 53.0257 -21.6084 3
    endloop
  endfacet
  facet normal -0.995157 0.0982934 0
    outer loop
      vertex 53.0257 -21.6084 9
      vertex 53.0064 -21.8038 3
      vertex 53.0064 -21.8038 9
    endloop
  endfacet
  facet normal -0.81301 0.58225 0
    outer loop
      vertex 53.5056 -20.3333 3
      vertex 53.6199 -20.1737 9
      vertex 53.6199 -20.1737 3
    endloop
  endfacet
  facet normal -0.81301 0.58225 0
    outer loop
      vertex 53.6199 -20.1737 9
      vertex 53.5056 -20.3333 3
      vertex 53.5056 -20.3333 9
    endloop
  endfacet
  facet normal -0.881972 0.471302 0
    outer loop
      vertex 53.3094 -20.6731 3
      vertex 53.4019 -20.5 9
      vertex 53.4019 -20.5 3
    endloop
  endfacet
  facet normal -0.881972 0.471302 0
    outer loop
      vertex 53.4019 -20.5 9
      vertex 53.3094 -20.6731 3
      vertex 53.3094 -20.6731 9
    endloop
  endfacet
  facet normal -0.729902 0.683551 0
    outer loop
      vertex 53.7445 -20.022 3
      vertex 53.8787 -19.8787 9
      vertex 53.8787 -19.8787 3
    endloop
  endfacet
  facet normal -0.729902 0.683551 0
    outer loop
      vertex 53.8787 -19.8787 9
      vertex 53.7445 -20.022 3
      vertex 53.7445 -20.022 9
    endloop
  endfacet
  facet normal -0.683551 0.729902 0
    outer loop
      vertex 54.022 -19.7445 3
      vertex 53.8787 -19.8787 9
      vertex 54.022 -19.7445 9
    endloop
  endfacet
  facet normal -0.683551 0.729902 0
    outer loop
      vertex 53.8787 -19.8787 9
      vertex 54.022 -19.7445 3
      vertex 53.8787 -19.8787 3
    endloop
  endfacet
  facet normal 0.995157 -0.0982934 0
    outer loop
      vertex 58.9743 -22.3916 9
      vertex 58.9936 -22.1962 3
      vertex 58.9936 -22.1962 9
    endloop
  endfacet
  facet normal 0.995157 -0.0982934 0
    outer loop
      vertex 58.9936 -22.1962 3
      vertex 58.9743 -22.3916 9
      vertex 58.9743 -22.3916 3
    endloop
  endfacet
  facet normal 0.849112 -0.528212 0
    outer loop
      vertex 58.4944 -23.6667 9
      vertex 58.5981 -23.5 3
      vertex 58.5981 -23.5 9
    endloop
  endfacet
  facet normal 0.849112 -0.528212 0
    outer loop
      vertex 58.5981 -23.5 3
      vertex 58.4944 -23.6667 9
      vertex 58.4944 -23.6667 3
    endloop
  endfacet
  facet normal 0.0982934 -0.995157 0
    outer loop
      vertex 56.1962 -24.9936 3
      vertex 56.3916 -24.9743 9
      vertex 56.1962 -24.9936 9
    endloop
  endfacet
  facet normal 0.0982934 -0.995157 0
    outer loop
      vertex 56.3916 -24.9743 9
      vertex 56.1962 -24.9936 3
      vertex 56.3916 -24.9743 3
    endloop
  endfacet
  facet normal -0.999468 -0.0326024 0
    outer loop
      vertex 53.0064 -22.1962 3
      vertex 53 -22 9
      vertex 53 -22 3
    endloop
  endfacet
  facet normal -0.999468 -0.0326024 0
    outer loop
      vertex 53 -22 9
      vertex 53.0064 -22.1962 3
      vertex 53.0064 -22.1962 9
    endloop
  endfacet
  facet normal -0.881972 -0.471302 0
    outer loop
      vertex 53.4019 -23.5 3
      vertex 53.3094 -23.3269 9
      vertex 53.3094 -23.3269 3
    endloop
  endfacet
  facet normal -0.881972 -0.471302 0
    outer loop
      vertex 53.3094 -23.3269 9
      vertex 53.4019 -23.5 3
      vertex 53.4019 -23.5 9
    endloop
  endfacet
  facet normal 0.973856 0.227165 0
    outer loop
      vertex 58.9424 -21.4147 9
      vertex 58.8978 -21.2235 3
      vertex 58.8978 -21.2235 9
    endloop
  endfacet
  facet normal 0.973856 0.227165 0
    outer loop
      vertex 58.8978 -21.2235 3
      vertex 58.9424 -21.4147 9
      vertex 58.9424 -21.4147 3
    endloop
  endfacet
  facet normal 0.729902 0.683551 0
    outer loop
      vertex 58.2555 -20.022 9
      vertex 58.1213 -19.8787 3
      vertex 58.1213 -19.8787 9
    endloop
  endfacet
  facet normal 0.729902 0.683551 0
    outer loop
      vertex 58.1213 -19.8787 3
      vertex 58.2555 -20.022 9
      vertex 58.2555 -20.022 3
    endloop
  endfacet
  facet normal 0.81301 0.58225 0
    outer loop
      vertex 58.4944 -20.3333 9
      vertex 58.3801 -20.1737 3
      vertex 58.3801 -20.1737 9
    endloop
  endfacet
  facet normal 0.81301 0.58225 0
    outer loop
      vertex 58.3801 -20.1737 3
      vertex 58.4944 -20.3333 9
      vertex 58.4944 -20.3333 3
    endloop
  endfacet
  facet normal -0.58225 0.81301 0
    outer loop
      vertex 54.3333 -19.5056 3
      vertex 54.1737 -19.6199 9
      vertex 54.3333 -19.5056 9
    endloop
  endfacet
  facet normal -0.58225 0.81301 0
    outer loop
      vertex 54.1737 -19.6199 9
      vertex 54.3333 -19.5056 3
      vertex 54.1737 -19.6199 3
    endloop
  endfacet
  facet normal -0.986709 0.162499 0
    outer loop
      vertex 53.0257 -21.6084 3
      vertex 53.0576 -21.4147 9
      vertex 53.0576 -21.4147 3
    endloop
  endfacet
  facet normal -0.986709 0.162499 0
    outer loop
      vertex 53.0576 -21.4147 9
      vertex 53.0257 -21.6084 3
      vertex 53.0257 -21.6084 9
    endloop
  endfacet
  facet normal -0.849112 0.528212 0
    outer loop
      vertex 53.4019 -20.5 3
      vertex 53.5056 -20.3333 9
      vertex 53.5056 -20.3333 3
    endloop
  endfacet
  facet normal -0.849112 0.528212 0
    outer loop
      vertex 53.5056 -20.3333 9
      vertex 53.4019 -20.5 3
      vertex 53.4019 -20.5 9
    endloop
  endfacet
  facet normal 0.162871 0.986647 -0
    outer loop
      vertex 65.3411 54.7694 0
      vertex 64.5663 54.8973 3
      vertex 65.3411 54.7694 3
    endloop
  endfacet
  facet normal 0.162871 0.986647 0
    outer loop
      vertex 64.5663 54.8973 3
      vertex 65.3411 54.7694 0
      vertex 64.5663 54.8973 0
    endloop
  endfacet
  facet normal 0.0327297 0.999464 -0
    outer loop
      vertex 63.7848 54.9743 0
      vertex 63 55 3
      vertex 63.7848 54.9743 3
    endloop
  endfacet
  facet normal 0.0327297 0.999464 0
    outer loop
      vertex 63 55 3
      vertex 63.7848 54.9743 0
      vertex 63 55 0
    endloop
  endfacet
  facet normal -0.0980537 -0.995181 0
    outer loop
      vertex -64.5663 -54.8973 0
      vertex -63.7848 -54.9743 3
      vertex -64.5663 -54.8973 3
    endloop
  endfacet
  facet normal -0.0980537 -0.995181 -0
    outer loop
      vertex -63.7848 -54.9743 3
      vertex -64.5663 -54.8973 0
      vertex -63.7848 -54.9743 0
    endloop
  endfacet
  facet normal 0.0980537 0.995181 -0
    outer loop
      vertex 64.5663 54.8973 0
      vertex 63.7848 54.9743 3
      vertex 64.5663 54.8973 3
    endloop
  endfacet
  facet normal 0.0980537 0.995181 0
    outer loop
      vertex 63.7848 54.9743 3
      vertex 64.5663 54.8973 0
      vertex 63.7848 54.9743 0
    endloop
  endfacet
  facet normal -0.227073 -0.973878 0
    outer loop
      vertex -66.1058 -54.5911 0
      vertex -65.3411 -54.7694 3
      vertex -66.1058 -54.5911 3
    endloop
  endfacet
  facet normal -0.227073 -0.973878 -0
    outer loop
      vertex -65.3411 -54.7694 3
      vertex -66.1058 -54.5911 0
      vertex -65.3411 -54.7694 0
    endloop
  endfacet
  facet normal -0.995181 -0.0980537 0
    outer loop
      vertex -74.8973 -44.5663 0
      vertex -74.9743 -43.7848 3
      vertex -74.9743 -43.7848 0
    endloop
  endfacet
  facet normal -0.995181 -0.0980537 0
    outer loop
      vertex -74.9743 -43.7848 3
      vertex -74.8973 -44.5663 0
      vertex -74.8973 -44.5663 3
    endloop
  endfacet
  facet normal 0 1 -0
    outer loop
      vertex 63 55 0
      vertex -63 55 3
      vertex 63 55 3
    endloop
  endfacet
  facet normal 0 1 0
    outer loop
      vertex -63 55 3
      vertex 63 55 0
      vertex -63 55 0
    endloop
  endfacet
  facet normal 0.0327297 -0.999464 0
    outer loop
      vertex 63 -55 0
      vertex 63.7848 -54.9743 3
      vertex 63 -55 3
    endloop
  endfacet
  facet normal 0.0327297 -0.999464 0
    outer loop
      vertex 63.7848 -54.9743 3
      vertex 63 -55 0
      vertex 63.7848 -54.9743 0
    endloop
  endfacet
  facet normal 0.52812 -0.84917 0
    outer loop
      vertex 69 -53.3923 0
      vertex 69.6668 -52.9776 3
      vertex 69 -53.3923 3
    endloop
  endfacet
  facet normal 0.52812 -0.84917 0
    outer loop
      vertex 69.6668 -52.9776 3
      vertex 69 -53.3923 0
      vertex 69.6668 -52.9776 0
    endloop
  endfacet
  facet normal 0 -1 0
    outer loop
      vertex -63 -55 0
      vertex 63 -55 3
      vertex -63 -55 3
    endloop
  endfacet
  facet normal 0 -1 -0
    outer loop
      vertex 63 -55 3
      vertex -63 -55 0
      vertex 63 -55 0
    endloop
  endfacet
  facet normal -0.52812 -0.84917 0
    outer loop
      vertex -69.6668 -52.9776 0
      vertex -69 -53.3923 3
      vertex -69.6668 -52.9776 3
    endloop
  endfacet
  facet normal -0.52812 -0.84917 -0
    outer loop
      vertex -69 -53.3923 3
      vertex -69.6668 -52.9776 0
      vertex -69 -53.3923 0
    endloop
  endfacet
  facet normal -0.999464 0.0327297 0
    outer loop
      vertex -75 43 0
      vertex -74.9743 43.7848 3
      vertex -74.9743 43.7848 0
    endloop
  endfacet
  facet normal -0.999464 0.0327297 0
    outer loop
      vertex -74.9743 43.7848 3
      vertex -75 43 0
      vertex -75 43 3
    endloop
  endfacet
  facet normal -0.999464 -0.0327297 0
    outer loop
      vertex -74.9743 -43.7848 0
      vertex -75 -43 3
      vertex -75 -43 0
    endloop
  endfacet
  facet normal -0.999464 -0.0327297 0
    outer loop
      vertex -75 -43 3
      vertex -74.9743 -43.7848 0
      vertex -74.9743 -43.7848 3
    endloop
  endfacet
  facet normal -0.471447 0.881894 0
    outer loop
      vertex -68.3075 53.7625 0
      vertex -69 53.3923 3
      vertex -68.3075 53.7625 3
    endloop
  endfacet
  facet normal -0.471447 0.881894 0
    outer loop
      vertex -69 53.3923 3
      vertex -68.3075 53.7625 0
      vertex -69 53.3923 0
    endloop
  endfacet
  facet normal -0.0327297 0.999464 0
    outer loop
      vertex -63 55 0
      vertex -63.7848 54.9743 3
      vertex -63 55 3
    endloop
  endfacet
  facet normal -0.0327297 0.999464 0
    outer loop
      vertex -63.7848 54.9743 3
      vertex -63 55 0
      vertex -63.7848 54.9743 0
    endloop
  endfacet
  facet normal 0.471447 -0.881894 0
    outer loop
      vertex 68.3075 -53.7625 0
      vertex 69 -53.3923 3
      vertex 68.3075 -53.7625 3
    endloop
  endfacet
  facet normal 0.471447 -0.881894 0
    outer loop
      vertex 69 -53.3923 3
      vertex 68.3075 -53.7625 0
      vertex 69 -53.3923 0
    endloop
  endfacet
  facet normal -0.0327297 -0.999464 0
    outer loop
      vertex -63.7848 -54.9743 0
      vertex -63 -55 3
      vertex -63.7848 -54.9743 3
    endloop
  endfacet
  facet normal -0.0327297 -0.999464 -0
    outer loop
      vertex -63 -55 3
      vertex -63.7848 -54.9743 0
      vertex -63 -55 0
    endloop
  endfacet
  facet normal 0.999464 0.0327297 0
    outer loop
      vertex 75 43 3
      vertex 74.9743 43.7848 0
      vertex 74.9743 43.7848 3
    endloop
  endfacet
  facet normal 0.999464 0.0327297 0
    outer loop
      vertex 74.9743 43.7848 0
      vertex 75 43 3
      vertex 75 43 0
    endloop
  endfacet
  facet normal 1 -0 0
    outer loop
      vertex 75 -43 3
      vertex 75 43 0
      vertex 75 43 3
    endloop
  endfacet
  facet normal 1 0 0
    outer loop
      vertex 75 43 0
      vertex 75 -43 3
      vertex 75 -43 0
    endloop
  endfacet
  facet normal 0.995181 0.0980537 0
    outer loop
      vertex 74.9743 43.7848 3
      vertex 74.8973 44.5663 0
      vertex 74.8973 44.5663 3
    endloop
  endfacet
  facet normal 0.995181 0.0980537 0
    outer loop
      vertex 74.8973 44.5663 0
      vertex 74.9743 43.7848 3
      vertex 74.9743 43.7848 0
    endloop
  endfacet
  facet normal -0.881894 -0.471447 0
    outer loop
      vertex -73.3923 -49 0
      vertex -73.7625 -48.3075 3
      vertex -73.7625 -48.3075 0
    endloop
  endfacet
  facet normal -0.881894 -0.471447 0
    outer loop
      vertex -73.7625 -48.3075 3
      vertex -73.3923 -49 0
      vertex -73.3923 -49 3
    endloop
  endfacet
  facet normal -0.956963 0.290209 0
    outer loop
      vertex -74.5911 46.1058 0
      vertex -74.3632 46.8573 3
      vertex -74.3632 46.8573 0
    endloop
  endfacet
  facet normal -0.956963 0.290209 0
    outer loop
      vertex -74.3632 46.8573 3
      vertex -74.5911 46.1058 0
      vertex -74.5911 46.1058 3
    endloop
  endfacet
  facet normal -0.729843 0.683615 0
    outer loop
      vertex -72.0221 50.9122 0
      vertex -71.4853 51.4853 3
      vertex -71.4853 51.4853 0
    endloop
  endfacet
  facet normal -0.729843 0.683615 0
    outer loop
      vertex -71.4853 51.4853 3
      vertex -72.0221 50.9122 0
      vertex -72.0221 50.9122 3
    endloop
  endfacet
  facet normal -0.352365 0.935863 0
    outer loop
      vertex -66.8573 54.3632 0
      vertex -67.5922 54.0865 3
      vertex -66.8573 54.3632 3
    endloop
  endfacet
  facet normal -0.352365 0.935863 0
    outer loop
      vertex -67.5922 54.0865 3
      vertex -66.8573 54.3632 0
      vertex -67.5922 54.0865 0
    endloop
  endfacet
  facet normal -0.290209 0.956963 0
    outer loop
      vertex -66.1058 54.5911 0
      vertex -66.8573 54.3632 3
      vertex -66.1058 54.5911 3
    endloop
  endfacet
  facet normal -0.290209 0.956963 0
    outer loop
      vertex -66.8573 54.3632 3
      vertex -66.1058 54.5911 0
      vertex -66.8573 54.3632 0
    endloop
  endfacet
  facet normal -0.162871 0.986647 0
    outer loop
      vertex -64.5663 54.8973 0
      vertex -65.3411 54.7694 3
      vertex -64.5663 54.8973 3
    endloop
  endfacet
  facet normal -0.162871 0.986647 0
    outer loop
      vertex -65.3411 54.7694 3
      vertex -64.5663 54.8973 0
      vertex -65.3411 54.7694 0
    endloop
  endfacet
  facet normal 0.582478 -0.812846 0
    outer loop
      vertex 69.6668 -52.9776 0
      vertex 70.3051 -52.5202 3
      vertex 69.6668 -52.9776 3
    endloop
  endfacet
  facet normal 0.582478 -0.812846 0
    outer loop
      vertex 70.3051 -52.5202 3
      vertex 69.6668 -52.9776 0
      vertex 70.3051 -52.5202 0
    endloop
  endfacet
  facet normal 0.290209 -0.956963 0
    outer loop
      vertex 66.1058 -54.5911 0
      vertex 66.8573 -54.3632 3
      vertex 66.1058 -54.5911 3
    endloop
  endfacet
  facet normal 0.290209 -0.956963 0
    outer loop
      vertex 66.8573 -54.3632 3
      vertex 66.1058 -54.5911 0
      vertex 66.8573 -54.3632 0
    endloop
  endfacet
  facet normal 0.162871 -0.986647 0
    outer loop
      vertex 64.5663 -54.8973 0
      vertex 65.3411 -54.7694 3
      vertex 64.5663 -54.8973 3
    endloop
  endfacet
  facet normal 0.162871 -0.986647 0
    outer loop
      vertex 65.3411 -54.7694 3
      vertex 64.5663 -54.8973 0
      vertex 65.3411 -54.7694 0
    endloop
  endfacet
  facet normal 0.227073 -0.973878 0
    outer loop
      vertex 65.3411 -54.7694 0
      vertex 66.1058 -54.5911 3
      vertex 65.3411 -54.7694 3
    endloop
  endfacet
  facet normal 0.227073 -0.973878 0
    outer loop
      vertex 66.1058 -54.5911 3
      vertex 65.3411 -54.7694 0
      vertex 66.1058 -54.5911 0
    endloop
  endfacet
  facet normal 0.999464 -0.0327297 0
    outer loop
      vertex 74.9743 -43.7848 3
      vertex 75 -43 0
      vertex 75 -43 3
    endloop
  endfacet
  facet normal 0.999464 -0.0327297 0
    outer loop
      vertex 75 -43 0
      vertex 74.9743 -43.7848 3
      vertex 74.9743 -43.7848 0
    endloop
  endfacet
  facet normal 0.956963 -0.290209 0
    outer loop
      vertex 74.3632 -46.8573 3
      vertex 74.5911 -46.1058 0
      vertex 74.5911 -46.1058 3
    endloop
  endfacet
  facet normal 0.956963 -0.290209 0
    outer loop
      vertex 74.5911 -46.1058 0
      vertex 74.3632 -46.8573 3
      vertex 74.3632 -46.8573 0
    endloop
  endfacet
  facet normal 0.729843 -0.683615 0
    outer loop
      vertex 71.4853 -51.4853 3
      vertex 72.0221 -50.9122 0
      vertex 72.0221 -50.9122 3
    endloop
  endfacet
  facet normal 0.729843 -0.683615 0
    outer loop
      vertex 72.0221 -50.9122 0
      vertex 71.4853 -51.4853 3
      vertex 71.4853 -51.4853 0
    endloop
  endfacet
  facet normal 0.881894 0.471447 0
    outer loop
      vertex 73.7625 48.3075 3
      vertex 73.3923 49 0
      vertex 73.3923 49 3
    endloop
  endfacet
  facet normal 0.881894 0.471447 0
    outer loop
      vertex 73.3923 49 0
      vertex 73.7625 48.3075 3
      vertex 73.7625 48.3075 0
    endloop
  endfacet
  facet normal 0.634291 0.773094 -0
    outer loop
      vertex 70.9122 52.0221 0
      vertex 70.3051 52.5202 3
      vertex 70.9122 52.0221 3
    endloop
  endfacet
  facet normal 0.634291 0.773094 0
    outer loop
      vertex 70.3051 52.5202 3
      vertex 70.9122 52.0221 0
      vertex 70.3051 52.5202 0
    endloop
  endfacet
  facet normal 0.729843 0.683615 0
    outer loop
      vertex 72.0221 50.9122 3
      vertex 71.4853 51.4853 0
      vertex 71.4853 51.4853 3
    endloop
  endfacet
  facet normal 0.729843 0.683615 0
    outer loop
      vertex 71.4853 51.4853 0
      vertex 72.0221 50.9122 3
      vertex 72.0221 50.9122 0
    endloop
  endfacet
  facet normal 0.471447 0.881894 -0
    outer loop
      vertex 69 53.3923 0
      vertex 68.3075 53.7625 3
      vertex 69 53.3923 3
    endloop
  endfacet
  facet normal 0.471447 0.881894 0
    outer loop
      vertex 68.3075 53.7625 3
      vertex 69 53.3923 0
      vertex 68.3075 53.7625 0
    endloop
  endfacet
  facet normal -0.290209 -0.956963 0
    outer loop
      vertex -66.8573 -54.3632 0
      vertex -66.1058 -54.5911 3
      vertex -66.8573 -54.3632 3
    endloop
  endfacet
  facet normal -0.290209 -0.956963 -0
    outer loop
      vertex -66.1058 -54.5911 3
      vertex -66.8573 -54.3632 0
      vertex -66.1058 -54.5911 0
    endloop
  endfacet
  facet normal -0.471447 -0.881894 0
    outer loop
      vertex -69 -53.3923 0
      vertex -68.3075 -53.7625 3
      vertex -69 -53.3923 3
    endloop
  endfacet
  facet normal -0.471447 -0.881894 -0
    outer loop
      vertex -68.3075 -53.7625 3
      vertex -69 -53.3923 0
      vertex -68.3075 -53.7625 0
    endloop
  endfacet
  facet normal -0.582478 -0.812846 0
    outer loop
      vertex -70.3051 -52.5202 0
      vertex -69.6668 -52.9776 3
      vertex -70.3051 -52.5202 3
    endloop
  endfacet
  facet normal -0.582478 -0.812846 -0
    outer loop
      vertex -69.6668 -52.9776 3
      vertex -70.3051 -52.5202 0
      vertex -69.6668 -52.9776 0
    endloop
  endfacet
  facet normal -0.729843 -0.683615 0
    outer loop
      vertex -71.4853 -51.4853 0
      vertex -72.0221 -50.9122 3
      vertex -72.0221 -50.9122 0
    endloop
  endfacet
  facet normal -0.729843 -0.683615 0
    outer loop
      vertex -72.0221 -50.9122 3
      vertex -71.4853 -51.4853 0
      vertex -71.4853 -51.4853 3
    endloop
  endfacet
  facet normal -0.935863 -0.352365 0
    outer loop
      vertex -74.0865 -47.5922 0
      vertex -74.3632 -46.8573 3
      vertex -74.3632 -46.8573 0
    endloop
  endfacet
  facet normal -0.935863 -0.352365 0
    outer loop
      vertex -74.3632 -46.8573 3
      vertex -74.0865 -47.5922 0
      vertex -74.0865 -47.5922 3
    endloop
  endfacet
  facet normal -0.986647 -0.162871 0
    outer loop
      vertex -74.7694 -45.3411 0
      vertex -74.8973 -44.5663 3
      vertex -74.8973 -44.5663 0
    endloop
  endfacet
  facet normal -0.986647 -0.162871 0
    outer loop
      vertex -74.8973 -44.5663 3
      vertex -74.7694 -45.3411 0
      vertex -74.7694 -45.3411 3
    endloop
  endfacet
  facet normal -0.956963 -0.290209 0
    outer loop
      vertex -74.3632 -46.8573 0
      vertex -74.5911 -46.1058 3
      vertex -74.5911 -46.1058 0
    endloop
  endfacet
  facet normal -0.956963 -0.290209 0
    outer loop
      vertex -74.5911 -46.1058 3
      vertex -74.3632 -46.8573 0
      vertex -74.3632 -46.8573 3
    endloop
  endfacet
  facet normal -0.812846 -0.582478 0
    outer loop
      vertex -72.5202 -50.3051 0
      vertex -72.9776 -49.6668 3
      vertex -72.9776 -49.6668 0
    endloop
  endfacet
  facet normal -0.812846 -0.582478 0
    outer loop
      vertex -72.9776 -49.6668 3
      vertex -72.5202 -50.3051 0
      vertex -72.5202 -50.3051 3
    endloop
  endfacet
  facet normal -0.84917 -0.52812 0
    outer loop
      vertex -72.9776 -49.6668 0
      vertex -73.3923 -49 3
      vertex -73.3923 -49 0
    endloop
  endfacet
  facet normal -0.84917 -0.52812 0
    outer loop
      vertex -73.3923 -49 3
      vertex -72.9776 -49.6668 0
      vertex -72.9776 -49.6668 3
    endloop
  endfacet
  facet normal -0.910911 -0.412603 0
    outer loop
      vertex -73.7625 -48.3075 0
      vertex -74.0865 -47.5922 3
      vertex -74.0865 -47.5922 0
    endloop
  endfacet
  facet normal -0.910911 -0.412603 0
    outer loop
      vertex -74.0865 -47.5922 3
      vertex -73.7625 -48.3075 0
      vertex -73.7625 -48.3075 3
    endloop
  endfacet
  facet normal -0.812846 0.582478 0
    outer loop
      vertex -72.9776 49.6668 0
      vertex -72.5202 50.3051 3
      vertex -72.5202 50.3051 0
    endloop
  endfacet
  facet normal -0.812846 0.582478 0
    outer loop
      vertex -72.5202 50.3051 3
      vertex -72.9776 49.6668 0
      vertex -72.9776 49.6668 3
    endloop
  endfacet
  facet normal -0.995181 0.0980537 0
    outer loop
      vertex -74.9743 43.7848 0
      vertex -74.8973 44.5663 3
      vertex -74.8973 44.5663 0
    endloop
  endfacet
  facet normal -0.995181 0.0980537 0
    outer loop
      vertex -74.8973 44.5663 3
      vertex -74.9743 43.7848 0
      vertex -74.9743 43.7848 3
    endloop
  endfacet
  facet normal -0.881894 0.471447 0
    outer loop
      vertex -73.7625 48.3075 0
      vertex -73.3923 49 3
      vertex -73.3923 49 0
    endloop
  endfacet
  facet normal -0.881894 0.471447 0
    outer loop
      vertex -73.3923 49 3
      vertex -73.7625 48.3075 0
      vertex -73.7625 48.3075 3
    endloop
  endfacet
  facet normal -0.773094 0.634291 0
    outer loop
      vertex -72.5202 50.3051 0
      vertex -72.0221 50.9122 3
      vertex -72.0221 50.9122 0
    endloop
  endfacet
  facet normal -0.773094 0.634291 0
    outer loop
      vertex -72.0221 50.9122 3
      vertex -72.5202 50.3051 0
      vertex -72.5202 50.3051 3
    endloop
  endfacet
  facet normal -0 0 -1
    outer loop
      vertex -49.6786 -13.5428 0
      vertex -64.3494 -43.4294 0
      vertex -50.55 -13.077 0
    endloop
  endfacet
  facet normal 0 0 -1
    outer loop
      vertex -58.1 0 0
      vertex -63.3036 44.8888 0
      vertex -63.3 45 0
    endloop
  endfacet
  facet normal 0 0 -1
    outer loop
      vertex -64.4536 -43.3902 0
      vertex -50.55 -13.077 0
      vertex -64.3494 -43.4294 0
    endloop
  endfacet
  facet normal 0 0 -1
    outer loop
      vertex -58.1 0 0
      vertex -63.3145 44.7781 0
      vertex -63.3036 44.8888 0
    endloop
  endfacet
  facet normal 0 0 -1
    outer loop
      vertex -64.56 -43.3579 0
      vertex -50.55 -13.077 0
      vertex -64.4536 -43.3902 0
    endloop
  endfacet
  facet normal 0 0 -1
    outer loop
      vertex -58.1 0 0
      vertex -63.3327 44.6683 0
      vertex -63.3145 44.7781 0
    endloop
  endfacet
  facet normal -0 0 -1
    outer loop
      vertex -50.55 -13.077 0
      vertex -64.56 -43.3579 0
      vertex -51.3891 -12.5552 0
    endloop
  endfacet
  facet normal 0 0 -1
    outer loop
      vertex -58.1 0 0
      vertex -63.3579 44.56 0
      vertex -63.3327 44.6683 0
    endloop
  endfacet
  facet normal 0 0 -1
    outer loop
      vertex -64.6684 -43.3327 0
      vertex -51.3891 -12.5552 0
      vertex -64.56 -43.3579 0
    endloop
  endfacet
  facet normal 0 0 -1
    outer loop
      vertex -58.1 0 0
      vertex -63.3902 44.4536 0
      vertex -63.3579 44.56 0
    endloop
  endfacet
  facet normal -0 0 -1
    outer loop
      vertex -51.3891 -12.5552 0
      vertex -64.6684 -43.3327 0
      vertex -52.1923 -11.9796 0
    endloop
  endfacet
  facet normal 0 0 -1
    outer loop
      vertex -58.1 0 0
      vertex -63.4294 44.3494 0
      vertex -63.3902 44.4536 0
    endloop
  endfacet
  facet normal 0 0 -1
    outer loop
      vertex -64.7781 -43.3145 0
      vertex -52.1923 -11.9796 0
      vertex -64.6684 -43.3327 0
    endloop
  endfacet
  facet normal 0 0 -1
    outer loop
      vertex -58.1 0 0
      vertex -63.4753 44.2481 0
      vertex -63.4294 44.3494 0
    endloop
  endfacet
  facet normal 0 0 -1
    outer loop
      vertex -64.8888 -43.3036 0
      vertex -52.1923 -11.9796 0
      vertex -64.7781 -43.3145 0
    endloop
  endfacet
  facet normal 0 0 -1
    outer loop
      vertex -58.1 0 0
      vertex -63.5278 44.15 0
      vertex -63.4753 44.2481 0
    endloop
  endfacet
  facet normal -0 0 -1
    outer loop
      vertex -52.1923 -11.9796 0
      vertex -64.8888 -43.3036 0
      vertex -52.9561 -11.3528 0
    endloop
  endfacet
  facet normal 0 0 -1
    outer loop
      vertex -58.1 0 0
      vertex -63.5865 44.0555 0
      vertex -63.5278 44.15 0
    endloop
  endfacet
  facet normal 0 0 -1
    outer loop
      vertex -65 -43.3 0
      vertex -52.9561 -11.3528 0
      vertex -64.8888 -43.3036 0
    endloop
  endfacet
  facet normal 0 0 -1
    outer loop
      vertex -58.1 0 0
      vertex -63.6513 43.9651 0
      vertex -63.5865 44.0555 0
    endloop
  endfacet
  facet normal 0 0 -1
    outer loop
      vertex -65.1112 -43.3036 0
      vertex -52.9561 -11.3528 0
      vertex -65 -43.3 0
    endloop
  endfacet
  facet normal 0 0 -1
    outer loop
      vertex -58.1 0 0
      vertex -63.7219 43.8791 0
      vertex -63.6513 43.9651 0
    endloop
  endfacet
  facet normal -0 0 -1
    outer loop
      vertex -52.9561 -11.3528 0
      vertex -65.1112 -43.3036 0
      vertex -53.6773 -10.6773 0
    endloop
  endfacet
  facet normal 0 0 -1
    outer loop
      vertex -58.1 0 0
      vertex -63.7979 43.7979 0
      vertex -63.7219 43.8791 0
    endloop
  endfacet
  facet normal 0 0 -1
    outer loop
      vertex -65.2219 -43.3145 0
      vertex -53.6773 -10.6773 0
      vertex -65.1112 -43.3036 0
    endloop
  endfacet
  facet normal 0 0 -1
    outer loop
      vertex -58.1 0 0
      vertex -63.8791 43.7219 0
      vertex -63.7979 43.7979 0
    endloop
  endfacet
  facet normal -0 0 -1
    outer loop
      vertex -53.6773 -10.6773 0
      vertex -65.2219 -43.3145 0
      vertex -54.3528 -9.95612 0
    endloop
  endfacet
  facet normal 0 0 -1
    outer loop
      vertex -58.1 0 0
      vertex -63.9651 43.6513 0
      vertex -63.8791 43.7219 0
    endloop
  endfacet
  facet normal 0 0 -1
    outer loop
      vertex -65.3316 -43.3327 0
      vertex -54.3528 -9.95612 0
      vertex -65.2219 -43.3145 0
    endloop
  endfacet
  facet normal 0 0 -1
    outer loop
      vertex -58.1 0 0
      vertex -64.0555 43.5865 0
      vertex -63.9651 43.6513 0
    endloop
  endfacet
  facet normal 0 0 -1
    outer loop
      vertex -75 -43 0
      vertex -54.3528 -9.95612 0
      vertex -65.3316 -43.3327 0
    endloop
  endfacet
  facet normal 0 0 -1
    outer loop
      vertex -58.1 0 0
      vertex -64.15 43.5278 0
      vertex -64.0555 43.5865 0
    endloop
  endfacet
  facet normal -0 0 -1
    outer loop
      vertex -54.3528 -9.95612 0
      vertex -75 -43 0
      vertex -54.9796 -9.1923 0
    endloop
  endfacet
  facet normal 0 0 -1
    outer loop
      vertex -58.1 0 0
      vertex -64.2481 43.4753 0
      vertex -64.15 43.5278 0
    endloop
  endfacet
  facet normal -0 0 -1
    outer loop
      vertex -54.9796 -9.1923 0
      vertex -75 -43 0
      vertex -55.5552 -8.38911 0
    endloop
  endfacet
  facet normal 0 0 -1
    outer loop
      vertex -58.1 0 0
      vertex -64.3494 43.4294 0
      vertex -64.2481 43.4753 0
    endloop
  endfacet
  facet normal -0 0 -1
    outer loop
      vertex -55.5552 -8.38911 0
      vertex -75 -43 0
      vertex -56.077 -7.55 0
    endloop
  endfacet
  facet normal 0 0 -1
    outer loop
      vertex -58.1 0 0
      vertex -64.4536 43.3902 0
      vertex -64.3494 43.4294 0
    endloop
  endfacet
  facet normal -0 0 -1
    outer loop
      vertex -56.077 -7.55 0
      vertex -75 -43 0
      vertex -56.5428 -6.67856 0
    endloop
  endfacet
  facet normal 0 0 -1
    outer loop
      vertex -58.1 0 0
      vertex -64.56 43.3579 0
      vertex -64.4536 43.3902 0
    endloop
  endfacet
  facet normal -0 0 -1
    outer loop
      vertex -56.5428 -6.67856 0
      vertex -75 -43 0
      vertex -56.9506 -5.77852 0
    endloop
  endfacet
  facet normal 0 0 -1
    outer loop
      vertex -58.1 0 0
      vertex -64.6684 43.3327 0
      vertex -64.56 43.3579 0
    endloop
  endfacet
  facet normal -0 0 -1
    outer loop
      vertex -56.9506 -5.77852 0
      vertex -75 -43 0
      vertex -57.2986 -4.85374 0
    endloop
  endfacet
  facet normal 0 0 -1
    outer loop
      vertex -58.1 0 0
      vertex -64.7781 43.3145 0
      vertex -64.6684 43.3327 0
    endloop
  endfacet
  facet normal -0 0 -1
    outer loop
      vertex -57.2986 -4.85374 0
      vertex -75 -43 0
      vertex -57.5855 -3.90817 0
    endloop
  endfacet
  facet normal 0 0 -1
    outer loop
      vertex -58.1 0 0
      vertex -64.8888 43.3036 0
      vertex -64.7781 43.3145 0
    endloop
  endfacet
  facet normal -0 0 -1
    outer loop
      vertex -57.5855 -3.90817 0
      vertex -75 -43 0
      vertex -57.8099 -2.94586 0
    endloop
  endfacet
  facet normal 0 0 -1
    outer loop
      vertex -58.1 0 0
      vertex -65 43.3 0
      vertex -64.8888 43.3036 0
    endloop
  endfacet
  facet normal -0 0 -1
    outer loop
      vertex -57.8099 -2.94586 0
      vertex -75 -43 0
      vertex -57.9708 -1.97095 0
    endloop
  endfacet
  facet normal 0 0 -1
    outer loop
      vertex -58.1 0 0
      vertex -65.1112 43.3036 0
      vertex -65 43.3 0
    endloop
  endfacet
  facet normal -0 0 -1
    outer loop
      vertex -57.9708 -1.97095 0
      vertex -75 -43 0
      vertex -58.0677 -0.987587 0
    endloop
  endfacet
  facet normal 0 0 -1
    outer loop
      vertex -75 43 0
      vertex -58.1 0 0
      vertex -75 -43 0
    endloop
  endfacet
  facet normal -0 0 -1
    outer loop
      vertex -58.0677 -0.987587 0
      vertex -75 -43 0
      vertex -58.1 0 0
    endloop
  endfacet
  facet normal 0 -0 -1
    outer loop
      vertex -65.3316 43.3327 0
      vertex -58.1 0 0
      vertex -75 43 0
    endloop
  endfacet
  facet normal 0 0 -1
    outer loop
      vertex -75 -43 0
      vertex -65.3316 -43.3327 0
      vertex -65.44 -43.3579 0
    endloop
  endfacet
  facet normal 0 0 -1
    outer loop
      vertex -58.1 0 0
      vertex -65.2219 43.3145 0
      vertex -65.1112 43.3036 0
    endloop
  endfacet
  facet normal 0 0 -1
    outer loop
      vertex -75 -43 0
      vertex -65.44 -43.3579 0
      vertex -65.5464 -43.3902 0
    endloop
  endfacet
  facet normal 0 0 -1
    outer loop
      vertex -58.1 0 0
      vertex -65.3316 43.3327 0
      vertex -65.2219 43.3145 0
    endloop
  endfacet
  facet normal 0 0 -1
    outer loop
      vertex -75 -43 0
      vertex -65.5464 -43.3902 0
      vertex -65.6506 -43.4294 0
    endloop
  endfacet
  facet normal -0 0 -1
    outer loop
      vertex -65.3316 43.3327 0
      vertex -75 43 0
      vertex -65.44 43.3579 0
    endloop
  endfacet
  facet normal 0 0 -1
    outer loop
      vertex -75 -43 0
      vertex -65.6506 -43.4294 0
      vertex -65.7519 -43.4753 0
    endloop
  endfacet
  facet normal -0 0 -1
    outer loop
      vertex -65.44 43.3579 0
      vertex -75 43 0
      vertex -65.5464 43.3902 0
    endloop
  endfacet
  facet normal 0 0 -1
    outer loop
      vertex -75 -43 0
      vertex -65.7519 -43.4753 0
      vertex -65.85 -43.5278 0
    endloop
  endfacet
  facet normal -0 0 -1
    outer loop
      vertex -65.5464 43.3902 0
      vertex -75 43 0
      vertex -65.6506 43.4294 0
    endloop
  endfacet
  facet normal 0 0 -1
    outer loop
      vertex -75 -43 0
      vertex -65.85 -43.5278 0
      vertex -65.9445 -43.5865 0
    endloop
  endfacet
  facet normal -0 0 -1
    outer loop
      vertex -65.6506 43.4294 0
      vertex -75 43 0
      vertex -65.7519 43.4753 0
    endloop
  endfacet
  facet normal 0 0 -1
    outer loop
      vertex -75 -43 0
      vertex -65.9445 -43.5865 0
      vertex -66.0349 -43.6513 0
    endloop
  endfacet
  facet normal -0 0 -1
    outer loop
      vertex -65.7519 43.4753 0
      vertex -75 43 0
      vertex -65.85 43.5278 0
    endloop
  endfacet
  facet normal 0 0 -1
    outer loop
      vertex -75 -43 0
      vertex -66.0349 -43.6513 0
      vertex -66.1209 -43.7219 0
    endloop
  endfacet
  facet normal -0 0 -1
    outer loop
      vertex -65.85 43.5278 0
      vertex -75 43 0
      vertex -65.9445 43.5865 0
    endloop
  endfacet
  facet normal 0 0 -1
    outer loop
      vertex -75 -43 0
      vertex -66.1209 -43.7219 0
      vertex -66.2021 -43.7979 0
    endloop
  endfacet
  facet normal -0 0 -1
    outer loop
      vertex -65.9445 43.5865 0
      vertex -75 43 0
      vertex -66.0349 43.6513 0
    endloop
  endfacet
  facet normal 0 0 -1
    outer loop
      vertex -75 -43 0
      vertex -66.2021 -43.7979 0
      vertex -66.2781 -43.8791 0
    endloop
  endfacet
  facet normal -0 0 -1
    outer loop
      vertex -66.0349 43.6513 0
      vertex -75 43 0
      vertex -66.1209 43.7219 0
    endloop
  endfacet
  facet normal 0 0 -1
    outer loop
      vertex -75 -43 0
      vertex -66.2781 -43.8791 0
      vertex -66.3487 -43.9651 0
    endloop
  endfacet
  facet normal -0 0 -1
    outer loop
      vertex -66.1209 43.7219 0
      vertex -75 43 0
      vertex -66.2021 43.7979 0
    endloop
  endfacet
  facet normal 0 0 -1
    outer loop
      vertex -75 -43 0
      vertex -66.3487 -43.9651 0
      vertex -66.4135 -44.0555 0
    endloop
  endfacet
  facet normal -0 0 -1
    outer loop
      vertex -66.2021 43.7979 0
      vertex -75 43 0
      vertex -66.2781 43.8791 0
    endloop
  endfacet
  facet normal 0 0 -1
    outer loop
      vertex -75 -43 0
      vertex -66.4135 -44.0555 0
      vertex -66.4722 -44.15 0
    endloop
  endfacet
  facet normal -0 0 -1
    outer loop
      vertex -66.2781 43.8791 0
      vertex -75 43 0
      vertex -66.3487 43.9651 0
    endloop
  endfacet
  facet normal 0 0 -1
    outer loop
      vertex -75 -43 0
      vertex -66.4722 -44.15 0
      vertex -66.5247 -44.2481 0
    endloop
  endfacet
  facet normal -0 0 -1
    outer loop
      vertex -66.3487 43.9651 0
      vertex -75 43 0
      vertex -66.4135 44.0555 0
    endloop
  endfacet
  facet normal 0 0 -1
    outer loop
      vertex -75 -43 0
      vertex -66.5247 -44.2481 0
      vertex -66.5706 -44.3494 0
    endloop
  endfacet
  facet normal -0 0 -1
    outer loop
      vertex -66.4135 44.0555 0
      vertex -75 43 0
      vertex -66.4722 44.15 0
    endloop
  endfacet
  facet normal 0 0 -1
    outer loop
      vertex -75 -43 0
      vertex -66.5706 -44.3494 0
      vertex -66.6098 -44.4536 0
    endloop
  endfacet
  facet normal -0 0 -1
    outer loop
      vertex -66.4722 44.15 0
      vertex -75 43 0
      vertex -66.5247 44.2481 0
    endloop
  endfacet
  facet normal 0 0 -1
    outer loop
      vertex -75 -43 0
      vertex -66.6098 -44.4536 0
      vertex -66.6421 -44.56 0
    endloop
  endfacet
  facet normal -0 0 -1
    outer loop
      vertex -66.5247 44.2481 0
      vertex -75 43 0
      vertex -66.5706 44.3494 0
    endloop
  endfacet
  facet normal 0 0 -1
    outer loop
      vertex -75 -43 0
      vertex -66.6421 -44.56 0
      vertex -66.6673 -44.6683 0
    endloop
  endfacet
  facet normal -0 0 -1
    outer loop
      vertex -66.5706 44.3494 0
      vertex -75 43 0
      vertex -66.6098 44.4536 0
    endloop
  endfacet
  facet normal 0 0 -1
    outer loop
      vertex -75 -43 0
      vertex -66.6673 -44.6683 0
      vertex -66.6855 -44.7781 0
    endloop
  endfacet
  facet normal -0 0 -1
    outer loop
      vertex -66.6098 44.4536 0
      vertex -75 43 0
      vertex -66.6421 44.56 0
    endloop
  endfacet
  facet normal 0 0 -1
    outer loop
      vertex -75 -43 0
      vertex -66.6855 -44.7781 0
      vertex -66.6964 -44.8888 0
    endloop
  endfacet
  facet normal 0 -0 -1
    outer loop
      vertex -74.9743 43.7848 0
      vertex -66.6421 44.56 0
      vertex -75 43 0
    endloop
  endfacet
  facet normal 0 0 -1
    outer loop
      vertex -75 -43 0
      vertex -66.6964 -44.8888 0
      vertex -66.7 -45 0
    endloop
  endfacet
  facet normal -0 0 -1
    outer loop
      vertex -66.6421 44.56 0
      vertex -74.9743 43.7848 0
      vertex -66.6673 44.6683 0
    endloop
  endfacet
  facet normal 0 0 -1
    outer loop
      vertex -39.0918 14.5855 0
      vertex -63.3036 45.1112 0
      vertex -38.1463 14.2986 0
    endloop
  endfacet
  facet normal 0 0 -1
    outer loop
      vertex -38.1463 14.2986 0
      vertex -63.3036 45.1112 0
      vertex -63 55 0
    endloop
  endfacet
  facet normal 0 0 -1
    outer loop
      vertex -63.3145 45.2219 0
      vertex -63 55 0
      vertex -63.3036 45.1112 0
    endloop
  endfacet
  facet normal 0 0 -1
    outer loop
      vertex -63.3327 45.3317 0
      vertex -63 55 0
      vertex -63.3145 45.2219 0
    endloop
  endfacet
  facet normal 0 0 -1
    outer loop
      vertex -63.3579 45.44 0
      vertex -63 55 0
      vertex -63.3327 45.3317 0
    endloop
  endfacet
  facet normal 0 0 -1
    outer loop
      vertex -63.3902 45.5464 0
      vertex -63 55 0
      vertex -63.3579 45.44 0
    endloop
  endfacet
  facet normal 0 0 -1
    outer loop
      vertex -63.4294 45.6506 0
      vertex -63 55 0
      vertex -63.3902 45.5464 0
    endloop
  endfacet
  facet normal 0 0 -1
    outer loop
      vertex -63.4753 45.7519 0
      vertex -63 55 0
      vertex -63.4294 45.6506 0
    endloop
  endfacet
  facet normal 0 0 -1
    outer loop
      vertex -63.5278 45.85 0
      vertex -63 55 0
      vertex -63.4753 45.7519 0
    endloop
  endfacet
  facet normal 0 0 -1
    outer loop
      vertex -63.5865 45.9445 0
      vertex -63 55 0
      vertex -63.5278 45.85 0
    endloop
  endfacet
  facet normal 0 0 -1
    outer loop
      vertex -63.6513 46.0349 0
      vertex -63 55 0
      vertex -63.5865 45.9445 0
    endloop
  endfacet
  facet normal 0 0 -1
    outer loop
      vertex -63.7219 46.1209 0
      vertex -63 55 0
      vertex -63.6513 46.0349 0
    endloop
  endfacet
  facet normal 0 0 -1
    outer loop
      vertex -63.7979 46.2021 0
      vertex -63 55 0
      vertex -63.7219 46.1209 0
    endloop
  endfacet
  facet normal 0 0 -1
    outer loop
      vertex -63.8791 46.2781 0
      vertex -63 55 0
      vertex -63.7979 46.2021 0
    endloop
  endfacet
  facet normal 0 0 -1
    outer loop
      vertex -63.9651 46.3487 0
      vertex -63 55 0
      vertex -63.8791 46.2781 0
    endloop
  endfacet
  facet normal 0 0 -1
    outer loop
      vertex -64.0555 46.4135 0
      vertex -63 55 0
      vertex -63.9651 46.3487 0
    endloop
  endfacet
  facet normal 0 0 -1
    outer loop
      vertex -64.15 46.4722 0
      vertex -63 55 0
      vertex -64.0555 46.4135 0
    endloop
  endfacet
  facet normal 0 0 -1
    outer loop
      vertex -64.2481 46.5247 0
      vertex -63 55 0
      vertex -64.15 46.4722 0
    endloop
  endfacet
  facet normal 0 0 -1
    outer loop
      vertex -64.3494 46.5706 0
      vertex -63 55 0
      vertex -64.2481 46.5247 0
    endloop
  endfacet
  facet normal 0 0 -1
    outer loop
      vertex -64.4536 46.6098 0
      vertex -63 55 0
      vertex -64.3494 46.5706 0
    endloop
  endfacet
  facet normal 0 0 -1
    outer loop
      vertex -63 55 0
      vertex -64.4536 46.6098 0
      vertex -63.7848 54.9743 0
    endloop
  endfacet
  facet normal 0 0 -1
    outer loop
      vertex -64.56 46.6421 0
      vertex -63.7848 54.9743 0
      vertex -64.4536 46.6098 0
    endloop
  endfacet
  facet normal 0 0 -1
    outer loop
      vertex -64.6684 46.6673 0
      vertex -63.7848 54.9743 0
      vertex -64.56 46.6421 0
    endloop
  endfacet
  facet normal 0 0 -1
    outer loop
      vertex -63.7848 54.9743 0
      vertex -64.6684 46.6673 0
      vertex -64.5663 54.8973 0
    endloop
  endfacet
  facet normal 0 0 -1
    outer loop
      vertex -64.7781 46.6855 0
      vertex -64.5663 54.8973 0
      vertex -64.6684 46.6673 0
    endloop
  endfacet
  facet normal 0 0 -1
    outer loop
      vertex -65.3411 54.7694 0
      vertex -64.7781 46.6855 0
      vertex -64.8888 46.6964 0
    endloop
  endfacet
  facet normal 0 0 -1
    outer loop
      vertex -65.3411 54.7694 0
      vertex -64.8888 46.6964 0
      vertex -65 46.7 0
    endloop
  endfacet
  facet normal 0 0 -1
    outer loop
      vertex -66.1058 54.5911 0
      vertex -65 46.7 0
      vertex -65.1112 46.6964 0
    endloop
  endfacet
  facet normal 0 0 -1
    outer loop
      vertex -66.8573 54.3632 0
      vertex -65.1112 46.6964 0
      vertex -65.2219 46.6855 0
    endloop
  endfacet
  facet normal 0 0 -1
    outer loop
      vertex -67.5922 54.0865 0
      vertex -65.2219 46.6855 0
      vertex -65.3316 46.6673 0
    endloop
  endfacet
  facet normal 0 0 -1
    outer loop
      vertex -64.7781 46.6855 0
      vertex -65.3411 54.7694 0
      vertex -64.5663 54.8973 0
    endloop
  endfacet
  facet normal 0 0 -1
    outer loop
      vertex -67.5922 54.0865 0
      vertex -65.3316 46.6673 0
      vertex -65.44 46.6421 0
    endloop
  endfacet
  facet normal 0 0 -1
    outer loop
      vertex -68.3075 53.7625 0
      vertex -65.44 46.6421 0
      vertex -65.5464 46.6098 0
    endloop
  endfacet
  facet normal 0 0 -1
    outer loop
      vertex -69 53.3923 0
      vertex -65.5464 46.6098 0
      vertex -65.6506 46.5706 0
    endloop
  endfacet
  facet normal 0 0 -1
    outer loop
      vertex -69 53.3923 0
      vertex -65.6506 46.5706 0
      vertex -65.7519 46.5247 0
    endloop
  endfacet
  facet normal 0 0 -1
    outer loop
      vertex -69.6668 52.9776 0
      vertex -65.7519 46.5247 0
      vertex -65.85 46.4722 0
    endloop
  endfacet
  facet normal 0 0 -1
    outer loop
      vertex -70.3051 52.5202 0
      vertex -65.85 46.4722 0
      vertex -65.9445 46.4135 0
    endloop
  endfacet
  facet normal 0 0 -1
    outer loop
      vertex -70.3051 52.5202 0
      vertex -65.9445 46.4135 0
      vertex -66.0349 46.3487 0
    endloop
  endfacet
  facet normal 0 0 -1
    outer loop
      vertex -65 46.7 0
      vertex -66.1058 54.5911 0
      vertex -65.3411 54.7694 0
    endloop
  endfacet
  facet normal 0 0 -1
    outer loop
      vertex -70.9122 52.0221 0
      vertex -66.0349 46.3487 0
      vertex -66.1209 46.2781 0
    endloop
  endfacet
  facet normal 0 0 -1
    outer loop
      vertex -71.4853 51.4853 0
      vertex -66.1209 46.2781 0
      vertex -66.2021 46.2021 0
    endloop
  endfacet
  facet normal 0 0 -1
    outer loop
      vertex -71.4853 51.4853 0
      vertex -66.2021 46.2021 0
      vertex -66.2781 46.1209 0
    endloop
  endfacet
  facet normal 0 0 -1
    outer loop
      vertex -72.0221 50.9122 0
      vertex -66.2781 46.1209 0
      vertex -66.3487 46.0349 0
    endloop
  endfacet
  facet normal 0 0 -1
    outer loop
      vertex -72.5202 50.3051 0
      vertex -66.3487 46.0349 0
      vertex -66.4135 45.9445 0
    endloop
  endfacet
  facet normal 0 0 -1
    outer loop
      vertex -72.5202 50.3051 0
      vertex -66.4135 45.9445 0
      vertex -66.4722 45.85 0
    endloop
  endfacet
  facet normal 0 0 -1
    outer loop
      vertex -72.9776 49.6668 0
      vertex -66.4722 45.85 0
      vertex -66.5247 45.7519 0
    endloop
  endfacet
  facet normal 0 0 -1
    outer loop
      vertex -73.3923 49 0
      vertex -66.5247 45.7519 0
      vertex -66.5706 45.6506 0
    endloop
  endfacet
  facet normal 0 0 -1
    outer loop
      vertex -73.3923 49 0
      vertex -66.5706 45.6506 0
      vertex -66.6098 45.5464 0
    endloop
  endfacet
  facet normal 0 0 -1
    outer loop
      vertex -73.7625 48.3075 0
      vertex -66.6098 45.5464 0
      vertex -66.6421 45.44 0
    endloop
  endfacet
  facet normal 0 0 -1
    outer loop
      vertex -74.0865 47.5922 0
      vertex -66.6421 45.44 0
      vertex -66.6673 45.3317 0
    endloop
  endfacet
  facet normal 0 0 -1
    outer loop
      vertex -74.0865 47.5922 0
      vertex -66.6673 45.3317 0
      vertex -66.6855 45.2219 0
    endloop
  endfacet
  facet normal 0 0 -1
    outer loop
      vertex -74.3632 46.8573 0
      vertex -66.6855 45.2219 0
      vertex -66.6964 45.1112 0
    endloop
  endfacet
  facet normal 0 0 -1
    outer loop
      vertex -65.1112 46.6964 0
      vertex -66.8573 54.3632 0
      vertex -66.1058 54.5911 0
    endloop
  endfacet
  facet normal 0 0 -1
    outer loop
      vertex -74.5911 46.1058 0
      vertex -66.6964 45.1112 0
      vertex -66.7 45 0
    endloop
  endfacet
  facet normal 0 -0 -1
    outer loop
      vertex -74.8973 44.5663 0
      vertex -66.6673 44.6683 0
      vertex -74.9743 43.7848 0
    endloop
  endfacet
  facet normal 0 0 -1
    outer loop
      vertex -75 -43 0
      vertex -66.8573 -54.3632 0
      vertex -67.5922 -54.0865 0
    endloop
  endfacet
  facet normal -0 0 -1
    outer loop
      vertex -66.6673 44.6683 0
      vertex -74.8973 44.5663 0
      vertex -66.6855 44.7781 0
    endloop
  endfacet
  facet normal 0 0 -1
    outer loop
      vertex -75 -43 0
      vertex -67.5922 -54.0865 0
      vertex -68.3075 -53.7625 0
    endloop
  endfacet
  facet normal 0 -0 -1
    outer loop
      vertex -74.7694 45.3411 0
      vertex -66.6855 44.7781 0
      vertex -74.8973 44.5663 0
    endloop
  endfacet
  facet normal 0 0 -1
    outer loop
      vertex -75 -43 0
      vertex -68.3075 -53.7625 0
      vertex -69 -53.3923 0
    endloop
  endfacet
  facet normal 0 0 -1
    outer loop
      vertex -65.2219 46.6855 0
      vertex -67.5922 54.0865 0
      vertex -66.8573 54.3632 0
    endloop
  endfacet
  facet normal 0 0 -1
    outer loop
      vertex -75 -43 0
      vertex -69 -53.3923 0
      vertex -69.6668 -52.9776 0
    endloop
  endfacet
  facet normal 0 0 -1
    outer loop
      vertex -65.44 46.6421 0
      vertex -68.3075 53.7625 0
      vertex -67.5922 54.0865 0
    endloop
  endfacet
  facet normal 0 0 -1
    outer loop
      vertex -75 -43 0
      vertex -69.6668 -52.9776 0
      vertex -70.3051 -52.5202 0
    endloop
  endfacet
  facet normal 0 0 -1
    outer loop
      vertex -65.5464 46.6098 0
      vertex -69 53.3923 0
      vertex -68.3075 53.7625 0
    endloop
  endfacet
  facet normal 0 0 -1
    outer loop
      vertex -75 -43 0
      vertex -70.3051 -52.5202 0
      vertex -70.9122 -52.0221 0
    endloop
  endfacet
  facet normal 0 0 -1
    outer loop
      vertex -65.7519 46.5247 0
      vertex -69.6668 52.9776 0
      vertex -69 53.3923 0
    endloop
  endfacet
  facet normal 0 0 -1
    outer loop
      vertex -75 -43 0
      vertex -70.9122 -52.0221 0
      vertex -71.4853 -51.4853 0
    endloop
  endfacet
  facet normal 0 0 -1
    outer loop
      vertex -65.85 46.4722 0
      vertex -70.3051 52.5202 0
      vertex -69.6668 52.9776 0
    endloop
  endfacet
  facet normal 0 0 -1
    outer loop
      vertex -75 -43 0
      vertex -71.4853 -51.4853 0
      vertex -72.0221 -50.9122 0
    endloop
  endfacet
  facet normal 0 0 -1
    outer loop
      vertex -66.0349 46.3487 0
      vertex -70.9122 52.0221 0
      vertex -70.3051 52.5202 0
    endloop
  endfacet
  facet normal 0 0 -1
    outer loop
      vertex -75 -43 0
      vertex -72.0221 -50.9122 0
      vertex -72.5202 -50.3051 0
    endloop
  endfacet
  facet normal 0 0 -1
    outer loop
      vertex -66.1209 46.2781 0
      vertex -71.4853 51.4853 0
      vertex -70.9122 52.0221 0
    endloop
  endfacet
  facet normal 0 0 -1
    outer loop
      vertex -75 -43 0
      vertex -72.5202 -50.3051 0
      vertex -72.9776 -49.6668 0
    endloop
  endfacet
  facet normal 0 0 -1
    outer loop
      vertex -66.2781 46.1209 0
      vertex -72.0221 50.9122 0
      vertex -71.4853 51.4853 0
    endloop
  endfacet
  facet normal 0 0 -1
    outer loop
      vertex -75 -43 0
      vertex -72.9776 -49.6668 0
      vertex -73.3923 -49 0
    endloop
  endfacet
  facet normal 0 0 -1
    outer loop
      vertex -66.3487 46.0349 0
      vertex -72.5202 50.3051 0
      vertex -72.0221 50.9122 0
    endloop
  endfacet
  facet normal 0 0 -1
    outer loop
      vertex -75 -43 0
      vertex -73.3923 -49 0
      vertex -73.7625 -48.3075 0
    endloop
  endfacet
  facet normal 0 0 -1
    outer loop
      vertex -66.4722 45.85 0
      vertex -72.9776 49.6668 0
      vertex -72.5202 50.3051 0
    endloop
  endfacet
  facet normal 0 0 -1
    outer loop
      vertex -75 -43 0
      vertex -73.7625 -48.3075 0
      vertex -74.0865 -47.5922 0
    endloop
  endfacet
  facet normal 0 0 -1
    outer loop
      vertex -66.5247 45.7519 0
      vertex -73.3923 49 0
      vertex -72.9776 49.6668 0
    endloop
  endfacet
  facet normal 0 0 -1
    outer loop
      vertex -75 -43 0
      vertex -74.0865 -47.5922 0
      vertex -74.3632 -46.8573 0
    endloop
  endfacet
  facet normal 0 0 -1
    outer loop
      vertex -66.6098 45.5464 0
      vertex -73.7625 48.3075 0
      vertex -73.3923 49 0
    endloop
  endfacet
  facet normal 0 0 -1
    outer loop
      vertex -75 -43 0
      vertex -74.3632 -46.8573 0
      vertex -74.5911 -46.1058 0
    endloop
  endfacet
  facet normal 0 0 -1
    outer loop
      vertex -66.6421 45.44 0
      vertex -74.0865 47.5922 0
      vertex -73.7625 48.3075 0
    endloop
  endfacet
  facet normal 0 0 -1
    outer loop
      vertex -75 -43 0
      vertex -74.5911 -46.1058 0
      vertex -74.7694 -45.3411 0
    endloop
  endfacet
  facet normal 0 0 -1
    outer loop
      vertex -66.6855 45.2219 0
      vertex -74.3632 46.8573 0
      vertex -74.0865 47.5922 0
    endloop
  endfacet
  facet normal 0 0 -1
    outer loop
      vertex -75 -43 0
      vertex -74.7694 -45.3411 0
      vertex -74.8973 -44.5663 0
    endloop
  endfacet
  facet normal 0 0 -1
    outer loop
      vertex -66.6964 45.1112 0
      vertex -74.5911 46.1058 0
      vertex -74.3632 46.8573 0
    endloop
  endfacet
  facet normal 0 0 -1
    outer loop
      vertex -75 -43 0
      vertex -74.8973 -44.5663 0
      vertex -74.9743 -43.7848 0
    endloop
  endfacet
  facet normal 0 0 -1
    outer loop
      vertex -66.7 45 0
      vertex -74.7694 45.3411 0
      vertex -74.5911 46.1058 0
    endloop
  endfacet
  facet normal 0 0 -1
    outer loop
      vertex -66.6964 44.8888 0
      vertex -74.7694 45.3411 0
      vertex -66.7 45 0
    endloop
  endfacet
  facet normal 0 0 -1
    outer loop
      vertex -66.6855 44.7781 0
      vertex -74.7694 45.3411 0
      vertex -66.6964 44.8888 0
    endloop
  endfacet
  facet normal -0 0 -1
    outer loop
      vertex 63.8791 43.7219 0
      vertex 40.9666 16.8984 0
      vertex 63.7979 43.7979 0
    endloop
  endfacet
  facet normal -0 0 -1
    outer loop
      vertex 63.7979 43.7979 0
      vertex 40.9666 16.8984 0
      vertex 63.7219 43.8791 0
    endloop
  endfacet
  facet normal 0 0 -1
    outer loop
      vertex 39.8336 17.7103 0
      vertex 63.7219 43.8791 0
      vertex 40.9666 16.8984 0
    endloop
  endfacet
  facet normal -0 0 -1
    outer loop
      vertex 63.7219 43.8791 0
      vertex 39.8336 17.7103 0
      vertex 63.6513 43.9651 0
    endloop
  endfacet
  facet normal -0 0 -1
    outer loop
      vertex 63.6513 43.9651 0
      vertex 39.8336 17.7103 0
      vertex 63.5865 44.0555 0
    endloop
  endfacet
  facet normal 0 0 -1
    outer loop
      vertex 38.65 18.4463 0
      vertex 63.5865 44.0555 0
      vertex 39.8336 17.7103 0
    endloop
  endfacet
  facet normal -0 0 -1
    outer loop
      vertex 63.5865 44.0555 0
      vertex 38.65 18.4463 0
      vertex 63.5278 44.15 0
    endloop
  endfacet
  facet normal -0 0 -1
    outer loop
      vertex 63.5278 44.15 0
      vertex 38.65 18.4463 0
      vertex 63.4753 44.2481 0
    endloop
  endfacet
  facet normal 0 0 -1
    outer loop
      vertex 37.4207 19.1034 0
      vertex 63.4753 44.2481 0
      vertex 38.65 18.4463 0
    endloop
  endfacet
  facet normal -0 0 -1
    outer loop
      vertex 63.4753 44.2481 0
      vertex 37.4207 19.1034 0
      vertex 63.4294 44.3494 0
    endloop
  endfacet
  facet normal -0 0 -1
    outer loop
      vertex 63.4294 44.3494 0
      vertex 37.4207 19.1034 0
      vertex 63.3902 44.4536 0
    endloop
  endfacet
  facet normal 0 0 -1
    outer loop
      vertex 36.1512 19.6786 0
      vertex 63.3902 44.4536 0
      vertex 37.4207 19.1034 0
    endloop
  endfacet
  facet normal -0 0 -1
    outer loop
      vertex 63.3902 44.4536 0
      vertex 36.1512 19.6786 0
      vertex 63.3579 44.56 0
    endloop
  endfacet
  facet normal 0 0 -1
    outer loop
      vertex 34.8467 20.1696 0
      vertex 63.3579 44.56 0
      vertex 36.1512 19.6786 0
    endloop
  endfacet
  facet normal -0 0 -1
    outer loop
      vertex 63.3579 44.56 0
      vertex 34.8467 20.1696 0
      vertex 63.3327 44.6683 0
    endloop
  endfacet
  facet normal -0 0 -1
    outer loop
      vertex 63.3327 44.6683 0
      vertex 34.8467 20.1696 0
      vertex 63.3145 44.7781 0
    endloop
  endfacet
  facet normal 0 0 -1
    outer loop
      vertex 33.5128 20.5742 0
      vertex 63.3145 44.7781 0
      vertex 34.8467 20.1696 0
    endloop
  endfacet
  facet normal -0 0 -1
    outer loop
      vertex 63.3145 44.7781 0
      vertex 33.5128 20.5742 0
      vertex 63.3036 44.8888 0
    endloop
  endfacet
  facet normal -0 0 -1
    outer loop
      vertex 63.3036 44.8888 0
      vertex 33.5128 20.5742 0
      vertex 63.3 45 0
    endloop
  endfacet
  facet normal 0 0 -1
    outer loop
      vertex 32.1554 20.8907 0
      vertex 63.3 45 0
      vertex 33.5128 20.5742 0
    endloop
  endfacet
  facet normal 0 0 -1
    outer loop
      vertex 30.7802 21.1178 0
      vertex 63.3 45 0
      vertex 32.1554 20.8907 0
    endloop
  endfacet
  facet normal -0 0 -1
    outer loop
      vertex 63.3 45 0
      vertex 30.7802 21.1178 0
      vertex 63 55 0
    endloop
  endfacet
  facet normal 0 0 -1
    outer loop
      vertex 29.3931 21.2544 0
      vertex 63 55 0
      vertex 30.7802 21.1178 0
    endloop
  endfacet
  facet normal 0 0 -1
    outer loop
      vertex 28 21.3 0
      vertex 63 55 0
      vertex 29.3931 21.2544 0
    endloop
  endfacet
  facet normal 0 0 -1
    outer loop
      vertex 26.6069 21.2544 0
      vertex 63 55 0
      vertex 28 21.3 0
    endloop
  endfacet
  facet normal 0 0 -1
    outer loop
      vertex 25.2198 21.1178 0
      vertex 63 55 0
      vertex 26.6069 21.2544 0
    endloop
  endfacet
  facet normal 0 0 -1
    outer loop
      vertex 23.8446 20.8907 0
      vertex 63 55 0
      vertex 25.2198 21.1178 0
    endloop
  endfacet
  facet normal 0 0 -1
    outer loop
      vertex 22.4872 20.5742 0
      vertex 63 55 0
      vertex 23.8446 20.8907 0
    endloop
  endfacet
  facet normal 0 0 -1
    outer loop
      vertex 21.1533 20.1696 0
      vertex 63 55 0
      vertex 22.4872 20.5742 0
    endloop
  endfacet
  facet normal 0 0 -1
    outer loop
      vertex -63 55 0
      vertex 21.1533 20.1696 0
      vertex 19.8488 19.6786 0
    endloop
  endfacet
  facet normal 0 0 -1
    outer loop
      vertex -63 55 0
      vertex 19.8488 19.6786 0
      vertex 18.5793 19.1034 0
    endloop
  endfacet
  facet normal 0 0 -1
    outer loop
      vertex -63 55 0
      vertex 18.5793 19.1034 0
      vertex 17.35 18.4463 0
    endloop
  endfacet
  facet normal 0 0 -1
    outer loop
      vertex -63 55 0
      vertex 17.35 18.4463 0
      vertex 16.1664 17.7103 0
    endloop
  endfacet
  facet normal 0 0 -1
    outer loop
      vertex -63 55 0
      vertex 16.1664 17.7103 0
      vertex 15.0334 16.8984 0
    endloop
  endfacet
  facet normal 0 0 -1
    outer loop
      vertex -27.9323 0.987587 0
      vertex 6.7 0 0
      vertex -27.9 0 0
    endloop
  endfacet
  facet normal 0 0 -1
    outer loop
      vertex 6.7 0 0
      vertex -27.9323 0.987587 0
      vertex 6.7456 1.39309 0
    endloop
  endfacet
  facet normal 0 0 -1
    outer loop
      vertex -28.0292 1.97095 0
      vertex 6.7456 1.39309 0
      vertex -27.9323 0.987587 0
    endloop
  endfacet
  facet normal 0 0 -1
    outer loop
      vertex 6.7456 1.39309 0
      vertex -28.0292 1.97095 0
      vertex 6.88222 2.78021 0
    endloop
  endfacet
  facet normal 0 0 -1
    outer loop
      vertex -28.1901 2.94586 0
      vertex 6.88222 2.78021 0
      vertex -28.0292 1.97095 0
    endloop
  endfacet
  facet normal 0 0 -1
    outer loop
      vertex 6.88222 2.78021 0
      vertex -28.1901 2.94586 0
      vertex 7.10927 4.15542 0
    endloop
  endfacet
  facet normal 0 0 -1
    outer loop
      vertex -28.4145 3.90817 0
      vertex 7.10927 4.15542 0
      vertex -28.1901 2.94586 0
    endloop
  endfacet
  facet normal -0 0 -1
    outer loop
      vertex 7.10927 4.15542 0
      vertex -28.4145 3.90817 0
      vertex 7.42578 5.51285 0
    endloop
  endfacet
  facet normal 0 0 -1
    outer loop
      vertex -28.7014 4.85374 0
      vertex 7.42578 5.51285 0
      vertex -28.4145 3.90817 0
    endloop
  endfacet
  facet normal -0 0 -1
    outer loop
      vertex 7.42578 5.51285 0
      vertex -28.7014 4.85374 0
      vertex 7.83039 6.84666 0
    endloop
  endfacet
  facet normal 0 0 -1
    outer loop
      vertex -29.0494 5.77852 0
      vertex 7.83039 6.84666 0
      vertex -28.7014 4.85374 0
    endloop
  endfacet
  facet normal -0 0 -1
    outer loop
      vertex 7.83039 6.84666 0
      vertex -29.0494 5.77852 0
      vertex 8.32137 8.15116 0
    endloop
  endfacet
  facet normal 0 0 -1
    outer loop
      vertex -29.4572 6.67856 0
      vertex 8.32137 8.15116 0
      vertex -29.0494 5.77852 0
    endloop
  endfacet
  facet normal 0 0 -1
    outer loop
      vertex -29.923 7.55 0
      vertex 8.32137 8.15116 0
      vertex -29.4572 6.67856 0
    endloop
  endfacet
  facet normal -0 0 -1
    outer loop
      vertex 8.32137 8.15116 0
      vertex -29.923 7.55 0
      vertex 8.89661 9.42075 0
    endloop
  endfacet
  facet normal 0 0 -1
    outer loop
      vertex -30.4448 8.38911 0
      vertex 8.89661 9.42075 0
      vertex -29.923 7.55 0
    endloop
  endfacet
  facet normal -0 0 -1
    outer loop
      vertex 8.89661 9.42075 0
      vertex -30.4448 8.38911 0
      vertex 9.55366 10.65 0
    endloop
  endfacet
  facet normal 0 0 -1
    outer loop
      vertex -31.0204 9.1923 0
      vertex 9.55366 10.65 0
      vertex -30.4448 8.38911 0
    endloop
  endfacet
  facet normal -0 0 -1
    outer loop
      vertex 9.55366 10.65 0
      vertex -31.0204 9.1923 0
      vertex 10.2897 11.8336 0
    endloop
  endfacet
  facet normal 0 0 -1
    outer loop
      vertex -31.6472 9.95612 0
      vertex 10.2897 11.8336 0
      vertex -31.0204 9.1923 0
    endloop
  endfacet
  facet normal -0 0 -1
    outer loop
      vertex 10.2897 11.8336 0
      vertex -31.6472 9.95612 0
      vertex 11.1016 12.9666 0
    endloop
  endfacet
  facet normal 0 0 -1
    outer loop
      vertex -32.3227 10.6773 0
      vertex 11.1016 12.9666 0
      vertex -31.6472 9.95612 0
    endloop
  endfacet
  facet normal -0 0 -1
    outer loop
      vertex 11.1016 12.9666 0
      vertex -32.3227 10.6773 0
      vertex 11.9858 14.0441 0
    endloop
  endfacet
  facet normal 0 0 -1
    outer loop
      vertex -33.0439 11.3528 0
      vertex 11.9858 14.0441 0
      vertex -32.3227 10.6773 0
    endloop
  endfacet
  facet normal -0 0 -1
    outer loop
      vertex 11.9858 14.0441 0
      vertex -33.0439 11.3528 0
      vertex 12.9386 15.0614 0
    endloop
  endfacet
  facet normal 0 0 -1
    outer loop
      vertex -33.8077 11.9796 0
      vertex 12.9386 15.0614 0
      vertex -33.0439 11.3528 0
    endloop
  endfacet
  facet normal -0 0 -1
    outer loop
      vertex 12.9386 15.0614 0
      vertex -33.8077 11.9796 0
      vertex 13.9559 16.0142 0
    endloop
  endfacet
  facet normal 0 0 -1
    outer loop
      vertex -34.6109 12.5552 0
      vertex 13.9559 16.0142 0
      vertex -33.8077 11.9796 0
    endloop
  endfacet
  facet normal 0 0 -1
    outer loop
      vertex -35.45 13.077 0
      vertex 13.9559 16.0142 0
      vertex -34.6109 12.5552 0
    endloop
  endfacet
  facet normal -0 0 -1
    outer loop
      vertex 13.9559 16.0142 0
      vertex -35.45 13.077 0
      vertex 15.0334 16.8984 0
    endloop
  endfacet
  facet normal 0 0 -1
    outer loop
      vertex -36.3214 13.5428 0
      vertex 15.0334 16.8984 0
      vertex -35.45 13.077 0
    endloop
  endfacet
  facet normal -0 0 -1
    outer loop
      vertex 15.0334 16.8984 0
      vertex -36.3214 13.5428 0
      vertex -63 55 0
    endloop
  endfacet
  facet normal 0 0 -1
    outer loop
      vertex -63 55 0
      vertex -36.3214 13.5428 0
      vertex -37.2215 13.9506 0
    endloop
  endfacet
  facet normal 0 0 -1
    outer loop
      vertex -63 55 0
      vertex -37.2215 13.9506 0
      vertex -38.1463 14.2986 0
    endloop
  endfacet
  facet normal 0 0 -1
    outer loop
      vertex -63.3036 45.1112 0
      vertex -39.0918 14.5855 0
      vertex -63.3 45 0
    endloop
  endfacet
  facet normal 0 0 -1
    outer loop
      vertex -63.3 45 0
      vertex -39.0918 14.5855 0
      vertex -40.0541 14.8099 0
    endloop
  endfacet
  facet normal 0 0 -1
    outer loop
      vertex -63.3 45 0
      vertex -40.0541 14.8099 0
      vertex -41.0291 14.9708 0
    endloop
  endfacet
  facet normal 0 0 -1
    outer loop
      vertex -63.3 45 0
      vertex -41.0291 14.9708 0
      vertex -42.0124 15.0677 0
    endloop
  endfacet
  facet normal 0 0 -1
    outer loop
      vertex -63.3 45 0
      vertex -42.0124 15.0677 0
      vertex -43 15.1 0
    endloop
  endfacet
  facet normal 0 0 -1
    outer loop
      vertex -63.3 45 0
      vertex -43 15.1 0
      vertex -43.9876 15.0677 0
    endloop
  endfacet
  facet normal 0 0 -1
    outer loop
      vertex -63.3 45 0
      vertex -43.9876 15.0677 0
      vertex -44.9709 14.9708 0
    endloop
  endfacet
  facet normal 0 0 -1
    outer loop
      vertex -63.3 45 0
      vertex -44.9709 14.9708 0
      vertex -45.9459 14.8099 0
    endloop
  endfacet
  facet normal 0 0 -1
    outer loop
      vertex -63.3 45 0
      vertex -45.9459 14.8099 0
      vertex -46.9082 14.5855 0
    endloop
  endfacet
  facet normal 0 0 -1
    outer loop
      vertex -63.3 45 0
      vertex -46.9082 14.5855 0
      vertex -47.8537 14.2986 0
    endloop
  endfacet
  facet normal 0 0 -1
    outer loop
      vertex -64.2481 -43.4753 0
      vertex -49.6786 -13.5428 0
      vertex -64.15 -43.5278 0
    endloop
  endfacet
  facet normal 0 0 -1
    outer loop
      vertex 21.1533 20.1696 0
      vertex -63 55 0
      vertex 63 55 0
    endloop
  endfacet
  facet normal 0 0 -1
    outer loop
      vertex -63.3 45 0
      vertex -47.8537 14.2986 0
      vertex -48.7785 13.9506 0
    endloop
  endfacet
  facet normal 0 0 -1
    outer loop
      vertex -63.3 45 0
      vertex -48.7785 13.9506 0
      vertex -49.6786 13.5428 0
    endloop
  endfacet
  facet normal 0 0 -1
    outer loop
      vertex -63.3 45 0
      vertex -49.6786 13.5428 0
      vertex -50.55 13.077 0
    endloop
  endfacet
  facet normal 0 0 -1
    outer loop
      vertex -63.3 45 0
      vertex -50.55 13.077 0
      vertex -51.3891 12.5552 0
    endloop
  endfacet
  facet normal 0 0 -1
    outer loop
      vertex -63.3 45 0
      vertex -51.3891 12.5552 0
      vertex -52.1923 11.9796 0
    endloop
  endfacet
  facet normal 0 0 -1
    outer loop
      vertex -63.3 45 0
      vertex -52.1923 11.9796 0
      vertex -52.9561 11.3528 0
    endloop
  endfacet
  facet normal 0 0 -1
    outer loop
      vertex -63.3 45 0
      vertex -52.9561 11.3528 0
      vertex -53.6773 10.6773 0
    endloop
  endfacet
  facet normal 0 0 -1
    outer loop
      vertex -63.3 45 0
      vertex -53.6773 10.6773 0
      vertex -54.3528 9.95612 0
    endloop
  endfacet
  facet normal 0 0 -1
    outer loop
      vertex -63.3 45 0
      vertex -54.3528 9.95612 0
      vertex -54.9796 9.1923 0
    endloop
  endfacet
  facet normal 0 0 -1
    outer loop
      vertex -63.3 45 0
      vertex -54.9796 9.1923 0
      vertex -55.5552 8.38911 0
    endloop
  endfacet
  facet normal 0 0 -1
    outer loop
      vertex -63.3 45 0
      vertex -55.5552 8.38911 0
      vertex -56.077 7.55 0
    endloop
  endfacet
  facet normal 0 0 -1
    outer loop
      vertex -63.3 45 0
      vertex -56.077 7.55 0
      vertex -56.5428 6.67856 0
    endloop
  endfacet
  facet normal 0 0 -1
    outer loop
      vertex -63.3 45 0
      vertex -56.5428 6.67856 0
      vertex -56.9506 5.77852 0
    endloop
  endfacet
  facet normal 0 0 -1
    outer loop
      vertex -63.3 45 0
      vertex -56.9506 5.77852 0
      vertex -57.2986 4.85374 0
    endloop
  endfacet
  facet normal 0 0 -1
    outer loop
      vertex -63.3 45 0
      vertex -57.2986 4.85374 0
      vertex -57.5855 3.90817 0
    endloop
  endfacet
  facet normal 0 0 -1
    outer loop
      vertex -63.3 45 0
      vertex -57.5855 3.90817 0
      vertex -57.8099 2.94586 0
    endloop
  endfacet
  facet normal 0 0 -1
    outer loop
      vertex -63.3 45 0
      vertex -57.8099 2.94586 0
      vertex -57.9708 1.97095 0
    endloop
  endfacet
  facet normal 0 0 -1
    outer loop
      vertex -63.3 45 0
      vertex -57.9708 1.97095 0
      vertex -58.0677 0.987587 0
    endloop
  endfacet
  facet normal 0 0 -1
    outer loop
      vertex -64.3494 -43.4294 0
      vertex -49.6786 -13.5428 0
      vertex -64.2481 -43.4753 0
    endloop
  endfacet
  facet normal 0 0 -1
    outer loop
      vertex -63.3 45 0
      vertex -58.0677 0.987587 0
      vertex -58.1 0 0
    endloop
  endfacet
  facet normal 0 0 -1
    outer loop
      vertex -63 -55 0
      vertex -63.3036 -45.1112 0
      vertex -63.3 -45 0
    endloop
  endfacet
  facet normal 0 0 -1
    outer loop
      vertex -63 -55 0
      vertex -63.3145 -45.2219 0
      vertex -63.3036 -45.1112 0
    endloop
  endfacet
  facet normal 0 0 -1
    outer loop
      vertex -63 -55 0
      vertex -63.3327 -45.3317 0
      vertex -63.3145 -45.2219 0
    endloop
  endfacet
  facet normal 0 0 -1
    outer loop
      vertex -63 -55 0
      vertex -63.3579 -45.44 0
      vertex -63.3327 -45.3317 0
    endloop
  endfacet
  facet normal 0 0 -1
    outer loop
      vertex -63 -55 0
      vertex -63.3902 -45.5464 0
      vertex -63.3579 -45.44 0
    endloop
  endfacet
  facet normal 0 0 -1
    outer loop
      vertex -63 -55 0
      vertex -63.4294 -45.6506 0
      vertex -63.3902 -45.5464 0
    endloop
  endfacet
  facet normal 0 0 -1
    outer loop
      vertex -63 -55 0
      vertex -63.4753 -45.7519 0
      vertex -63.4294 -45.6506 0
    endloop
  endfacet
  facet normal 0 0 -1
    outer loop
      vertex -63 -55 0
      vertex -63.5278 -45.85 0
      vertex -63.4753 -45.7519 0
    endloop
  endfacet
  facet normal 0 0 -1
    outer loop
      vertex -63 -55 0
      vertex -63.5865 -45.9445 0
      vertex -63.5278 -45.85 0
    endloop
  endfacet
  facet normal 0 0 -1
    outer loop
      vertex -63 -55 0
      vertex -63.6513 -46.0349 0
      vertex -63.5865 -45.9445 0
    endloop
  endfacet
  facet normal 0 0 -1
    outer loop
      vertex -63 -55 0
      vertex -63.7219 -46.1209 0
      vertex -63.6513 -46.0349 0
    endloop
  endfacet
  facet normal 0 0 -1
    outer loop
      vertex -64.4536 -46.6098 0
      vertex -63 -55 0
      vertex -63.7848 -54.9743 0
    endloop
  endfacet
  facet normal 0 0 -1
    outer loop
      vertex -63 -55 0
      vertex -63.7979 -46.2021 0
      vertex -63.7219 -46.1209 0
    endloop
  endfacet
  facet normal 0 0 -1
    outer loop
      vertex -63 -55 0
      vertex -63.8791 -46.2781 0
      vertex -63.7979 -46.2021 0
    endloop
  endfacet
  facet normal 0 0 -1
    outer loop
      vertex -63 -55 0
      vertex -63.9651 -46.3487 0
      vertex -63.8791 -46.2781 0
    endloop
  endfacet
  facet normal 0 0 -1
    outer loop
      vertex -63 -55 0
      vertex -64.0555 -46.4135 0
      vertex -63.9651 -46.3487 0
    endloop
  endfacet
  facet normal 0 0 -1
    outer loop
      vertex -63 -55 0
      vertex -64.15 -46.4722 0
      vertex -64.0555 -46.4135 0
    endloop
  endfacet
  facet normal 0 0 -1
    outer loop
      vertex -63 -55 0
      vertex -64.2481 -46.5247 0
      vertex -64.15 -46.4722 0
    endloop
  endfacet
  facet normal 0 0 -1
    outer loop
      vertex -63 -55 0
      vertex -64.3494 -46.5706 0
      vertex -64.2481 -46.5247 0
    endloop
  endfacet
  facet normal 0 0 -1
    outer loop
      vertex -63 -55 0
      vertex -64.4536 -46.6098 0
      vertex -64.3494 -46.5706 0
    endloop
  endfacet
  facet normal 0 0 -1
    outer loop
      vertex -63.7848 -54.9743 0
      vertex -64.56 -46.6421 0
      vertex -64.4536 -46.6098 0
    endloop
  endfacet
  facet normal 0 0 -1
    outer loop
      vertex -64.6684 -46.6673 0
      vertex -63.7848 -54.9743 0
      vertex -64.5663 -54.8973 0
    endloop
  endfacet
  facet normal 0 0 -1
    outer loop
      vertex -63.7848 -54.9743 0
      vertex -64.6684 -46.6673 0
      vertex -64.56 -46.6421 0
    endloop
  endfacet
  facet normal 0 0 -1
    outer loop
      vertex -64.5663 -54.8973 0
      vertex -64.7781 -46.6855 0
      vertex -64.6684 -46.6673 0
    endloop
  endfacet
  facet normal 0 0 -1
    outer loop
      vertex -65.3411 -54.7694 0
      vertex -64.7781 -46.6855 0
      vertex -64.5663 -54.8973 0
    endloop
  endfacet
  facet normal 0 0 -1
    outer loop
      vertex -64.7781 -46.6855 0
      vertex -65.3411 -54.7694 0
      vertex -64.8888 -46.6964 0
    endloop
  endfacet
  facet normal 0 0 -1
    outer loop
      vertex -64.8888 -46.6964 0
      vertex -65.3411 -54.7694 0
      vertex -65 -46.7 0
    endloop
  endfacet
  facet normal 0 0 -1
    outer loop
      vertex -66.1058 -54.5911 0
      vertex -65 -46.7 0
      vertex -65.3411 -54.7694 0
    endloop
  endfacet
  facet normal -0 0 -1
    outer loop
      vertex -65 -46.7 0
      vertex -66.1058 -54.5911 0
      vertex -65.1112 -46.6964 0
    endloop
  endfacet
  facet normal 0 0 -1
    outer loop
      vertex -66.8573 -54.3632 0
      vertex -65.1112 -46.6964 0
      vertex -66.1058 -54.5911 0
    endloop
  endfacet
  facet normal -0 0 -1
    outer loop
      vertex -65.1112 -46.6964 0
      vertex -66.8573 -54.3632 0
      vertex -65.2219 -46.6855 0
    endloop
  endfacet
  facet normal -0 0 -1
    outer loop
      vertex -65.2219 -46.6855 0
      vertex -66.8573 -54.3632 0
      vertex -65.3316 -46.6673 0
    endloop
  endfacet
  facet normal -0 0 -1
    outer loop
      vertex -65.3316 -46.6673 0
      vertex -66.8573 -54.3632 0
      vertex -65.44 -46.6421 0
    endloop
  endfacet
  facet normal -0 0 -1
    outer loop
      vertex -65.44 -46.6421 0
      vertex -66.8573 -54.3632 0
      vertex -65.5464 -46.6098 0
    endloop
  endfacet
  facet normal -0 0 -1
    outer loop
      vertex -65.5464 -46.6098 0
      vertex -66.8573 -54.3632 0
      vertex -65.6506 -46.5706 0
    endloop
  endfacet
  facet normal -0 0 -1
    outer loop
      vertex -65.6506 -46.5706 0
      vertex -66.8573 -54.3632 0
      vertex -65.7519 -46.5247 0
    endloop
  endfacet
  facet normal -0 0 -1
    outer loop
      vertex -65.7519 -46.5247 0
      vertex -66.8573 -54.3632 0
      vertex -65.85 -46.4722 0
    endloop
  endfacet
  facet normal -0 0 -1
    outer loop
      vertex -65.85 -46.4722 0
      vertex -66.8573 -54.3632 0
      vertex -65.9445 -46.4135 0
    endloop
  endfacet
  facet normal -0 0 -1
    outer loop
      vertex -65.9445 -46.4135 0
      vertex -66.8573 -54.3632 0
      vertex -66.0349 -46.3487 0
    endloop
  endfacet
  facet normal -0 0 -1
    outer loop
      vertex -66.0349 -46.3487 0
      vertex -66.8573 -54.3632 0
      vertex -66.1209 -46.2781 0
    endloop
  endfacet
  facet normal -0 0 -1
    outer loop
      vertex -66.1209 -46.2781 0
      vertex -66.8573 -54.3632 0
      vertex -66.2021 -46.2021 0
    endloop
  endfacet
  facet normal -0 0 -1
    outer loop
      vertex -66.2021 -46.2021 0
      vertex -66.8573 -54.3632 0
      vertex -66.2781 -46.1209 0
    endloop
  endfacet
  facet normal -0 0 -1
    outer loop
      vertex -66.2781 -46.1209 0
      vertex -66.8573 -54.3632 0
      vertex -66.3487 -46.0349 0
    endloop
  endfacet
  facet normal -0 0 -1
    outer loop
      vertex -66.3487 -46.0349 0
      vertex -66.8573 -54.3632 0
      vertex -66.4135 -45.9445 0
    endloop
  endfacet
  facet normal 0 0 -1
    outer loop
      vertex -75 -43 0
      vertex -66.4135 -45.9445 0
      vertex -66.8573 -54.3632 0
    endloop
  endfacet
  facet normal 0 0 -1
    outer loop
      vertex -66.4135 -45.9445 0
      vertex -75 -43 0
      vertex -66.4722 -45.85 0
    endloop
  endfacet
  facet normal 0 0 -1
    outer loop
      vertex -66.4722 -45.85 0
      vertex -75 -43 0
      vertex -66.5247 -45.7519 0
    endloop
  endfacet
  facet normal 0 0 -1
    outer loop
      vertex -66.5247 -45.7519 0
      vertex -75 -43 0
      vertex -66.5706 -45.6506 0
    endloop
  endfacet
  facet normal 0 0 -1
    outer loop
      vertex -66.5706 -45.6506 0
      vertex -75 -43 0
      vertex -66.6098 -45.5464 0
    endloop
  endfacet
  facet normal 0 0 -1
    outer loop
      vertex -66.6098 -45.5464 0
      vertex -75 -43 0
      vertex -66.6421 -45.44 0
    endloop
  endfacet
  facet normal 0 0 -1
    outer loop
      vertex -66.6421 -45.44 0
      vertex -75 -43 0
      vertex -66.6673 -45.3317 0
    endloop
  endfacet
  facet normal 0 0 -1
    outer loop
      vertex -66.6964 -45.1112 0
      vertex -75 -43 0
      vertex -66.7 -45 0
    endloop
  endfacet
  facet normal 0 0 -1
    outer loop
      vertex -66.6855 -45.2219 0
      vertex -75 -43 0
      vertex -66.6964 -45.1112 0
    endloop
  endfacet
  facet normal 0 0 -1
    outer loop
      vertex -66.6673 -45.3317 0
      vertex -75 -43 0
      vertex -66.6855 -45.2219 0
    endloop
  endfacet
  facet normal 0 0 -1
    outer loop
      vertex 66.6421 -44.56 0
      vertex 74.9743 -43.7848 0
      vertex 66.6673 -44.6683 0
    endloop
  endfacet
  facet normal 0 0 -1
    outer loop
      vertex 75 43 0
      vertex 66.6964 44.8888 0
      vertex 66.7 45 0
    endloop
  endfacet
  facet normal -0 0 -1
    outer loop
      vertex 74.9743 -43.7848 0
      vertex 66.6421 -44.56 0
      vertex 75 -43 0
    endloop
  endfacet
  facet normal 0 0 -1
    outer loop
      vertex 75 43 0
      vertex 66.6855 44.7781 0
      vertex 66.6964 44.8888 0
    endloop
  endfacet
  facet normal 0 0 -1
    outer loop
      vertex 66.6098 -44.4536 0
      vertex 75 -43 0
      vertex 66.6421 -44.56 0
    endloop
  endfacet
  facet normal 0 0 -1
    outer loop
      vertex 75 43 0
      vertex 66.6673 44.6683 0
      vertex 66.6855 44.7781 0
    endloop
  endfacet
  facet normal 0 0 -1
    outer loop
      vertex 66.5706 -44.3494 0
      vertex 75 -43 0
      vertex 66.6098 -44.4536 0
    endloop
  endfacet
  facet normal 0 0 -1
    outer loop
      vertex 75 43 0
      vertex 66.6421 44.56 0
      vertex 66.6673 44.6683 0
    endloop
  endfacet
  facet normal 0 0 -1
    outer loop
      vertex 66.5247 -44.2481 0
      vertex 75 -43 0
      vertex 66.5706 -44.3494 0
    endloop
  endfacet
  facet normal 0 0 -1
    outer loop
      vertex 75 43 0
      vertex 66.6098 44.4536 0
      vertex 66.6421 44.56 0
    endloop
  endfacet
  facet normal 0 0 -1
    outer loop
      vertex 66.4722 -44.15 0
      vertex 75 -43 0
      vertex 66.5247 -44.2481 0
    endloop
  endfacet
  facet normal 0 0 -1
    outer loop
      vertex 75 43 0
      vertex 66.5706 44.3494 0
      vertex 66.6098 44.4536 0
    endloop
  endfacet
  facet normal 0 0 -1
    outer loop
      vertex 66.4135 -44.0555 0
      vertex 75 -43 0
      vertex 66.4722 -44.15 0
    endloop
  endfacet
  facet normal 0 0 -1
    outer loop
      vertex 75 43 0
      vertex 66.5247 44.2481 0
      vertex 66.5706 44.3494 0
    endloop
  endfacet
  facet normal 0 0 -1
    outer loop
      vertex 66.3487 -43.9651 0
      vertex 75 -43 0
      vertex 66.4135 -44.0555 0
    endloop
  endfacet
  facet normal 0 0 -1
    outer loop
      vertex 75 43 0
      vertex 66.4722 44.15 0
      vertex 66.5247 44.2481 0
    endloop
  endfacet
  facet normal 0 0 -1
    outer loop
      vertex 66.2781 -43.8791 0
      vertex 75 -43 0
      vertex 66.3487 -43.9651 0
    endloop
  endfacet
  facet normal 0 0 -1
    outer loop
      vertex 75 43 0
      vertex 66.4135 44.0555 0
      vertex 66.4722 44.15 0
    endloop
  endfacet
  facet normal 0 0 -1
    outer loop
      vertex 66.2021 -43.7979 0
      vertex 75 -43 0
      vertex 66.2781 -43.8791 0
    endloop
  endfacet
  facet normal 0 0 -1
    outer loop
      vertex 75 43 0
      vertex 66.3487 43.9651 0
      vertex 66.4135 44.0555 0
    endloop
  endfacet
  facet normal 0 0 -1
    outer loop
      vertex 66.1209 -43.7219 0
      vertex 75 -43 0
      vertex 66.2021 -43.7979 0
    endloop
  endfacet
  facet normal 0 0 -1
    outer loop
      vertex 75 43 0
      vertex 66.2781 43.8791 0
      vertex 66.3487 43.9651 0
    endloop
  endfacet
  facet normal 0 -0 -1
    outer loop
      vertex 49.3 0 0
      vertex 75 -43 0
      vertex 49.2544 -1.39309 0
    endloop
  endfacet
  facet normal 0 0 -1
    outer loop
      vertex 49.2544 1.39309 0
      vertex 75 43 0
      vertex 49.3 0 0
    endloop
  endfacet
  facet normal 0 0 -1
    outer loop
      vertex 66.0349 -43.6513 0
      vertex 75 -43 0
      vertex 66.1209 -43.7219 0
    endloop
  endfacet
  facet normal 0 0 -1
    outer loop
      vertex 75 43 0
      vertex 66.2021 43.7979 0
      vertex 66.2781 43.8791 0
    endloop
  endfacet
  facet normal 0 0 -1
    outer loop
      vertex 65.9445 -43.5865 0
      vertex 75 -43 0
      vertex 66.0349 -43.6513 0
    endloop
  endfacet
  facet normal 0 0 -1
    outer loop
      vertex 75 43 0
      vertex 66.1209 43.7219 0
      vertex 66.2021 43.7979 0
    endloop
  endfacet
  facet normal 0 0 -1
    outer loop
      vertex 65.85 -43.5278 0
      vertex 75 -43 0
      vertex 65.9445 -43.5865 0
    endloop
  endfacet
  facet normal 0 0 -1
    outer loop
      vertex 75 43 0
      vertex 66.0349 43.6513 0
      vertex 66.1209 43.7219 0
    endloop
  endfacet
  facet normal 0 0 -1
    outer loop
      vertex 65.7519 -43.4753 0
      vertex 75 -43 0
      vertex 65.85 -43.5278 0
    endloop
  endfacet
  facet normal 0 0 -1
    outer loop
      vertex 75 43 0
      vertex 65.9445 43.5865 0
      vertex 66.0349 43.6513 0
    endloop
  endfacet
  facet normal 0 0 -1
    outer loop
      vertex 65.6506 -43.4294 0
      vertex 75 -43 0
      vertex 65.7519 -43.4753 0
    endloop
  endfacet
  facet normal 0 0 -1
    outer loop
      vertex 75 43 0
      vertex 65.85 43.5278 0
      vertex 65.9445 43.5865 0
    endloop
  endfacet
  facet normal 0 0 -1
    outer loop
      vertex 65.5464 -43.3902 0
      vertex 75 -43 0
      vertex 65.6506 -43.4294 0
    endloop
  endfacet
  facet normal 0 0 -1
    outer loop
      vertex 75 43 0
      vertex 65.7519 43.4753 0
      vertex 65.85 43.5278 0
    endloop
  endfacet
  facet normal 0 0 -1
    outer loop
      vertex 65.44 -43.3579 0
      vertex 75 -43 0
      vertex 65.5464 -43.3902 0
    endloop
  endfacet
  facet normal 0 0 -1
    outer loop
      vertex 75 43 0
      vertex 65.6506 43.4294 0
      vertex 65.7519 43.4753 0
    endloop
  endfacet
  facet normal 0 0 -1
    outer loop
      vertex 65.3316 -43.3327 0
      vertex 75 -43 0
      vertex 65.44 -43.3579 0
    endloop
  endfacet
  facet normal 0 0 -1
    outer loop
      vertex 75 43 0
      vertex 65.5464 43.3902 0
      vertex 65.6506 43.4294 0
    endloop
  endfacet
  facet normal 0 0 -1
    outer loop
      vertex 47.1034 -9.42075 0
      vertex 75 -43 0
      vertex 65.3316 -43.3327 0
    endloop
  endfacet
  facet normal 0 0 -1
    outer loop
      vertex 75 43 0
      vertex 65.44 43.3579 0
      vertex 65.5464 43.3902 0
    endloop
  endfacet
  facet normal 0 0 -1
    outer loop
      vertex 47.1034 -9.42075 0
      vertex 65.3316 -43.3327 0
      vertex 65.2219 -43.3145 0
    endloop
  endfacet
  facet normal 0 0 -1
    outer loop
      vertex 75 43 0
      vertex 65.3316 43.3327 0
      vertex 65.44 43.3579 0
    endloop
  endfacet
  facet normal 0 0 -1
    outer loop
      vertex 47.1034 -9.42075 0
      vertex 65.2219 -43.3145 0
      vertex 65.1112 -43.3036 0
    endloop
  endfacet
  facet normal 0 0 -1
    outer loop
      vertex 75 43 0
      vertex 65.2219 43.3145 0
      vertex 65.3316 43.3327 0
    endloop
  endfacet
  facet normal 0 0 -1
    outer loop
      vertex 46.4463 -10.65 0
      vertex 65.1112 -43.3036 0
      vertex 65 -43.3 0
    endloop
  endfacet
  facet normal 0 0 -1
    outer loop
      vertex 49.1178 2.78021 0
      vertex 75 43 0
      vertex 49.2544 1.39309 0
    endloop
  endfacet
  facet normal 0 0 -1
    outer loop
      vertex 46.4463 -10.65 0
      vertex 65 -43.3 0
      vertex 64.8888 -43.3036 0
    endloop
  endfacet
  facet normal 0 0 -1
    outer loop
      vertex 48.8907 4.15542 0
      vertex 75 43 0
      vertex 49.1178 2.78021 0
    endloop
  endfacet
  facet normal 0 0 -1
    outer loop
      vertex 45.7103 -11.8336 0
      vertex 64.8888 -43.3036 0
      vertex 64.7781 -43.3145 0
    endloop
  endfacet
  facet normal 0 0 -1
    outer loop
      vertex 48.5742 5.51285 0
      vertex 75 43 0
      vertex 48.8907 4.15542 0
    endloop
  endfacet
  facet normal 0 0 -1
    outer loop
      vertex 45.7103 -11.8336 0
      vertex 64.7781 -43.3145 0
      vertex 64.6684 -43.3327 0
    endloop
  endfacet
  facet normal 0 0 -1
    outer loop
      vertex 48.1696 6.84666 0
      vertex 75 43 0
      vertex 48.5742 5.51285 0
    endloop
  endfacet
  facet normal 0 0 -1
    outer loop
      vertex 44.8984 -12.9666 0
      vertex 64.6684 -43.3327 0
      vertex 64.56 -43.3579 0
    endloop
  endfacet
  facet normal 0 0 -1
    outer loop
      vertex 47.6786 8.15116 0
      vertex 75 43 0
      vertex 48.1696 6.84666 0
    endloop
  endfacet
  facet normal 0 0 -1
    outer loop
      vertex 44.8984 -12.9666 0
      vertex 64.56 -43.3579 0
      vertex 64.4536 -43.3902 0
    endloop
  endfacet
  facet normal 0 0 -1
    outer loop
      vertex 47.1034 9.42075 0
      vertex 75 43 0
      vertex 47.6786 8.15116 0
    endloop
  endfacet
  facet normal 0 0 -1
    outer loop
      vertex 44.0142 -14.0441 0
      vertex 64.4536 -43.3902 0
      vertex 64.3494 -43.4294 0
    endloop
  endfacet
  facet normal -0 0 -1
    outer loop
      vertex 75 43 0
      vertex 47.1034 9.42075 0
      vertex 65.2219 43.3145 0
    endloop
  endfacet
  facet normal 0 0 -1
    outer loop
      vertex 44.0142 -14.0441 0
      vertex 64.3494 -43.4294 0
      vertex 64.2481 -43.4753 0
    endloop
  endfacet
  facet normal 0 0 -1
    outer loop
      vertex 65.2219 43.3145 0
      vertex 47.1034 9.42075 0
      vertex 65.1112 43.3036 0
    endloop
  endfacet
  facet normal 0 0 -1
    outer loop
      vertex 43.0614 -15.0614 0
      vertex 64.2481 -43.4753 0
      vertex 64.15 -43.5278 0
    endloop
  endfacet
  facet normal 0 0 -1
    outer loop
      vertex 46.4463 10.65 0
      vertex 65.1112 43.3036 0
      vertex 47.1034 9.42075 0
    endloop
  endfacet
  facet normal 0 0 -1
    outer loop
      vertex 43.0614 -15.0614 0
      vertex 64.15 -43.5278 0
      vertex 64.0555 -43.5865 0
    endloop
  endfacet
  facet normal 0 0 -1
    outer loop
      vertex 65.1112 43.3036 0
      vertex 46.4463 10.65 0
      vertex 65 43.3 0
    endloop
  endfacet
  facet normal 0 0 -1
    outer loop
      vertex 42.0441 -16.0142 0
      vertex 64.0555 -43.5865 0
      vertex 63.9651 -43.6513 0
    endloop
  endfacet
  facet normal -0 0 -1
    outer loop
      vertex 65 43.3 0
      vertex 46.4463 10.65 0
      vertex 64.8888 43.3036 0
    endloop
  endfacet
  facet normal 0 0 -1
    outer loop
      vertex 42.0441 -16.0142 0
      vertex 63.9651 -43.6513 0
      vertex 63.8791 -43.7219 0
    endloop
  endfacet
  facet normal 0 0 -1
    outer loop
      vertex 45.7103 11.8336 0
      vertex 64.8888 43.3036 0
      vertex 46.4463 10.65 0
    endloop
  endfacet
  facet normal 0 0 -1
    outer loop
      vertex 40.9666 -16.8984 0
      vertex 63.8791 -43.7219 0
      vertex 63.7979 -43.7979 0
    endloop
  endfacet
  facet normal -0 0 -1
    outer loop
      vertex 64.8888 43.3036 0
      vertex 45.7103 11.8336 0
      vertex 64.7781 43.3145 0
    endloop
  endfacet
  facet normal 0 0 -1
    outer loop
      vertex 40.9666 -16.8984 0
      vertex 63.7979 -43.7979 0
      vertex 63.7219 -43.8791 0
    endloop
  endfacet
  facet normal -0 0 -1
    outer loop
      vertex 64.7781 43.3145 0
      vertex 45.7103 11.8336 0
      vertex 64.6684 43.3327 0
    endloop
  endfacet
  facet normal 0 0 -1
    outer loop
      vertex 39.8336 -17.7103 0
      vertex 63.7219 -43.8791 0
      vertex 63.6513 -43.9651 0
    endloop
  endfacet
  facet normal 0 0 -1
    outer loop
      vertex 44.8984 12.9666 0
      vertex 64.6684 43.3327 0
      vertex 45.7103 11.8336 0
    endloop
  endfacet
  facet normal 0 0 -1
    outer loop
      vertex 39.8336 -17.7103 0
      vertex 63.6513 -43.9651 0
      vertex 63.5865 -44.0555 0
    endloop
  endfacet
  facet normal -0 0 -1
    outer loop
      vertex 64.6684 43.3327 0
      vertex 44.8984 12.9666 0
      vertex 64.56 43.3579 0
    endloop
  endfacet
  facet normal 0 0 -1
    outer loop
      vertex 38.65 -18.4463 0
      vertex 63.5865 -44.0555 0
      vertex 63.5278 -44.15 0
    endloop
  endfacet
  facet normal -0 0 -1
    outer loop
      vertex 64.56 43.3579 0
      vertex 44.8984 12.9666 0
      vertex 64.4536 43.3902 0
    endloop
  endfacet
  facet normal 0 0 -1
    outer loop
      vertex 38.65 -18.4463 0
      vertex 63.5278 -44.15 0
      vertex 63.4753 -44.2481 0
    endloop
  endfacet
  facet normal 0 0 -1
    outer loop
      vertex 44.0142 14.0441 0
      vertex 64.4536 43.3902 0
      vertex 44.8984 12.9666 0
    endloop
  endfacet
  facet normal 0 0 -1
    outer loop
      vertex 37.4207 -19.1034 0
      vertex 63.4753 -44.2481 0
      vertex 63.4294 -44.3494 0
    endloop
  endfacet
  facet normal -0 0 -1
    outer loop
      vertex 64.4536 43.3902 0
      vertex 44.0142 14.0441 0
      vertex 64.3494 43.4294 0
    endloop
  endfacet
  facet normal 0 0 -1
    outer loop
      vertex 37.4207 -19.1034 0
      vertex 63.4294 -44.3494 0
      vertex 63.3902 -44.4536 0
    endloop
  endfacet
  facet normal -0 0 -1
    outer loop
      vertex 64.3494 43.4294 0
      vertex 44.0142 14.0441 0
      vertex 64.2481 43.4753 0
    endloop
  endfacet
  facet normal 0 0 -1
    outer loop
      vertex 36.1512 -19.6786 0
      vertex 63.3902 -44.4536 0
      vertex 63.3579 -44.56 0
    endloop
  endfacet
  facet normal 0 0 -1
    outer loop
      vertex 43.0614 15.0614 0
      vertex 64.2481 43.4753 0
      vertex 44.0142 14.0441 0
    endloop
  endfacet
  facet normal 0 0 -1
    outer loop
      vertex 34.8467 -20.1696 0
      vertex 63.3579 -44.56 0
      vertex 63.3327 -44.6683 0
    endloop
  endfacet
  facet normal -0 0 -1
    outer loop
      vertex 64.2481 43.4753 0
      vertex 43.0614 15.0614 0
      vertex 64.15 43.5278 0
    endloop
  endfacet
  facet normal 0 0 -1
    outer loop
      vertex 34.8467 -20.1696 0
      vertex 63.3327 -44.6683 0
      vertex 63.3145 -44.7781 0
    endloop
  endfacet
  facet normal -0 0 -1
    outer loop
      vertex 64.15 43.5278 0
      vertex 43.0614 15.0614 0
      vertex 64.0555 43.5865 0
    endloop
  endfacet
  facet normal 0 0 -1
    outer loop
      vertex 33.5128 -20.5742 0
      vertex 63.3145 -44.7781 0
      vertex 63.3036 -44.8888 0
    endloop
  endfacet
  facet normal 0 0 -1
    outer loop
      vertex 42.0441 16.0142 0
      vertex 64.0555 43.5865 0
      vertex 43.0614 15.0614 0
    endloop
  endfacet
  facet normal 0 0 -1
    outer loop
      vertex 33.5128 -20.5742 0
      vertex 63.3036 -44.8888 0
      vertex 63.3 -45 0
    endloop
  endfacet
  facet normal -0 0 -1
    outer loop
      vertex 64.0555 43.5865 0
      vertex 42.0441 16.0142 0
      vertex 63.9651 43.6513 0
    endloop
  endfacet
  facet normal 0 0 -1
    outer loop
      vertex 74.7694 -45.3411 0
      vertex 66.6855 -44.7781 0
      vertex 74.8973 -44.5663 0
    endloop
  endfacet
  facet normal 0 0 -1
    outer loop
      vertex 66.6673 -44.6683 0
      vertex 74.8973 -44.5663 0
      vertex 66.6855 -44.7781 0
    endloop
  endfacet
  facet normal 0 0 -1
    outer loop
      vertex 66.6855 -44.7781 0
      vertex 74.7694 -45.3411 0
      vertex 66.6964 -44.8888 0
    endloop
  endfacet
  facet normal -0 0 -1
    outer loop
      vertex 74.8973 -44.5663 0
      vertex 66.6673 -44.6683 0
      vertex 74.9743 -43.7848 0
    endloop
  endfacet
  facet normal 0 0 -1
    outer loop
      vertex 66.6964 -44.8888 0
      vertex 74.7694 -45.3411 0
      vertex 66.7 -45 0
    endloop
  endfacet
  facet normal 0 0 -1
    outer loop
      vertex 75 43 0
      vertex 66.7 45 0
      vertex 74.9743 43.7848 0
    endloop
  endfacet
  facet normal 0 0 -1
    outer loop
      vertex 66.7 -45 0
      vertex 74.7694 -45.3411 0
      vertex 74.5911 -46.1058 0
    endloop
  endfacet
  facet normal 0 0 -1
    outer loop
      vertex 74.9743 43.7848 0
      vertex 66.7 45 0
      vertex 74.8973 44.5663 0
    endloop
  endfacet
  facet normal 0 0 -1
    outer loop
      vertex 66.6964 -45.1112 0
      vertex 74.5911 -46.1058 0
      vertex 74.3632 -46.8573 0
    endloop
  endfacet
  facet normal 0 0 -1
    outer loop
      vertex 74.8973 44.5663 0
      vertex 66.7 45 0
      vertex 74.7694 45.3411 0
    endloop
  endfacet
  facet normal 0 0 -1
    outer loop
      vertex 66.6855 -45.2219 0
      vertex 74.3632 -46.8573 0
      vertex 74.0865 -47.5922 0
    endloop
  endfacet
  facet normal -0 0 -1
    outer loop
      vertex 74.7694 45.3411 0
      vertex 66.7 45 0
      vertex 74.5911 46.1058 0
    endloop
  endfacet
  facet normal 0 0 -1
    outer loop
      vertex 66.6421 -45.44 0
      vertex 74.0865 -47.5922 0
      vertex 73.7625 -48.3075 0
    endloop
  endfacet
  facet normal 0 0 -1
    outer loop
      vertex 66.6964 45.1112 0
      vertex 74.5911 46.1058 0
      vertex 66.7 45 0
    endloop
  endfacet
  facet normal 0 0 -1
    outer loop
      vertex 66.6098 -45.5464 0
      vertex 73.7625 -48.3075 0
      vertex 73.3923 -49 0
    endloop
  endfacet
  facet normal -0 0 -1
    outer loop
      vertex 74.5911 46.1058 0
      vertex 66.6964 45.1112 0
      vertex 74.3632 46.8573 0
    endloop
  endfacet
  facet normal 0 0 -1
    outer loop
      vertex 66.5247 -45.7519 0
      vertex 73.3923 -49 0
      vertex 72.9776 -49.6668 0
    endloop
  endfacet
  facet normal 0 0 -1
    outer loop
      vertex 66.6855 45.2219 0
      vertex 74.3632 46.8573 0
      vertex 66.6964 45.1112 0
    endloop
  endfacet
  facet normal 0 0 -1
    outer loop
      vertex 66.4722 -45.85 0
      vertex 72.9776 -49.6668 0
      vertex 72.5202 -50.3051 0
    endloop
  endfacet
  facet normal -0 0 -1
    outer loop
      vertex 74.3632 46.8573 0
      vertex 66.6855 45.2219 0
      vertex 74.0865 47.5922 0
    endloop
  endfacet
  facet normal 0 0 -1
    outer loop
      vertex 66.3487 -46.0349 0
      vertex 72.5202 -50.3051 0
      vertex 72.0221 -50.9122 0
    endloop
  endfacet
  facet normal 0 0 -1
    outer loop
      vertex 66.6673 45.3317 0
      vertex 74.0865 47.5922 0
      vertex 66.6855 45.2219 0
    endloop
  endfacet
  facet normal 0 0 -1
    outer loop
      vertex 66.2781 -46.1209 0
      vertex 72.0221 -50.9122 0
      vertex 71.4853 -51.4853 0
    endloop
  endfacet
  facet normal 0 0 -1
    outer loop
      vertex 66.6421 45.44 0
      vertex 74.0865 47.5922 0
      vertex 66.6673 45.3317 0
    endloop
  endfacet
  facet normal 0 0 -1
    outer loop
      vertex 66.1209 -46.2781 0
      vertex 71.4853 -51.4853 0
      vertex 70.9122 -52.0221 0
    endloop
  endfacet
  facet normal -0 0 -1
    outer loop
      vertex 74.0865 47.5922 0
      vertex 66.6421 45.44 0
      vertex 73.7625 48.3075 0
    endloop
  endfacet
  facet normal 0 0 -1
    outer loop
      vertex 66.0349 -46.3487 0
      vertex 70.9122 -52.0221 0
      vertex 70.3051 -52.5202 0
    endloop
  endfacet
  facet normal 0 0 -1
    outer loop
      vertex 66.6098 45.5464 0
      vertex 73.7625 48.3075 0
      vertex 66.6421 45.44 0
    endloop
  endfacet
  facet normal 0 0 -1
    outer loop
      vertex 65.85 -46.4722 0
      vertex 70.3051 -52.5202 0
      vertex 69.6668 -52.9776 0
    endloop
  endfacet
  facet normal -0 0 -1
    outer loop
      vertex 73.7625 48.3075 0
      vertex 66.6098 45.5464 0
      vertex 73.3923 49 0
    endloop
  endfacet
  facet normal 0 0 -1
    outer loop
      vertex 65.7519 -46.5247 0
      vertex 69.6668 -52.9776 0
      vertex 69 -53.3923 0
    endloop
  endfacet
  facet normal 0 0 -1
    outer loop
      vertex 66.5706 45.6506 0
      vertex 73.3923 49 0
      vertex 66.6098 45.5464 0
    endloop
  endfacet
  facet normal 0 0 -1
    outer loop
      vertex 65.5464 -46.6098 0
      vertex 69 -53.3923 0
      vertex 68.3075 -53.7625 0
    endloop
  endfacet
  facet normal 0 0 -1
    outer loop
      vertex 66.5247 45.7519 0
      vertex 73.3923 49 0
      vertex 66.5706 45.6506 0
    endloop
  endfacet
  facet normal 0 0 -1
    outer loop
      vertex 65.44 -46.6421 0
      vertex 68.3075 -53.7625 0
      vertex 67.5922 -54.0865 0
    endloop
  endfacet
  facet normal -0 0 -1
    outer loop
      vertex 73.3923 49 0
      vertex 66.5247 45.7519 0
      vertex 72.9776 49.6668 0
    endloop
  endfacet
  facet normal 0 0 -1
    outer loop
      vertex 65.2219 -46.6855 0
      vertex 67.5922 -54.0865 0
      vertex 66.8573 -54.3632 0
    endloop
  endfacet
  facet normal 0 0 -1
    outer loop
      vertex 66.4722 45.85 0
      vertex 72.9776 49.6668 0
      vertex 66.5247 45.7519 0
    endloop
  endfacet
  facet normal -0 0 -1
    outer loop
      vertex 72.9776 49.6668 0
      vertex 66.4722 45.85 0
      vertex 72.5202 50.3051 0
    endloop
  endfacet
  facet normal 0 0 -1
    outer loop
      vertex 74.5911 -46.1058 0
      vertex 66.6964 -45.1112 0
      vertex 66.7 -45 0
    endloop
  endfacet
  facet normal 0 0 -1
    outer loop
      vertex 74.3632 -46.8573 0
      vertex 66.6855 -45.2219 0
      vertex 66.6964 -45.1112 0
    endloop
  endfacet
  facet normal 0 0 -1
    outer loop
      vertex 74.0865 -47.5922 0
      vertex 66.6673 -45.3317 0
      vertex 66.6855 -45.2219 0
    endloop
  endfacet
  facet normal 0 0 -1
    outer loop
      vertex 74.0865 -47.5922 0
      vertex 66.6421 -45.44 0
      vertex 66.6673 -45.3317 0
    endloop
  endfacet
  facet normal 0 0 -1
    outer loop
      vertex 73.7625 -48.3075 0
      vertex 66.6098 -45.5464 0
      vertex 66.6421 -45.44 0
    endloop
  endfacet
  facet normal 0 0 -1
    outer loop
      vertex 73.3923 -49 0
      vertex 66.5706 -45.6506 0
      vertex 66.6098 -45.5464 0
    endloop
  endfacet
  facet normal 0 0 -1
    outer loop
      vertex 73.3923 -49 0
      vertex 66.5247 -45.7519 0
      vertex 66.5706 -45.6506 0
    endloop
  endfacet
  facet normal 0 0 -1
    outer loop
      vertex 72.9776 -49.6668 0
      vertex 66.4722 -45.85 0
      vertex 66.5247 -45.7519 0
    endloop
  endfacet
  facet normal 0 0 -1
    outer loop
      vertex 72.5202 -50.3051 0
      vertex 66.4135 -45.9445 0
      vertex 66.4722 -45.85 0
    endloop
  endfacet
  facet normal 0 0 -1
    outer loop
      vertex 72.5202 -50.3051 0
      vertex 66.3487 -46.0349 0
      vertex 66.4135 -45.9445 0
    endloop
  endfacet
  facet normal 0 0 -1
    outer loop
      vertex 72.0221 -50.9122 0
      vertex 66.2781 -46.1209 0
      vertex 66.3487 -46.0349 0
    endloop
  endfacet
  facet normal 0 0 -1
    outer loop
      vertex 71.4853 -51.4853 0
      vertex 66.2021 -46.2021 0
      vertex 66.2781 -46.1209 0
    endloop
  endfacet
  facet normal 0 0 -1
    outer loop
      vertex 71.4853 -51.4853 0
      vertex 66.1209 -46.2781 0
      vertex 66.2021 -46.2021 0
    endloop
  endfacet
  facet normal 0 0 -1
    outer loop
      vertex 65.1112 -46.6964 0
      vertex 66.8573 -54.3632 0
      vertex 66.1058 -54.5911 0
    endloop
  endfacet
  facet normal 0 0 -1
    outer loop
      vertex 70.9122 -52.0221 0
      vertex 66.0349 -46.3487 0
      vertex 66.1209 -46.2781 0
    endloop
  endfacet
  facet normal 0 0 -1
    outer loop
      vertex 70.3051 -52.5202 0
      vertex 65.9445 -46.4135 0
      vertex 66.0349 -46.3487 0
    endloop
  endfacet
  facet normal 0 0 -1
    outer loop
      vertex 70.3051 -52.5202 0
      vertex 65.85 -46.4722 0
      vertex 65.9445 -46.4135 0
    endloop
  endfacet
  facet normal 0 0 -1
    outer loop
      vertex 69.6668 -52.9776 0
      vertex 65.7519 -46.5247 0
      vertex 65.85 -46.4722 0
    endloop
  endfacet
  facet normal 0 0 -1
    outer loop
      vertex 69 -53.3923 0
      vertex 65.6506 -46.5706 0
      vertex 65.7519 -46.5247 0
    endloop
  endfacet
  facet normal 0 0 -1
    outer loop
      vertex 69 -53.3923 0
      vertex 65.5464 -46.6098 0
      vertex 65.6506 -46.5706 0
    endloop
  endfacet
  facet normal 0 0 -1
    outer loop
      vertex 68.3075 -53.7625 0
      vertex 65.44 -46.6421 0
      vertex 65.5464 -46.6098 0
    endloop
  endfacet
  facet normal 0 0 -1
    outer loop
      vertex 65 -46.7 0
      vertex 66.1058 -54.5911 0
      vertex 65.3411 -54.7694 0
    endloop
  endfacet
  facet normal 0 0 -1
    outer loop
      vertex 67.5922 -54.0865 0
      vertex 65.3316 -46.6673 0
      vertex 65.44 -46.6421 0
    endloop
  endfacet
  facet normal 0 0 -1
    outer loop
      vertex 67.5922 -54.0865 0
      vertex 65.2219 -46.6855 0
      vertex 65.3316 -46.6673 0
    endloop
  endfacet
  facet normal 0 0 -1
    outer loop
      vertex 66.8573 -54.3632 0
      vertex 65.1112 -46.6964 0
      vertex 65.2219 -46.6855 0
    endloop
  endfacet
  facet normal 0 0 -1
    outer loop
      vertex 66.1058 -54.5911 0
      vertex 65 -46.7 0
      vertex 65.1112 -46.6964 0
    endloop
  endfacet
  facet normal 0 0 -1
    outer loop
      vertex 65.3411 -54.7694 0
      vertex 64.8888 -46.6964 0
      vertex 65 -46.7 0
    endloop
  endfacet
  facet normal 0 0 -1
    outer loop
      vertex 65.3411 -54.7694 0
      vertex 64.7781 -46.6855 0
      vertex 64.8888 -46.6964 0
    endloop
  endfacet
  facet normal 0 0 -1
    outer loop
      vertex 64.5663 -54.8973 0
      vertex 64.7781 -46.6855 0
      vertex 65.3411 -54.7694 0
    endloop
  endfacet
  facet normal -0 0 -1
    outer loop
      vertex 64.7781 -46.6855 0
      vertex 64.5663 -54.8973 0
      vertex 64.6684 -46.6673 0
    endloop
  endfacet
  facet normal 0 0 -1
    outer loop
      vertex 63.7848 -54.9743 0
      vertex 64.6684 -46.6673 0
      vertex 64.5663 -54.8973 0
    endloop
  endfacet
  facet normal -0 0 -1
    outer loop
      vertex 64.6684 -46.6673 0
      vertex 63.7848 -54.9743 0
      vertex 64.56 -46.6421 0
    endloop
  endfacet
  facet normal -0 0 -1
    outer loop
      vertex 64.56 -46.6421 0
      vertex 63.7848 -54.9743 0
      vertex 64.4536 -46.6098 0
    endloop
  endfacet
  facet normal 0 0 -1
    outer loop
      vertex 63 -55 0
      vertex 64.4536 -46.6098 0
      vertex 63.7848 -54.9743 0
    endloop
  endfacet
  facet normal -0 0 -1
    outer loop
      vertex 64.4536 -46.6098 0
      vertex 63 -55 0
      vertex 64.3494 -46.5706 0
    endloop
  endfacet
  facet normal -0 0 -1
    outer loop
      vertex 64.3494 -46.5706 0
      vertex 63 -55 0
      vertex 64.2481 -46.5247 0
    endloop
  endfacet
  facet normal -0 0 -1
    outer loop
      vertex 64.2481 -46.5247 0
      vertex 63 -55 0
      vertex 64.15 -46.4722 0
    endloop
  endfacet
  facet normal -0 0 -1
    outer loop
      vertex 64.15 -46.4722 0
      vertex 63 -55 0
      vertex 64.0555 -46.4135 0
    endloop
  endfacet
  facet normal -0 0 -1
    outer loop
      vertex 64.0555 -46.4135 0
      vertex 63 -55 0
      vertex 63.9651 -46.3487 0
    endloop
  endfacet
  facet normal -0 0 -1
    outer loop
      vertex 63.9651 -46.3487 0
      vertex 63 -55 0
      vertex 63.8791 -46.2781 0
    endloop
  endfacet
  facet normal -0 0 -1
    outer loop
      vertex 63.8791 -46.2781 0
      vertex 63 -55 0
      vertex 63.7979 -46.2021 0
    endloop
  endfacet
  facet normal -0 0 -1
    outer loop
      vertex 63.7979 -46.2021 0
      vertex 63 -55 0
      vertex 63.7219 -46.1209 0
    endloop
  endfacet
  facet normal -0 0 -1
    outer loop
      vertex 63.7219 -46.1209 0
      vertex 63 -55 0
      vertex 63.6513 -46.0349 0
    endloop
  endfacet
  facet normal -0 0 -1
    outer loop
      vertex 63.6513 -46.0349 0
      vertex 63 -55 0
      vertex 63.5865 -45.9445 0
    endloop
  endfacet
  facet normal -0 0 -1
    outer loop
      vertex 63.5865 -45.9445 0
      vertex 63 -55 0
      vertex 63.5278 -45.85 0
    endloop
  endfacet
  facet normal -0 0 -1
    outer loop
      vertex 63.5278 -45.85 0
      vertex 63 -55 0
      vertex 63.4753 -45.7519 0
    endloop
  endfacet
  facet normal -0 0 -1
    outer loop
      vertex 63.4753 -45.7519 0
      vertex 63 -55 0
      vertex 63.4294 -45.6506 0
    endloop
  endfacet
  facet normal -0 0 -1
    outer loop
      vertex 63.4294 -45.6506 0
      vertex 63 -55 0
      vertex 63.3902 -45.5464 0
    endloop
  endfacet
  facet normal -0 0 -1
    outer loop
      vertex 63.3902 -45.5464 0
      vertex 63 -55 0
      vertex 63.3579 -45.44 0
    endloop
  endfacet
  facet normal -0 0 -1
    outer loop
      vertex 63.3579 -45.44 0
      vertex 63 -55 0
      vertex 63.3327 -45.3317 0
    endloop
  endfacet
  facet normal -0 0 -1
    outer loop
      vertex 63.3327 -45.3317 0
      vertex 63 -55 0
      vertex 63.3145 -45.2219 0
    endloop
  endfacet
  facet normal 0 0 -1
    outer loop
      vertex 63.3145 -45.2219 0
      vertex 32.1554 -20.8907 0
      vertex 63.3036 -45.1112 0
    endloop
  endfacet
  facet normal 0 -0 -1
    outer loop
      vertex 32.1554 -20.8907 0
      vertex 63.3145 -45.2219 0
      vertex 30.7802 -21.1178 0
    endloop
  endfacet
  facet normal 0 0 -1
    outer loop
      vertex 30.7802 -21.1178 0
      vertex 63.3145 -45.2219 0
      vertex 63 -55 0
    endloop
  endfacet
  facet normal 0 0 -1
    outer loop
      vertex 66.4135 45.9445 0
      vertex 72.5202 50.3051 0
      vertex 66.4722 45.85 0
    endloop
  endfacet
  facet normal 0 0 -1
    outer loop
      vertex 66.3487 46.0349 0
      vertex 72.5202 50.3051 0
      vertex 66.4135 45.9445 0
    endloop
  endfacet
  facet normal -0 0 -1
    outer loop
      vertex 72.5202 50.3051 0
      vertex 66.3487 46.0349 0
      vertex 72.0221 50.9122 0
    endloop
  endfacet
  facet normal 0 0 -1
    outer loop
      vertex 66.2781 46.1209 0
      vertex 72.0221 50.9122 0
      vertex 66.3487 46.0349 0
    endloop
  endfacet
  facet normal -0 0 -1
    outer loop
      vertex 72.0221 50.9122 0
      vertex 66.2781 46.1209 0
      vertex 71.4853 51.4853 0
    endloop
  endfacet
  facet normal 0 0 -1
    outer loop
      vertex 66.2021 46.2021 0
      vertex 71.4853 51.4853 0
      vertex 66.2781 46.1209 0
    endloop
  endfacet
  facet normal 0 0 -1
    outer loop
      vertex 66.1209 46.2781 0
      vertex 71.4853 51.4853 0
      vertex 66.2021 46.2021 0
    endloop
  endfacet
  facet normal -0 0 -1
    outer loop
      vertex 71.4853 51.4853 0
      vertex 66.1209 46.2781 0
      vertex 70.9122 52.0221 0
    endloop
  endfacet
  facet normal 0 0 -1
    outer loop
      vertex 66.0349 46.3487 0
      vertex 70.9122 52.0221 0
      vertex 66.1209 46.2781 0
    endloop
  endfacet
  facet normal -0 0 -1
    outer loop
      vertex 70.9122 52.0221 0
      vertex 66.0349 46.3487 0
      vertex 70.3051 52.5202 0
    endloop
  endfacet
  facet normal 0 0 -1
    outer loop
      vertex 65.9445 46.4135 0
      vertex 70.3051 52.5202 0
      vertex 66.0349 46.3487 0
    endloop
  endfacet
  facet normal 0 0 -1
    outer loop
      vertex 65.85 46.4722 0
      vertex 70.3051 52.5202 0
      vertex 65.9445 46.4135 0
    endloop
  endfacet
  facet normal -0 0 -1
    outer loop
      vertex 70.3051 52.5202 0
      vertex 65.85 46.4722 0
      vertex 69.6668 52.9776 0
    endloop
  endfacet
  facet normal 0 0 -1
    outer loop
      vertex 65.7519 46.5247 0
      vertex 69.6668 52.9776 0
      vertex 65.85 46.4722 0
    endloop
  endfacet
  facet normal -0 0 -1
    outer loop
      vertex 69.6668 52.9776 0
      vertex 65.7519 46.5247 0
      vertex 69 53.3923 0
    endloop
  endfacet
  facet normal 0 0 -1
    outer loop
      vertex 65.6506 46.5706 0
      vertex 69 53.3923 0
      vertex 65.7519 46.5247 0
    endloop
  endfacet
  facet normal 0 0 -1
    outer loop
      vertex 65.5464 46.6098 0
      vertex 69 53.3923 0
      vertex 65.6506 46.5706 0
    endloop
  endfacet
  facet normal -0 0 -1
    outer loop
      vertex 69 53.3923 0
      vertex 65.5464 46.6098 0
      vertex 68.3075 53.7625 0
    endloop
  endfacet
  facet normal 0 0 -1
    outer loop
      vertex 65.44 46.6421 0
      vertex 68.3075 53.7625 0
      vertex 65.5464 46.6098 0
    endloop
  endfacet
  facet normal -0 0 -1
    outer loop
      vertex 68.3075 53.7625 0
      vertex 65.44 46.6421 0
      vertex 67.5922 54.0865 0
    endloop
  endfacet
  facet normal 0 0 -1
    outer loop
      vertex 65.3316 46.6673 0
      vertex 67.5922 54.0865 0
      vertex 65.44 46.6421 0
    endloop
  endfacet
  facet normal 0 0 -1
    outer loop
      vertex 65.2219 46.6855 0
      vertex 67.5922 54.0865 0
      vertex 65.3316 46.6673 0
    endloop
  endfacet
  facet normal -0 0 -1
    outer loop
      vertex 67.5922 54.0865 0
      vertex 65.2219 46.6855 0
      vertex 66.8573 54.3632 0
    endloop
  endfacet
  facet normal 0 0 -1
    outer loop
      vertex 65.1112 46.6964 0
      vertex 66.8573 54.3632 0
      vertex 65.2219 46.6855 0
    endloop
  endfacet
  facet normal -0 0 -1
    outer loop
      vertex 66.8573 54.3632 0
      vertex 65.1112 46.6964 0
      vertex 66.1058 54.5911 0
    endloop
  endfacet
  facet normal 0 0 -1
    outer loop
      vertex 65 46.7 0
      vertex 66.1058 54.5911 0
      vertex 65.1112 46.6964 0
    endloop
  endfacet
  facet normal -0 0 -1
    outer loop
      vertex 66.1058 54.5911 0
      vertex 65 46.7 0
      vertex 65.3411 54.7694 0
    endloop
  endfacet
  facet normal 0 0 -1
    outer loop
      vertex 64.8888 46.6964 0
      vertex 65.3411 54.7694 0
      vertex 65 46.7 0
    endloop
  endfacet
  facet normal 0 0 -1
    outer loop
      vertex 64.7781 46.6855 0
      vertex 65.3411 54.7694 0
      vertex 64.8888 46.6964 0
    endloop
  endfacet
  facet normal 0 0 -1
    outer loop
      vertex 64.5663 54.8973 0
      vertex 64.7781 46.6855 0
      vertex 64.6684 46.6673 0
    endloop
  endfacet
  facet normal 0 0 -1
    outer loop
      vertex 64.7781 46.6855 0
      vertex 64.5663 54.8973 0
      vertex 65.3411 54.7694 0
    endloop
  endfacet
  facet normal 0 0 -1
    outer loop
      vertex 63.7848 54.9743 0
      vertex 64.6684 46.6673 0
      vertex 64.56 46.6421 0
    endloop
  endfacet
  facet normal 0 0 -1
    outer loop
      vertex 63.7848 54.9743 0
      vertex 64.56 46.6421 0
      vertex 64.4536 46.6098 0
    endloop
  endfacet
  facet normal 0 0 -1
    outer loop
      vertex 63 55 0
      vertex 64.4536 46.6098 0
      vertex 64.3494 46.5706 0
    endloop
  endfacet
  facet normal 0 0 -1
    outer loop
      vertex 63 55 0
      vertex 64.3494 46.5706 0
      vertex 64.2481 46.5247 0
    endloop
  endfacet
  facet normal 0 0 -1
    outer loop
      vertex 63 55 0
      vertex 64.2481 46.5247 0
      vertex 64.15 46.4722 0
    endloop
  endfacet
  facet normal 0 0 -1
    outer loop
      vertex 63 55 0
      vertex 64.15 46.4722 0
      vertex 64.0555 46.4135 0
    endloop
  endfacet
  facet normal 0 0 -1
    outer loop
      vertex 63 55 0
      vertex 64.0555 46.4135 0
      vertex 63.9651 46.3487 0
    endloop
  endfacet
  facet normal 0 0 -1
    outer loop
      vertex 63 55 0
      vertex 63.9651 46.3487 0
      vertex 63.8791 46.2781 0
    endloop
  endfacet
  facet normal 0 0 -1
    outer loop
      vertex 63 55 0
      vertex 63.8791 46.2781 0
      vertex 63.7979 46.2021 0
    endloop
  endfacet
  facet normal 0 0 -1
    outer loop
      vertex 64.6684 46.6673 0
      vertex 63.7848 54.9743 0
      vertex 64.5663 54.8973 0
    endloop
  endfacet
  facet normal 0 0 -1
    outer loop
      vertex 63 55 0
      vertex 63.7979 46.2021 0
      vertex 63.7219 46.1209 0
    endloop
  endfacet
  facet normal 0 0 -1
    outer loop
      vertex 63 55 0
      vertex 63.7219 46.1209 0
      vertex 63.6513 46.0349 0
    endloop
  endfacet
  facet normal 0 0 -1
    outer loop
      vertex 63 55 0
      vertex 63.6513 46.0349 0
      vertex 63.5865 45.9445 0
    endloop
  endfacet
  facet normal 0 0 -1
    outer loop
      vertex 63 55 0
      vertex 63.5865 45.9445 0
      vertex 63.5278 45.85 0
    endloop
  endfacet
  facet normal 0 0 -1
    outer loop
      vertex 63 55 0
      vertex 63.5278 45.85 0
      vertex 63.4753 45.7519 0
    endloop
  endfacet
  facet normal 0 0 -1
    outer loop
      vertex 63 55 0
      vertex 63.4753 45.7519 0
      vertex 63.4294 45.6506 0
    endloop
  endfacet
  facet normal 0 0 -1
    outer loop
      vertex 63 55 0
      vertex 63.4294 45.6506 0
      vertex 63.3902 45.5464 0
    endloop
  endfacet
  facet normal 0 0 -1
    outer loop
      vertex 63 55 0
      vertex 63.3902 45.5464 0
      vertex 63.3579 45.44 0
    endloop
  endfacet
  facet normal 0 0 -1
    outer loop
      vertex 63 55 0
      vertex 63.3579 45.44 0
      vertex 63.3327 45.3317 0
    endloop
  endfacet
  facet normal 0 0 -1
    outer loop
      vertex 63 55 0
      vertex 63.3327 45.3317 0
      vertex 63.3145 45.2219 0
    endloop
  endfacet
  facet normal 0 0 -1
    outer loop
      vertex 63 55 0
      vertex 63.3145 45.2219 0
      vertex 63.3036 45.1112 0
    endloop
  endfacet
  facet normal 0 0 -1
    outer loop
      vertex 64.4536 46.6098 0
      vertex 63 55 0
      vertex 63.7848 54.9743 0
    endloop
  endfacet
  facet normal 0 0 -1
    outer loop
      vertex 63.3 45 0
      vertex 63 55 0
      vertex 63.3036 45.1112 0
    endloop
  endfacet
  facet normal 0 0 -1
    outer loop
      vertex 75 -43 0
      vertex 49.3 0 0
      vertex 75 43 0
    endloop
  endfacet
  facet normal 0 0 -1
    outer loop
      vertex 40.9666 16.8984 0
      vertex 63.8791 43.7219 0
      vertex 42.0441 16.0142 0
    endloop
  endfacet
  facet normal -0 0 -1
    outer loop
      vertex 63.9651 43.6513 0
      vertex 42.0441 16.0142 0
      vertex 63.8791 43.7219 0
    endloop
  endfacet
  facet normal 0 0 -1
    outer loop
      vertex 75 -43 0
      vertex 49.1178 -2.78021 0
      vertex 49.2544 -1.39309 0
    endloop
  endfacet
  facet normal 0 0 -1
    outer loop
      vertex 75 -43 0
      vertex 48.8907 -4.15542 0
      vertex 49.1178 -2.78021 0
    endloop
  endfacet
  facet normal 0 0 -1
    outer loop
      vertex 75 -43 0
      vertex 48.5742 -5.51285 0
      vertex 48.8907 -4.15542 0
    endloop
  endfacet
  facet normal 0 0 -1
    outer loop
      vertex 75 -43 0
      vertex 48.1696 -6.84666 0
      vertex 48.5742 -5.51285 0
    endloop
  endfacet
  facet normal 0 0 -1
    outer loop
      vertex 75 -43 0
      vertex 47.6786 -8.15116 0
      vertex 48.1696 -6.84666 0
    endloop
  endfacet
  facet normal 0 0 -1
    outer loop
      vertex 75 -43 0
      vertex 47.1034 -9.42075 0
      vertex 47.6786 -8.15116 0
    endloop
  endfacet
  facet normal 0 0 -1
    outer loop
      vertex 65.1112 -43.3036 0
      vertex 46.4463 -10.65 0
      vertex 47.1034 -9.42075 0
    endloop
  endfacet
  facet normal 0 0 -1
    outer loop
      vertex 64.8888 -43.3036 0
      vertex 45.7103 -11.8336 0
      vertex 46.4463 -10.65 0
    endloop
  endfacet
  facet normal 0 0 -1
    outer loop
      vertex 64.6684 -43.3327 0
      vertex 44.8984 -12.9666 0
      vertex 45.7103 -11.8336 0
    endloop
  endfacet
  facet normal 0 0 -1
    outer loop
      vertex 64.4536 -43.3902 0
      vertex 44.0142 -14.0441 0
      vertex 44.8984 -12.9666 0
    endloop
  endfacet
  facet normal 0 0 -1
    outer loop
      vertex 64.2481 -43.4753 0
      vertex 43.0614 -15.0614 0
      vertex 44.0142 -14.0441 0
    endloop
  endfacet
  facet normal 0 0 -1
    outer loop
      vertex 64.0555 -43.5865 0
      vertex 42.0441 -16.0142 0
      vertex 43.0614 -15.0614 0
    endloop
  endfacet
  facet normal 0 0 -1
    outer loop
      vertex 63.8791 -43.7219 0
      vertex 40.9666 -16.8984 0
      vertex 42.0441 -16.0142 0
    endloop
  endfacet
  facet normal 0 0 -1
    outer loop
      vertex 63.7219 -43.8791 0
      vertex 39.8336 -17.7103 0
      vertex 40.9666 -16.8984 0
    endloop
  endfacet
  facet normal 0 0 -1
    outer loop
      vertex 63.5865 -44.0555 0
      vertex 38.65 -18.4463 0
      vertex 39.8336 -17.7103 0
    endloop
  endfacet
  facet normal 0 0 -1
    outer loop
      vertex 63.4753 -44.2481 0
      vertex 37.4207 -19.1034 0
      vertex 38.65 -18.4463 0
    endloop
  endfacet
  facet normal 0 0 -1
    outer loop
      vertex 63.3902 -44.4536 0
      vertex 36.1512 -19.6786 0
      vertex 37.4207 -19.1034 0
    endloop
  endfacet
  facet normal 0 0 -1
    outer loop
      vertex 63.3579 -44.56 0
      vertex 34.8467 -20.1696 0
      vertex 36.1512 -19.6786 0
    endloop
  endfacet
  facet normal 0 0 -1
    outer loop
      vertex 63.3145 -44.7781 0
      vertex 33.5128 -20.5742 0
      vertex 34.8467 -20.1696 0
    endloop
  endfacet
  facet normal 0 0 -1
    outer loop
      vertex 63.3 -45 0
      vertex 32.1554 -20.8907 0
      vertex 33.5128 -20.5742 0
    endloop
  endfacet
  facet normal 0 0 -1
    outer loop
      vertex 63.3036 -45.1112 0
      vertex 32.1554 -20.8907 0
      vertex 63.3 -45 0
    endloop
  endfacet
  facet normal 0 0 -1
    outer loop
      vertex 63 -55 0
      vertex 29.3931 -21.2544 0
      vertex 30.7802 -21.1178 0
    endloop
  endfacet
  facet normal 0 0 -1
    outer loop
      vertex 63 -55 0
      vertex 28 -21.3 0
      vertex 29.3931 -21.2544 0
    endloop
  endfacet
  facet normal 0 0 -1
    outer loop
      vertex 63 -55 0
      vertex 26.6069 -21.2544 0
      vertex 28 -21.3 0
    endloop
  endfacet
  facet normal 0 0 -1
    outer loop
      vertex 63 -55 0
      vertex 25.2198 -21.1178 0
      vertex 26.6069 -21.2544 0
    endloop
  endfacet
  facet normal 0 0 -1
    outer loop
      vertex 63 -55 0
      vertex 23.8446 -20.8907 0
      vertex 25.2198 -21.1178 0
    endloop
  endfacet
  facet normal 0 0 -1
    outer loop
      vertex 63 -55 0
      vertex 22.4872 -20.5742 0
      vertex 23.8446 -20.8907 0
    endloop
  endfacet
  facet normal 0 0 -1
    outer loop
      vertex 63 -55 0
      vertex 21.1533 -20.1696 0
      vertex 22.4872 -20.5742 0
    endloop
  endfacet
  facet normal 0 0 -1
    outer loop
      vertex -63 -55 0
      vertex 21.1533 -20.1696 0
      vertex 63 -55 0
    endloop
  endfacet
  facet normal -0 0 -1
    outer loop
      vertex 21.1533 -20.1696 0
      vertex -63 -55 0
      vertex 19.8488 -19.6786 0
    endloop
  endfacet
  facet normal -0 0 -1
    outer loop
      vertex 19.8488 -19.6786 0
      vertex -63 -55 0
      vertex 18.5793 -19.1034 0
    endloop
  endfacet
  facet normal -0 0 -1
    outer loop
      vertex 18.5793 -19.1034 0
      vertex -63 -55 0
      vertex 17.35 -18.4463 0
    endloop
  endfacet
  facet normal -0 0 -1
    outer loop
      vertex 17.35 -18.4463 0
      vertex -63 -55 0
      vertex 16.1664 -17.7103 0
    endloop
  endfacet
  facet normal 0 0 -1
    outer loop
      vertex -27.9323 -0.987587 0
      vertex 6.7 0 0
      vertex 6.7456 -1.39309 0
    endloop
  endfacet
  facet normal 0 0 -1
    outer loop
      vertex -28.0292 -1.97095 0
      vertex 6.7456 -1.39309 0
      vertex 6.88222 -2.78021 0
    endloop
  endfacet
  facet normal 0 0 -1
    outer loop
      vertex -28.1901 -2.94586 0
      vertex 6.88222 -2.78021 0
      vertex 7.10927 -4.15542 0
    endloop
  endfacet
  facet normal 0 0 -1
    outer loop
      vertex -28.4145 -3.90817 0
      vertex 7.10927 -4.15542 0
      vertex 7.42578 -5.51285 0
    endloop
  endfacet
  facet normal 0 0 -1
    outer loop
      vertex -28.7014 -4.85374 0
      vertex 7.42578 -5.51285 0
      vertex 7.83039 -6.84666 0
    endloop
  endfacet
  facet normal 0 0 -1
    outer loop
      vertex -29.0494 -5.77852 0
      vertex 7.83039 -6.84666 0
      vertex 8.32137 -8.15116 0
    endloop
  endfacet
  facet normal 0 0 -1
    outer loop
      vertex -29.923 -7.55 0
      vertex 8.32137 -8.15116 0
      vertex 8.89661 -9.42075 0
    endloop
  endfacet
  facet normal 0 0 -1
    outer loop
      vertex -30.4448 -8.38911 0
      vertex 8.89661 -9.42075 0
      vertex 9.55366 -10.65 0
    endloop
  endfacet
  facet normal 0 0 -1
    outer loop
      vertex -31.0204 -9.1923 0
      vertex 9.55366 -10.65 0
      vertex 10.2897 -11.8336 0
    endloop
  endfacet
  facet normal 0 0 -1
    outer loop
      vertex -31.6472 -9.95612 0
      vertex 10.2897 -11.8336 0
      vertex 11.1016 -12.9666 0
    endloop
  endfacet
  facet normal 0 0 -1
    outer loop
      vertex -32.3227 -10.6773 0
      vertex 11.1016 -12.9666 0
      vertex 11.9858 -14.0441 0
    endloop
  endfacet
  facet normal 0 0 -1
    outer loop
      vertex -33.0439 -11.3528 0
      vertex 11.9858 -14.0441 0
      vertex 12.9386 -15.0614 0
    endloop
  endfacet
  facet normal 0 0 -1
    outer loop
      vertex -33.8077 -11.9796 0
      vertex 12.9386 -15.0614 0
      vertex 13.9559 -16.0142 0
    endloop
  endfacet
  facet normal 0 0 -1
    outer loop
      vertex -35.45 -13.077 0
      vertex 13.9559 -16.0142 0
      vertex 15.0334 -16.8984 0
    endloop
  endfacet
  facet normal -0 0 -1
    outer loop
      vertex 16.1664 -17.7103 0
      vertex -63 -55 0
      vertex 15.0334 -16.8984 0
    endloop
  endfacet
  facet normal -0 0 -1
    outer loop
      vertex 6.7 0 0
      vertex -27.9323 -0.987587 0
      vertex -27.9 0 0
    endloop
  endfacet
  facet normal -0 0 -1
    outer loop
      vertex 6.7456 -1.39309 0
      vertex -28.0292 -1.97095 0
      vertex -27.9323 -0.987587 0
    endloop
  endfacet
  facet normal -0 0 -1
    outer loop
      vertex 6.88222 -2.78021 0
      vertex -28.1901 -2.94586 0
      vertex -28.0292 -1.97095 0
    endloop
  endfacet
  facet normal 0 0 -1
    outer loop
      vertex 7.10927 -4.15542 0
      vertex -28.4145 -3.90817 0
      vertex -28.1901 -2.94586 0
    endloop
  endfacet
  facet normal 0 0 -1
    outer loop
      vertex 7.42578 -5.51285 0
      vertex -28.7014 -4.85374 0
      vertex -28.4145 -3.90817 0
    endloop
  endfacet
  facet normal 0 0 -1
    outer loop
      vertex 7.83039 -6.84666 0
      vertex -29.0494 -5.77852 0
      vertex -28.7014 -4.85374 0
    endloop
  endfacet
  facet normal 0 0 -1
    outer loop
      vertex 8.32137 -8.15116 0
      vertex -29.4572 -6.67856 0
      vertex -29.0494 -5.77852 0
    endloop
  endfacet
  facet normal 0 0 -1
    outer loop
      vertex 8.32137 -8.15116 0
      vertex -29.923 -7.55 0
      vertex -29.4572 -6.67856 0
    endloop
  endfacet
  facet normal 0 0 -1
    outer loop
      vertex 8.89661 -9.42075 0
      vertex -30.4448 -8.38911 0
      vertex -29.923 -7.55 0
    endloop
  endfacet
  facet normal 0 0 -1
    outer loop
      vertex 9.55366 -10.65 0
      vertex -31.0204 -9.1923 0
      vertex -30.4448 -8.38911 0
    endloop
  endfacet
  facet normal 0 0 -1
    outer loop
      vertex 10.2897 -11.8336 0
      vertex -31.6472 -9.95612 0
      vertex -31.0204 -9.1923 0
    endloop
  endfacet
  facet normal 0 0 -1
    outer loop
      vertex 11.1016 -12.9666 0
      vertex -32.3227 -10.6773 0
      vertex -31.6472 -9.95612 0
    endloop
  endfacet
  facet normal 0 0 -1
    outer loop
      vertex 11.9858 -14.0441 0
      vertex -33.0439 -11.3528 0
      vertex -32.3227 -10.6773 0
    endloop
  endfacet
  facet normal 0 0 -1
    outer loop
      vertex 12.9386 -15.0614 0
      vertex -33.8077 -11.9796 0
      vertex -33.0439 -11.3528 0
    endloop
  endfacet
  facet normal 0 0 -1
    outer loop
      vertex 13.9559 -16.0142 0
      vertex -34.6109 -12.5552 0
      vertex -33.8077 -11.9796 0
    endloop
  endfacet
  facet normal 0 -0 -1
    outer loop
      vertex -36.3214 -13.5428 0
      vertex 15.0334 -16.8984 0
      vertex -63 -55 0
    endloop
  endfacet
  facet normal 0 0 -1
    outer loop
      vertex 13.9559 -16.0142 0
      vertex -35.45 -13.077 0
      vertex -34.6109 -12.5552 0
    endloop
  endfacet
  facet normal 0 0 -1
    outer loop
      vertex 15.0334 -16.8984 0
      vertex -36.3214 -13.5428 0
      vertex -35.45 -13.077 0
    endloop
  endfacet
  facet normal 0 0 -1
    outer loop
      vertex -36.3214 -13.5428 0
      vertex -63 -55 0
      vertex -37.2215 -13.9506 0
    endloop
  endfacet
  facet normal 0 0 -1
    outer loop
      vertex -37.2215 -13.9506 0
      vertex -63 -55 0
      vertex -38.1463 -14.2986 0
    endloop
  endfacet
  facet normal 0 0 -1
    outer loop
      vertex -63.3 -45 0
      vertex -38.1463 -14.2986 0
      vertex -63 -55 0
    endloop
  endfacet
  facet normal 0 0 -1
    outer loop
      vertex -38.1463 -14.2986 0
      vertex -63.3 -45 0
      vertex -39.0918 -14.5855 0
    endloop
  endfacet
  facet normal 0 0 -1
    outer loop
      vertex -39.0918 -14.5855 0
      vertex -63.3 -45 0
      vertex -40.0541 -14.8099 0
    endloop
  endfacet
  facet normal 0 0 -1
    outer loop
      vertex -63.3036 -44.8888 0
      vertex -40.0541 -14.8099 0
      vertex -63.3 -45 0
    endloop
  endfacet
  facet normal 0 0 -1
    outer loop
      vertex -40.0541 -14.8099 0
      vertex -63.3036 -44.8888 0
      vertex -41.0291 -14.9708 0
    endloop
  endfacet
  facet normal 0 0 -1
    outer loop
      vertex -63.3145 -44.7781 0
      vertex -41.0291 -14.9708 0
      vertex -63.3036 -44.8888 0
    endloop
  endfacet
  facet normal 0 0 -1
    outer loop
      vertex -63.3327 -44.6683 0
      vertex -41.0291 -14.9708 0
      vertex -63.3145 -44.7781 0
    endloop
  endfacet
  facet normal 0 0 -1
    outer loop
      vertex -41.0291 -14.9708 0
      vertex -63.3327 -44.6683 0
      vertex -42.0124 -15.0677 0
    endloop
  endfacet
  facet normal 0 0 -1
    outer loop
      vertex -63.3579 -44.56 0
      vertex -42.0124 -15.0677 0
      vertex -63.3327 -44.6683 0
    endloop
  endfacet
  facet normal -0 0 -1
    outer loop
      vertex -48.7785 -13.9506 0
      vertex -64.15 -43.5278 0
      vertex -49.6786 -13.5428 0
    endloop
  endfacet
  facet normal 0 0 -1
    outer loop
      vertex -64.15 -43.5278 0
      vertex -48.7785 -13.9506 0
      vertex -64.0555 -43.5865 0
    endloop
  endfacet
  facet normal 0 0 -1
    outer loop
      vertex -64.0555 -43.5865 0
      vertex -48.7785 -13.9506 0
      vertex -63.9651 -43.6513 0
    endloop
  endfacet
  facet normal -0 0 -1
    outer loop
      vertex -47.8537 -14.2986 0
      vertex -63.9651 -43.6513 0
      vertex -48.7785 -13.9506 0
    endloop
  endfacet
  facet normal 0 0 -1
    outer loop
      vertex -63.9651 -43.6513 0
      vertex -47.8537 -14.2986 0
      vertex -63.8791 -43.7219 0
    endloop
  endfacet
  facet normal -0 0 -1
    outer loop
      vertex -46.9082 -14.5855 0
      vertex -63.8791 -43.7219 0
      vertex -47.8537 -14.2986 0
    endloop
  endfacet
  facet normal 0 0 -1
    outer loop
      vertex -63.8791 -43.7219 0
      vertex -46.9082 -14.5855 0
      vertex -63.7979 -43.7979 0
    endloop
  endfacet
  facet normal 0 0 -1
    outer loop
      vertex -63.7979 -43.7979 0
      vertex -46.9082 -14.5855 0
      vertex -63.7219 -43.8791 0
    endloop
  endfacet
  facet normal -0 0 -1
    outer loop
      vertex -45.9459 -14.8099 0
      vertex -63.7219 -43.8791 0
      vertex -46.9082 -14.5855 0
    endloop
  endfacet
  facet normal 0 0 -1
    outer loop
      vertex -63.7219 -43.8791 0
      vertex -45.9459 -14.8099 0
      vertex -63.6513 -43.9651 0
    endloop
  endfacet
  facet normal 0 0 -1
    outer loop
      vertex -63.6513 -43.9651 0
      vertex -45.9459 -14.8099 0
      vertex -63.5865 -44.0555 0
    endloop
  endfacet
  facet normal -0 0 -1
    outer loop
      vertex -44.9709 -14.9708 0
      vertex -63.5865 -44.0555 0
      vertex -45.9459 -14.8099 0
    endloop
  endfacet
  facet normal 0 0 -1
    outer loop
      vertex -63.5865 -44.0555 0
      vertex -44.9709 -14.9708 0
      vertex -63.5278 -44.15 0
    endloop
  endfacet
  facet normal -0 0 -1
    outer loop
      vertex -43.9876 -15.0677 0
      vertex -63.5278 -44.15 0
      vertex -44.9709 -14.9708 0
    endloop
  endfacet
  facet normal 0 0 -1
    outer loop
      vertex -63.5278 -44.15 0
      vertex -43.9876 -15.0677 0
      vertex -63.4753 -44.2481 0
    endloop
  endfacet
  facet normal 0 0 -1
    outer loop
      vertex -63.4753 -44.2481 0
      vertex -43.9876 -15.0677 0
      vertex -63.4294 -44.3494 0
    endloop
  endfacet
  facet normal -0 0 -1
    outer loop
      vertex -43 -15.1 0
      vertex -63.4294 -44.3494 0
      vertex -43.9876 -15.0677 0
    endloop
  endfacet
  facet normal 0 0 -1
    outer loop
      vertex -63.4294 -44.3494 0
      vertex -43 -15.1 0
      vertex -63.3902 -44.4536 0
    endloop
  endfacet
  facet normal 0 0 -1
    outer loop
      vertex -63.3902 -44.4536 0
      vertex -43 -15.1 0
      vertex -63.3579 -44.56 0
    endloop
  endfacet
  facet normal 0 0 -1
    outer loop
      vertex -42.0124 -15.0677 0
      vertex -63.3579 -44.56 0
      vertex -43 -15.1 0
    endloop
  endfacet
  facet normal -1 0 0
    outer loop
      vertex -75 -43 0
      vertex -75 43 3
      vertex -75 43 0
    endloop
  endfacet
  facet normal -1 -0 0
    outer loop
      vertex -75 43 3
      vertex -75 -43 0
      vertex -75 -43 3
    endloop
  endfacet
  facet normal -0.52812 0.84917 0
    outer loop
      vertex -69 53.3923 0
      vertex -69.6668 52.9776 3
      vertex -69 53.3923 3
    endloop
  endfacet
  facet normal -0.52812 0.84917 0
    outer loop
      vertex -69.6668 52.9776 3
      vertex -69 53.3923 0
      vertex -69.6668 52.9776 0
    endloop
  endfacet
  facet normal -0.634291 0.773094 0
    outer loop
      vertex -70.3051 52.5202 0
      vertex -70.9122 52.0221 3
      vertex -70.3051 52.5202 3
    endloop
  endfacet
  facet normal -0.634291 0.773094 0
    outer loop
      vertex -70.9122 52.0221 3
      vertex -70.3051 52.5202 0
      vertex -70.9122 52.0221 0
    endloop
  endfacet
  facet normal -0.582478 0.812846 0
    outer loop
      vertex -69.6668 52.9776 0
      vertex -70.3051 52.5202 3
      vertex -69.6668 52.9776 3
    endloop
  endfacet
  facet normal -0.582478 0.812846 0
    outer loop
      vertex -70.3051 52.5202 3
      vertex -69.6668 52.9776 0
      vertex -70.3051 52.5202 0
    endloop
  endfacet
  facet normal -0.412603 0.910911 0
    outer loop
      vertex -67.5922 54.0865 0
      vertex -68.3075 53.7625 3
      vertex -67.5922 54.0865 3
    endloop
  endfacet
  facet normal -0.412603 0.910911 0
    outer loop
      vertex -68.3075 53.7625 3
      vertex -67.5922 54.0865 0
      vertex -68.3075 53.7625 0
    endloop
  endfacet
  facet normal -0.0980537 0.995181 0
    outer loop
      vertex -63.7848 54.9743 0
      vertex -64.5663 54.8973 3
      vertex -63.7848 54.9743 3
    endloop
  endfacet
  facet normal -0.0980537 0.995181 0
    outer loop
      vertex -64.5663 54.8973 3
      vertex -63.7848 54.9743 0
      vertex -64.5663 54.8973 0
    endloop
  endfacet
  facet normal -0.227073 0.973878 0
    outer loop
      vertex -65.3411 54.7694 0
      vertex -66.1058 54.5911 3
      vertex -65.3411 54.7694 3
    endloop
  endfacet
  facet normal -0.227073 0.973878 0
    outer loop
      vertex -66.1058 54.5911 3
      vertex -65.3411 54.7694 0
      vertex -66.1058 54.5911 0
    endloop
  endfacet
  facet normal 0.634291 -0.773094 0
    outer loop
      vertex 70.3051 -52.5202 0
      vertex 70.9122 -52.0221 3
      vertex 70.3051 -52.5202 3
    endloop
  endfacet
  facet normal 0.634291 -0.773094 0
    outer loop
      vertex 70.9122 -52.0221 3
      vertex 70.3051 -52.5202 0
      vertex 70.9122 -52.0221 0
    endloop
  endfacet
  facet normal 0.352365 -0.935863 0
    outer loop
      vertex 66.8573 -54.3632 0
      vertex 67.5922 -54.0865 3
      vertex 66.8573 -54.3632 3
    endloop
  endfacet
  facet normal 0.352365 -0.935863 0
    outer loop
      vertex 67.5922 -54.0865 3
      vertex 66.8573 -54.3632 0
      vertex 67.5922 -54.0865 0
    endloop
  endfacet
  facet normal 0.412603 -0.910911 0
    outer loop
      vertex 67.5922 -54.0865 0
      vertex 68.3075 -53.7625 3
      vertex 67.5922 -54.0865 3
    endloop
  endfacet
  facet normal 0.412603 -0.910911 0
    outer loop
      vertex 68.3075 -53.7625 3
      vertex 67.5922 -54.0865 0
      vertex 68.3075 -53.7625 0
    endloop
  endfacet
  facet normal 0.0980537 -0.995181 0
    outer loop
      vertex 63.7848 -54.9743 0
      vertex 64.5663 -54.8973 3
      vertex 63.7848 -54.9743 3
    endloop
  endfacet
  facet normal 0.0980537 -0.995181 0
    outer loop
      vertex 64.5663 -54.8973 3
      vertex 63.7848 -54.9743 0
      vertex 64.5663 -54.8973 0
    endloop
  endfacet
  facet normal 0.812846 -0.582478 0
    outer loop
      vertex 72.5202 -50.3051 3
      vertex 72.9776 -49.6668 0
      vertex 72.9776 -49.6668 3
    endloop
  endfacet
  facet normal 0.812846 -0.582478 0
    outer loop
      vertex 72.9776 -49.6668 0
      vertex 72.5202 -50.3051 3
      vertex 72.5202 -50.3051 0
    endloop
  endfacet
  facet normal 0.986647 -0.162871 0
    outer loop
      vertex 74.7694 -45.3411 3
      vertex 74.8973 -44.5663 0
      vertex 74.8973 -44.5663 3
    endloop
  endfacet
  facet normal 0.986647 -0.162871 0
    outer loop
      vertex 74.8973 -44.5663 0
      vertex 74.7694 -45.3411 3
      vertex 74.7694 -45.3411 0
    endloop
  endfacet
  facet normal 0.881894 -0.471447 0
    outer loop
      vertex 73.3923 -49 3
      vertex 73.7625 -48.3075 0
      vertex 73.7625 -48.3075 3
    endloop
  endfacet
  facet normal 0.881894 -0.471447 0
    outer loop
      vertex 73.7625 -48.3075 0
      vertex 73.3923 -49 3
      vertex 73.3923 -49 0
    endloop
  endfacet
  facet normal 0.773094 -0.634291 0
    outer loop
      vertex 72.0221 -50.9122 3
      vertex 72.5202 -50.3051 0
      vertex 72.5202 -50.3051 3
    endloop
  endfacet
  facet normal 0.773094 -0.634291 0
    outer loop
      vertex 72.5202 -50.3051 0
      vertex 72.0221 -50.9122 3
      vertex 72.0221 -50.9122 0
    endloop
  endfacet
  facet normal 0.956963 0.290209 0
    outer loop
      vertex 74.5911 46.1058 3
      vertex 74.3632 46.8573 0
      vertex 74.3632 46.8573 3
    endloop
  endfacet
  facet normal 0.956963 0.290209 0
    outer loop
      vertex 74.3632 46.8573 0
      vertex 74.5911 46.1058 3
      vertex 74.5911 46.1058 0
    endloop
  endfacet
  facet normal 0.935863 0.352365 0
    outer loop
      vertex 74.3632 46.8573 3
      vertex 74.0865 47.5922 0
      vertex 74.0865 47.5922 3
    endloop
  endfacet
  facet normal 0.935863 0.352365 0
    outer loop
      vertex 74.0865 47.5922 0
      vertex 74.3632 46.8573 3
      vertex 74.3632 46.8573 0
    endloop
  endfacet
  facet normal 0.84917 0.52812 0
    outer loop
      vertex 73.3923 49 3
      vertex 72.9776 49.6668 0
      vertex 72.9776 49.6668 3
    endloop
  endfacet
  facet normal 0.84917 0.52812 0
    outer loop
      vertex 72.9776 49.6668 0
      vertex 73.3923 49 3
      vertex 73.3923 49 0
    endloop
  endfacet
  facet normal 0.52812 0.84917 -0
    outer loop
      vertex 69.6668 52.9776 0
      vertex 69 53.3923 3
      vertex 69.6668 52.9776 3
    endloop
  endfacet
  facet normal 0.52812 0.84917 0
    outer loop
      vertex 69 53.3923 3
      vertex 69.6668 52.9776 0
      vertex 69 53.3923 0
    endloop
  endfacet
  facet normal 0.683615 0.729843 -0
    outer loop
      vertex 71.4853 51.4853 0
      vertex 70.9122 52.0221 3
      vertex 71.4853 51.4853 3
    endloop
  endfacet
  facet normal 0.683615 0.729843 0
    outer loop
      vertex 70.9122 52.0221 3
      vertex 71.4853 51.4853 0
      vertex 70.9122 52.0221 0
    endloop
  endfacet
  facet normal 0.227073 0.973878 -0
    outer loop
      vertex 66.1058 54.5911 0
      vertex 65.3411 54.7694 3
      vertex 66.1058 54.5911 3
    endloop
  endfacet
  facet normal 0.227073 0.973878 0
    outer loop
      vertex 65.3411 54.7694 3
      vertex 66.1058 54.5911 0
      vertex 65.3411 54.7694 0
    endloop
  endfacet
  facet normal -0.162871 -0.986647 0
    outer loop
      vertex -65.3411 -54.7694 0
      vertex -64.5663 -54.8973 3
      vertex -65.3411 -54.7694 3
    endloop
  endfacet
  facet normal -0.162871 -0.986647 -0
    outer loop
      vertex -64.5663 -54.8973 3
      vertex -65.3411 -54.7694 0
      vertex -64.5663 -54.8973 0
    endloop
  endfacet
  facet normal -0.352365 -0.935863 0
    outer loop
      vertex -67.5922 -54.0865 0
      vertex -66.8573 -54.3632 3
      vertex -67.5922 -54.0865 3
    endloop
  endfacet
  facet normal -0.352365 -0.935863 -0
    outer loop
      vertex -66.8573 -54.3632 3
      vertex -67.5922 -54.0865 0
      vertex -66.8573 -54.3632 0
    endloop
  endfacet
  facet normal -0.412603 -0.910911 0
    outer loop
      vertex -68.3075 -53.7625 0
      vertex -67.5922 -54.0865 3
      vertex -68.3075 -53.7625 3
    endloop
  endfacet
  facet normal -0.412603 -0.910911 -0
    outer loop
      vertex -67.5922 -54.0865 3
      vertex -68.3075 -53.7625 0
      vertex -67.5922 -54.0865 0
    endloop
  endfacet
  facet normal -0.634291 -0.773094 0
    outer loop
      vertex -70.9122 -52.0221 0
      vertex -70.3051 -52.5202 3
      vertex -70.9122 -52.0221 3
    endloop
  endfacet
  facet normal -0.634291 -0.773094 -0
    outer loop
      vertex -70.3051 -52.5202 3
      vertex -70.9122 -52.0221 0
      vertex -70.3051 -52.5202 0
    endloop
  endfacet
  facet normal -0.683615 -0.729843 0
    outer loop
      vertex -71.4853 -51.4853 0
      vertex -70.9122 -52.0221 3
      vertex -71.4853 -51.4853 3
    endloop
  endfacet
  facet normal -0.683615 -0.729843 -0
    outer loop
      vertex -70.9122 -52.0221 3
      vertex -71.4853 -51.4853 0
      vertex -70.9122 -52.0221 0
    endloop
  endfacet
  facet normal -0.973878 -0.227073 0
    outer loop
      vertex -74.5911 -46.1058 0
      vertex -74.7694 -45.3411 3
      vertex -74.7694 -45.3411 0
    endloop
  endfacet
  facet normal -0.973878 -0.227073 0
    outer loop
      vertex -74.7694 -45.3411 3
      vertex -74.5911 -46.1058 0
      vertex -74.5911 -46.1058 3
    endloop
  endfacet
  facet normal -0.773094 -0.634291 0
    outer loop
      vertex -72.0221 -50.9122 0
      vertex -72.5202 -50.3051 3
      vertex -72.5202 -50.3051 0
    endloop
  endfacet
  facet normal -0.773094 -0.634291 0
    outer loop
      vertex -72.5202 -50.3051 3
      vertex -72.0221 -50.9122 0
      vertex -72.0221 -50.9122 3
    endloop
  endfacet
  facet normal -0.683615 0.729843 0
    outer loop
      vertex -70.9122 52.0221 0
      vertex -71.4853 51.4853 3
      vertex -70.9122 52.0221 3
    endloop
  endfacet
  facet normal -0.683615 0.729843 0
    outer loop
      vertex -71.4853 51.4853 3
      vertex -70.9122 52.0221 0
      vertex -71.4853 51.4853 0
    endloop
  endfacet
  facet normal -0.986647 0.162871 0
    outer loop
      vertex -74.8973 44.5663 0
      vertex -74.7694 45.3411 3
      vertex -74.7694 45.3411 0
    endloop
  endfacet
  facet normal -0.986647 0.162871 0
    outer loop
      vertex -74.7694 45.3411 3
      vertex -74.8973 44.5663 0
      vertex -74.8973 44.5663 3
    endloop
  endfacet
  facet normal -0.935863 0.352365 0
    outer loop
      vertex -74.3632 46.8573 0
      vertex -74.0865 47.5922 3
      vertex -74.0865 47.5922 0
    endloop
  endfacet
  facet normal -0.935863 0.352365 0
    outer loop
      vertex -74.0865 47.5922 3
      vertex -74.3632 46.8573 0
      vertex -74.3632 46.8573 3
    endloop
  endfacet
  facet normal -0.910911 0.412603 0
    outer loop
      vertex -74.0865 47.5922 0
      vertex -73.7625 48.3075 3
      vertex -73.7625 48.3075 0
    endloop
  endfacet
  facet normal -0.910911 0.412603 0
    outer loop
      vertex -73.7625 48.3075 3
      vertex -74.0865 47.5922 0
      vertex -74.0865 47.5922 3
    endloop
  endfacet
  facet normal -0.84917 0.52812 0
    outer loop
      vertex -73.3923 49 0
      vertex -72.9776 49.6668 3
      vertex -72.9776 49.6668 0
    endloop
  endfacet
  facet normal -0.84917 0.52812 0
    outer loop
      vertex -72.9776 49.6668 3
      vertex -73.3923 49 0
      vertex -73.3923 49 3
    endloop
  endfacet
  facet normal 0.683615 -0.729843 0
    outer loop
      vertex 70.9122 -52.0221 0
      vertex 71.4853 -51.4853 3
      vertex 70.9122 -52.0221 3
    endloop
  endfacet
  facet normal 0.683615 -0.729843 0
    outer loop
      vertex 71.4853 -51.4853 3
      vertex 70.9122 -52.0221 0
      vertex 71.4853 -51.4853 0
    endloop
  endfacet
  facet normal 0.973878 -0.227073 0
    outer loop
      vertex 74.5911 -46.1058 3
      vertex 74.7694 -45.3411 0
      vertex 74.7694 -45.3411 3
    endloop
  endfacet
  facet normal 0.973878 -0.227073 0
    outer loop
      vertex 74.7694 -45.3411 0
      vertex 74.5911 -46.1058 3
      vertex 74.5911 -46.1058 0
    endloop
  endfacet
  facet normal 0.995181 -0.0980537 0
    outer loop
      vertex 74.8973 -44.5663 3
      vertex 74.9743 -43.7848 0
      vertex 74.9743 -43.7848 3
    endloop
  endfacet
  facet normal 0.995181 -0.0980537 0
    outer loop
      vertex 74.9743 -43.7848 0
      vertex 74.8973 -44.5663 3
      vertex 74.8973 -44.5663 0
    endloop
  endfacet
  facet normal 0.910911 -0.412603 0
    outer loop
      vertex 73.7625 -48.3075 3
      vertex 74.0865 -47.5922 0
      vertex 74.0865 -47.5922 3
    endloop
  endfacet
  facet normal 0.910911 -0.412603 0
    outer loop
      vertex 74.0865 -47.5922 0
      vertex 73.7625 -48.3075 3
      vertex 73.7625 -48.3075 0
    endloop
  endfacet
  facet normal 0.935863 -0.352365 0
    outer loop
      vertex 74.0865 -47.5922 3
      vertex 74.3632 -46.8573 0
      vertex 74.3632 -46.8573 3
    endloop
  endfacet
  facet normal 0.935863 -0.352365 0
    outer loop
      vertex 74.3632 -46.8573 0
      vertex 74.0865 -47.5922 3
      vertex 74.0865 -47.5922 0
    endloop
  endfacet
  facet normal 0.84917 -0.52812 0
    outer loop
      vertex 72.9776 -49.6668 3
      vertex 73.3923 -49 0
      vertex 73.3923 -49 3
    endloop
  endfacet
  facet normal 0.84917 -0.52812 0
    outer loop
      vertex 73.3923 -49 0
      vertex 72.9776 -49.6668 3
      vertex 72.9776 -49.6668 0
    endloop
  endfacet
  facet normal 0.773094 0.634291 0
    outer loop
      vertex 72.5202 50.3051 3
      vertex 72.0221 50.9122 0
      vertex 72.0221 50.9122 3
    endloop
  endfacet
  facet normal 0.773094 0.634291 0
    outer loop
      vertex 72.0221 50.9122 0
      vertex 72.5202 50.3051 3
      vertex 72.5202 50.3051 0
    endloop
  endfacet
  facet normal 0.973878 0.227073 0
    outer loop
      vertex 74.7694 45.3411 3
      vertex 74.5911 46.1058 0
      vertex 74.5911 46.1058 3
    endloop
  endfacet
  facet normal 0.973878 0.227073 0
    outer loop
      vertex 74.5911 46.1058 0
      vertex 74.7694 45.3411 3
      vertex 74.7694 45.3411 0
    endloop
  endfacet
  facet normal 0.910911 0.412603 0
    outer loop
      vertex 74.0865 47.5922 3
      vertex 73.7625 48.3075 0
      vertex 73.7625 48.3075 3
    endloop
  endfacet
  facet normal 0.910911 0.412603 0
    outer loop
      vertex 73.7625 48.3075 0
      vertex 74.0865 47.5922 3
      vertex 74.0865 47.5922 0
    endloop
  endfacet
  facet normal 0.582478 0.812846 -0
    outer loop
      vertex 70.3051 52.5202 0
      vertex 69.6668 52.9776 3
      vertex 70.3051 52.5202 3
    endloop
  endfacet
  facet normal 0.582478 0.812846 0
    outer loop
      vertex 69.6668 52.9776 3
      vertex 70.3051 52.5202 0
      vertex 69.6668 52.9776 0
    endloop
  endfacet
  facet normal 0.352365 0.935863 -0
    outer loop
      vertex 67.5922 54.0865 0
      vertex 66.8573 54.3632 3
      vertex 67.5922 54.0865 3
    endloop
  endfacet
  facet normal 0.352365 0.935863 0
    outer loop
      vertex 66.8573 54.3632 3
      vertex 67.5922 54.0865 0
      vertex 66.8573 54.3632 0
    endloop
  endfacet
  facet normal 0.290209 0.956963 -0
    outer loop
      vertex 66.8573 54.3632 0
      vertex 66.1058 54.5911 3
      vertex 66.8573 54.3632 3
    endloop
  endfacet
  facet normal 0.290209 0.956963 0
    outer loop
      vertex 66.1058 54.5911 3
      vertex 66.8573 54.3632 0
      vertex 66.1058 54.5911 0
    endloop
  endfacet
  facet normal -0.973878 0.227073 0
    outer loop
      vertex -74.7694 45.3411 0
      vertex -74.5911 46.1058 3
      vertex -74.5911 46.1058 0
    endloop
  endfacet
  facet normal -0.973878 0.227073 0
    outer loop
      vertex -74.5911 46.1058 3
      vertex -74.7694 45.3411 0
      vertex -74.7694 45.3411 3
    endloop
  endfacet
  facet normal 0.986647 0.162871 0
    outer loop
      vertex 74.8973 44.5663 3
      vertex 74.7694 45.3411 0
      vertex 74.7694 45.3411 3
    endloop
  endfacet
  facet normal 0.986647 0.162871 0
    outer loop
      vertex 74.7694 45.3411 0
      vertex 74.8973 44.5663 3
      vertex 74.8973 44.5663 0
    endloop
  endfacet
  facet normal 0.812846 0.582478 0
    outer loop
      vertex 72.9776 49.6668 3
      vertex 72.5202 50.3051 0
      vertex 72.5202 50.3051 3
    endloop
  endfacet
  facet normal 0.812846 0.582478 0
    outer loop
      vertex 72.5202 50.3051 0
      vertex 72.9776 49.6668 3
      vertex 72.9776 49.6668 0
    endloop
  endfacet
  facet normal 0.412603 0.910911 -0
    outer loop
      vertex 68.3075 53.7625 0
      vertex 67.5922 54.0865 3
      vertex 68.3075 53.7625 3
    endloop
  endfacet
  facet normal 0.412603 0.910911 0
    outer loop
      vertex 67.5922 54.0865 3
      vertex 68.3075 53.7625 0
      vertex 67.5922 54.0865 0
    endloop
  endfacet
  facet normal -0.97398 0.226633 0
    outer loop
      vertex -63.3579 44.56 0
      vertex -63.3327 44.6683 3
      vertex -63.3327 44.6683 0
    endloop
  endfacet
  facet normal -0.97398 0.226633 0
    outer loop
      vertex -63.3327 44.6683 3
      vertex -63.3579 44.56 0
      vertex -63.3579 44.56 3
    endloop
  endfacet
  facet normal -0.999476 0.0323571 0
    outer loop
      vertex -63.3036 44.8888 0
      vertex -63.3 45 3
      vertex -63.3 45 0
    endloop
  endfacet
  facet normal -0.999476 0.0323571 0
    outer loop
      vertex -63.3 45 3
      vertex -63.3036 44.8888 0
      vertex -63.3036 44.8888 3
    endloop
  endfacet
  facet normal 0.999476 0.0323571 0
    outer loop
      vertex -66.6964 44.8888 3
      vertex -66.7 45 0
      vertex -66.7 45 3
    endloop
  endfacet
  facet normal 0.999476 0.0323571 0
    outer loop
      vertex -66.7 45 0
      vertex -66.6964 44.8888 3
      vertex -66.6964 44.8888 0
    endloop
  endfacet
  facet normal -0.0323571 0.999476 0
    outer loop
      vertex -64.8888 43.3036 0
      vertex -65 43.3 3
      vertex -64.8888 43.3036 3
    endloop
  endfacet
  facet normal -0.0323571 0.999476 0
    outer loop
      vertex -65 43.3 3
      vertex -64.8888 43.3036 0
      vertex -65 43.3 0
    endloop
  endfacet
  facet normal 0.683343 0.730098 -0
    outer loop
      vertex -66.1209 43.7219 0
      vertex -66.2021 43.7979 3
      vertex -66.1209 43.7219 3
    endloop
  endfacet
  facet normal 0.683343 0.730098 0
    outer loop
      vertex -66.2021 43.7979 3
      vertex -66.1209 43.7219 0
      vertex -66.2021 43.7979 0
    endloop
  endfacet
  facet normal -0.956881 0.290482 0
    outer loop
      vertex -63.3902 44.4536 0
      vertex -63.3579 44.56 3
      vertex -63.3579 44.56 0
    endloop
  endfacet
  facet normal -0.956881 0.290482 0
    outer loop
      vertex -63.3579 44.56 3
      vertex -63.3902 44.4536 0
      vertex -63.3902 44.4536 3
    endloop
  endfacet
  facet normal -0.730098 0.683343 0
    outer loop
      vertex -63.7979 43.7979 0
      vertex -63.7219 43.8791 3
      vertex -63.7219 43.8791 0
    endloop
  endfacet
  facet normal -0.730098 0.683343 0
    outer loop
      vertex -63.7219 43.8791 3
      vertex -63.7979 43.7979 0
      vertex -63.7979 43.7979 3
    endloop
  endfacet
  facet normal -0.412719 0.910859 0
    outer loop
      vertex -64.2481 43.4753 0
      vertex -64.3494 43.4294 3
      vertex -64.2481 43.4753 3
    endloop
  endfacet
  facet normal -0.412719 0.910859 0
    outer loop
      vertex -64.3494 43.4294 3
      vertex -64.2481 43.4753 0
      vertex -64.3494 43.4294 0
    endloop
  endfacet
  facet normal 0.84946 0.527654 0
    outer loop
      vertex -66.4135 44.0555 3
      vertex -66.4722 44.15 0
      vertex -66.4722 44.15 3
    endloop
  endfacet
  facet normal 0.84946 0.527654 0
    outer loop
      vertex -66.4722 44.15 0
      vertex -66.4135 44.0555 3
      vertex -66.4135 44.0555 0
    endloop
  endfacet
  facet normal 0.290482 0.956881 -0
    outer loop
      vertex -65.44 43.3579 0
      vertex -65.5464 43.3902 3
      vertex -65.44 43.3579 3
    endloop
  endfacet
  facet normal 0.290482 0.956881 0
    outer loop
      vertex -65.5464 43.3902 3
      vertex -65.44 43.3579 0
      vertex -65.5464 43.3902 0
    endloop
  endfacet
  facet normal -0.88168 -0.471847 0
    outer loop
      vertex -63.4753 45.7519 0
      vertex -63.5278 45.85 3
      vertex -63.5278 45.85 0
    endloop
  endfacet
  facet normal -0.88168 -0.471847 0
    outer loop
      vertex -63.5278 45.85 3
      vertex -63.4753 45.7519 0
      vertex -63.4753 45.7519 3
    endloop
  endfacet
  facet normal -0.226434 -0.974026 0
    outer loop
      vertex -64.6684 46.6673 0
      vertex -64.56 46.6421 3
      vertex -64.6684 46.6673 3
    endloop
  endfacet
  facet normal -0.226434 -0.974026 -0
    outer loop
      vertex -64.56 46.6421 3
      vertex -64.6684 46.6673 0
      vertex -64.56 46.6421 0
    endloop
  endfacet
  facet normal -0.683343 -0.730098 0
    outer loop
      vertex -63.8791 46.2781 0
      vertex -63.7979 46.2021 3
      vertex -63.8791 46.2781 3
    endloop
  endfacet
  facet normal -0.683343 -0.730098 -0
    outer loop
      vertex -63.7979 46.2021 3
      vertex -63.8791 46.2781 0
      vertex -63.7979 46.2021 0
    endloop
  endfacet
  facet normal 0.352108 -0.93596 0
    outer loop
      vertex -65.6506 46.5706 0
      vertex -65.5464 46.6098 3
      vertex -65.6506 46.5706 3
    endloop
  endfacet
  facet normal 0.352108 -0.93596 0
    outer loop
      vertex -65.5464 46.6098 3
      vertex -65.6506 46.5706 0
      vertex -65.5464 46.6098 0
    endloop
  endfacet
  facet normal 0.84946 -0.527654 0
    outer loop
      vertex -66.4722 45.85 3
      vertex -66.4135 45.9445 0
      vertex -66.4135 45.9445 3
    endloop
  endfacet
  facet normal 0.84946 -0.527654 0
    outer loop
      vertex -66.4135 45.9445 0
      vertex -66.4722 45.85 3
      vertex -66.4722 45.85 0
    endloop
  endfacet
  facet normal -0.910859 0.412719 0
    outer loop
      vertex -63.4753 44.2481 0
      vertex -63.4294 44.3494 3
      vertex -63.4294 44.3494 0
    endloop
  endfacet
  facet normal -0.910859 0.412719 0
    outer loop
      vertex -63.4294 44.3494 3
      vertex -63.4753 44.2481 0
      vertex -63.4753 44.2481 3
    endloop
  endfacet
  facet normal -0.84946 0.527654 0
    outer loop
      vertex -63.5865 44.0555 0
      vertex -63.5278 44.15 3
      vertex -63.5278 44.15 0
    endloop
  endfacet
  facet normal -0.84946 0.527654 0
    outer loop
      vertex -63.5278 44.15 3
      vertex -63.5865 44.0555 0
      vertex -63.5865 44.0555 3
    endloop
  endfacet
  facet normal -0.81276 0.582598 0
    outer loop
      vertex -63.6513 43.9651 0
      vertex -63.5865 44.0555 3
      vertex -63.5865 44.0555 0
    endloop
  endfacet
  facet normal -0.81276 0.582598 0
    outer loop
      vertex -63.5865 44.0555 3
      vertex -63.6513 43.9651 0
      vertex -63.6513 43.9651 3
    endloop
  endfacet
  facet normal -0.226434 0.974026 0
    outer loop
      vertex -64.56 43.3579 0
      vertex -64.6684 43.3327 3
      vertex -64.56 43.3579 3
    endloop
  endfacet
  facet normal -0.226434 0.974026 0
    outer loop
      vertex -64.6684 43.3327 3
      vertex -64.56 43.3579 0
      vertex -64.6684 43.3327 0
    endloop
  endfacet
  facet normal -0.0979904 0.995187 0
    outer loop
      vertex -64.7781 43.3145 0
      vertex -64.8888 43.3036 3
      vertex -64.7781 43.3145 3
    endloop
  endfacet
  facet normal -0.0979904 0.995187 0
    outer loop
      vertex -64.8888 43.3036 3
      vertex -64.7781 43.3145 0
      vertex -64.8888 43.3036 0
    endloop
  endfacet
  facet normal -0.634509 0.772915 0
    outer loop
      vertex -63.8791 43.7219 0
      vertex -63.9651 43.6513 3
      vertex -63.8791 43.7219 3
    endloop
  endfacet
  facet normal -0.634509 0.772915 0
    outer loop
      vertex -63.9651 43.6513 3
      vertex -63.8791 43.7219 0
      vertex -63.9651 43.6513 0
    endloop
  endfacet
  facet normal -0.471847 0.88168 0
    outer loop
      vertex -64.15 43.5278 0
      vertex -64.2481 43.4753 3
      vertex -64.15 43.5278 3
    endloop
  endfacet
  facet normal -0.471847 0.88168 0
    outer loop
      vertex -64.2481 43.4753 3
      vertex -64.15 43.5278 0
      vertex -64.2481 43.4753 0
    endloop
  endfacet
  facet normal -0.582598 0.81276 0
    outer loop
      vertex -63.9651 43.6513 0
      vertex -64.0555 43.5865 3
      vertex -63.9651 43.6513 3
    endloop
  endfacet
  facet normal -0.582598 0.81276 0
    outer loop
      vertex -64.0555 43.5865 3
      vertex -63.9651 43.6513 0
      vertex -64.0555 43.5865 0
    endloop
  endfacet
  facet normal 0.730098 0.683343 0
    outer loop
      vertex -66.2021 43.7979 3
      vertex -66.2781 43.8791 0
      vertex -66.2781 43.8791 3
    endloop
  endfacet
  facet normal 0.730098 0.683343 0
    outer loop
      vertex -66.2781 43.8791 0
      vertex -66.2021 43.7979 3
      vertex -66.2021 43.7979 0
    endloop
  endfacet
  facet normal 0.910859 0.412719 0
    outer loop
      vertex -66.5247 44.2481 3
      vertex -66.5706 44.3494 0
      vertex -66.5706 44.3494 3
    endloop
  endfacet
  facet normal 0.910859 0.412719 0
    outer loop
      vertex -66.5706 44.3494 0
      vertex -66.5247 44.2481 3
      vertex -66.5247 44.2481 0
    endloop
  endfacet
  facet normal 0.97398 0.226633 0
    outer loop
      vertex -66.6421 44.56 3
      vertex -66.6673 44.6683 0
      vertex -66.6673 44.6683 3
    endloop
  endfacet
  facet normal 0.97398 0.226633 0
    outer loop
      vertex -66.6673 44.6683 0
      vertex -66.6421 44.56 3
      vertex -66.6421 44.56 0
    endloop
  endfacet
  facet normal 0.995187 0.0979904 0
    outer loop
      vertex -66.6855 44.7781 3
      vertex -66.6964 44.8888 0
      vertex -66.6964 44.8888 3
    endloop
  endfacet
  facet normal 0.995187 0.0979904 0
    outer loop
      vertex -66.6964 44.8888 0
      vertex -66.6855 44.7781 3
      vertex -66.6855 44.7781 0
    endloop
  endfacet
  facet normal 0.527654 0.84946 -0
    outer loop
      vertex -65.85 43.5278 0
      vertex -65.9445 43.5865 3
      vertex -65.85 43.5278 3
    endloop
  endfacet
  facet normal 0.527654 0.84946 0
    outer loop
      vertex -65.9445 43.5865 3
      vertex -65.85 43.5278 0
      vertex -65.9445 43.5865 0
    endloop
  endfacet
  facet normal 0.412719 0.910859 -0
    outer loop
      vertex -65.6506 43.4294 0
      vertex -65.7519 43.4753 3
      vertex -65.6506 43.4294 3
    endloop
  endfacet
  facet normal 0.412719 0.910859 0
    outer loop
      vertex -65.7519 43.4753 3
      vertex -65.6506 43.4294 0
      vertex -65.7519 43.4753 0
    endloop
  endfacet
  facet normal 0.634509 0.772915 -0
    outer loop
      vertex -66.0349 43.6513 0
      vertex -66.1209 43.7219 3
      vertex -66.0349 43.6513 3
    endloop
  endfacet
  facet normal 0.634509 0.772915 0
    outer loop
      vertex -66.1209 43.7219 3
      vertex -66.0349 43.6513 0
      vertex -66.1209 43.7219 0
    endloop
  endfacet
  facet normal 0.0323571 0.999476 -0
    outer loop
      vertex -65 43.3 0
      vertex -65.1112 43.3036 3
      vertex -65 43.3 3
    endloop
  endfacet
  facet normal 0.0323571 0.999476 0
    outer loop
      vertex -65.1112 43.3036 3
      vertex -65 43.3 0
      vertex -65.1112 43.3036 0
    endloop
  endfacet
  facet normal -0.0323571 -0.999476 0
    outer loop
      vertex -65 46.7 0
      vertex -64.8888 46.6964 3
      vertex -65 46.7 3
    endloop
  endfacet
  facet normal -0.0323571 -0.999476 -0
    outer loop
      vertex -64.8888 46.6964 3
      vertex -65 46.7 0
      vertex -64.8888 46.6964 0
    endloop
  endfacet
  facet normal -0.634509 -0.772915 0
    outer loop
      vertex -63.9651 46.3487 0
      vertex -63.8791 46.2781 3
      vertex -63.9651 46.3487 3
    endloop
  endfacet
  facet normal -0.634509 -0.772915 -0
    outer loop
      vertex -63.8791 46.2781 3
      vertex -63.9651 46.3487 0
      vertex -63.8791 46.2781 0
    endloop
  endfacet
  facet normal -0.772915 -0.634509 0
    outer loop
      vertex -63.6513 46.0349 0
      vertex -63.7219 46.1209 3
      vertex -63.7219 46.1209 0
    endloop
  endfacet
  facet normal -0.772915 -0.634509 0
    outer loop
      vertex -63.7219 46.1209 3
      vertex -63.6513 46.0349 0
      vertex -63.6513 46.0349 3
    endloop
  endfacet
  facet normal -0.956881 -0.290482 0
    outer loop
      vertex -63.3579 45.44 0
      vertex -63.3902 45.5464 3
      vertex -63.3902 45.5464 0
    endloop
  endfacet
  facet normal -0.956881 -0.290482 0
    outer loop
      vertex -63.3902 45.5464 3
      vertex -63.3579 45.44 0
      vertex -63.3579 45.44 3
    endloop
  endfacet
  facet normal -0.97398 -0.226633 0
    outer loop
      vertex -63.3327 45.3317 0
      vertex -63.3579 45.44 3
      vertex -63.3579 45.44 0
    endloop
  endfacet
  facet normal -0.97398 -0.226633 0
    outer loop
      vertex -63.3579 45.44 3
      vertex -63.3327 45.3317 0
      vertex -63.3327 45.3317 3
    endloop
  endfacet
  facet normal 0.683343 -0.730098 0
    outer loop
      vertex -66.2021 46.2021 0
      vertex -66.1209 46.2781 3
      vertex -66.2021 46.2021 3
    endloop
  endfacet
  facet normal 0.683343 -0.730098 0
    outer loop
      vertex -66.1209 46.2781 3
      vertex -66.2021 46.2021 0
      vertex -66.1209 46.2781 0
    endloop
  endfacet
  facet normal 0.0323571 -0.999476 0
    outer loop
      vertex -65.1112 46.6964 0
      vertex -65 46.7 3
      vertex -65.1112 46.6964 3
    endloop
  endfacet
  facet normal 0.0323571 -0.999476 0
    outer loop
      vertex -65 46.7 3
      vertex -65.1112 46.6964 0
      vertex -65 46.7 0
    endloop
  endfacet
  facet normal 0.730098 -0.683343 0
    outer loop
      vertex -66.2781 46.1209 3
      vertex -66.2021 46.2021 0
      vertex -66.2021 46.2021 3
    endloop
  endfacet
  facet normal 0.730098 -0.683343 0
    outer loop
      vertex -66.2021 46.2021 0
      vertex -66.2781 46.1209 3
      vertex -66.2781 46.1209 0
    endloop
  endfacet
  facet normal 0.910859 -0.412719 0
    outer loop
      vertex -66.5706 45.6506 3
      vertex -66.5247 45.7519 0
      vertex -66.5247 45.7519 3
    endloop
  endfacet
  facet normal 0.910859 -0.412719 0
    outer loop
      vertex -66.5247 45.7519 0
      vertex -66.5706 45.6506 3
      vertex -66.5706 45.6506 0
    endloop
  endfacet
  facet normal 0.97398 -0.226633 0
    outer loop
      vertex -66.6673 45.3317 3
      vertex -66.6421 45.44 0
      vertex -66.6421 45.44 3
    endloop
  endfacet
  facet normal 0.97398 -0.226633 0
    outer loop
      vertex -66.6421 45.44 0
      vertex -66.6673 45.3317 3
      vertex -66.6673 45.3317 0
    endloop
  endfacet
  facet normal 0.999476 -0.0323571 0
    outer loop
      vertex -66.7 45 3
      vertex -66.6964 45.1112 0
      vertex -66.6964 45.1112 3
    endloop
  endfacet
  facet normal 0.999476 -0.0323571 0
    outer loop
      vertex -66.6964 45.1112 0
      vertex -66.7 45 3
      vertex -66.7 45 0
    endloop
  endfacet
  facet normal -0.995187 0.0979904 0
    outer loop
      vertex -63.3145 44.7781 0
      vertex -63.3036 44.8888 3
      vertex -63.3036 44.8888 0
    endloop
  endfacet
  facet normal -0.995187 0.0979904 0
    outer loop
      vertex -63.3036 44.8888 3
      vertex -63.3145 44.7781 0
      vertex -63.3145 44.7781 3
    endloop
  endfacet
  facet normal -0.986539 0.163525 0
    outer loop
      vertex -63.3327 44.6683 0
      vertex -63.3145 44.7781 3
      vertex -63.3145 44.7781 0
    endloop
  endfacet
  facet normal -0.986539 0.163525 0
    outer loop
      vertex -63.3145 44.7781 3
      vertex -63.3327 44.6683 0
      vertex -63.3327 44.6683 3
    endloop
  endfacet
  facet normal -0.93596 0.352108 0
    outer loop
      vertex -63.4294 44.3494 0
      vertex -63.3902 44.4536 3
      vertex -63.3902 44.4536 0
    endloop
  endfacet
  facet normal -0.93596 0.352108 0
    outer loop
      vertex -63.3902 44.4536 3
      vertex -63.4294 44.3494 0
      vertex -63.4294 44.3494 3
    endloop
  endfacet
  facet normal -0.683343 0.730098 0
    outer loop
      vertex -63.7979 43.7979 0
      vertex -63.8791 43.7219 3
      vertex -63.7979 43.7979 3
    endloop
  endfacet
  facet normal -0.683343 0.730098 0
    outer loop
      vertex -63.8791 43.7219 3
      vertex -63.7979 43.7979 0
      vertex -63.8791 43.7219 0
    endloop
  endfacet
  facet normal -0.772915 0.634509 0
    outer loop
      vertex -63.7219 43.8791 0
      vertex -63.6513 43.9651 3
      vertex -63.6513 43.9651 0
    endloop
  endfacet
  facet normal -0.772915 0.634509 0
    outer loop
      vertex -63.6513 43.9651 3
      vertex -63.7219 43.8791 0
      vertex -63.7219 43.8791 3
    endloop
  endfacet
  facet normal -0.88168 0.471847 0
    outer loop
      vertex -63.5278 44.15 0
      vertex -63.4753 44.2481 3
      vertex -63.4753 44.2481 0
    endloop
  endfacet
  facet normal -0.88168 0.471847 0
    outer loop
      vertex -63.4753 44.2481 3
      vertex -63.5278 44.15 0
      vertex -63.5278 44.15 3
    endloop
  endfacet
  facet normal -0.352108 0.93596 0
    outer loop
      vertex -64.3494 43.4294 0
      vertex -64.4536 43.3902 3
      vertex -64.3494 43.4294 3
    endloop
  endfacet
  facet normal -0.352108 0.93596 0
    outer loop
      vertex -64.4536 43.3902 3
      vertex -64.3494 43.4294 0
      vertex -64.4536 43.3902 0
    endloop
  endfacet
  facet normal -0.290482 0.956881 0
    outer loop
      vertex -64.4536 43.3902 0
      vertex -64.56 43.3579 3
      vertex -64.4536 43.3902 3
    endloop
  endfacet
  facet normal -0.290482 0.956881 0
    outer loop
      vertex -64.56 43.3579 3
      vertex -64.4536 43.3902 0
      vertex -64.56 43.3579 0
    endloop
  endfacet
  facet normal -0.16367 0.986515 0
    outer loop
      vertex -64.6684 43.3327 0
      vertex -64.7781 43.3145 3
      vertex -64.6684 43.3327 3
    endloop
  endfacet
  facet normal -0.16367 0.986515 0
    outer loop
      vertex -64.7781 43.3145 3
      vertex -64.6684 43.3327 0
      vertex -64.7781 43.3145 0
    endloop
  endfacet
  facet normal -0.527654 0.84946 0
    outer loop
      vertex -64.0555 43.5865 0
      vertex -64.15 43.5278 3
      vertex -64.0555 43.5865 3
    endloop
  endfacet
  facet normal -0.527654 0.84946 0
    outer loop
      vertex -64.15 43.5278 3
      vertex -64.0555 43.5865 0
      vertex -64.15 43.5278 0
    endloop
  endfacet
  facet normal 0.88168 0.471847 0
    outer loop
      vertex -66.4722 44.15 3
      vertex -66.5247 44.2481 0
      vertex -66.5247 44.2481 3
    endloop
  endfacet
  facet normal 0.88168 0.471847 0
    outer loop
      vertex -66.5247 44.2481 0
      vertex -66.4722 44.15 3
      vertex -66.4722 44.15 0
    endloop
  endfacet
  facet normal 0.93596 0.352108 0
    outer loop
      vertex -66.5706 44.3494 3
      vertex -66.6098 44.4536 0
      vertex -66.6098 44.4536 3
    endloop
  endfacet
  facet normal 0.93596 0.352108 0
    outer loop
      vertex -66.6098 44.4536 0
      vertex -66.5706 44.3494 3
      vertex -66.5706 44.3494 0
    endloop
  endfacet
  facet normal 0.956881 0.290482 0
    outer loop
      vertex -66.6098 44.4536 3
      vertex -66.6421 44.56 0
      vertex -66.6421 44.56 3
    endloop
  endfacet
  facet normal 0.956881 0.290482 0
    outer loop
      vertex -66.6421 44.56 0
      vertex -66.6098 44.4536 3
      vertex -66.6098 44.4536 0
    endloop
  endfacet
  facet normal 0.986539 0.163525 0
    outer loop
      vertex -66.6673 44.6683 3
      vertex -66.6855 44.7781 0
      vertex -66.6855 44.7781 3
    endloop
  endfacet
  facet normal 0.986539 0.163525 0
    outer loop
      vertex -66.6855 44.7781 0
      vertex -66.6673 44.6683 3
      vertex -66.6673 44.6683 0
    endloop
  endfacet
  facet normal 0.471847 0.88168 -0
    outer loop
      vertex -65.7519 43.4753 0
      vertex -65.85 43.5278 3
      vertex -65.7519 43.4753 3
    endloop
  endfacet
  facet normal 0.471847 0.88168 0
    outer loop
      vertex -65.85 43.5278 3
      vertex -65.7519 43.4753 0
      vertex -65.85 43.5278 0
    endloop
  endfacet
  facet normal 0.582598 0.81276 -0
    outer loop
      vertex -65.9445 43.5865 0
      vertex -66.0349 43.6513 3
      vertex -65.9445 43.5865 3
    endloop
  endfacet
  facet normal 0.582598 0.81276 0
    outer loop
      vertex -66.0349 43.6513 3
      vertex -65.9445 43.5865 0
      vertex -66.0349 43.6513 0
    endloop
  endfacet
  facet normal 0.352108 0.93596 -0
    outer loop
      vertex -65.5464 43.3902 0
      vertex -65.6506 43.4294 3
      vertex -65.5464 43.3902 3
    endloop
  endfacet
  facet normal 0.352108 0.93596 0
    outer loop
      vertex -65.6506 43.4294 3
      vertex -65.5464 43.3902 0
      vertex -65.6506 43.4294 0
    endloop
  endfacet
  facet normal 0.226434 0.974026 -0
    outer loop
      vertex -65.3316 43.3327 0
      vertex -65.44 43.3579 3
      vertex -65.3316 43.3327 3
    endloop
  endfacet
  facet normal 0.226434 0.974026 0
    outer loop
      vertex -65.44 43.3579 3
      vertex -65.3316 43.3327 0
      vertex -65.44 43.3579 0
    endloop
  endfacet
  facet normal 0.0979904 0.995187 -0
    outer loop
      vertex -65.1112 43.3036 0
      vertex -65.2219 43.3145 3
      vertex -65.1112 43.3036 3
    endloop
  endfacet
  facet normal 0.0979904 0.995187 0
    outer loop
      vertex -65.2219 43.3145 3
      vertex -65.1112 43.3036 0
      vertex -65.2219 43.3145 0
    endloop
  endfacet
  facet normal 0.16367 0.986515 -0
    outer loop
      vertex -65.2219 43.3145 0
      vertex -65.3316 43.3327 3
      vertex -65.2219 43.3145 3
    endloop
  endfacet
  facet normal 0.16367 0.986515 0
    outer loop
      vertex -65.3316 43.3327 3
      vertex -65.2219 43.3145 0
      vertex -65.3316 43.3327 0
    endloop
  endfacet
  facet normal -0.995187 -0.0979904 0
    outer loop
      vertex -63.3036 45.1112 0
      vertex -63.3145 45.2219 3
      vertex -63.3145 45.2219 0
    endloop
  endfacet
  facet normal -0.995187 -0.0979904 0
    outer loop
      vertex -63.3145 45.2219 3
      vertex -63.3036 45.1112 0
      vertex -63.3036 45.1112 3
    endloop
  endfacet
  facet normal -0.0979904 -0.995187 0
    outer loop
      vertex -64.8888 46.6964 0
      vertex -64.7781 46.6855 3
      vertex -64.8888 46.6964 3
    endloop
  endfacet
  facet normal -0.0979904 -0.995187 -0
    outer loop
      vertex -64.7781 46.6855 3
      vertex -64.8888 46.6964 0
      vertex -64.7781 46.6855 0
    endloop
  endfacet
  facet normal -0.290482 -0.956881 0
    outer loop
      vertex -64.56 46.6421 0
      vertex -64.4536 46.6098 3
      vertex -64.56 46.6421 3
    endloop
  endfacet
  facet normal -0.290482 -0.956881 -0
    outer loop
      vertex -64.4536 46.6098 3
      vertex -64.56 46.6421 0
      vertex -64.4536 46.6098 0
    endloop
  endfacet
  facet normal -0.352108 -0.93596 0
    outer loop
      vertex -64.4536 46.6098 0
      vertex -64.3494 46.5706 3
      vertex -64.4536 46.6098 3
    endloop
  endfacet
  facet normal -0.352108 -0.93596 -0
    outer loop
      vertex -64.3494 46.5706 3
      vertex -64.4536 46.6098 0
      vertex -64.3494 46.5706 0
    endloop
  endfacet
  facet normal -0.730098 -0.683343 0
    outer loop
      vertex -63.7219 46.1209 0
      vertex -63.7979 46.2021 3
      vertex -63.7979 46.2021 0
    endloop
  endfacet
  facet normal -0.730098 -0.683343 0
    outer loop
      vertex -63.7979 46.2021 3
      vertex -63.7219 46.1209 0
      vertex -63.7219 46.1209 3
    endloop
  endfacet
  facet normal -0.527654 -0.84946 0
    outer loop
      vertex -64.15 46.4722 0
      vertex -64.0555 46.4135 3
      vertex -64.15 46.4722 3
    endloop
  endfacet
  facet normal -0.527654 -0.84946 -0
    outer loop
      vertex -64.0555 46.4135 3
      vertex -64.15 46.4722 0
      vertex -64.0555 46.4135 0
    endloop
  endfacet
  facet normal -0.412719 -0.910859 0
    outer loop
      vertex -64.3494 46.5706 0
      vertex -64.2481 46.5247 3
      vertex -64.3494 46.5706 3
    endloop
  endfacet
  facet normal -0.412719 -0.910859 -0
    outer loop
      vertex -64.2481 46.5247 3
      vertex -64.3494 46.5706 0
      vertex -64.2481 46.5247 0
    endloop
  endfacet
  facet normal -0.81276 -0.582598 0
    outer loop
      vertex -63.5865 45.9445 0
      vertex -63.6513 46.0349 3
      vertex -63.6513 46.0349 0
    endloop
  endfacet
  facet normal -0.81276 -0.582598 0
    outer loop
      vertex -63.6513 46.0349 3
      vertex -63.5865 45.9445 0
      vertex -63.5865 45.9445 3
    endloop
  endfacet
  facet normal -0.93596 -0.352108 0
    outer loop
      vertex -63.3902 45.5464 0
      vertex -63.4294 45.6506 3
      vertex -63.4294 45.6506 0
    endloop
  endfacet
  facet normal -0.93596 -0.352108 0
    outer loop
      vertex -63.4294 45.6506 3
      vertex -63.3902 45.5464 0
      vertex -63.3902 45.5464 3
    endloop
  endfacet
  facet normal -0.986539 -0.163525 0
    outer loop
      vertex -63.3145 45.2219 0
      vertex -63.3327 45.3317 3
      vertex -63.3327 45.3317 0
    endloop
  endfacet
  facet normal -0.986539 -0.163525 0
    outer loop
      vertex -63.3327 45.3317 3
      vertex -63.3145 45.2219 0
      vertex -63.3145 45.2219 3
    endloop
  endfacet
  facet normal 0.226434 -0.974026 0
    outer loop
      vertex -65.44 46.6421 0
      vertex -65.3316 46.6673 3
      vertex -65.44 46.6421 3
    endloop
  endfacet
  facet normal 0.226434 -0.974026 0
    outer loop
      vertex -65.3316 46.6673 3
      vertex -65.44 46.6421 0
      vertex -65.3316 46.6673 0
    endloop
  endfacet
  facet normal 0.16367 -0.986515 0
    outer loop
      vertex -65.3316 46.6673 0
      vertex -65.2219 46.6855 3
      vertex -65.3316 46.6673 3
    endloop
  endfacet
  facet normal 0.16367 -0.986515 0
    outer loop
      vertex -65.2219 46.6855 3
      vertex -65.3316 46.6673 0
      vertex -65.2219 46.6855 0
    endloop
  endfacet
  facet normal 0.527654 -0.84946 0
    outer loop
      vertex -65.9445 46.4135 0
      vertex -65.85 46.4722 3
      vertex -65.9445 46.4135 3
    endloop
  endfacet
  facet normal 0.527654 -0.84946 0
    outer loop
      vertex -65.85 46.4722 3
      vertex -65.9445 46.4135 0
      vertex -65.85 46.4722 0
    endloop
  endfacet
  facet normal 0.412719 -0.910859 0
    outer loop
      vertex -65.7519 46.5247 0
      vertex -65.6506 46.5706 3
      vertex -65.7519 46.5247 3
    endloop
  endfacet
  facet normal 0.412719 -0.910859 0
    outer loop
      vertex -65.6506 46.5706 3
      vertex -65.7519 46.5247 0
      vertex -65.6506 46.5706 0
    endloop
  endfacet
  facet normal 0.634509 -0.772915 0
    outer loop
      vertex -66.1209 46.2781 0
      vertex -66.0349 46.3487 3
      vertex -66.1209 46.2781 3
    endloop
  endfacet
  facet normal 0.634509 -0.772915 0
    outer loop
      vertex -66.0349 46.3487 3
      vertex -66.1209 46.2781 0
      vertex -66.0349 46.3487 0
    endloop
  endfacet
  facet normal 0.81276 -0.582598 0
    outer loop
      vertex -66.4135 45.9445 3
      vertex -66.3487 46.0349 0
      vertex -66.3487 46.0349 3
    endloop
  endfacet
  facet normal 0.81276 -0.582598 0
    outer loop
      vertex -66.3487 46.0349 0
      vertex -66.4135 45.9445 3
      vertex -66.4135 45.9445 0
    endloop
  endfacet
  facet normal 0.88168 -0.471847 0
    outer loop
      vertex -66.5247 45.7519 3
      vertex -66.4722 45.85 0
      vertex -66.4722 45.85 3
    endloop
  endfacet
  facet normal 0.88168 -0.471847 0
    outer loop
      vertex -66.4722 45.85 0
      vertex -66.5247 45.7519 3
      vertex -66.5247 45.7519 0
    endloop
  endfacet
  facet normal 0.995187 -0.0979904 0
    outer loop
      vertex -66.6964 45.1112 3
      vertex -66.6855 45.2219 0
      vertex -66.6855 45.2219 3
    endloop
  endfacet
  facet normal 0.995187 -0.0979904 0
    outer loop
      vertex -66.6855 45.2219 0
      vertex -66.6964 45.1112 3
      vertex -66.6964 45.1112 0
    endloop
  endfacet
  facet normal 0.956881 -0.290482 0
    outer loop
      vertex -66.6421 45.44 3
      vertex -66.6098 45.5464 0
      vertex -66.6098 45.5464 3
    endloop
  endfacet
  facet normal 0.956881 -0.290482 0
    outer loop
      vertex -66.6098 45.5464 0
      vertex -66.6421 45.44 3
      vertex -66.6421 45.44 0
    endloop
  endfacet
  facet normal 0.81276 0.582598 0
    outer loop
      vertex -66.3487 43.9651 3
      vertex -66.4135 44.0555 0
      vertex -66.4135 44.0555 3
    endloop
  endfacet
  facet normal 0.81276 0.582598 0
    outer loop
      vertex -66.4135 44.0555 0
      vertex -66.3487 43.9651 3
      vertex -66.3487 43.9651 0
    endloop
  endfacet
  facet normal 0.772915 0.634509 0
    outer loop
      vertex -66.2781 43.8791 3
      vertex -66.3487 43.9651 0
      vertex -66.3487 43.9651 3
    endloop
  endfacet
  facet normal 0.772915 0.634509 0
    outer loop
      vertex -66.3487 43.9651 0
      vertex -66.2781 43.8791 3
      vertex -66.2781 43.8791 0
    endloop
  endfacet
  facet normal -0.999476 -0.0323571 0
    outer loop
      vertex -63.3 45 0
      vertex -63.3036 45.1112 3
      vertex -63.3036 45.1112 0
    endloop
  endfacet
  facet normal -0.999476 -0.0323571 0
    outer loop
      vertex -63.3036 45.1112 3
      vertex -63.3 45 0
      vertex -63.3 45 3
    endloop
  endfacet
  facet normal -0.16367 -0.986515 0
    outer loop
      vertex -64.7781 46.6855 0
      vertex -64.6684 46.6673 3
      vertex -64.7781 46.6855 3
    endloop
  endfacet
  facet normal -0.16367 -0.986515 -0
    outer loop
      vertex -64.6684 46.6673 3
      vertex -64.7781 46.6855 0
      vertex -64.6684 46.6673 0
    endloop
  endfacet
  facet normal -0.471847 -0.88168 0
    outer loop
      vertex -64.2481 46.5247 0
      vertex -64.15 46.4722 3
      vertex -64.2481 46.5247 3
    endloop
  endfacet
  facet normal -0.471847 -0.88168 -0
    outer loop
      vertex -64.15 46.4722 3
      vertex -64.2481 46.5247 0
      vertex -64.15 46.4722 0
    endloop
  endfacet
  facet normal -0.582598 -0.81276 0
    outer loop
      vertex -64.0555 46.4135 0
      vertex -63.9651 46.3487 3
      vertex -64.0555 46.4135 3
    endloop
  endfacet
  facet normal -0.582598 -0.81276 -0
    outer loop
      vertex -63.9651 46.3487 3
      vertex -64.0555 46.4135 0
      vertex -63.9651 46.3487 0
    endloop
  endfacet
  facet normal -0.84946 -0.527654 0
    outer loop
      vertex -63.5278 45.85 0
      vertex -63.5865 45.9445 3
      vertex -63.5865 45.9445 0
    endloop
  endfacet
  facet normal -0.84946 -0.527654 0
    outer loop
      vertex -63.5865 45.9445 3
      vertex -63.5278 45.85 0
      vertex -63.5278 45.85 3
    endloop
  endfacet
  facet normal -0.910859 -0.412719 0
    outer loop
      vertex -63.4294 45.6506 0
      vertex -63.4753 45.7519 3
      vertex -63.4753 45.7519 0
    endloop
  endfacet
  facet normal -0.910859 -0.412719 0
    outer loop
      vertex -63.4753 45.7519 3
      vertex -63.4294 45.6506 0
      vertex -63.4294 45.6506 3
    endloop
  endfacet
  facet normal 0.290482 -0.956881 0
    outer loop
      vertex -65.5464 46.6098 0
      vertex -65.44 46.6421 3
      vertex -65.5464 46.6098 3
    endloop
  endfacet
  facet normal 0.290482 -0.956881 0
    outer loop
      vertex -65.44 46.6421 3
      vertex -65.5464 46.6098 0
      vertex -65.44 46.6421 0
    endloop
  endfacet
  facet normal 0.0979904 -0.995187 0
    outer loop
      vertex -65.2219 46.6855 0
      vertex -65.1112 46.6964 3
      vertex -65.2219 46.6855 3
    endloop
  endfacet
  facet normal 0.0979904 -0.995187 0
    outer loop
      vertex -65.1112 46.6964 3
      vertex -65.2219 46.6855 0
      vertex -65.1112 46.6964 0
    endloop
  endfacet
  facet normal 0.471847 -0.88168 0
    outer loop
      vertex -65.85 46.4722 0
      vertex -65.7519 46.5247 3
      vertex -65.85 46.4722 3
    endloop
  endfacet
  facet normal 0.471847 -0.88168 0
    outer loop
      vertex -65.7519 46.5247 3
      vertex -65.85 46.4722 0
      vertex -65.7519 46.5247 0
    endloop
  endfacet
  facet normal 0.582598 -0.81276 0
    outer loop
      vertex -66.0349 46.3487 0
      vertex -65.9445 46.4135 3
      vertex -66.0349 46.3487 3
    endloop
  endfacet
  facet normal 0.582598 -0.81276 0
    outer loop
      vertex -65.9445 46.4135 3
      vertex -66.0349 46.3487 0
      vertex -65.9445 46.4135 0
    endloop
  endfacet
  facet normal 0.772915 -0.634509 0
    outer loop
      vertex -66.3487 46.0349 3
      vertex -66.2781 46.1209 0
      vertex -66.2781 46.1209 3
    endloop
  endfacet
  facet normal 0.772915 -0.634509 0
    outer loop
      vertex -66.2781 46.1209 0
      vertex -66.3487 46.0349 3
      vertex -66.3487 46.0349 0
    endloop
  endfacet
  facet normal 0.986539 -0.163525 0
    outer loop
      vertex -66.6855 45.2219 3
      vertex -66.6673 45.3317 0
      vertex -66.6673 45.3317 3
    endloop
  endfacet
  facet normal 0.986539 -0.163525 0
    outer loop
      vertex -66.6673 45.3317 0
      vertex -66.6855 45.2219 3
      vertex -66.6855 45.2219 0
    endloop
  endfacet
  facet normal 0.93596 -0.352108 0
    outer loop
      vertex -66.6098 45.5464 3
      vertex -66.5706 45.6506 0
      vertex -66.5706 45.6506 3
    endloop
  endfacet
  facet normal 0.93596 -0.352108 0
    outer loop
      vertex -66.5706 45.6506 0
      vertex -66.6098 45.5464 3
      vertex -66.6098 45.5464 0
    endloop
  endfacet
  facet normal -0.986539 0.163525 0
    outer loop
      vertex -63.3327 -45.3317 0
      vertex -63.3145 -45.2219 3
      vertex -63.3145 -45.2219 0
    endloop
  endfacet
  facet normal -0.986539 0.163525 0
    outer loop
      vertex -63.3145 -45.2219 3
      vertex -63.3327 -45.3317 0
      vertex -63.3327 -45.3317 3
    endloop
  endfacet
  facet normal -0.999476 0.0323571 0
    outer loop
      vertex -63.3036 -45.1112 0
      vertex -63.3 -45 3
      vertex -63.3 -45 0
    endloop
  endfacet
  facet normal -0.999476 0.0323571 0
    outer loop
      vertex -63.3 -45 3
      vertex -63.3036 -45.1112 0
      vertex -63.3036 -45.1112 3
    endloop
  endfacet
  facet normal 0.0323571 0.999476 -0
    outer loop
      vertex -65 -46.7 0
      vertex -65.1112 -46.6964 3
      vertex -65 -46.7 3
    endloop
  endfacet
  facet normal 0.0323571 0.999476 0
    outer loop
      vertex -65.1112 -46.6964 3
      vertex -65 -46.7 0
      vertex -65.1112 -46.6964 0
    endloop
  endfacet
  facet normal -0.683343 0.730098 0
    outer loop
      vertex -63.7979 -46.2021 0
      vertex -63.8791 -46.2781 3
      vertex -63.7979 -46.2021 3
    endloop
  endfacet
  facet normal -0.683343 0.730098 0
    outer loop
      vertex -63.8791 -46.2781 3
      vertex -63.7979 -46.2021 0
      vertex -63.8791 -46.2781 0
    endloop
  endfacet
  facet normal 0.412719 0.910859 -0
    outer loop
      vertex -65.6506 -46.5706 0
      vertex -65.7519 -46.5247 3
      vertex -65.6506 -46.5706 3
    endloop
  endfacet
  facet normal 0.412719 0.910859 0
    outer loop
      vertex -65.7519 -46.5247 3
      vertex -65.6506 -46.5706 0
      vertex -65.7519 -46.5247 0
    endloop
  endfacet
  facet normal -0.683343 -0.730098 0
    outer loop
      vertex -63.8791 -43.7219 0
      vertex -63.7979 -43.7979 3
      vertex -63.8791 -43.7219 3
    endloop
  endfacet
  facet normal -0.683343 -0.730098 -0
    outer loop
      vertex -63.7979 -43.7979 3
      vertex -63.8791 -43.7219 0
      vertex -63.7979 -43.7979 0
    endloop
  endfacet
  facet normal -0.910859 0.412719 0
    outer loop
      vertex -63.4753 -45.7519 0
      vertex -63.4294 -45.6506 3
      vertex -63.4294 -45.6506 0
    endloop
  endfacet
  facet normal -0.910859 0.412719 0
    outer loop
      vertex -63.4294 -45.6506 3
      vertex -63.4753 -45.7519 0
      vertex -63.4753 -45.7519 3
    endloop
  endfacet
  facet normal -0.352108 0.93596 0
    outer loop
      vertex -64.3494 -46.5706 0
      vertex -64.4536 -46.6098 3
      vertex -64.3494 -46.5706 3
    endloop
  endfacet
  facet normal -0.352108 0.93596 0
    outer loop
      vertex -64.4536 -46.6098 3
      vertex -64.3494 -46.5706 0
      vertex -64.4536 -46.6098 0
    endloop
  endfacet
  facet normal 0.88168 0.471847 0
    outer loop
      vertex -66.4722 -45.85 3
      vertex -66.5247 -45.7519 0
      vertex -66.5247 -45.7519 3
    endloop
  endfacet
  facet normal 0.88168 0.471847 0
    outer loop
      vertex -66.5247 -45.7519 0
      vertex -66.4722 -45.85 3
      vertex -66.4722 -45.85 0
    endloop
  endfacet
  facet normal 0.999476 -0.0323571 0
    outer loop
      vertex -66.7 -45 3
      vertex -66.6964 -44.8888 0
      vertex -66.6964 -44.8888 3
    endloop
  endfacet
  facet normal 0.999476 -0.0323571 0
    outer loop
      vertex -66.6964 -44.8888 0
      vertex -66.7 -45 3
      vertex -66.7 -45 0
    endloop
  endfacet
  facet normal 0.683343 0.730098 -0
    outer loop
      vertex -66.1209 -46.2781 0
      vertex -66.2021 -46.2021 3
      vertex -66.1209 -46.2781 3
    endloop
  endfacet
  facet normal 0.683343 0.730098 0
    outer loop
      vertex -66.2021 -46.2021 3
      vertex -66.1209 -46.2781 0
      vertex -66.2021 -46.2021 0
    endloop
  endfacet
  facet normal -0.97398 0.226633 0
    outer loop
      vertex -63.3579 -45.44 0
      vertex -63.3327 -45.3317 3
      vertex -63.3327 -45.3317 0
    endloop
  endfacet
  facet normal -0.97398 0.226633 0
    outer loop
      vertex -63.3327 -45.3317 3
      vertex -63.3579 -45.44 0
      vertex -63.3579 -45.44 3
    endloop
  endfacet
  facet normal -0.81276 0.582598 0
    outer loop
      vertex -63.6513 -46.0349 0
      vertex -63.5865 -45.9445 3
      vertex -63.5865 -45.9445 0
    endloop
  endfacet
  facet normal -0.81276 0.582598 0
    outer loop
      vertex -63.5865 -45.9445 3
      vertex -63.6513 -46.0349 0
      vertex -63.6513 -46.0349 3
    endloop
  endfacet
  facet normal -0.772915 0.634509 0
    outer loop
      vertex -63.7219 -46.1209 0
      vertex -63.6513 -46.0349 3
      vertex -63.6513 -46.0349 0
    endloop
  endfacet
  facet normal -0.772915 0.634509 0
    outer loop
      vertex -63.6513 -46.0349 3
      vertex -63.7219 -46.1209 0
      vertex -63.7219 -46.1209 3
    endloop
  endfacet
  facet normal -0.84946 0.527654 0
    outer loop
      vertex -63.5865 -45.9445 0
      vertex -63.5278 -45.85 3
      vertex -63.5278 -45.85 0
    endloop
  endfacet
  facet normal -0.84946 0.527654 0
    outer loop
      vertex -63.5278 -45.85 3
      vertex -63.5865 -45.9445 0
      vertex -63.5865 -45.9445 3
    endloop
  endfacet
  facet normal -0.16367 0.986515 0
    outer loop
      vertex -64.6684 -46.6673 0
      vertex -64.7781 -46.6855 3
      vertex -64.6684 -46.6673 3
    endloop
  endfacet
  facet normal -0.16367 0.986515 0
    outer loop
      vertex -64.7781 -46.6855 3
      vertex -64.6684 -46.6673 0
      vertex -64.7781 -46.6855 0
    endloop
  endfacet
  facet normal -0.290482 0.956881 0
    outer loop
      vertex -64.4536 -46.6098 0
      vertex -64.56 -46.6421 3
      vertex -64.4536 -46.6098 3
    endloop
  endfacet
  facet normal -0.290482 0.956881 0
    outer loop
      vertex -64.56 -46.6421 3
      vertex -64.4536 -46.6098 0
      vertex -64.56 -46.6421 0
    endloop
  endfacet
  facet normal -0.0323571 0.999476 0
    outer loop
      vertex -64.8888 -46.6964 0
      vertex -65 -46.7 3
      vertex -64.8888 -46.6964 3
    endloop
  endfacet
  facet normal -0.0323571 0.999476 0
    outer loop
      vertex -65 -46.7 3
      vertex -64.8888 -46.6964 0
      vertex -65 -46.7 0
    endloop
  endfacet
  facet normal -0.634509 0.772915 0
    outer loop
      vertex -63.8791 -46.2781 0
      vertex -63.9651 -46.3487 3
      vertex -63.8791 -46.2781 3
    endloop
  endfacet
  facet normal -0.634509 0.772915 0
    outer loop
      vertex -63.9651 -46.3487 3
      vertex -63.8791 -46.2781 0
      vertex -63.9651 -46.3487 0
    endloop
  endfacet
  facet normal -0.412719 0.910859 0
    outer loop
      vertex -64.2481 -46.5247 0
      vertex -64.3494 -46.5706 3
      vertex -64.2481 -46.5247 3
    endloop
  endfacet
  facet normal -0.412719 0.910859 0
    outer loop
      vertex -64.3494 -46.5706 3
      vertex -64.2481 -46.5247 0
      vertex -64.3494 -46.5706 0
    endloop
  endfacet
  facet normal 0.986539 0.163525 0
    outer loop
      vertex -66.6673 -45.3317 3
      vertex -66.6855 -45.2219 0
      vertex -66.6855 -45.2219 3
    endloop
  endfacet
  facet normal 0.986539 0.163525 0
    outer loop
      vertex -66.6855 -45.2219 0
      vertex -66.6673 -45.3317 3
      vertex -66.6673 -45.3317 0
    endloop
  endfacet
  facet normal 0.93596 0.352108 0
    outer loop
      vertex -66.5706 -45.6506 3
      vertex -66.6098 -45.5464 0
      vertex -66.6098 -45.5464 3
    endloop
  endfacet
  facet normal 0.93596 0.352108 0
    outer loop
      vertex -66.6098 -45.5464 0
      vertex -66.5706 -45.6506 3
      vertex -66.5706 -45.6506 0
    endloop
  endfacet
  facet normal 0.956881 0.290482 0
    outer loop
      vertex -66.6098 -45.5464 3
      vertex -66.6421 -45.44 0
      vertex -66.6421 -45.44 3
    endloop
  endfacet
  facet normal 0.956881 0.290482 0
    outer loop
      vertex -66.6421 -45.44 0
      vertex -66.6098 -45.5464 3
      vertex -66.6098 -45.5464 0
    endloop
  endfacet
  facet normal 0.999476 0.0323571 0
    outer loop
      vertex -66.6964 -45.1112 3
      vertex -66.7 -45 0
      vertex -66.7 -45 3
    endloop
  endfacet
  facet normal 0.999476 0.0323571 0
    outer loop
      vertex -66.7 -45 0
      vertex -66.6964 -45.1112 3
      vertex -66.6964 -45.1112 0
    endloop
  endfacet
  facet normal 0.582598 0.81276 -0
    outer loop
      vertex -65.9445 -46.4135 0
      vertex -66.0349 -46.3487 3
      vertex -65.9445 -46.4135 3
    endloop
  endfacet
  facet normal 0.582598 0.81276 0
    outer loop
      vertex -66.0349 -46.3487 3
      vertex -65.9445 -46.4135 0
      vertex -66.0349 -46.3487 0
    endloop
  endfacet
  facet normal 0.634509 0.772915 -0
    outer loop
      vertex -66.0349 -46.3487 0
      vertex -66.1209 -46.2781 3
      vertex -66.0349 -46.3487 3
    endloop
  endfacet
  facet normal 0.634509 0.772915 0
    outer loop
      vertex -66.1209 -46.2781 3
      vertex -66.0349 -46.3487 0
      vertex -66.1209 -46.2781 0
    endloop
  endfacet
  facet normal 0.16367 0.986515 -0
    outer loop
      vertex -65.2219 -46.6855 0
      vertex -65.3316 -46.6673 3
      vertex -65.2219 -46.6855 3
    endloop
  endfacet
  facet normal 0.16367 0.986515 0
    outer loop
      vertex -65.3316 -46.6673 3
      vertex -65.2219 -46.6855 0
      vertex -65.3316 -46.6673 0
    endloop
  endfacet
  facet normal 0.352108 0.93596 -0
    outer loop
      vertex -65.5464 -46.6098 0
      vertex -65.6506 -46.5706 3
      vertex -65.5464 -46.6098 3
    endloop
  endfacet
  facet normal 0.352108 0.93596 0
    outer loop
      vertex -65.6506 -46.5706 3
      vertex -65.5464 -46.6098 0
      vertex -65.6506 -46.5706 0
    endloop
  endfacet
  facet normal 0.226434 0.974026 -0
    outer loop
      vertex -65.3316 -46.6673 0
      vertex -65.44 -46.6421 3
      vertex -65.3316 -46.6673 3
    endloop
  endfacet
  facet normal 0.226434 0.974026 0
    outer loop
      vertex -65.44 -46.6421 3
      vertex -65.3316 -46.6673 0
      vertex -65.44 -46.6421 0
    endloop
  endfacet
  facet normal -0.93596 -0.352108 0
    outer loop
      vertex -63.3902 -44.4536 0
      vertex -63.4294 -44.3494 3
      vertex -63.4294 -44.3494 0
    endloop
  endfacet
  facet normal -0.93596 -0.352108 0
    outer loop
      vertex -63.4294 -44.3494 3
      vertex -63.3902 -44.4536 0
      vertex -63.3902 -44.4536 3
    endloop
  endfacet
  facet normal 0.772915 -0.634509 0
    outer loop
      vertex -66.3487 -43.9651 3
      vertex -66.2781 -43.8791 0
      vertex -66.2781 -43.8791 3
    endloop
  endfacet
  facet normal 0.772915 -0.634509 0
    outer loop
      vertex -66.2781 -43.8791 0
      vertex -66.3487 -43.9651 3
      vertex -66.3487 -43.9651 0
    endloop
  endfacet
  facet normal 0.910859 -0.412719 0
    outer loop
      vertex -66.5706 -44.3494 3
      vertex -66.5247 -44.2481 0
      vertex -66.5247 -44.2481 3
    endloop
  endfacet
  facet normal 0.910859 -0.412719 0
    outer loop
      vertex -66.5247 -44.2481 0
      vertex -66.5706 -44.3494 3
      vertex -66.5706 -44.3494 0
    endloop
  endfacet
  facet normal -0.412719 -0.910859 0
    outer loop
      vertex -64.3494 -43.4294 0
      vertex -64.2481 -43.4753 3
      vertex -64.3494 -43.4294 3
    endloop
  endfacet
  facet normal -0.412719 -0.910859 -0
    outer loop
      vertex -64.2481 -43.4753 3
      vertex -64.3494 -43.4294 0
      vertex -64.2481 -43.4753 0
    endloop
  endfacet
  facet normal -0.995187 0.0979904 0
    outer loop
      vertex -63.3145 -45.2219 0
      vertex -63.3036 -45.1112 3
      vertex -63.3036 -45.1112 0
    endloop
  endfacet
  facet normal -0.995187 0.0979904 0
    outer loop
      vertex -63.3036 -45.1112 3
      vertex -63.3145 -45.2219 0
      vertex -63.3145 -45.2219 3
    endloop
  endfacet
  facet normal -0.956881 0.290482 0
    outer loop
      vertex -63.3902 -45.5464 0
      vertex -63.3579 -45.44 3
      vertex -63.3579 -45.44 0
    endloop
  endfacet
  facet normal -0.956881 0.290482 0
    outer loop
      vertex -63.3579 -45.44 3
      vertex -63.3902 -45.5464 0
      vertex -63.3902 -45.5464 3
    endloop
  endfacet
  facet normal -0.93596 0.352108 0
    outer loop
      vertex -63.4294 -45.6506 0
      vertex -63.3902 -45.5464 3
      vertex -63.3902 -45.5464 0
    endloop
  endfacet
  facet normal -0.93596 0.352108 0
    outer loop
      vertex -63.3902 -45.5464 3
      vertex -63.4294 -45.6506 0
      vertex -63.4294 -45.6506 3
    endloop
  endfacet
  facet normal -0.88168 0.471847 0
    outer loop
      vertex -63.5278 -45.85 0
      vertex -63.4753 -45.7519 3
      vertex -63.4753 -45.7519 0
    endloop
  endfacet
  facet normal -0.88168 0.471847 0
    outer loop
      vertex -63.4753 -45.7519 3
      vertex -63.5278 -45.85 0
      vertex -63.5278 -45.85 3
    endloop
  endfacet
  facet normal -0.226434 0.974026 0
    outer loop
      vertex -64.56 -46.6421 0
      vertex -64.6684 -46.6673 3
      vertex -64.56 -46.6421 3
    endloop
  endfacet
  facet normal -0.226434 0.974026 0
    outer loop
      vertex -64.6684 -46.6673 3
      vertex -64.56 -46.6421 0
      vertex -64.6684 -46.6673 0
    endloop
  endfacet
  facet normal -0.0979904 0.995187 0
    outer loop
      vertex -64.7781 -46.6855 0
      vertex -64.8888 -46.6964 3
      vertex -64.7781 -46.6855 3
    endloop
  endfacet
  facet normal -0.0979904 0.995187 0
    outer loop
      vertex -64.8888 -46.6964 3
      vertex -64.7781 -46.6855 0
      vertex -64.8888 -46.6964 0
    endloop
  endfacet
  facet normal -0.471847 0.88168 0
    outer loop
      vertex -64.15 -46.4722 0
      vertex -64.2481 -46.5247 3
      vertex -64.15 -46.4722 3
    endloop
  endfacet
  facet normal -0.471847 0.88168 0
    outer loop
      vertex -64.2481 -46.5247 3
      vertex -64.15 -46.4722 0
      vertex -64.2481 -46.5247 0
    endloop
  endfacet
  facet normal -0.582598 0.81276 0
    outer loop
      vertex -63.9651 -46.3487 0
      vertex -64.0555 -46.4135 3
      vertex -63.9651 -46.3487 3
    endloop
  endfacet
  facet normal -0.582598 0.81276 0
    outer loop
      vertex -64.0555 -46.4135 3
      vertex -63.9651 -46.3487 0
      vertex -64.0555 -46.4135 0
    endloop
  endfacet
  facet normal -0.527654 0.84946 0
    outer loop
      vertex -64.0555 -46.4135 0
      vertex -64.15 -46.4722 3
      vertex -64.0555 -46.4135 3
    endloop
  endfacet
  facet normal -0.527654 0.84946 0
    outer loop
      vertex -64.15 -46.4722 3
      vertex -64.0555 -46.4135 0
      vertex -64.15 -46.4722 0
    endloop
  endfacet
  facet normal 0.910859 0.412719 0
    outer loop
      vertex -66.5247 -45.7519 3
      vertex -66.5706 -45.6506 0
      vertex -66.5706 -45.6506 3
    endloop
  endfacet
  facet normal 0.910859 0.412719 0
    outer loop
      vertex -66.5706 -45.6506 0
      vertex -66.5247 -45.7519 3
      vertex -66.5247 -45.7519 0
    endloop
  endfacet
  facet normal 0.97398 0.226633 0
    outer loop
      vertex -66.6421 -45.44 3
      vertex -66.6673 -45.3317 0
      vertex -66.6673 -45.3317 3
    endloop
  endfacet
  facet normal 0.97398 0.226633 0
    outer loop
      vertex -66.6673 -45.3317 0
      vertex -66.6421 -45.44 3
      vertex -66.6421 -45.44 0
    endloop
  endfacet
  facet normal 0.995187 0.0979904 0
    outer loop
      vertex -66.6855 -45.2219 3
      vertex -66.6964 -45.1112 0
      vertex -66.6964 -45.1112 3
    endloop
  endfacet
  facet normal 0.995187 0.0979904 0
    outer loop
      vertex -66.6964 -45.1112 0
      vertex -66.6855 -45.2219 3
      vertex -66.6855 -45.2219 0
    endloop
  endfacet
  facet normal 0.730098 0.683343 0
    outer loop
      vertex -66.2021 -46.2021 3
      vertex -66.2781 -46.1209 0
      vertex -66.2781 -46.1209 3
    endloop
  endfacet
  facet normal 0.730098 0.683343 0
    outer loop
      vertex -66.2781 -46.1209 0
      vertex -66.2021 -46.2021 3
      vertex -66.2021 -46.2021 0
    endloop
  endfacet
  facet normal 0.471847 0.88168 -0
    outer loop
      vertex -65.7519 -46.5247 0
      vertex -65.85 -46.4722 3
      vertex -65.7519 -46.5247 3
    endloop
  endfacet
  facet normal 0.471847 0.88168 0
    outer loop
      vertex -65.85 -46.4722 3
      vertex -65.7519 -46.5247 0
      vertex -65.85 -46.4722 0
    endloop
  endfacet
  facet normal 0.527654 0.84946 -0
    outer loop
      vertex -65.85 -46.4722 0
      vertex -65.9445 -46.4135 3
      vertex -65.85 -46.4722 3
    endloop
  endfacet
  facet normal 0.527654 0.84946 0
    outer loop
      vertex -65.9445 -46.4135 3
      vertex -65.85 -46.4722 0
      vertex -65.9445 -46.4135 0
    endloop
  endfacet
  facet normal 0.290482 0.956881 -0
    outer loop
      vertex -65.44 -46.6421 0
      vertex -65.5464 -46.6098 3
      vertex -65.44 -46.6421 3
    endloop
  endfacet
  facet normal 0.290482 0.956881 0
    outer loop
      vertex -65.5464 -46.6098 3
      vertex -65.44 -46.6421 0
      vertex -65.5464 -46.6098 0
    endloop
  endfacet
  facet normal 0.0979904 0.995187 -0
    outer loop
      vertex -65.1112 -46.6964 0
      vertex -65.2219 -46.6855 3
      vertex -65.1112 -46.6964 3
    endloop
  endfacet
  facet normal 0.0979904 0.995187 0
    outer loop
      vertex -65.2219 -46.6855 3
      vertex -65.1112 -46.6964 0
      vertex -65.2219 -46.6855 0
    endloop
  endfacet
  facet normal -0.995187 -0.0979904 0
    outer loop
      vertex -63.3036 -44.8888 0
      vertex -63.3145 -44.7781 3
      vertex -63.3145 -44.7781 0
    endloop
  endfacet
  facet normal -0.995187 -0.0979904 0
    outer loop
      vertex -63.3145 -44.7781 3
      vertex -63.3036 -44.8888 0
      vertex -63.3036 -44.8888 3
    endloop
  endfacet
  facet normal -0.97398 -0.226633 0
    outer loop
      vertex -63.3327 -44.6683 0
      vertex -63.3579 -44.56 3
      vertex -63.3579 -44.56 0
    endloop
  endfacet
  facet normal -0.97398 -0.226633 0
    outer loop
      vertex -63.3579 -44.56 3
      vertex -63.3327 -44.6683 0
      vertex -63.3327 -44.6683 3
    endloop
  endfacet
  facet normal -0.471847 -0.88168 0
    outer loop
      vertex -64.2481 -43.4753 0
      vertex -64.15 -43.5278 3
      vertex -64.2481 -43.4753 3
    endloop
  endfacet
  facet normal -0.471847 -0.88168 -0
    outer loop
      vertex -64.15 -43.5278 3
      vertex -64.2481 -43.4753 0
      vertex -64.15 -43.5278 0
    endloop
  endfacet
  facet normal -0.730098 -0.683343 0
    outer loop
      vertex -63.7219 -43.8791 0
      vertex -63.7979 -43.7979 3
      vertex -63.7979 -43.7979 0
    endloop
  endfacet
  facet normal -0.730098 -0.683343 0
    outer loop
      vertex -63.7979 -43.7979 3
      vertex -63.7219 -43.8791 0
      vertex -63.7219 -43.8791 3
    endloop
  endfacet
  facet normal -0.772915 -0.634509 0
    outer loop
      vertex -63.6513 -43.9651 0
      vertex -63.7219 -43.8791 3
      vertex -63.7219 -43.8791 0
    endloop
  endfacet
  facet normal -0.772915 -0.634509 0
    outer loop
      vertex -63.7219 -43.8791 3
      vertex -63.6513 -43.9651 0
      vertex -63.6513 -43.9651 3
    endloop
  endfacet
  facet normal -0.0323571 -0.999476 0
    outer loop
      vertex -65 -43.3 0
      vertex -64.8888 -43.3036 3
      vertex -65 -43.3 3
    endloop
  endfacet
  facet normal -0.0323571 -0.999476 -0
    outer loop
      vertex -64.8888 -43.3036 3
      vertex -65 -43.3 0
      vertex -64.8888 -43.3036 0
    endloop
  endfacet
  facet normal 0.352108 -0.93596 0
    outer loop
      vertex -65.6506 -43.4294 0
      vertex -65.5464 -43.3902 3
      vertex -65.6506 -43.4294 3
    endloop
  endfacet
  facet normal 0.352108 -0.93596 0
    outer loop
      vertex -65.5464 -43.3902 3
      vertex -65.6506 -43.4294 0
      vertex -65.5464 -43.3902 0
    endloop
  endfacet
  facet normal 0.730098 -0.683343 0
    outer loop
      vertex -66.2781 -43.8791 3
      vertex -66.2021 -43.7979 0
      vertex -66.2021 -43.7979 3
    endloop
  endfacet
  facet normal 0.730098 -0.683343 0
    outer loop
      vertex -66.2021 -43.7979 0
      vertex -66.2781 -43.8791 3
      vertex -66.2781 -43.8791 0
    endloop
  endfacet
  facet normal 0.97398 -0.226633 0
    outer loop
      vertex -66.6673 -44.6683 3
      vertex -66.6421 -44.56 0
      vertex -66.6421 -44.56 3
    endloop
  endfacet
  facet normal 0.97398 -0.226633 0
    outer loop
      vertex -66.6421 -44.56 0
      vertex -66.6673 -44.6683 3
      vertex -66.6673 -44.6683 0
    endloop
  endfacet
  facet normal -0.0979904 -0.995187 0
    outer loop
      vertex -64.8888 -43.3036 0
      vertex -64.7781 -43.3145 3
      vertex -64.8888 -43.3036 3
    endloop
  endfacet
  facet normal -0.0979904 -0.995187 -0
    outer loop
      vertex -64.7781 -43.3145 3
      vertex -64.8888 -43.3036 0
      vertex -64.7781 -43.3145 0
    endloop
  endfacet
  facet normal -0.730098 0.683343 0
    outer loop
      vertex -63.7979 -46.2021 0
      vertex -63.7219 -46.1209 3
      vertex -63.7219 -46.1209 0
    endloop
  endfacet
  facet normal -0.730098 0.683343 0
    outer loop
      vertex -63.7219 -46.1209 3
      vertex -63.7979 -46.2021 0
      vertex -63.7979 -46.2021 3
    endloop
  endfacet
  facet normal 0.84946 0.527654 0
    outer loop
      vertex -66.4135 -45.9445 3
      vertex -66.4722 -45.85 0
      vertex -66.4722 -45.85 3
    endloop
  endfacet
  facet normal 0.84946 0.527654 0
    outer loop
      vertex -66.4722 -45.85 0
      vertex -66.4135 -45.9445 3
      vertex -66.4135 -45.9445 0
    endloop
  endfacet
  facet normal 0.81276 0.582598 0
    outer loop
      vertex -66.3487 -46.0349 3
      vertex -66.4135 -45.9445 0
      vertex -66.4135 -45.9445 3
    endloop
  endfacet
  facet normal 0.81276 0.582598 0
    outer loop
      vertex -66.4135 -45.9445 0
      vertex -66.3487 -46.0349 3
      vertex -66.3487 -46.0349 0
    endloop
  endfacet
  facet normal 0.772915 0.634509 0
    outer loop
      vertex -66.2781 -46.1209 3
      vertex -66.3487 -46.0349 0
      vertex -66.3487 -46.0349 3
    endloop
  endfacet
  facet normal 0.772915 0.634509 0
    outer loop
      vertex -66.3487 -46.0349 0
      vertex -66.2781 -46.1209 3
      vertex -66.2781 -46.1209 0
    endloop
  endfacet
  facet normal -0.956881 -0.290482 0
    outer loop
      vertex -63.3579 -44.56 0
      vertex -63.3902 -44.4536 3
      vertex -63.3902 -44.4536 0
    endloop
  endfacet
  facet normal -0.956881 -0.290482 0
    outer loop
      vertex -63.3902 -44.4536 3
      vertex -63.3579 -44.56 0
      vertex -63.3579 -44.56 3
    endloop
  endfacet
  facet normal -0.999476 -0.0323571 0
    outer loop
      vertex -63.3 -45 0
      vertex -63.3036 -44.8888 3
      vertex -63.3036 -44.8888 0
    endloop
  endfacet
  facet normal -0.999476 -0.0323571 0
    outer loop
      vertex -63.3036 -44.8888 3
      vertex -63.3 -45 0
      vertex -63.3 -45 3
    endloop
  endfacet
  facet normal -0.582598 -0.81276 0
    outer loop
      vertex -64.0555 -43.5865 0
      vertex -63.9651 -43.6513 3
      vertex -64.0555 -43.5865 3
    endloop
  endfacet
  facet normal -0.582598 -0.81276 -0
    outer loop
      vertex -63.9651 -43.6513 3
      vertex -64.0555 -43.5865 0
      vertex -63.9651 -43.6513 0
    endloop
  endfacet
  facet normal -0.634509 -0.772915 0
    outer loop
      vertex -63.9651 -43.6513 0
      vertex -63.8791 -43.7219 3
      vertex -63.9651 -43.6513 3
    endloop
  endfacet
  facet normal -0.634509 -0.772915 -0
    outer loop
      vertex -63.8791 -43.7219 3
      vertex -63.9651 -43.6513 0
      vertex -63.8791 -43.7219 0
    endloop
  endfacet
  facet normal -0.81276 -0.582598 0
    outer loop
      vertex -63.5865 -44.0555 0
      vertex -63.6513 -43.9651 3
      vertex -63.6513 -43.9651 0
    endloop
  endfacet
  facet normal -0.81276 -0.582598 0
    outer loop
      vertex -63.6513 -43.9651 3
      vertex -63.5865 -44.0555 0
      vertex -63.5865 -44.0555 3
    endloop
  endfacet
  facet normal 0.290482 -0.956881 0
    outer loop
      vertex -65.5464 -43.3902 0
      vertex -65.44 -43.3579 3
      vertex -65.5464 -43.3902 3
    endloop
  endfacet
  facet normal 0.290482 -0.956881 0
    outer loop
      vertex -65.44 -43.3579 3
      vertex -65.5464 -43.3902 0
      vertex -65.44 -43.3579 0
    endloop
  endfacet
  facet normal 0.683343 -0.730098 0
    outer loop
      vertex -66.2021 -43.7979 0
      vertex -66.1209 -43.7219 3
      vertex -66.2021 -43.7979 3
    endloop
  endfacet
  facet normal 0.683343 -0.730098 0
    outer loop
      vertex -66.1209 -43.7219 3
      vertex -66.2021 -43.7979 0
      vertex -66.1209 -43.7219 0
    endloop
  endfacet
  facet normal 0.81276 -0.582598 0
    outer loop
      vertex -66.4135 -44.0555 3
      vertex -66.3487 -43.9651 0
      vertex -66.3487 -43.9651 3
    endloop
  endfacet
  facet normal 0.81276 -0.582598 0
    outer loop
      vertex -66.3487 -43.9651 0
      vertex -66.4135 -44.0555 3
      vertex -66.4135 -44.0555 0
    endloop
  endfacet
  facet normal 0.88168 -0.471847 0
    outer loop
      vertex -66.5247 -44.2481 3
      vertex -66.4722 -44.15 0
      vertex -66.4722 -44.15 3
    endloop
  endfacet
  facet normal 0.88168 -0.471847 0
    outer loop
      vertex -66.4722 -44.15 0
      vertex -66.5247 -44.2481 3
      vertex -66.5247 -44.2481 0
    endloop
  endfacet
  facet normal 0.995187 -0.0979904 0
    outer loop
      vertex -66.6964 -44.8888 3
      vertex -66.6855 -44.7781 0
      vertex -66.6855 -44.7781 3
    endloop
  endfacet
  facet normal 0.995187 -0.0979904 0
    outer loop
      vertex -66.6855 -44.7781 0
      vertex -66.6964 -44.8888 3
      vertex -66.6964 -44.8888 0
    endloop
  endfacet
  facet normal -0.290482 -0.956881 0
    outer loop
      vertex -64.56 -43.3579 0
      vertex -64.4536 -43.3902 3
      vertex -64.56 -43.3579 3
    endloop
  endfacet
  facet normal -0.290482 -0.956881 -0
    outer loop
      vertex -64.4536 -43.3902 3
      vertex -64.56 -43.3579 0
      vertex -64.4536 -43.3902 0
    endloop
  endfacet
  facet normal -0.352108 -0.93596 0
    outer loop
      vertex -64.4536 -43.3902 0
      vertex -64.3494 -43.4294 3
      vertex -64.4536 -43.3902 3
    endloop
  endfacet
  facet normal -0.352108 -0.93596 -0
    outer loop
      vertex -64.3494 -43.4294 3
      vertex -64.4536 -43.3902 0
      vertex -64.3494 -43.4294 0
    endloop
  endfacet
  facet normal -0.226434 -0.974026 0
    outer loop
      vertex -64.6684 -43.3327 0
      vertex -64.56 -43.3579 3
      vertex -64.6684 -43.3327 3
    endloop
  endfacet
  facet normal -0.226434 -0.974026 -0
    outer loop
      vertex -64.56 -43.3579 3
      vertex -64.6684 -43.3327 0
      vertex -64.56 -43.3579 0
    endloop
  endfacet
  facet normal -0.910859 -0.412719 0
    outer loop
      vertex -63.4294 -44.3494 0
      vertex -63.4753 -44.2481 3
      vertex -63.4753 -44.2481 0
    endloop
  endfacet
  facet normal -0.910859 -0.412719 0
    outer loop
      vertex -63.4753 -44.2481 3
      vertex -63.4294 -44.3494 0
      vertex -63.4294 -44.3494 3
    endloop
  endfacet
  facet normal -0.88168 -0.471847 0
    outer loop
      vertex -63.4753 -44.2481 0
      vertex -63.5278 -44.15 3
      vertex -63.5278 -44.15 0
    endloop
  endfacet
  facet normal -0.88168 -0.471847 0
    outer loop
      vertex -63.5278 -44.15 3
      vertex -63.4753 -44.2481 0
      vertex -63.4753 -44.2481 3
    endloop
  endfacet
  facet normal -0.986539 -0.163525 0
    outer loop
      vertex -63.3145 -44.7781 0
      vertex -63.3327 -44.6683 3
      vertex -63.3327 -44.6683 0
    endloop
  endfacet
  facet normal -0.986539 -0.163525 0
    outer loop
      vertex -63.3327 -44.6683 3
      vertex -63.3145 -44.7781 0
      vertex -63.3145 -44.7781 3
    endloop
  endfacet
  facet normal -0.527654 -0.84946 0
    outer loop
      vertex -64.15 -43.5278 0
      vertex -64.0555 -43.5865 3
      vertex -64.15 -43.5278 3
    endloop
  endfacet
  facet normal -0.527654 -0.84946 -0
    outer loop
      vertex -64.0555 -43.5865 3
      vertex -64.15 -43.5278 0
      vertex -64.0555 -43.5865 0
    endloop
  endfacet
  facet normal -0.84946 -0.527654 0
    outer loop
      vertex -63.5278 -44.15 0
      vertex -63.5865 -44.0555 3
      vertex -63.5865 -44.0555 0
    endloop
  endfacet
  facet normal -0.84946 -0.527654 0
    outer loop
      vertex -63.5865 -44.0555 3
      vertex -63.5278 -44.15 0
      vertex -63.5278 -44.15 3
    endloop
  endfacet
  facet normal 0.0979904 -0.995187 0
    outer loop
      vertex -65.2219 -43.3145 0
      vertex -65.1112 -43.3036 3
      vertex -65.2219 -43.3145 3
    endloop
  endfacet
  facet normal 0.0979904 -0.995187 0
    outer loop
      vertex -65.1112 -43.3036 3
      vertex -65.2219 -43.3145 0
      vertex -65.1112 -43.3036 0
    endloop
  endfacet
  facet normal 0.471847 -0.88168 0
    outer loop
      vertex -65.85 -43.5278 0
      vertex -65.7519 -43.4753 3
      vertex -65.85 -43.5278 3
    endloop
  endfacet
  facet normal 0.471847 -0.88168 0
    outer loop
      vertex -65.7519 -43.4753 3
      vertex -65.85 -43.5278 0
      vertex -65.7519 -43.4753 0
    endloop
  endfacet
  facet normal 0.84946 -0.527654 0
    outer loop
      vertex -66.4722 -44.15 3
      vertex -66.4135 -44.0555 0
      vertex -66.4135 -44.0555 3
    endloop
  endfacet
  facet normal 0.84946 -0.527654 0
    outer loop
      vertex -66.4135 -44.0555 0
      vertex -66.4722 -44.15 3
      vertex -66.4722 -44.15 0
    endloop
  endfacet
  facet normal 0.93596 -0.352108 0
    outer loop
      vertex -66.6098 -44.4536 3
      vertex -66.5706 -44.3494 0
      vertex -66.5706 -44.3494 3
    endloop
  endfacet
  facet normal 0.93596 -0.352108 0
    outer loop
      vertex -66.5706 -44.3494 0
      vertex -66.6098 -44.4536 3
      vertex -66.6098 -44.4536 0
    endloop
  endfacet
  facet normal 0.956881 -0.290482 0
    outer loop
      vertex -66.6421 -44.56 3
      vertex -66.6098 -44.4536 0
      vertex -66.6098 -44.4536 3
    endloop
  endfacet
  facet normal 0.956881 -0.290482 0
    outer loop
      vertex -66.6098 -44.4536 0
      vertex -66.6421 -44.56 3
      vertex -66.6421 -44.56 0
    endloop
  endfacet
  facet normal 0.986539 -0.163525 0
    outer loop
      vertex -66.6855 -44.7781 3
      vertex -66.6673 -44.6683 0
      vertex -66.6673 -44.6683 3
    endloop
  endfacet
  facet normal 0.986539 -0.163525 0
    outer loop
      vertex -66.6673 -44.6683 0
      vertex -66.6855 -44.7781 3
      vertex -66.6855 -44.7781 0
    endloop
  endfacet
  facet normal -0.16367 -0.986515 0
    outer loop
      vertex -64.7781 -43.3145 0
      vertex -64.6684 -43.3327 3
      vertex -64.7781 -43.3145 3
    endloop
  endfacet
  facet normal -0.16367 -0.986515 -0
    outer loop
      vertex -64.6684 -43.3327 3
      vertex -64.7781 -43.3145 0
      vertex -64.6684 -43.3327 0
    endloop
  endfacet
  facet normal 0.226434 -0.974026 0
    outer loop
      vertex -65.44 -43.3579 0
      vertex -65.3316 -43.3327 3
      vertex -65.44 -43.3579 3
    endloop
  endfacet
  facet normal 0.226434 -0.974026 0
    outer loop
      vertex -65.3316 -43.3327 3
      vertex -65.44 -43.3579 0
      vertex -65.3316 -43.3327 0
    endloop
  endfacet
  facet normal 0.0323571 -0.999476 0
    outer loop
      vertex -65.1112 -43.3036 0
      vertex -65 -43.3 3
      vertex -65.1112 -43.3036 3
    endloop
  endfacet
  facet normal 0.0323571 -0.999476 0
    outer loop
      vertex -65 -43.3 3
      vertex -65.1112 -43.3036 0
      vertex -65 -43.3 0
    endloop
  endfacet
  facet normal 0.412719 -0.910859 0
    outer loop
      vertex -65.7519 -43.4753 0
      vertex -65.6506 -43.4294 3
      vertex -65.7519 -43.4753 3
    endloop
  endfacet
  facet normal 0.412719 -0.910859 0
    outer loop
      vertex -65.6506 -43.4294 3
      vertex -65.7519 -43.4753 0
      vertex -65.6506 -43.4294 0
    endloop
  endfacet
  facet normal 0.527654 -0.84946 0
    outer loop
      vertex -65.9445 -43.5865 0
      vertex -65.85 -43.5278 3
      vertex -65.9445 -43.5865 3
    endloop
  endfacet
  facet normal 0.527654 -0.84946 0
    outer loop
      vertex -65.85 -43.5278 3
      vertex -65.9445 -43.5865 0
      vertex -65.85 -43.5278 0
    endloop
  endfacet
  facet normal 0.16367 -0.986515 0
    outer loop
      vertex -65.3316 -43.3327 0
      vertex -65.2219 -43.3145 3
      vertex -65.3316 -43.3327 3
    endloop
  endfacet
  facet normal 0.16367 -0.986515 0
    outer loop
      vertex -65.2219 -43.3145 3
      vertex -65.3316 -43.3327 0
      vertex -65.2219 -43.3145 0
    endloop
  endfacet
  facet normal 0.582598 -0.81276 0
    outer loop
      vertex -66.0349 -43.6513 0
      vertex -65.9445 -43.5865 3
      vertex -66.0349 -43.6513 3
    endloop
  endfacet
  facet normal 0.582598 -0.81276 0
    outer loop
      vertex -65.9445 -43.5865 3
      vertex -66.0349 -43.6513 0
      vertex -65.9445 -43.5865 0
    endloop
  endfacet
  facet normal 0.634509 -0.772915 0
    outer loop
      vertex -66.1209 -43.7219 0
      vertex -66.0349 -43.6513 3
      vertex -66.1209 -43.7219 3
    endloop
  endfacet
  facet normal 0.634509 -0.772915 0
    outer loop
      vertex -66.0349 -43.6513 3
      vertex -66.1209 -43.7219 0
      vertex -66.0349 -43.6513 0
    endloop
  endfacet
  facet normal -0.97398 0.226633 0
    outer loop
      vertex 66.6421 44.56 0
      vertex 66.6673 44.6683 3
      vertex 66.6673 44.6683 0
    endloop
  endfacet
  facet normal -0.97398 0.226633 0
    outer loop
      vertex 66.6673 44.6683 3
      vertex 66.6421 44.56 0
      vertex 66.6421 44.56 3
    endloop
  endfacet
  facet normal -0.999476 0.0323571 0
    outer loop
      vertex 66.6964 44.8888 0
      vertex 66.7 45 3
      vertex 66.7 45 0
    endloop
  endfacet
  facet normal -0.999476 0.0323571 0
    outer loop
      vertex 66.7 45 3
      vertex 66.6964 44.8888 0
      vertex 66.6964 44.8888 3
    endloop
  endfacet
  facet normal 0.999476 0.0323571 0
    outer loop
      vertex 63.3036 44.8888 3
      vertex 63.3 45 0
      vertex 63.3 45 3
    endloop
  endfacet
  facet normal 0.999476 0.0323571 0
    outer loop
      vertex 63.3 45 0
      vertex 63.3036 44.8888 3
      vertex 63.3036 44.8888 0
    endloop
  endfacet
  facet normal -0.0323571 0.999476 0
    outer loop
      vertex 65.1112 43.3036 0
      vertex 65 43.3 3
      vertex 65.1112 43.3036 3
    endloop
  endfacet
  facet normal -0.0323571 0.999476 0
    outer loop
      vertex 65 43.3 3
      vertex 65.1112 43.3036 0
      vertex 65 43.3 0
    endloop
  endfacet
  facet normal 0.683343 0.730098 -0
    outer loop
      vertex 63.8791 43.7219 0
      vertex 63.7979 43.7979 3
      vertex 63.8791 43.7219 3
    endloop
  endfacet
  facet normal 0.683343 0.730098 0
    outer loop
      vertex 63.7979 43.7979 3
      vertex 63.8791 43.7219 0
      vertex 63.7979 43.7979 0
    endloop
  endfacet
  facet normal -0.956881 0.290482 0
    outer loop
      vertex 66.6098 44.4536 0
      vertex 66.6421 44.56 3
      vertex 66.6421 44.56 0
    endloop
  endfacet
  facet normal -0.956881 0.290482 0
    outer loop
      vertex 66.6421 44.56 3
      vertex 66.6098 44.4536 0
      vertex 66.6098 44.4536 3
    endloop
  endfacet
  facet normal -0.730098 0.683343 0
    outer loop
      vertex 66.2021 43.7979 0
      vertex 66.2781 43.8791 3
      vertex 66.2781 43.8791 0
    endloop
  endfacet
  facet normal -0.730098 0.683343 0
    outer loop
      vertex 66.2781 43.8791 3
      vertex 66.2021 43.7979 0
      vertex 66.2021 43.7979 3
    endloop
  endfacet
  facet normal -0.412719 0.910859 0
    outer loop
      vertex 65.7519 43.4753 0
      vertex 65.6506 43.4294 3
      vertex 65.7519 43.4753 3
    endloop
  endfacet
  facet normal -0.412719 0.910859 0
    outer loop
      vertex 65.6506 43.4294 3
      vertex 65.7519 43.4753 0
      vertex 65.6506 43.4294 0
    endloop
  endfacet
  facet normal 0.84946 0.527654 0
    outer loop
      vertex 63.5865 44.0555 3
      vertex 63.5278 44.15 0
      vertex 63.5278 44.15 3
    endloop
  endfacet
  facet normal 0.84946 0.527654 0
    outer loop
      vertex 63.5278 44.15 0
      vertex 63.5865 44.0555 3
      vertex 63.5865 44.0555 0
    endloop
  endfacet
  facet normal 0.290482 0.956881 -0
    outer loop
      vertex 64.56 43.3579 0
      vertex 64.4536 43.3902 3
      vertex 64.56 43.3579 3
    endloop
  endfacet
  facet normal 0.290482 0.956881 0
    outer loop
      vertex 64.4536 43.3902 3
      vertex 64.56 43.3579 0
      vertex 64.4536 43.3902 0
    endloop
  endfacet
  facet normal -0.88168 -0.471847 0
    outer loop
      vertex 66.5247 45.7519 0
      vertex 66.4722 45.85 3
      vertex 66.4722 45.85 0
    endloop
  endfacet
  facet normal -0.88168 -0.471847 0
    outer loop
      vertex 66.4722 45.85 3
      vertex 66.5247 45.7519 0
      vertex 66.5247 45.7519 3
    endloop
  endfacet
  facet normal -0.226434 -0.974026 0
    outer loop
      vertex 65.3316 46.6673 0
      vertex 65.44 46.6421 3
      vertex 65.3316 46.6673 3
    endloop
  endfacet
  facet normal -0.226434 -0.974026 -0
    outer loop
      vertex 65.44 46.6421 3
      vertex 65.3316 46.6673 0
      vertex 65.44 46.6421 0
    endloop
  endfacet
  facet normal -0.683343 -0.730098 0
    outer loop
      vertex 66.1209 46.2781 0
      vertex 66.2021 46.2021 3
      vertex 66.1209 46.2781 3
    endloop
  endfacet
  facet normal -0.683343 -0.730098 -0
    outer loop
      vertex 66.2021 46.2021 3
      vertex 66.1209 46.2781 0
      vertex 66.2021 46.2021 0
    endloop
  endfacet
  facet normal 0.352108 -0.93596 0
    outer loop
      vertex 64.3494 46.5706 0
      vertex 64.4536 46.6098 3
      vertex 64.3494 46.5706 3
    endloop
  endfacet
  facet normal 0.352108 -0.93596 0
    outer loop
      vertex 64.4536 46.6098 3
      vertex 64.3494 46.5706 0
      vertex 64.4536 46.6098 0
    endloop
  endfacet
  facet normal 0.986539 -0.163525 0
    outer loop
      vertex 63.3145 45.2219 3
      vertex 63.3327 45.3317 0
      vertex 63.3327 45.3317 3
    endloop
  endfacet
  facet normal 0.986539 -0.163525 0
    outer loop
      vertex 63.3327 45.3317 0
      vertex 63.3145 45.2219 3
      vertex 63.3145 45.2219 0
    endloop
  endfacet
  facet normal 0.84946 -0.527654 0
    outer loop
      vertex 63.5278 45.85 3
      vertex 63.5865 45.9445 0
      vertex 63.5865 45.9445 3
    endloop
  endfacet
  facet normal 0.84946 -0.527654 0
    outer loop
      vertex 63.5865 45.9445 0
      vertex 63.5278 45.85 3
      vertex 63.5278 45.85 0
    endloop
  endfacet
  facet normal -0.910859 0.412719 0
    outer loop
      vertex 66.5247 44.2481 0
      vertex 66.5706 44.3494 3
      vertex 66.5706 44.3494 0
    endloop
  endfacet
  facet normal -0.910859 0.412719 0
    outer loop
      vertex 66.5706 44.3494 3
      vertex 66.5247 44.2481 0
      vertex 66.5247 44.2481 3
    endloop
  endfacet
  facet normal -0.84946 0.527654 0
    outer loop
      vertex 66.4135 44.0555 0
      vertex 66.4722 44.15 3
      vertex 66.4722 44.15 0
    endloop
  endfacet
  facet normal -0.84946 0.527654 0
    outer loop
      vertex 66.4722 44.15 3
      vertex 66.4135 44.0555 0
      vertex 66.4135 44.0555 3
    endloop
  endfacet
  facet normal -0.81276 0.582598 0
    outer loop
      vertex 66.3487 43.9651 0
      vertex 66.4135 44.0555 3
      vertex 66.4135 44.0555 0
    endloop
  endfacet
  facet normal -0.81276 0.582598 0
    outer loop
      vertex 66.4135 44.0555 3
      vertex 66.3487 43.9651 0
      vertex 66.3487 43.9651 3
    endloop
  endfacet
  facet normal -0.226434 0.974026 0
    outer loop
      vertex 65.44 43.3579 0
      vertex 65.3316 43.3327 3
      vertex 65.44 43.3579 3
    endloop
  endfacet
  facet normal -0.226434 0.974026 0
    outer loop
      vertex 65.3316 43.3327 3
      vertex 65.44 43.3579 0
      vertex 65.3316 43.3327 0
    endloop
  endfacet
  facet normal -0.0979904 0.995187 0
    outer loop
      vertex 65.2219 43.3145 0
      vertex 65.1112 43.3036 3
      vertex 65.2219 43.3145 3
    endloop
  endfacet
  facet normal -0.0979904 0.995187 0
    outer loop
      vertex 65.1112 43.3036 3
      vertex 65.2219 43.3145 0
      vertex 65.1112 43.3036 0
    endloop
  endfacet
  facet normal -0.634509 0.772915 0
    outer loop
      vertex 66.1209 43.7219 0
      vertex 66.0349 43.6513 3
      vertex 66.1209 43.7219 3
    endloop
  endfacet
  facet normal -0.634509 0.772915 0
    outer loop
      vertex 66.0349 43.6513 3
      vertex 66.1209 43.7219 0
      vertex 66.0349 43.6513 0
    endloop
  endfacet
  facet normal -0.471847 0.88168 0
    outer loop
      vertex 65.85 43.5278 0
      vertex 65.7519 43.4753 3
      vertex 65.85 43.5278 3
    endloop
  endfacet
  facet normal -0.471847 0.88168 0
    outer loop
      vertex 65.7519 43.4753 3
      vertex 65.85 43.5278 0
      vertex 65.7519 43.4753 0
    endloop
  endfacet
  facet normal -0.582598 0.81276 0
    outer loop
      vertex 66.0349 43.6513 0
      vertex 65.9445 43.5865 3
      vertex 66.0349 43.6513 3
    endloop
  endfacet
  facet normal -0.582598 0.81276 0
    outer loop
      vertex 65.9445 43.5865 3
      vertex 66.0349 43.6513 0
      vertex 65.9445 43.5865 0
    endloop
  endfacet
  facet normal 0.910859 0.412719 0
    outer loop
      vertex 63.4753 44.2481 3
      vertex 63.4294 44.3494 0
      vertex 63.4294 44.3494 3
    endloop
  endfacet
  facet normal 0.910859 0.412719 0
    outer loop
      vertex 63.4294 44.3494 0
      vertex 63.4753 44.2481 3
      vertex 63.4753 44.2481 0
    endloop
  endfacet
  facet normal 0.97398 0.226633 0
    outer loop
      vertex 63.3579 44.56 3
      vertex 63.3327 44.6683 0
      vertex 63.3327 44.6683 3
    endloop
  endfacet
  facet normal 0.97398 0.226633 0
    outer loop
      vertex 63.3327 44.6683 0
      vertex 63.3579 44.56 3
      vertex 63.3579 44.56 0
    endloop
  endfacet
  facet normal 0.995187 0.0979904 0
    outer loop
      vertex 63.3145 44.7781 3
      vertex 63.3036 44.8888 0
      vertex 63.3036 44.8888 3
    endloop
  endfacet
  facet normal 0.995187 0.0979904 0
    outer loop
      vertex 63.3036 44.8888 0
      vertex 63.3145 44.7781 3
      vertex 63.3145 44.7781 0
    endloop
  endfacet
  facet normal 0.527654 0.84946 -0
    outer loop
      vertex 64.15 43.5278 0
      vertex 64.0555 43.5865 3
      vertex 64.15 43.5278 3
    endloop
  endfacet
  facet normal 0.527654 0.84946 0
    outer loop
      vertex 64.0555 43.5865 3
      vertex 64.15 43.5278 0
      vertex 64.0555 43.5865 0
    endloop
  endfacet
  facet normal 0.412719 0.910859 -0
    outer loop
      vertex 64.3494 43.4294 0
      vertex 64.2481 43.4753 3
      vertex 64.3494 43.4294 3
    endloop
  endfacet
  facet normal 0.412719 0.910859 0
    outer loop
      vertex 64.2481 43.4753 3
      vertex 64.3494 43.4294 0
      vertex 64.2481 43.4753 0
    endloop
  endfacet
  facet normal 0.634509 0.772915 -0
    outer loop
      vertex 63.9651 43.6513 0
      vertex 63.8791 43.7219 3
      vertex 63.9651 43.6513 3
    endloop
  endfacet
  facet normal 0.634509 0.772915 0
    outer loop
      vertex 63.8791 43.7219 3
      vertex 63.9651 43.6513 0
      vertex 63.8791 43.7219 0
    endloop
  endfacet
  facet normal 0.0323571 0.999476 -0
    outer loop
      vertex 65 43.3 0
      vertex 64.8888 43.3036 3
      vertex 65 43.3 3
    endloop
  endfacet
  facet normal 0.0323571 0.999476 0
    outer loop
      vertex 64.8888 43.3036 3
      vertex 65 43.3 0
      vertex 64.8888 43.3036 0
    endloop
  endfacet
  facet normal -0.0323571 -0.999476 0
    outer loop
      vertex 65 46.7 0
      vertex 65.1112 46.6964 3
      vertex 65 46.7 3
    endloop
  endfacet
  facet normal -0.0323571 -0.999476 -0
    outer loop
      vertex 65.1112 46.6964 3
      vertex 65 46.7 0
      vertex 65.1112 46.6964 0
    endloop
  endfacet
  facet normal -0.634509 -0.772915 0
    outer loop
      vertex 66.0349 46.3487 0
      vertex 66.1209 46.2781 3
      vertex 66.0349 46.3487 3
    endloop
  endfacet
  facet normal -0.634509 -0.772915 -0
    outer loop
      vertex 66.1209 46.2781 3
      vertex 66.0349 46.3487 0
      vertex 66.1209 46.2781 0
    endloop
  endfacet
  facet normal -0.772915 -0.634509 0
    outer loop
      vertex 66.3487 46.0349 0
      vertex 66.2781 46.1209 3
      vertex 66.2781 46.1209 0
    endloop
  endfacet
  facet normal -0.772915 -0.634509 0
    outer loop
      vertex 66.2781 46.1209 3
      vertex 66.3487 46.0349 0
      vertex 66.3487 46.0349 3
    endloop
  endfacet
  facet normal -0.956881 -0.290482 0
    outer loop
      vertex 66.6421 45.44 0
      vertex 66.6098 45.5464 3
      vertex 66.6098 45.5464 0
    endloop
  endfacet
  facet normal -0.956881 -0.290482 0
    outer loop
      vertex 66.6098 45.5464 3
      vertex 66.6421 45.44 0
      vertex 66.6421 45.44 3
    endloop
  endfacet
  facet normal -0.97398 -0.226633 0
    outer loop
      vertex 66.6673 45.3317 0
      vertex 66.6421 45.44 3
      vertex 66.6421 45.44 0
    endloop
  endfacet
  facet normal -0.97398 -0.226633 0
    outer loop
      vertex 66.6421 45.44 3
      vertex 66.6673 45.3317 0
      vertex 66.6673 45.3317 3
    endloop
  endfacet
  facet normal 0.683343 -0.730098 0
    outer loop
      vertex 63.7979 46.2021 0
      vertex 63.8791 46.2781 3
      vertex 63.7979 46.2021 3
    endloop
  endfacet
  facet normal 0.683343 -0.730098 0
    outer loop
      vertex 63.8791 46.2781 3
      vertex 63.7979 46.2021 0
      vertex 63.8791 46.2781 0
    endloop
  endfacet
  facet normal 0.0323571 -0.999476 0
    outer loop
      vertex 64.8888 46.6964 0
      vertex 65 46.7 3
      vertex 64.8888 46.6964 3
    endloop
  endfacet
  facet normal 0.0323571 -0.999476 0
    outer loop
      vertex 65 46.7 3
      vertex 64.8888 46.6964 0
      vertex 65 46.7 0
    endloop
  endfacet
  facet normal 0.582598 -0.81276 0
    outer loop
      vertex 63.9651 46.3487 0
      vertex 64.0555 46.4135 3
      vertex 63.9651 46.3487 3
    endloop
  endfacet
  facet normal 0.582598 -0.81276 0
    outer loop
      vertex 64.0555 46.4135 3
      vertex 63.9651 46.3487 0
      vertex 64.0555 46.4135 0
    endloop
  endfacet
  facet normal 0.730098 -0.683343 0
    outer loop
      vertex 63.7219 46.1209 3
      vertex 63.7979 46.2021 0
      vertex 63.7979 46.2021 3
    endloop
  endfacet
  facet normal 0.730098 -0.683343 0
    outer loop
      vertex 63.7979 46.2021 0
      vertex 63.7219 46.1209 3
      vertex 63.7219 46.1209 0
    endloop
  endfacet
  facet normal 0.910859 -0.412719 0
    outer loop
      vertex 63.4294 45.6506 3
      vertex 63.4753 45.7519 0
      vertex 63.4753 45.7519 3
    endloop
  endfacet
  facet normal 0.910859 -0.412719 0
    outer loop
      vertex 63.4753 45.7519 0
      vertex 63.4294 45.6506 3
      vertex 63.4294 45.6506 0
    endloop
  endfacet
  facet normal 0.97398 -0.226633 0
    outer loop
      vertex 63.3327 45.3317 3
      vertex 63.3579 45.44 0
      vertex 63.3579 45.44 3
    endloop
  endfacet
  facet normal 0.97398 -0.226633 0
    outer loop
      vertex 63.3579 45.44 0
      vertex 63.3327 45.3317 3
      vertex 63.3327 45.3317 0
    endloop
  endfacet
  facet normal 0.999476 -0.0323571 0
    outer loop
      vertex 63.3 45 3
      vertex 63.3036 45.1112 0
      vertex 63.3036 45.1112 3
    endloop
  endfacet
  facet normal 0.999476 -0.0323571 0
    outer loop
      vertex 63.3036 45.1112 0
      vertex 63.3 45 3
      vertex 63.3 45 0
    endloop
  endfacet
  facet normal -0.995187 0.0979904 0
    outer loop
      vertex 66.6855 44.7781 0
      vertex 66.6964 44.8888 3
      vertex 66.6964 44.8888 0
    endloop
  endfacet
  facet normal -0.995187 0.0979904 0
    outer loop
      vertex 66.6964 44.8888 3
      vertex 66.6855 44.7781 0
      vertex 66.6855 44.7781 3
    endloop
  endfacet
  facet normal -0.986539 0.163525 0
    outer loop
      vertex 66.6673 44.6683 0
      vertex 66.6855 44.7781 3
      vertex 66.6855 44.7781 0
    endloop
  endfacet
  facet normal -0.986539 0.163525 0
    outer loop
      vertex 66.6855 44.7781 3
      vertex 66.6673 44.6683 0
      vertex 66.6673 44.6683 3
    endloop
  endfacet
  facet normal -0.93596 0.352108 0
    outer loop
      vertex 66.5706 44.3494 0
      vertex 66.6098 44.4536 3
      vertex 66.6098 44.4536 0
    endloop
  endfacet
  facet normal -0.93596 0.352108 0
    outer loop
      vertex 66.6098 44.4536 3
      vertex 66.5706 44.3494 0
      vertex 66.5706 44.3494 3
    endloop
  endfacet
  facet normal -0.683343 0.730098 0
    outer loop
      vertex 66.2021 43.7979 0
      vertex 66.1209 43.7219 3
      vertex 66.2021 43.7979 3
    endloop
  endfacet
  facet normal -0.683343 0.730098 0
    outer loop
      vertex 66.1209 43.7219 3
      vertex 66.2021 43.7979 0
      vertex 66.1209 43.7219 0
    endloop
  endfacet
  facet normal -0.772915 0.634509 0
    outer loop
      vertex 66.2781 43.8791 0
      vertex 66.3487 43.9651 3
      vertex 66.3487 43.9651 0
    endloop
  endfacet
  facet normal -0.772915 0.634509 0
    outer loop
      vertex 66.3487 43.9651 3
      vertex 66.2781 43.8791 0
      vertex 66.2781 43.8791 3
    endloop
  endfacet
  facet normal -0.88168 0.471847 0
    outer loop
      vertex 66.4722 44.15 0
      vertex 66.5247 44.2481 3
      vertex 66.5247 44.2481 0
    endloop
  endfacet
  facet normal -0.88168 0.471847 0
    outer loop
      vertex 66.5247 44.2481 3
      vertex 66.4722 44.15 0
      vertex 66.4722 44.15 3
    endloop
  endfacet
  facet normal -0.352108 0.93596 0
    outer loop
      vertex 65.6506 43.4294 0
      vertex 65.5464 43.3902 3
      vertex 65.6506 43.4294 3
    endloop
  endfacet
  facet normal -0.352108 0.93596 0
    outer loop
      vertex 65.5464 43.3902 3
      vertex 65.6506 43.4294 0
      vertex 65.5464 43.3902 0
    endloop
  endfacet
  facet normal -0.290482 0.956881 0
    outer loop
      vertex 65.5464 43.3902 0
      vertex 65.44 43.3579 3
      vertex 65.5464 43.3902 3
    endloop
  endfacet
  facet normal -0.290482 0.956881 0
    outer loop
      vertex 65.44 43.3579 3
      vertex 65.5464 43.3902 0
      vertex 65.44 43.3579 0
    endloop
  endfacet
  facet normal -0.16367 0.986515 0
    outer loop
      vertex 65.3316 43.3327 0
      vertex 65.2219 43.3145 3
      vertex 65.3316 43.3327 3
    endloop
  endfacet
  facet normal -0.16367 0.986515 0
    outer loop
      vertex 65.2219 43.3145 3
      vertex 65.3316 43.3327 0
      vertex 65.2219 43.3145 0
    endloop
  endfacet
  facet normal -0.527654 0.84946 0
    outer loop
      vertex 65.9445 43.5865 0
      vertex 65.85 43.5278 3
      vertex 65.9445 43.5865 3
    endloop
  endfacet
  facet normal -0.527654 0.84946 0
    outer loop
      vertex 65.85 43.5278 3
      vertex 65.9445 43.5865 0
      vertex 65.85 43.5278 0
    endloop
  endfacet
  facet normal 0.88168 0.471847 0
    outer loop
      vertex 63.5278 44.15 3
      vertex 63.4753 44.2481 0
      vertex 63.4753 44.2481 3
    endloop
  endfacet
  facet normal 0.88168 0.471847 0
    outer loop
      vertex 63.4753 44.2481 0
      vertex 63.5278 44.15 3
      vertex 63.5278 44.15 0
    endloop
  endfacet
  facet normal 0.93596 0.352108 0
    outer loop
      vertex 63.4294 44.3494 3
      vertex 63.3902 44.4536 0
      vertex 63.3902 44.4536 3
    endloop
  endfacet
  facet normal 0.93596 0.352108 0
    outer loop
      vertex 63.3902 44.4536 0
      vertex 63.4294 44.3494 3
      vertex 63.4294 44.3494 0
    endloop
  endfacet
  facet normal 0.956881 0.290482 0
    outer loop
      vertex 63.3902 44.4536 3
      vertex 63.3579 44.56 0
      vertex 63.3579 44.56 3
    endloop
  endfacet
  facet normal 0.956881 0.290482 0
    outer loop
      vertex 63.3579 44.56 0
      vertex 63.3902 44.4536 3
      vertex 63.3902 44.4536 0
    endloop
  endfacet
  facet normal 0.986539 0.163525 0
    outer loop
      vertex 63.3327 44.6683 3
      vertex 63.3145 44.7781 0
      vertex 63.3145 44.7781 3
    endloop
  endfacet
  facet normal 0.986539 0.163525 0
    outer loop
      vertex 63.3145 44.7781 0
      vertex 63.3327 44.6683 3
      vertex 63.3327 44.6683 0
    endloop
  endfacet
  facet normal 0.471847 0.88168 -0
    outer loop
      vertex 64.2481 43.4753 0
      vertex 64.15 43.5278 3
      vertex 64.2481 43.4753 3
    endloop
  endfacet
  facet normal 0.471847 0.88168 0
    outer loop
      vertex 64.15 43.5278 3
      vertex 64.2481 43.4753 0
      vertex 64.15 43.5278 0
    endloop
  endfacet
  facet normal 0.582598 0.81276 -0
    outer loop
      vertex 64.0555 43.5865 0
      vertex 63.9651 43.6513 3
      vertex 64.0555 43.5865 3
    endloop
  endfacet
  facet normal 0.582598 0.81276 0
    outer loop
      vertex 63.9651 43.6513 3
      vertex 64.0555 43.5865 0
      vertex 63.9651 43.6513 0
    endloop
  endfacet
  facet normal 0.352108 0.93596 -0
    outer loop
      vertex 64.4536 43.3902 0
      vertex 64.3494 43.4294 3
      vertex 64.4536 43.3902 3
    endloop
  endfacet
  facet normal 0.352108 0.93596 0
    outer loop
      vertex 64.3494 43.4294 3
      vertex 64.4536 43.3902 0
      vertex 64.3494 43.4294 0
    endloop
  endfacet
  facet normal 0.226434 0.974026 -0
    outer loop
      vertex 64.6684 43.3327 0
      vertex 64.56 43.3579 3
      vertex 64.6684 43.3327 3
    endloop
  endfacet
  facet normal 0.226434 0.974026 0
    outer loop
      vertex 64.56 43.3579 3
      vertex 64.6684 43.3327 0
      vertex 64.56 43.3579 0
    endloop
  endfacet
  facet normal 0.0979904 0.995187 -0
    outer loop
      vertex 64.8888 43.3036 0
      vertex 64.7781 43.3145 3
      vertex 64.8888 43.3036 3
    endloop
  endfacet
  facet normal 0.0979904 0.995187 0
    outer loop
      vertex 64.7781 43.3145 3
      vertex 64.8888 43.3036 0
      vertex 64.7781 43.3145 0
    endloop
  endfacet
  facet normal 0.16367 0.986515 -0
    outer loop
      vertex 64.7781 43.3145 0
      vertex 64.6684 43.3327 3
      vertex 64.7781 43.3145 3
    endloop
  endfacet
  facet normal 0.16367 0.986515 0
    outer loop
      vertex 64.6684 43.3327 3
      vertex 64.7781 43.3145 0
      vertex 64.6684 43.3327 0
    endloop
  endfacet
  facet normal -0.995187 -0.0979904 0
    outer loop
      vertex 66.6964 45.1112 0
      vertex 66.6855 45.2219 3
      vertex 66.6855 45.2219 0
    endloop
  endfacet
  facet normal -0.995187 -0.0979904 0
    outer loop
      vertex 66.6855 45.2219 3
      vertex 66.6964 45.1112 0
      vertex 66.6964 45.1112 3
    endloop
  endfacet
  facet normal -0.0979904 -0.995187 0
    outer loop
      vertex 65.1112 46.6964 0
      vertex 65.2219 46.6855 3
      vertex 65.1112 46.6964 3
    endloop
  endfacet
  facet normal -0.0979904 -0.995187 -0
    outer loop
      vertex 65.2219 46.6855 3
      vertex 65.1112 46.6964 0
      vertex 65.2219 46.6855 0
    endloop
  endfacet
  facet normal -0.290482 -0.956881 0
    outer loop
      vertex 65.44 46.6421 0
      vertex 65.5464 46.6098 3
      vertex 65.44 46.6421 3
    endloop
  endfacet
  facet normal -0.290482 -0.956881 -0
    outer loop
      vertex 65.5464 46.6098 3
      vertex 65.44 46.6421 0
      vertex 65.5464 46.6098 0
    endloop
  endfacet
  facet normal -0.527654 -0.84946 0
    outer loop
      vertex 65.85 46.4722 0
      vertex 65.9445 46.4135 3
      vertex 65.85 46.4722 3
    endloop
  endfacet
  facet normal -0.527654 -0.84946 -0
    outer loop
      vertex 65.9445 46.4135 3
      vertex 65.85 46.4722 0
      vertex 65.9445 46.4135 0
    endloop
  endfacet
  facet normal -0.412719 -0.910859 0
    outer loop
      vertex 65.6506 46.5706 0
      vertex 65.7519 46.5247 3
      vertex 65.6506 46.5706 3
    endloop
  endfacet
  facet normal -0.412719 -0.910859 -0
    outer loop
      vertex 65.7519 46.5247 3
      vertex 65.6506 46.5706 0
      vertex 65.7519 46.5247 0
    endloop
  endfacet
  facet normal -0.582598 -0.81276 0
    outer loop
      vertex 65.9445 46.4135 0
      vertex 66.0349 46.3487 3
      vertex 65.9445 46.4135 3
    endloop
  endfacet
  facet normal -0.582598 -0.81276 -0
    outer loop
      vertex 66.0349 46.3487 3
      vertex 65.9445 46.4135 0
      vertex 66.0349 46.3487 0
    endloop
  endfacet
  facet normal -0.81276 -0.582598 0
    outer loop
      vertex 66.4135 45.9445 0
      vertex 66.3487 46.0349 3
      vertex 66.3487 46.0349 0
    endloop
  endfacet
  facet normal -0.81276 -0.582598 0
    outer loop
      vertex 66.3487 46.0349 3
      vertex 66.4135 45.9445 0
      vertex 66.4135 45.9445 3
    endloop
  endfacet
  facet normal -0.93596 -0.352108 0
    outer loop
      vertex 66.6098 45.5464 0
      vertex 66.5706 45.6506 3
      vertex 66.5706 45.6506 0
    endloop
  endfacet
  facet normal -0.93596 -0.352108 0
    outer loop
      vertex 66.5706 45.6506 3
      vertex 66.6098 45.5464 0
      vertex 66.6098 45.5464 3
    endloop
  endfacet
  facet normal -0.986539 -0.163525 0
    outer loop
      vertex 66.6855 45.2219 0
      vertex 66.6673 45.3317 3
      vertex 66.6673 45.3317 0
    endloop
  endfacet
  facet normal -0.986539 -0.163525 0
    outer loop
      vertex 66.6673 45.3317 3
      vertex 66.6855 45.2219 0
      vertex 66.6855 45.2219 3
    endloop
  endfacet
  facet normal 0.226434 -0.974026 0
    outer loop
      vertex 64.56 46.6421 0
      vertex 64.6684 46.6673 3
      vertex 64.56 46.6421 3
    endloop
  endfacet
  facet normal 0.226434 -0.974026 0
    outer loop
      vertex 64.6684 46.6673 3
      vertex 64.56 46.6421 0
      vertex 64.6684 46.6673 0
    endloop
  endfacet
  facet normal 0.16367 -0.986515 0
    outer loop
      vertex 64.6684 46.6673 0
      vertex 64.7781 46.6855 3
      vertex 64.6684 46.6673 3
    endloop
  endfacet
  facet normal 0.16367 -0.986515 0
    outer loop
      vertex 64.7781 46.6855 3
      vertex 64.6684 46.6673 0
      vertex 64.7781 46.6855 0
    endloop
  endfacet
  facet normal 0.527654 -0.84946 0
    outer loop
      vertex 64.0555 46.4135 0
      vertex 64.15 46.4722 3
      vertex 64.0555 46.4135 3
    endloop
  endfacet
  facet normal 0.527654 -0.84946 0
    outer loop
      vertex 64.15 46.4722 3
      vertex 64.0555 46.4135 0
      vertex 64.15 46.4722 0
    endloop
  endfacet
  facet normal 0.412719 -0.910859 0
    outer loop
      vertex 64.2481 46.5247 0
      vertex 64.3494 46.5706 3
      vertex 64.2481 46.5247 3
    endloop
  endfacet
  facet normal 0.412719 -0.910859 0
    outer loop
      vertex 64.3494 46.5706 3
      vertex 64.2481 46.5247 0
      vertex 64.3494 46.5706 0
    endloop
  endfacet
  facet normal 0.634509 -0.772915 0
    outer loop
      vertex 63.8791 46.2781 0
      vertex 63.9651 46.3487 3
      vertex 63.8791 46.2781 3
    endloop
  endfacet
  facet normal 0.634509 -0.772915 0
    outer loop
      vertex 63.9651 46.3487 3
      vertex 63.8791 46.2781 0
      vertex 63.9651 46.3487 0
    endloop
  endfacet
  facet normal 0.81276 -0.582598 0
    outer loop
      vertex 63.5865 45.9445 3
      vertex 63.6513 46.0349 0
      vertex 63.6513 46.0349 3
    endloop
  endfacet
  facet normal 0.81276 -0.582598 0
    outer loop
      vertex 63.6513 46.0349 0
      vertex 63.5865 45.9445 3
      vertex 63.5865 45.9445 0
    endloop
  endfacet
  facet normal 0.88168 -0.471847 0
    outer loop
      vertex 63.4753 45.7519 3
      vertex 63.5278 45.85 0
      vertex 63.5278 45.85 3
    endloop
  endfacet
  facet normal 0.88168 -0.471847 0
    outer loop
      vertex 63.5278 45.85 0
      vertex 63.4753 45.7519 3
      vertex 63.4753 45.7519 0
    endloop
  endfacet
  facet normal 0.995187 -0.0979904 0
    outer loop
      vertex 63.3036 45.1112 3
      vertex 63.3145 45.2219 0
      vertex 63.3145 45.2219 3
    endloop
  endfacet
  facet normal 0.995187 -0.0979904 0
    outer loop
      vertex 63.3145 45.2219 0
      vertex 63.3036 45.1112 3
      vertex 63.3036 45.1112 0
    endloop
  endfacet
  facet normal 0.956881 -0.290482 0
    outer loop
      vertex 63.3579 45.44 3
      vertex 63.3902 45.5464 0
      vertex 63.3902 45.5464 3
    endloop
  endfacet
  facet normal 0.956881 -0.290482 0
    outer loop
      vertex 63.3902 45.5464 0
      vertex 63.3579 45.44 3
      vertex 63.3579 45.44 0
    endloop
  endfacet
  facet normal 0.93596 -0.352108 0
    outer loop
      vertex 63.3902 45.5464 3
      vertex 63.4294 45.6506 0
      vertex 63.4294 45.6506 3
    endloop
  endfacet
  facet normal 0.93596 -0.352108 0
    outer loop
      vertex 63.4294 45.6506 0
      vertex 63.3902 45.5464 3
      vertex 63.3902 45.5464 0
    endloop
  endfacet
  facet normal 0.81276 0.582598 0
    outer loop
      vertex 63.6513 43.9651 3
      vertex 63.5865 44.0555 0
      vertex 63.5865 44.0555 3
    endloop
  endfacet
  facet normal 0.81276 0.582598 0
    outer loop
      vertex 63.5865 44.0555 0
      vertex 63.6513 43.9651 3
      vertex 63.6513 43.9651 0
    endloop
  endfacet
  facet normal 0.772915 0.634509 0
    outer loop
      vertex 63.7219 43.8791 3
      vertex 63.6513 43.9651 0
      vertex 63.6513 43.9651 3
    endloop
  endfacet
  facet normal 0.772915 0.634509 0
    outer loop
      vertex 63.6513 43.9651 0
      vertex 63.7219 43.8791 3
      vertex 63.7219 43.8791 0
    endloop
  endfacet
  facet normal 0.730098 0.683343 0
    outer loop
      vertex 63.7979 43.7979 3
      vertex 63.7219 43.8791 0
      vertex 63.7219 43.8791 3
    endloop
  endfacet
  facet normal 0.730098 0.683343 0
    outer loop
      vertex 63.7219 43.8791 0
      vertex 63.7979 43.7979 3
      vertex 63.7979 43.7979 0
    endloop
  endfacet
  facet normal -0.999476 -0.0323571 0
    outer loop
      vertex 66.7 45 0
      vertex 66.6964 45.1112 3
      vertex 66.6964 45.1112 0
    endloop
  endfacet
  facet normal -0.999476 -0.0323571 0
    outer loop
      vertex 66.6964 45.1112 3
      vertex 66.7 45 0
      vertex 66.7 45 3
    endloop
  endfacet
  facet normal -0.16367 -0.986515 0
    outer loop
      vertex 65.2219 46.6855 0
      vertex 65.3316 46.6673 3
      vertex 65.2219 46.6855 3
    endloop
  endfacet
  facet normal -0.16367 -0.986515 -0
    outer loop
      vertex 65.3316 46.6673 3
      vertex 65.2219 46.6855 0
      vertex 65.3316 46.6673 0
    endloop
  endfacet
  facet normal -0.352108 -0.93596 0
    outer loop
      vertex 65.5464 46.6098 0
      vertex 65.6506 46.5706 3
      vertex 65.5464 46.6098 3
    endloop
  endfacet
  facet normal -0.352108 -0.93596 -0
    outer loop
      vertex 65.6506 46.5706 3
      vertex 65.5464 46.6098 0
      vertex 65.6506 46.5706 0
    endloop
  endfacet
  facet normal -0.730098 -0.683343 0
    outer loop
      vertex 66.2781 46.1209 0
      vertex 66.2021 46.2021 3
      vertex 66.2021 46.2021 0
    endloop
  endfacet
  facet normal -0.730098 -0.683343 0
    outer loop
      vertex 66.2021 46.2021 3
      vertex 66.2781 46.1209 0
      vertex 66.2781 46.1209 3
    endloop
  endfacet
  facet normal -0.471847 -0.88168 0
    outer loop
      vertex 65.7519 46.5247 0
      vertex 65.85 46.4722 3
      vertex 65.7519 46.5247 3
    endloop
  endfacet
  facet normal -0.471847 -0.88168 -0
    outer loop
      vertex 65.85 46.4722 3
      vertex 65.7519 46.5247 0
      vertex 65.85 46.4722 0
    endloop
  endfacet
  facet normal -0.84946 -0.527654 0
    outer loop
      vertex 66.4722 45.85 0
      vertex 66.4135 45.9445 3
      vertex 66.4135 45.9445 0
    endloop
  endfacet
  facet normal -0.84946 -0.527654 0
    outer loop
      vertex 66.4135 45.9445 3
      vertex 66.4722 45.85 0
      vertex 66.4722 45.85 3
    endloop
  endfacet
  facet normal -0.910859 -0.412719 0
    outer loop
      vertex 66.5706 45.6506 0
      vertex 66.5247 45.7519 3
      vertex 66.5247 45.7519 0
    endloop
  endfacet
  facet normal -0.910859 -0.412719 0
    outer loop
      vertex 66.5247 45.7519 3
      vertex 66.5706 45.6506 0
      vertex 66.5706 45.6506 3
    endloop
  endfacet
  facet normal 0.290482 -0.956881 0
    outer loop
      vertex 64.4536 46.6098 0
      vertex 64.56 46.6421 3
      vertex 64.4536 46.6098 3
    endloop
  endfacet
  facet normal 0.290482 -0.956881 0
    outer loop
      vertex 64.56 46.6421 3
      vertex 64.4536 46.6098 0
      vertex 64.56 46.6421 0
    endloop
  endfacet
  facet normal 0.0979904 -0.995187 0
    outer loop
      vertex 64.7781 46.6855 0
      vertex 64.8888 46.6964 3
      vertex 64.7781 46.6855 3
    endloop
  endfacet
  facet normal 0.0979904 -0.995187 0
    outer loop
      vertex 64.8888 46.6964 3
      vertex 64.7781 46.6855 0
      vertex 64.8888 46.6964 0
    endloop
  endfacet
  facet normal 0.471847 -0.88168 0
    outer loop
      vertex 64.15 46.4722 0
      vertex 64.2481 46.5247 3
      vertex 64.15 46.4722 3
    endloop
  endfacet
  facet normal 0.471847 -0.88168 0
    outer loop
      vertex 64.2481 46.5247 3
      vertex 64.15 46.4722 0
      vertex 64.2481 46.5247 0
    endloop
  endfacet
  facet normal 0.772915 -0.634509 0
    outer loop
      vertex 63.6513 46.0349 3
      vertex 63.7219 46.1209 0
      vertex 63.7219 46.1209 3
    endloop
  endfacet
  facet normal 0.772915 -0.634509 0
    outer loop
      vertex 63.7219 46.1209 0
      vertex 63.6513 46.0349 3
      vertex 63.6513 46.0349 0
    endloop
  endfacet
  facet normal -0.999476 0.0323571 0
    outer loop
      vertex 66.6964 -45.1112 0
      vertex 66.7 -45 3
      vertex 66.7 -45 0
    endloop
  endfacet
  facet normal -0.999476 0.0323571 0
    outer loop
      vertex 66.7 -45 3
      vertex 66.6964 -45.1112 0
      vertex 66.6964 -45.1112 3
    endloop
  endfacet
  facet normal 0.0323571 0.999476 -0
    outer loop
      vertex 65 -46.7 0
      vertex 64.8888 -46.6964 3
      vertex 65 -46.7 3
    endloop
  endfacet
  facet normal 0.0323571 0.999476 0
    outer loop
      vertex 64.8888 -46.6964 3
      vertex 65 -46.7 0
      vertex 64.8888 -46.6964 0
    endloop
  endfacet
  facet normal -0.0323571 -0.999476 0
    outer loop
      vertex 65 -43.3 0
      vertex 65.1112 -43.3036 3
      vertex 65 -43.3 3
    endloop
  endfacet
  facet normal -0.0323571 -0.999476 -0
    outer loop
      vertex 65.1112 -43.3036 3
      vertex 65 -43.3 0
      vertex 65.1112 -43.3036 0
    endloop
  endfacet
  facet normal -0.683343 0.730098 0
    outer loop
      vertex 66.2021 -46.2021 0
      vertex 66.1209 -46.2781 3
      vertex 66.2021 -46.2021 3
    endloop
  endfacet
  facet normal -0.683343 0.730098 0
    outer loop
      vertex 66.1209 -46.2781 3
      vertex 66.2021 -46.2021 0
      vertex 66.1209 -46.2781 0
    endloop
  endfacet
  facet normal 0.730098 0.683343 0
    outer loop
      vertex 63.7979 -46.2021 3
      vertex 63.7219 -46.1209 0
      vertex 63.7219 -46.1209 3
    endloop
  endfacet
  facet normal 0.730098 0.683343 0
    outer loop
      vertex 63.7219 -46.1209 0
      vertex 63.7979 -46.2021 3
      vertex 63.7979 -46.2021 0
    endloop
  endfacet
  facet normal 0.412719 0.910859 -0
    outer loop
      vertex 64.3494 -46.5706 0
      vertex 64.2481 -46.5247 3
      vertex 64.3494 -46.5706 3
    endloop
  endfacet
  facet normal 0.412719 0.910859 0
    outer loop
      vertex 64.2481 -46.5247 3
      vertex 64.3494 -46.5706 0
      vertex 64.2481 -46.5247 0
    endloop
  endfacet
  facet normal -0.84946 -0.527654 0
    outer loop
      vertex 66.4722 -44.15 0
      vertex 66.4135 -44.0555 3
      vertex 66.4135 -44.0555 0
    endloop
  endfacet
  facet normal -0.84946 -0.527654 0
    outer loop
      vertex 66.4135 -44.0555 3
      vertex 66.4722 -44.15 0
      vertex 66.4722 -44.15 3
    endloop
  endfacet
  facet normal -0.910859 0.412719 0
    outer loop
      vertex 66.5247 -45.7519 0
      vertex 66.5706 -45.6506 3
      vertex 66.5706 -45.6506 0
    endloop
  endfacet
  facet normal -0.910859 0.412719 0
    outer loop
      vertex 66.5706 -45.6506 3
      vertex 66.5247 -45.7519 0
      vertex 66.5247 -45.7519 3
    endloop
  endfacet
  facet normal -0.352108 0.93596 0
    outer loop
      vertex 65.6506 -46.5706 0
      vertex 65.5464 -46.6098 3
      vertex 65.6506 -46.5706 3
    endloop
  endfacet
  facet normal -0.352108 0.93596 0
    outer loop
      vertex 65.5464 -46.6098 3
      vertex 65.6506 -46.5706 0
      vertex 65.5464 -46.6098 0
    endloop
  endfacet
  facet normal -0.582598 0.81276 0
    outer loop
      vertex 66.0349 -46.3487 0
      vertex 65.9445 -46.4135 3
      vertex 66.0349 -46.3487 3
    endloop
  endfacet
  facet normal -0.582598 0.81276 0
    outer loop
      vertex 65.9445 -46.4135 3
      vertex 66.0349 -46.3487 0
      vertex 65.9445 -46.4135 0
    endloop
  endfacet
  facet normal 0.88168 0.471847 0
    outer loop
      vertex 63.5278 -45.85 3
      vertex 63.4753 -45.7519 0
      vertex 63.4753 -45.7519 3
    endloop
  endfacet
  facet normal 0.88168 0.471847 0
    outer loop
      vertex 63.4753 -45.7519 0
      vertex 63.5278 -45.85 3
      vertex 63.5278 -45.85 0
    endloop
  endfacet
  facet normal 0.683343 0.730098 -0
    outer loop
      vertex 63.8791 -46.2781 0
      vertex 63.7979 -46.2021 3
      vertex 63.8791 -46.2781 3
    endloop
  endfacet
  facet normal 0.683343 0.730098 0
    outer loop
      vertex 63.7979 -46.2021 3
      vertex 63.8791 -46.2781 0
      vertex 63.7979 -46.2021 0
    endloop
  endfacet
  facet normal 0.226434 0.974026 -0
    outer loop
      vertex 64.6684 -46.6673 0
      vertex 64.56 -46.6421 3
      vertex 64.6684 -46.6673 3
    endloop
  endfacet
  facet normal 0.226434 0.974026 0
    outer loop
      vertex 64.56 -46.6421 3
      vertex 64.6684 -46.6673 0
      vertex 64.56 -46.6421 0
    endloop
  endfacet
  facet normal -0.97398 0.226633 0
    outer loop
      vertex 66.6421 -45.44 0
      vertex 66.6673 -45.3317 3
      vertex 66.6673 -45.3317 0
    endloop
  endfacet
  facet normal -0.97398 0.226633 0
    outer loop
      vertex 66.6673 -45.3317 3
      vertex 66.6421 -45.44 0
      vertex 66.6421 -45.44 3
    endloop
  endfacet
  facet normal -0.81276 0.582598 0
    outer loop
      vertex 66.3487 -46.0349 0
      vertex 66.4135 -45.9445 3
      vertex 66.4135 -45.9445 0
    endloop
  endfacet
  facet normal -0.81276 0.582598 0
    outer loop
      vertex 66.4135 -45.9445 3
      vertex 66.3487 -46.0349 0
      vertex 66.3487 -46.0349 3
    endloop
  endfacet
  facet normal -0.772915 0.634509 0
    outer loop
      vertex 66.2781 -46.1209 0
      vertex 66.3487 -46.0349 3
      vertex 66.3487 -46.0349 0
    endloop
  endfacet
  facet normal -0.772915 0.634509 0
    outer loop
      vertex 66.3487 -46.0349 3
      vertex 66.2781 -46.1209 0
      vertex 66.2781 -46.1209 3
    endloop
  endfacet
  facet normal -0.16367 0.986515 0
    outer loop
      vertex 65.3316 -46.6673 0
      vertex 65.2219 -46.6855 3
      vertex 65.3316 -46.6673 3
    endloop
  endfacet
  facet normal -0.16367 0.986515 0
    outer loop
      vertex 65.2219 -46.6855 3
      vertex 65.3316 -46.6673 0
      vertex 65.2219 -46.6855 0
    endloop
  endfacet
  facet normal -0.290482 0.956881 0
    outer loop
      vertex 65.5464 -46.6098 0
      vertex 65.44 -46.6421 3
      vertex 65.5464 -46.6098 3
    endloop
  endfacet
  facet normal -0.290482 0.956881 0
    outer loop
      vertex 65.44 -46.6421 3
      vertex 65.5464 -46.6098 0
      vertex 65.44 -46.6421 0
    endloop
  endfacet
  facet normal -0.634509 0.772915 0
    outer loop
      vertex 66.1209 -46.2781 0
      vertex 66.0349 -46.3487 3
      vertex 66.1209 -46.2781 3
    endloop
  endfacet
  facet normal -0.634509 0.772915 0
    outer loop
      vertex 66.0349 -46.3487 3
      vertex 66.1209 -46.2781 0
      vertex 66.0349 -46.3487 0
    endloop
  endfacet
  facet normal 0.772915 0.634509 0
    outer loop
      vertex 63.7219 -46.1209 3
      vertex 63.6513 -46.0349 0
      vertex 63.6513 -46.0349 3
    endloop
  endfacet
  facet normal 0.772915 0.634509 0
    outer loop
      vertex 63.6513 -46.0349 0
      vertex 63.7219 -46.1209 3
      vertex 63.7219 -46.1209 0
    endloop
  endfacet
  facet normal 0.93596 0.352108 0
    outer loop
      vertex 63.4294 -45.6506 3
      vertex 63.3902 -45.5464 0
      vertex 63.3902 -45.5464 3
    endloop
  endfacet
  facet normal 0.93596 0.352108 0
    outer loop
      vertex 63.3902 -45.5464 0
      vertex 63.4294 -45.6506 3
      vertex 63.4294 -45.6506 0
    endloop
  endfacet
  facet normal 0.986539 0.163525 0
    outer loop
      vertex 63.3327 -45.3317 3
      vertex 63.3145 -45.2219 0
      vertex 63.3145 -45.2219 3
    endloop
  endfacet
  facet normal 0.986539 0.163525 0
    outer loop
      vertex 63.3145 -45.2219 0
      vertex 63.3327 -45.3317 3
      vertex 63.3327 -45.3317 0
    endloop
  endfacet
  facet normal 0.956881 0.290482 0
    outer loop
      vertex 63.3902 -45.5464 3
      vertex 63.3579 -45.44 0
      vertex 63.3579 -45.44 3
    endloop
  endfacet
  facet normal 0.956881 0.290482 0
    outer loop
      vertex 63.3579 -45.44 0
      vertex 63.3902 -45.5464 3
      vertex 63.3902 -45.5464 0
    endloop
  endfacet
  facet normal 0.582598 0.81276 -0
    outer loop
      vertex 64.0555 -46.4135 0
      vertex 63.9651 -46.3487 3
      vertex 64.0555 -46.4135 3
    endloop
  endfacet
  facet normal 0.582598 0.81276 0
    outer loop
      vertex 63.9651 -46.3487 3
      vertex 64.0555 -46.4135 0
      vertex 63.9651 -46.3487 0
    endloop
  endfacet
  facet normal 0.634509 0.772915 -0
    outer loop
      vertex 63.9651 -46.3487 0
      vertex 63.8791 -46.2781 3
      vertex 63.9651 -46.3487 3
    endloop
  endfacet
  facet normal 0.634509 0.772915 0
    outer loop
      vertex 63.8791 -46.2781 3
      vertex 63.9651 -46.3487 0
      vertex 63.8791 -46.2781 0
    endloop
  endfacet
  facet normal 0.16367 0.986515 -0
    outer loop
      vertex 64.7781 -46.6855 0
      vertex 64.6684 -46.6673 3
      vertex 64.7781 -46.6855 3
    endloop
  endfacet
  facet normal 0.16367 0.986515 0
    outer loop
      vertex 64.6684 -46.6673 3
      vertex 64.7781 -46.6855 0
      vertex 64.6684 -46.6673 0
    endloop
  endfacet
  facet normal -0.93596 -0.352108 0
    outer loop
      vertex 66.6098 -44.4536 0
      vertex 66.5706 -44.3494 3
      vertex 66.5706 -44.3494 0
    endloop
  endfacet
  facet normal -0.93596 -0.352108 0
    outer loop
      vertex 66.5706 -44.3494 3
      vertex 66.6098 -44.4536 0
      vertex 66.6098 -44.4536 3
    endloop
  endfacet
  facet normal 0.352108 -0.93596 0
    outer loop
      vertex 64.3494 -43.4294 0
      vertex 64.4536 -43.3902 3
      vertex 64.3494 -43.4294 3
    endloop
  endfacet
  facet normal 0.352108 -0.93596 0
    outer loop
      vertex 64.4536 -43.3902 3
      vertex 64.3494 -43.4294 0
      vertex 64.4536 -43.3902 0
    endloop
  endfacet
  facet normal 0.772915 -0.634509 0
    outer loop
      vertex 63.6513 -43.9651 3
      vertex 63.7219 -43.8791 0
      vertex 63.7219 -43.8791 3
    endloop
  endfacet
  facet normal 0.772915 -0.634509 0
    outer loop
      vertex 63.7219 -43.8791 0
      vertex 63.6513 -43.9651 3
      vertex 63.6513 -43.9651 0
    endloop
  endfacet
  facet normal -0.0979904 -0.995187 0
    outer loop
      vertex 65.1112 -43.3036 0
      vertex 65.2219 -43.3145 3
      vertex 65.1112 -43.3036 3
    endloop
  endfacet
  facet normal -0.0979904 -0.995187 -0
    outer loop
      vertex 65.2219 -43.3145 3
      vertex 65.1112 -43.3036 0
      vertex 65.2219 -43.3145 0
    endloop
  endfacet
  facet normal -0.412719 -0.910859 0
    outer loop
      vertex 65.6506 -43.4294 0
      vertex 65.7519 -43.4753 3
      vertex 65.6506 -43.4294 3
    endloop
  endfacet
  facet normal -0.412719 -0.910859 -0
    outer loop
      vertex 65.7519 -43.4753 3
      vertex 65.6506 -43.4294 0
      vertex 65.7519 -43.4753 0
    endloop
  endfacet
  facet normal -0.986539 0.163525 0
    outer loop
      vertex 66.6673 -45.3317 0
      vertex 66.6855 -45.2219 3
      vertex 66.6855 -45.2219 0
    endloop
  endfacet
  facet normal -0.986539 0.163525 0
    outer loop
      vertex 66.6855 -45.2219 3
      vertex 66.6673 -45.3317 0
      vertex 66.6673 -45.3317 3
    endloop
  endfacet
  facet normal -0.995187 0.0979904 0
    outer loop
      vertex 66.6855 -45.2219 0
      vertex 66.6964 -45.1112 3
      vertex 66.6964 -45.1112 0
    endloop
  endfacet
  facet normal -0.995187 0.0979904 0
    outer loop
      vertex 66.6964 -45.1112 3
      vertex 66.6855 -45.2219 0
      vertex 66.6855 -45.2219 3
    endloop
  endfacet
  facet normal -0.956881 0.290482 0
    outer loop
      vertex 66.6098 -45.5464 0
      vertex 66.6421 -45.44 3
      vertex 66.6421 -45.44 0
    endloop
  endfacet
  facet normal -0.956881 0.290482 0
    outer loop
      vertex 66.6421 -45.44 3
      vertex 66.6098 -45.5464 0
      vertex 66.6098 -45.5464 3
    endloop
  endfacet
  facet normal -0.93596 0.352108 0
    outer loop
      vertex 66.5706 -45.6506 0
      vertex 66.6098 -45.5464 3
      vertex 66.6098 -45.5464 0
    endloop
  endfacet
  facet normal -0.93596 0.352108 0
    outer loop
      vertex 66.6098 -45.5464 3
      vertex 66.5706 -45.6506 0
      vertex 66.5706 -45.6506 3
    endloop
  endfacet
  facet normal -0.730098 0.683343 0
    outer loop
      vertex 66.2021 -46.2021 0
      vertex 66.2781 -46.1209 3
      vertex 66.2781 -46.1209 0
    endloop
  endfacet
  facet normal -0.730098 0.683343 0
    outer loop
      vertex 66.2781 -46.1209 3
      vertex 66.2021 -46.2021 0
      vertex 66.2021 -46.2021 3
    endloop
  endfacet
  facet normal -0.84946 0.527654 0
    outer loop
      vertex 66.4135 -45.9445 0
      vertex 66.4722 -45.85 3
      vertex 66.4722 -45.85 0
    endloop
  endfacet
  facet normal -0.84946 0.527654 0
    outer loop
      vertex 66.4722 -45.85 3
      vertex 66.4135 -45.9445 0
      vertex 66.4135 -45.9445 3
    endloop
  endfacet
  facet normal -0.88168 0.471847 0
    outer loop
      vertex 66.4722 -45.85 0
      vertex 66.5247 -45.7519 3
      vertex 66.5247 -45.7519 0
    endloop
  endfacet
  facet normal -0.88168 0.471847 0
    outer loop
      vertex 66.5247 -45.7519 3
      vertex 66.4722 -45.85 0
      vertex 66.4722 -45.85 3
    endloop
  endfacet
  facet normal -0.226434 0.974026 0
    outer loop
      vertex 65.44 -46.6421 0
      vertex 65.3316 -46.6673 3
      vertex 65.44 -46.6421 3
    endloop
  endfacet
  facet normal -0.226434 0.974026 0
    outer loop
      vertex 65.3316 -46.6673 3
      vertex 65.44 -46.6421 0
      vertex 65.3316 -46.6673 0
    endloop
  endfacet
  facet normal -0.0979904 0.995187 0
    outer loop
      vertex 65.2219 -46.6855 0
      vertex 65.1112 -46.6964 3
      vertex 65.2219 -46.6855 3
    endloop
  endfacet
  facet normal -0.0979904 0.995187 0
    outer loop
      vertex 65.1112 -46.6964 3
      vertex 65.2219 -46.6855 0
      vertex 65.1112 -46.6964 0
    endloop
  endfacet
  facet normal -0.0323571 0.999476 0
    outer loop
      vertex 65.1112 -46.6964 0
      vertex 65 -46.7 3
      vertex 65.1112 -46.6964 3
    endloop
  endfacet
  facet normal -0.0323571 0.999476 0
    outer loop
      vertex 65 -46.7 3
      vertex 65.1112 -46.6964 0
      vertex 65 -46.7 0
    endloop
  endfacet
  facet normal -0.471847 0.88168 0
    outer loop
      vertex 65.85 -46.4722 0
      vertex 65.7519 -46.5247 3
      vertex 65.85 -46.4722 3
    endloop
  endfacet
  facet normal -0.471847 0.88168 0
    outer loop
      vertex 65.7519 -46.5247 3
      vertex 65.85 -46.4722 0
      vertex 65.7519 -46.5247 0
    endloop
  endfacet
  facet normal -0.412719 0.910859 0
    outer loop
      vertex 65.7519 -46.5247 0
      vertex 65.6506 -46.5706 3
      vertex 65.7519 -46.5247 3
    endloop
  endfacet
  facet normal -0.412719 0.910859 0
    outer loop
      vertex 65.6506 -46.5706 3
      vertex 65.7519 -46.5247 0
      vertex 65.6506 -46.5706 0
    endloop
  endfacet
  facet normal -0.527654 0.84946 0
    outer loop
      vertex 65.9445 -46.4135 0
      vertex 65.85 -46.4722 3
      vertex 65.9445 -46.4135 3
    endloop
  endfacet
  facet normal -0.527654 0.84946 0
    outer loop
      vertex 65.85 -46.4722 3
      vertex 65.9445 -46.4135 0
      vertex 65.85 -46.4722 0
    endloop
  endfacet
  facet normal 0.910859 0.412719 0
    outer loop
      vertex 63.4753 -45.7519 3
      vertex 63.4294 -45.6506 0
      vertex 63.4294 -45.6506 3
    endloop
  endfacet
  facet normal 0.910859 0.412719 0
    outer loop
      vertex 63.4294 -45.6506 0
      vertex 63.4753 -45.7519 3
      vertex 63.4753 -45.7519 0
    endloop
  endfacet
  facet normal 0.97398 0.226633 0
    outer loop
      vertex 63.3579 -45.44 3
      vertex 63.3327 -45.3317 0
      vertex 63.3327 -45.3317 3
    endloop
  endfacet
  facet normal 0.97398 0.226633 0
    outer loop
      vertex 63.3327 -45.3317 0
      vertex 63.3579 -45.44 3
      vertex 63.3579 -45.44 0
    endloop
  endfacet
  facet normal 0.995187 0.0979904 0
    outer loop
      vertex 63.3145 -45.2219 3
      vertex 63.3036 -45.1112 0
      vertex 63.3036 -45.1112 3
    endloop
  endfacet
  facet normal 0.995187 0.0979904 0
    outer loop
      vertex 63.3036 -45.1112 0
      vertex 63.3145 -45.2219 3
      vertex 63.3145 -45.2219 0
    endloop
  endfacet
  facet normal 0.999476 0.0323571 0
    outer loop
      vertex 63.3036 -45.1112 3
      vertex 63.3 -45 0
      vertex 63.3 -45 3
    endloop
  endfacet
  facet normal 0.999476 0.0323571 0
    outer loop
      vertex 63.3 -45 0
      vertex 63.3036 -45.1112 3
      vertex 63.3036 -45.1112 0
    endloop
  endfacet
  facet normal 0.999476 -0.0323571 0
    outer loop
      vertex 63.3 -45 3
      vertex 63.3036 -44.8888 0
      vertex 63.3036 -44.8888 3
    endloop
  endfacet
  facet normal 0.999476 -0.0323571 0
    outer loop
      vertex 63.3036 -44.8888 0
      vertex 63.3 -45 3
      vertex 63.3 -45 0
    endloop
  endfacet
  facet normal 0.471847 0.88168 -0
    outer loop
      vertex 64.2481 -46.5247 0
      vertex 64.15 -46.4722 3
      vertex 64.2481 -46.5247 3
    endloop
  endfacet
  facet normal 0.471847 0.88168 0
    outer loop
      vertex 64.15 -46.4722 3
      vertex 64.2481 -46.5247 0
      vertex 64.15 -46.4722 0
    endloop
  endfacet
  facet normal 0.527654 0.84946 -0
    outer loop
      vertex 64.15 -46.4722 0
      vertex 64.0555 -46.4135 3
      vertex 64.15 -46.4722 3
    endloop
  endfacet
  facet normal 0.527654 0.84946 0
    outer loop
      vertex 64.0555 -46.4135 3
      vertex 64.15 -46.4722 0
      vertex 64.0555 -46.4135 0
    endloop
  endfacet
  facet normal 0.290482 0.956881 -0
    outer loop
      vertex 64.56 -46.6421 0
      vertex 64.4536 -46.6098 3
      vertex 64.56 -46.6421 3
    endloop
  endfacet
  facet normal 0.290482 0.956881 0
    outer loop
      vertex 64.4536 -46.6098 3
      vertex 64.56 -46.6421 0
      vertex 64.4536 -46.6098 0
    endloop
  endfacet
  facet normal 0.352108 0.93596 -0
    outer loop
      vertex 64.4536 -46.6098 0
      vertex 64.3494 -46.5706 3
      vertex 64.4536 -46.6098 3
    endloop
  endfacet
  facet normal 0.352108 0.93596 0
    outer loop
      vertex 64.3494 -46.5706 3
      vertex 64.4536 -46.6098 0
      vertex 64.3494 -46.5706 0
    endloop
  endfacet
  facet normal 0.0979904 0.995187 -0
    outer loop
      vertex 64.8888 -46.6964 0
      vertex 64.7781 -46.6855 3
      vertex 64.8888 -46.6964 3
    endloop
  endfacet
  facet normal 0.0979904 0.995187 0
    outer loop
      vertex 64.7781 -46.6855 3
      vertex 64.8888 -46.6964 0
      vertex 64.7781 -46.6855 0
    endloop
  endfacet
  facet normal -0.97398 -0.226633 0
    outer loop
      vertex 66.6673 -44.6683 0
      vertex 66.6421 -44.56 3
      vertex 66.6421 -44.56 0
    endloop
  endfacet
  facet normal -0.97398 -0.226633 0
    outer loop
      vertex 66.6421 -44.56 3
      vertex 66.6673 -44.6683 0
      vertex 66.6673 -44.6683 3
    endloop
  endfacet
  facet normal -0.995187 -0.0979904 0
    outer loop
      vertex 66.6964 -44.8888 0
      vertex 66.6855 -44.7781 3
      vertex 66.6855 -44.7781 0
    endloop
  endfacet
  facet normal -0.995187 -0.0979904 0
    outer loop
      vertex 66.6855 -44.7781 3
      vertex 66.6964 -44.8888 0
      vertex 66.6964 -44.8888 3
    endloop
  endfacet
  facet normal -0.772915 -0.634509 0
    outer loop
      vertex 66.3487 -43.9651 0
      vertex 66.2781 -43.8791 3
      vertex 66.2781 -43.8791 0
    endloop
  endfacet
  facet normal -0.772915 -0.634509 0
    outer loop
      vertex 66.2781 -43.8791 3
      vertex 66.3487 -43.9651 0
      vertex 66.3487 -43.9651 3
    endloop
  endfacet
  facet normal 0.290482 -0.956881 0
    outer loop
      vertex 64.4536 -43.3902 0
      vertex 64.56 -43.3579 3
      vertex 64.4536 -43.3902 3
    endloop
  endfacet
  facet normal 0.290482 -0.956881 0
    outer loop
      vertex 64.56 -43.3579 3
      vertex 64.4536 -43.3902 0
      vertex 64.56 -43.3579 0
    endloop
  endfacet
  facet normal 0.956881 -0.290482 0
    outer loop
      vertex 63.3579 -44.56 3
      vertex 63.3902 -44.4536 0
      vertex 63.3902 -44.4536 3
    endloop
  endfacet
  facet normal 0.956881 -0.290482 0
    outer loop
      vertex 63.3902 -44.4536 0
      vertex 63.3579 -44.56 3
      vertex 63.3579 -44.56 0
    endloop
  endfacet
  facet normal 0.910859 -0.412719 0
    outer loop
      vertex 63.4294 -44.3494 3
      vertex 63.4753 -44.2481 0
      vertex 63.4753 -44.2481 3
    endloop
  endfacet
  facet normal 0.910859 -0.412719 0
    outer loop
      vertex 63.4753 -44.2481 0
      vertex 63.4294 -44.3494 3
      vertex 63.4294 -44.3494 0
    endloop
  endfacet
  facet normal -0.226434 -0.974026 0
    outer loop
      vertex 65.3316 -43.3327 0
      vertex 65.44 -43.3579 3
      vertex 65.3316 -43.3327 3
    endloop
  endfacet
  facet normal -0.226434 -0.974026 -0
    outer loop
      vertex 65.44 -43.3579 3
      vertex 65.3316 -43.3327 0
      vertex 65.44 -43.3579 0
    endloop
  endfacet
  facet normal 0.84946 0.527654 0
    outer loop
      vertex 63.5865 -45.9445 3
      vertex 63.5278 -45.85 0
      vertex 63.5278 -45.85 3
    endloop
  endfacet
  facet normal 0.84946 0.527654 0
    outer loop
      vertex 63.5278 -45.85 0
      vertex 63.5865 -45.9445 3
      vertex 63.5865 -45.9445 0
    endloop
  endfacet
  facet normal 0.81276 0.582598 0
    outer loop
      vertex 63.6513 -46.0349 3
      vertex 63.5865 -45.9445 0
      vertex 63.5865 -45.9445 3
    endloop
  endfacet
  facet normal 0.81276 0.582598 0
    outer loop
      vertex 63.5865 -45.9445 0
      vertex 63.6513 -46.0349 3
      vertex 63.6513 -46.0349 0
    endloop
  endfacet
  facet normal -0.956881 -0.290482 0
    outer loop
      vertex 66.6421 -44.56 0
      vertex 66.6098 -44.4536 3
      vertex 66.6098 -44.4536 0
    endloop
  endfacet
  facet normal -0.956881 -0.290482 0
    outer loop
      vertex 66.6098 -44.4536 3
      vertex 66.6421 -44.56 0
      vertex 66.6421 -44.56 3
    endloop
  endfacet
  facet normal -0.999476 -0.0323571 0
    outer loop
      vertex 66.7 -45 0
      vertex 66.6964 -44.8888 3
      vertex 66.6964 -44.8888 0
    endloop
  endfacet
  facet normal -0.999476 -0.0323571 0
    outer loop
      vertex 66.6964 -44.8888 3
      vertex 66.7 -45 0
      vertex 66.7 -45 3
    endloop
  endfacet
  facet normal -0.683343 -0.730098 0
    outer loop
      vertex 66.1209 -43.7219 0
      vertex 66.2021 -43.7979 3
      vertex 66.1209 -43.7219 3
    endloop
  endfacet
  facet normal -0.683343 -0.730098 -0
    outer loop
      vertex 66.2021 -43.7979 3
      vertex 66.1209 -43.7219 0
      vertex 66.2021 -43.7979 0
    endloop
  endfacet
  facet normal -0.730098 -0.683343 0
    outer loop
      vertex 66.2781 -43.8791 0
      vertex 66.2021 -43.7979 3
      vertex 66.2021 -43.7979 0
    endloop
  endfacet
  facet normal -0.730098 -0.683343 0
    outer loop
      vertex 66.2021 -43.7979 3
      vertex 66.2781 -43.8791 0
      vertex 66.2781 -43.8791 3
    endloop
  endfacet
  facet normal -0.582598 -0.81276 0
    outer loop
      vertex 65.9445 -43.5865 0
      vertex 66.0349 -43.6513 3
      vertex 65.9445 -43.5865 3
    endloop
  endfacet
  facet normal -0.582598 -0.81276 -0
    outer loop
      vertex 66.0349 -43.6513 3
      vertex 65.9445 -43.5865 0
      vertex 66.0349 -43.6513 0
    endloop
  endfacet
  facet normal -0.634509 -0.772915 0
    outer loop
      vertex 66.0349 -43.6513 0
      vertex 66.1209 -43.7219 3
      vertex 66.0349 -43.6513 3
    endloop
  endfacet
  facet normal -0.634509 -0.772915 -0
    outer loop
      vertex 66.1209 -43.7219 3
      vertex 66.0349 -43.6513 0
      vertex 66.1209 -43.7219 0
    endloop
  endfacet
  facet normal -0.81276 -0.582598 0
    outer loop
      vertex 66.4135 -44.0555 0
      vertex 66.3487 -43.9651 3
      vertex 66.3487 -43.9651 0
    endloop
  endfacet
  facet normal -0.81276 -0.582598 0
    outer loop
      vertex 66.3487 -43.9651 3
      vertex 66.4135 -44.0555 0
      vertex 66.4135 -44.0555 3
    endloop
  endfacet
  facet normal 0.527654 -0.84946 0
    outer loop
      vertex 64.0555 -43.5865 0
      vertex 64.15 -43.5278 3
      vertex 64.0555 -43.5865 3
    endloop
  endfacet
  facet normal 0.527654 -0.84946 0
    outer loop
      vertex 64.15 -43.5278 3
      vertex 64.0555 -43.5865 0
      vertex 64.15 -43.5278 0
    endloop
  endfacet
  facet normal 0.81276 -0.582598 0
    outer loop
      vertex 63.5865 -44.0555 3
      vertex 63.6513 -43.9651 0
      vertex 63.6513 -43.9651 3
    endloop
  endfacet
  facet normal 0.81276 -0.582598 0
    outer loop
      vertex 63.6513 -43.9651 0
      vertex 63.5865 -44.0555 3
      vertex 63.5865 -44.0555 0
    endloop
  endfacet
  facet normal 0.88168 -0.471847 0
    outer loop
      vertex 63.4753 -44.2481 3
      vertex 63.5278 -44.15 0
      vertex 63.5278 -44.15 3
    endloop
  endfacet
  facet normal 0.88168 -0.471847 0
    outer loop
      vertex 63.5278 -44.15 0
      vertex 63.4753 -44.2481 3
      vertex 63.4753 -44.2481 0
    endloop
  endfacet
  facet normal 0.97398 -0.226633 0
    outer loop
      vertex 63.3327 -44.6683 3
      vertex 63.3579 -44.56 0
      vertex 63.3579 -44.56 3
    endloop
  endfacet
  facet normal 0.97398 -0.226633 0
    outer loop
      vertex 63.3579 -44.56 0
      vertex 63.3327 -44.6683 3
      vertex 63.3327 -44.6683 0
    endloop
  endfacet
  facet normal 0.995187 -0.0979904 0
    outer loop
      vertex 63.3036 -44.8888 3
      vertex 63.3145 -44.7781 0
      vertex 63.3145 -44.7781 3
    endloop
  endfacet
  facet normal 0.995187 -0.0979904 0
    outer loop
      vertex 63.3145 -44.7781 0
      vertex 63.3036 -44.8888 3
      vertex 63.3036 -44.8888 0
    endloop
  endfacet
  facet normal -0.290482 -0.956881 0
    outer loop
      vertex 65.44 -43.3579 0
      vertex 65.5464 -43.3902 3
      vertex 65.44 -43.3579 3
    endloop
  endfacet
  facet normal -0.290482 -0.956881 -0
    outer loop
      vertex 65.5464 -43.3902 3
      vertex 65.44 -43.3579 0
      vertex 65.5464 -43.3902 0
    endloop
  endfacet
  facet normal -0.352108 -0.93596 0
    outer loop
      vertex 65.5464 -43.3902 0
      vertex 65.6506 -43.4294 3
      vertex 65.5464 -43.3902 3
    endloop
  endfacet
  facet normal -0.352108 -0.93596 -0
    outer loop
      vertex 65.6506 -43.4294 3
      vertex 65.5464 -43.3902 0
      vertex 65.6506 -43.4294 0
    endloop
  endfacet
  facet normal -0.910859 -0.412719 0
    outer loop
      vertex 66.5706 -44.3494 0
      vertex 66.5247 -44.2481 3
      vertex 66.5247 -44.2481 0
    endloop
  endfacet
  facet normal -0.910859 -0.412719 0
    outer loop
      vertex 66.5247 -44.2481 3
      vertex 66.5706 -44.3494 0
      vertex 66.5706 -44.3494 3
    endloop
  endfacet
  facet normal -0.88168 -0.471847 0
    outer loop
      vertex 66.5247 -44.2481 0
      vertex 66.4722 -44.15 3
      vertex 66.4722 -44.15 0
    endloop
  endfacet
  facet normal -0.88168 -0.471847 0
    outer loop
      vertex 66.4722 -44.15 3
      vertex 66.5247 -44.2481 0
      vertex 66.5247 -44.2481 3
    endloop
  endfacet
  facet normal -0.986539 -0.163525 0
    outer loop
      vertex 66.6855 -44.7781 0
      vertex 66.6673 -44.6683 3
      vertex 66.6673 -44.6683 0
    endloop
  endfacet
  facet normal -0.986539 -0.163525 0
    outer loop
      vertex 66.6673 -44.6683 3
      vertex 66.6855 -44.7781 0
      vertex 66.6855 -44.7781 3
    endloop
  endfacet
  facet normal -0.527654 -0.84946 0
    outer loop
      vertex 65.85 -43.5278 0
      vertex 65.9445 -43.5865 3
      vertex 65.85 -43.5278 3
    endloop
  endfacet
  facet normal -0.527654 -0.84946 -0
    outer loop
      vertex 65.9445 -43.5865 3
      vertex 65.85 -43.5278 0
      vertex 65.9445 -43.5865 0
    endloop
  endfacet
  facet normal -0.471847 -0.88168 0
    outer loop
      vertex 65.7519 -43.4753 0
      vertex 65.85 -43.5278 3
      vertex 65.7519 -43.4753 3
    endloop
  endfacet
  facet normal -0.471847 -0.88168 -0
    outer loop
      vertex 65.85 -43.5278 3
      vertex 65.7519 -43.4753 0
      vertex 65.85 -43.5278 0
    endloop
  endfacet
  facet normal 0.634509 -0.772915 0
    outer loop
      vertex 63.8791 -43.7219 0
      vertex 63.9651 -43.6513 3
      vertex 63.8791 -43.7219 3
    endloop
  endfacet
  facet normal 0.634509 -0.772915 0
    outer loop
      vertex 63.9651 -43.6513 3
      vertex 63.8791 -43.7219 0
      vertex 63.9651 -43.6513 0
    endloop
  endfacet
  facet normal 0.226434 -0.974026 0
    outer loop
      vertex 64.56 -43.3579 0
      vertex 64.6684 -43.3327 3
      vertex 64.56 -43.3579 3
    endloop
  endfacet
  facet normal 0.226434 -0.974026 0
    outer loop
      vertex 64.6684 -43.3327 3
      vertex 64.56 -43.3579 0
      vertex 64.6684 -43.3327 0
    endloop
  endfacet
  facet normal 0.0979904 -0.995187 0
    outer loop
      vertex 64.7781 -43.3145 0
      vertex 64.8888 -43.3036 3
      vertex 64.7781 -43.3145 3
    endloop
  endfacet
  facet normal 0.0979904 -0.995187 0
    outer loop
      vertex 64.8888 -43.3036 3
      vertex 64.7781 -43.3145 0
      vertex 64.8888 -43.3036 0
    endloop
  endfacet
  facet normal 0.683343 -0.730098 0
    outer loop
      vertex 63.7979 -43.7979 0
      vertex 63.8791 -43.7219 3
      vertex 63.7979 -43.7979 3
    endloop
  endfacet
  facet normal 0.683343 -0.730098 0
    outer loop
      vertex 63.8791 -43.7219 3
      vertex 63.7979 -43.7979 0
      vertex 63.8791 -43.7219 0
    endloop
  endfacet
  facet normal 0.730098 -0.683343 0
    outer loop
      vertex 63.7219 -43.8791 3
      vertex 63.7979 -43.7979 0
      vertex 63.7979 -43.7979 3
    endloop
  endfacet
  facet normal 0.730098 -0.683343 0
    outer loop
      vertex 63.7979 -43.7979 0
      vertex 63.7219 -43.8791 3
      vertex 63.7219 -43.8791 0
    endloop
  endfacet
  facet normal 0.84946 -0.527654 0
    outer loop
      vertex 63.5278 -44.15 3
      vertex 63.5865 -44.0555 0
      vertex 63.5865 -44.0555 3
    endloop
  endfacet
  facet normal 0.84946 -0.527654 0
    outer loop
      vertex 63.5865 -44.0555 0
      vertex 63.5278 -44.15 3
      vertex 63.5278 -44.15 0
    endloop
  endfacet
  facet normal 0.93596 -0.352108 0
    outer loop
      vertex 63.3902 -44.4536 3
      vertex 63.4294 -44.3494 0
      vertex 63.4294 -44.3494 3
    endloop
  endfacet
  facet normal 0.93596 -0.352108 0
    outer loop
      vertex 63.4294 -44.3494 0
      vertex 63.3902 -44.4536 3
      vertex 63.3902 -44.4536 0
    endloop
  endfacet
  facet normal 0.986539 -0.163525 0
    outer loop
      vertex 63.3145 -44.7781 3
      vertex 63.3327 -44.6683 0
      vertex 63.3327 -44.6683 3
    endloop
  endfacet
  facet normal 0.986539 -0.163525 0
    outer loop
      vertex 63.3327 -44.6683 0
      vertex 63.3145 -44.7781 3
      vertex 63.3145 -44.7781 0
    endloop
  endfacet
  facet normal -0.16367 -0.986515 0
    outer loop
      vertex 65.2219 -43.3145 0
      vertex 65.3316 -43.3327 3
      vertex 65.2219 -43.3145 3
    endloop
  endfacet
  facet normal -0.16367 -0.986515 -0
    outer loop
      vertex 65.3316 -43.3327 3
      vertex 65.2219 -43.3145 0
      vertex 65.3316 -43.3327 0
    endloop
  endfacet
  facet normal 0.412719 -0.910859 0
    outer loop
      vertex 64.2481 -43.4753 0
      vertex 64.3494 -43.4294 3
      vertex 64.2481 -43.4753 3
    endloop
  endfacet
  facet normal 0.412719 -0.910859 0
    outer loop
      vertex 64.3494 -43.4294 3
      vertex 64.2481 -43.4753 0
      vertex 64.3494 -43.4294 0
    endloop
  endfacet
  facet normal 0.471847 -0.88168 0
    outer loop
      vertex 64.15 -43.5278 0
      vertex 64.2481 -43.4753 3
      vertex 64.15 -43.5278 3
    endloop
  endfacet
  facet normal 0.471847 -0.88168 0
    outer loop
      vertex 64.2481 -43.4753 3
      vertex 64.15 -43.5278 0
      vertex 64.2481 -43.4753 0
    endloop
  endfacet
  facet normal 0.0323571 -0.999476 0
    outer loop
      vertex 64.8888 -43.3036 0
      vertex 65 -43.3 3
      vertex 64.8888 -43.3036 3
    endloop
  endfacet
  facet normal 0.0323571 -0.999476 0
    outer loop
      vertex 65 -43.3 3
      vertex 64.8888 -43.3036 0
      vertex 65 -43.3 0
    endloop
  endfacet
  facet normal 0.582598 -0.81276 0
    outer loop
      vertex 63.9651 -43.6513 0
      vertex 64.0555 -43.5865 3
      vertex 63.9651 -43.6513 3
    endloop
  endfacet
  facet normal 0.582598 -0.81276 0
    outer loop
      vertex 64.0555 -43.5865 3
      vertex 63.9651 -43.6513 0
      vertex 64.0555 -43.5865 0
    endloop
  endfacet
  facet normal 0.16367 -0.986515 0
    outer loop
      vertex 64.6684 -43.3327 0
      vertex 64.7781 -43.3145 3
      vertex 64.6684 -43.3327 3
    endloop
  endfacet
  facet normal 0.16367 -0.986515 0
    outer loop
      vertex 64.7781 -43.3145 3
      vertex 64.6684 -43.3327 0
      vertex 64.7781 -43.3145 0
    endloop
  endfacet
  facet normal 0.35157 0.936162 -0
    outer loop
      vertex -0.289295 21.1478 2
      vertex -0.344415 21.1685 9
      vertex -0.289295 21.1478 9
    endloop
  endfacet
  facet normal 0.35157 0.936162 0
    outer loop
      vertex -0.344415 21.1685 9
      vertex -0.289295 21.1478 2
      vertex -0.344415 21.1685 2
    endloop
  endfacet
  facet normal 0.911024 -0.412353 0
    outer loop
      vertex -0.831491 22.3444 9
      vertex -0.807185 22.3981 2
      vertex -0.807185 22.3981 9
    endloop
  endfacet
  facet normal 0.911024 -0.412353 0
    outer loop
      vertex -0.807185 22.3981 2
      vertex -0.831491 22.3444 9
      vertex -0.831491 22.3444 2
    endloop
  endfacet
  facet normal -0.973822 0.22731 0
    outer loop
      vertex 0.869332 21.7671 2
      vertex 0.882707 21.8244 9
      vertex 0.882707 21.8244 2
    endloop
  endfacet
  facet normal -0.973822 0.22731 0
    outer loop
      vertex 0.882707 21.8244 9
      vertex 0.869332 21.7671 2
      vertex 0.869332 21.7671 9
    endloop
  endfacet
  facet normal -0.957005 0.290071 0
    outer loop
      vertex 0.852237 21.7107 2
      vertex 0.869332 21.7671 9
      vertex 0.869332 21.7671 2
    endloop
  endfacet
  facet normal -0.957005 0.290071 0
    outer loop
      vertex 0.869332 21.7671 9
      vertex 0.852237 21.7107 2
      vertex 0.852237 21.7107 9
    endloop
  endfacet
  facet normal -0.772835 0.634608 0
    outer loop
      vertex 0.676656 21.4066 2
      vertex 0.714018 21.4521 9
      vertex 0.714018 21.4521 2
    endloop
  endfacet
  facet normal -0.772835 0.634608 0
    outer loop
      vertex 0.714018 21.4521 9
      vertex 0.676656 21.4066 2
      vertex 0.676656 21.4066 9
    endloop
  endfacet
  facet normal -0.471885 0.88166 0
    outer loop
      vertex 0.45 21.2206 2
      vertex 0.398059 21.1928 9
      vertex 0.45 21.2206 9
    endloop
  endfacet
  facet normal -0.471885 0.88166 0
    outer loop
      vertex 0.398059 21.1928 9
      vertex 0.45 21.2206 2
      vertex 0.398059 21.1928 2
    endloop
  endfacet
  facet normal 0.881774 0.471673 0
    outer loop
      vertex -0.779423 21.55 9
      vertex -0.807185 21.6019 2
      vertex -0.807185 21.6019 9
    endloop
  endfacet
  facet normal 0.881774 0.471673 0
    outer loop
      vertex -0.807185 21.6019 2
      vertex -0.779423 21.55 9
      vertex -0.779423 21.55 2
    endloop
  endfacet
  facet normal 0.582418 0.812889 -0
    outer loop
      vertex -0.500012 21.2517 2
      vertex -0.547885 21.286 9
      vertex -0.500012 21.2517 9
    endloop
  endfacet
  facet normal 0.582418 0.812889 0
    outer loop
      vertex -0.547885 21.286 9
      vertex -0.500012 21.2517 2
      vertex -0.547885 21.286 2
    endloop
  endfacet
  facet normal -0.227502 -0.973778 0
    outer loop
      vertex 0.175581 22.8827 2
      vertex 0.232937 22.8693 9
      vertex 0.175581 22.8827 9
    endloop
  endfacet
  facet normal -0.227502 -0.973778 -0
    outer loop
      vertex 0.232937 22.8693 9
      vertex 0.175581 22.8827 2
      vertex 0.232937 22.8693 2
    endloop
  endfacet
  facet normal -0.683955 -0.729524 0
    outer loop
      vertex 0.59341 22.6767 2
      vertex 0.636395 22.6364 9
      vertex 0.59341 22.6767 9
    endloop
  endfacet
  facet normal -0.683955 -0.729524 -0
    outer loop
      vertex 0.636395 22.6364 9
      vertex 0.59341 22.6767 2
      vertex 0.636395 22.6364 2
    endloop
  endfacet
  facet normal 0.0322617 -0.999479 0
    outer loop
      vertex -0.0588627 22.8981 2
      vertex 0 22.9 9
      vertex -0.0588627 22.8981 9
    endloop
  endfacet
  facet normal 0.0322617 -0.999479 0
    outer loop
      vertex 0 22.9 9
      vertex -0.0588627 22.8981 2
      vertex 0 22.9 2
    endloop
  endfacet
  facet normal 0.528074 -0.849198 0
    outer loop
      vertex -0.500012 22.7483 2
      vertex -0.45 22.7794 9
      vertex -0.500012 22.7483 9
    endloop
  endfacet
  facet normal 0.528074 -0.849198 0
    outer loop
      vertex -0.45 22.7794 9
      vertex -0.500012 22.7483 2
      vertex -0.45 22.7794 2
    endloop
  endfacet
  facet normal 0.582418 -0.812889 0
    outer loop
      vertex -0.547885 22.714 2
      vertex -0.500012 22.7483 9
      vertex -0.547885 22.714 9
    endloop
  endfacet
  facet normal 0.582418 -0.812889 0
    outer loop
      vertex -0.500012 22.7483 9
      vertex -0.547885 22.714 2
      vertex -0.500012 22.7483 2
    endloop
  endfacet
  facet normal -0.911024 0.412353 0
    outer loop
      vertex 0.807185 21.6019 2
      vertex 0.831491 21.6556 9
      vertex 0.831491 21.6556 2
    endloop
  endfacet
  facet normal -0.911024 0.412353 0
    outer loop
      vertex 0.831491 21.6556 9
      vertex 0.807185 21.6019 2
      vertex 0.807185 21.6019 9
    endloop
  endfacet
  facet normal -0.881774 0.471673 0
    outer loop
      vertex 0.779423 21.55 2
      vertex 0.807185 21.6019 9
      vertex 0.807185 21.6019 2
    endloop
  endfacet
  facet normal -0.881774 0.471673 0
    outer loop
      vertex 0.807185 21.6019 9
      vertex 0.779423 21.55 2
      vertex 0.779423 21.55 9
    endloop
  endfacet
  facet normal -0.0322617 0.999479 0
    outer loop
      vertex 0.0588627 21.1019 2
      vertex 0 21.1 9
      vertex 0.0588627 21.1019 9
    endloop
  endfacet
  facet normal -0.0322617 0.999479 0
    outer loop
      vertex 0 21.1 9
      vertex 0.0588627 21.1019 2
      vertex 0 21.1 2
    endloop
  endfacet
  facet normal -0.227502 0.973778 0
    outer loop
      vertex 0.232937 21.1307 2
      vertex 0.175581 21.1173 9
      vertex 0.232937 21.1307 9
    endloop
  endfacet
  facet normal -0.227502 0.973778 0
    outer loop
      vertex 0.175581 21.1173 9
      vertex 0.232937 21.1307 2
      vertex 0.175581 21.1173 2
    endloop
  endfacet
  facet normal -0.582418 0.812889 0
    outer loop
      vertex 0.547885 21.286 2
      vertex 0.500012 21.2517 9
      vertex 0.547885 21.286 9
    endloop
  endfacet
  facet normal -0.582418 0.812889 0
    outer loop
      vertex 0.500012 21.2517 9
      vertex 0.547885 21.286 2
      vertex 0.500012 21.2517 2
    endloop
  endfacet
  facet normal -0.412626 0.910901 0
    outer loop
      vertex 0.398059 21.1928 2
      vertex 0.344415 21.1685 9
      vertex 0.398059 21.1928 9
    endloop
  endfacet
  facet normal -0.412626 0.910901 0
    outer loop
      vertex 0.344415 21.1685 9
      vertex 0.398059 21.1928 2
      vertex 0.344415 21.1685 2
    endloop
  endfacet
  facet normal -0.35157 0.936162 0
    outer loop
      vertex 0.344415 21.1685 2
      vertex 0.289295 21.1478 9
      vertex 0.344415 21.1685 9
    endloop
  endfacet
  facet normal -0.35157 0.936162 0
    outer loop
      vertex 0.289295 21.1478 9
      vertex 0.344415 21.1685 2
      vertex 0.289295 21.1478 2
    endloop
  endfacet
  facet normal -0.0984777 0.995139 0
    outer loop
      vertex 0.117473 21.1077 2
      vertex 0.0588627 21.1019 9
      vertex 0.117473 21.1077 9
    endloop
  endfacet
  facet normal -0.0984777 0.995139 0
    outer loop
      vertex 0.0588627 21.1019 9
      vertex 0.117473 21.1077 2
      vertex 0.0588627 21.1019 2
    endloop
  endfacet
  facet normal 0.999465 0.0327159 0
    outer loop
      vertex -0.898072 21.9411 9
      vertex -0.9 22 2
      vertex -0.9 22 9
    endloop
  endfacet
  facet normal 0.999465 0.0327159 0
    outer loop
      vertex -0.9 22 2
      vertex -0.898072 21.9411 9
      vertex -0.898072 21.9411 2
    endloop
  endfacet
  facet normal 0.973822 0.22731 0
    outer loop
      vertex -0.869332 21.7671 9
      vertex -0.882707 21.8244 2
      vertex -0.882707 21.8244 9
    endloop
  endfacet
  facet normal 0.973822 0.22731 0
    outer loop
      vertex -0.882707 21.8244 2
      vertex -0.869332 21.7671 9
      vertex -0.869332 21.7671 2
    endloop
  endfacet
  facet normal 0.935862 0.352367 0
    outer loop
      vertex -0.831491 21.6556 9
      vertex -0.852237 21.7107 2
      vertex -0.852237 21.7107 9
    endloop
  endfacet
  facet normal 0.935862 0.352367 0
    outer loop
      vertex -0.852237 21.7107 2
      vertex -0.831491 21.6556 9
      vertex -0.831491 21.6556 2
    endloop
  endfacet
  facet normal 0.995184 0.0980239 0
    outer loop
      vertex -0.8923 21.8825 9
      vertex -0.898072 21.9411 2
      vertex -0.898072 21.9411 9
    endloop
  endfacet
  facet normal 0.995184 0.0980239 0
    outer loop
      vertex -0.898072 21.9411 2
      vertex -0.8923 21.8825 9
      vertex -0.8923 21.8825 2
    endloop
  endfacet
  facet normal 0.772835 0.634608 0
    outer loop
      vertex -0.676656 21.4066 9
      vertex -0.714018 21.4521 2
      vertex -0.714018 21.4521 9
    endloop
  endfacet
  facet normal 0.772835 0.634608 0
    outer loop
      vertex -0.714018 21.4521 2
      vertex -0.676656 21.4066 9
      vertex -0.676656 21.4066 2
    endloop
  endfacet
  facet normal 0.813013 0.582246 0
    outer loop
      vertex -0.714018 21.4521 9
      vertex -0.748322 21.5 2
      vertex -0.748322 21.5 9
    endloop
  endfacet
  facet normal 0.813013 0.582246 0
    outer loop
      vertex -0.748322 21.5 2
      vertex -0.714018 21.4521 9
      vertex -0.714018 21.4521 2
    endloop
  endfacet
  facet normal 0.0322617 0.999479 -0
    outer loop
      vertex 0 21.1 2
      vertex -0.0588627 21.1019 9
      vertex 0 21.1 9
    endloop
  endfacet
  facet normal 0.0322617 0.999479 0
    outer loop
      vertex -0.0588627 21.1019 9
      vertex 0 21.1 2
      vertex -0.0588627 21.1019 2
    endloop
  endfacet
  facet normal 0.290347 0.956922 -0
    outer loop
      vertex -0.232937 21.1307 2
      vertex -0.289295 21.1478 9
      vertex -0.232937 21.1307 9
    endloop
  endfacet
  facet normal 0.290347 0.956922 0
    outer loop
      vertex -0.289295 21.1478 9
      vertex -0.232937 21.1307 2
      vertex -0.289295 21.1478 2
    endloop
  endfacet
  facet normal 0.471885 0.88166 -0
    outer loop
      vertex -0.398059 21.1928 2
      vertex -0.45 21.2206 9
      vertex -0.398059 21.1928 9
    endloop
  endfacet
  facet normal 0.471885 0.88166 0
    outer loop
      vertex -0.45 21.2206 9
      vertex -0.398059 21.1928 2
      vertex -0.45 21.2206 2
    endloop
  endfacet
  facet normal 0.528074 0.849198 -0
    outer loop
      vertex -0.45 21.2206 2
      vertex -0.500012 21.2517 9
      vertex -0.45 21.2206 9
    endloop
  endfacet
  facet normal 0.528074 0.849198 0
    outer loop
      vertex -0.500012 21.2517 9
      vertex -0.45 21.2206 2
      vertex -0.500012 21.2517 2
    endloop
  endfacet
  facet normal -0.999465 0.0327159 0
    outer loop
      vertex 0.898072 21.9411 2
      vertex 0.9 22 9
      vertex 0.9 22 2
    endloop
  endfacet
  facet normal -0.999465 0.0327159 0
    outer loop
      vertex 0.9 22 9
      vertex 0.898072 21.9411 2
      vertex 0.898072 21.9411 9
    endloop
  endfacet
  facet normal -0.0322617 -0.999479 0
    outer loop
      vertex 0 22.9 2
      vertex 0.0588627 22.8981 9
      vertex 0 22.9 9
    endloop
  endfacet
  facet normal -0.0322617 -0.999479 -0
    outer loop
      vertex 0.0588627 22.8981 9
      vertex 0 22.9 2
      vertex 0.0588627 22.8981 2
    endloop
  endfacet
  facet normal -0.63377 -0.773522 0
    outer loop
      vertex 0.547885 22.714 2
      vertex 0.59341 22.6767 9
      vertex 0.547885 22.714 9
    endloop
  endfacet
  facet normal -0.63377 -0.773522 -0
    outer loop
      vertex 0.59341 22.6767 9
      vertex 0.547885 22.714 2
      vertex 0.59341 22.6767 2
    endloop
  endfacet
  facet normal 0.35157 -0.936162 0
    outer loop
      vertex -0.344415 22.8315 2
      vertex -0.289295 22.8522 9
      vertex -0.344415 22.8315 9
    endloop
  endfacet
  facet normal 0.35157 -0.936162 0
    outer loop
      vertex -0.289295 22.8522 9
      vertex -0.344415 22.8315 2
      vertex -0.289295 22.8522 2
    endloop
  endfacet
  facet normal 0.471885 -0.88166 0
    outer loop
      vertex -0.45 22.7794 2
      vertex -0.398059 22.8072 9
      vertex -0.45 22.7794 9
    endloop
  endfacet
  facet normal 0.471885 -0.88166 0
    outer loop
      vertex -0.398059 22.8072 9
      vertex -0.45 22.7794 2
      vertex -0.398059 22.8072 2
    endloop
  endfacet
  facet normal 0.999465 -0.0327159 0
    outer loop
      vertex -0.9 22 9
      vertex -0.898072 22.0589 2
      vertex -0.898072 22.0589 9
    endloop
  endfacet
  facet normal 0.999465 -0.0327159 0
    outer loop
      vertex -0.898072 22.0589 2
      vertex -0.9 22 9
      vertex -0.9 22 2
    endloop
  endfacet
  facet normal 0.813013 -0.582246 0
    outer loop
      vertex -0.748322 22.5 9
      vertex -0.714018 22.5479 2
      vertex -0.714018 22.5479 9
    endloop
  endfacet
  facet normal 0.813013 -0.582246 0
    outer loop
      vertex -0.714018 22.5479 2
      vertex -0.748322 22.5 9
      vertex -0.748322 22.5 2
    endloop
  endfacet
  facet normal -0.995184 0.0980239 0
    outer loop
      vertex 0.8923 21.8825 2
      vertex 0.898072 21.9411 9
      vertex 0.898072 21.9411 2
    endloop
  endfacet
  facet normal -0.995184 0.0980239 0
    outer loop
      vertex 0.898072 21.9411 9
      vertex 0.8923 21.8825 2
      vertex 0.8923 21.8825 9
    endloop
  endfacet
  facet normal -0.986642 0.162906 0
    outer loop
      vertex 0.882707 21.8244 2
      vertex 0.8923 21.8825 9
      vertex 0.8923 21.8825 2
    endloop
  endfacet
  facet normal -0.986642 0.162906 0
    outer loop
      vertex 0.8923 21.8825 9
      vertex 0.882707 21.8244 2
      vertex 0.882707 21.8244 9
    endloop
  endfacet
  facet normal -0.935862 0.352367 0
    outer loop
      vertex 0.831491 21.6556 2
      vertex 0.852237 21.7107 9
      vertex 0.852237 21.7107 2
    endloop
  endfacet
  facet normal -0.935862 0.352367 0
    outer loop
      vertex 0.852237 21.7107 9
      vertex 0.831491 21.6556 2
      vertex 0.831491 21.6556 9
    endloop
  endfacet
  facet normal -0.849134 0.528178 0
    outer loop
      vertex 0.748322 21.5 2
      vertex 0.779423 21.55 9
      vertex 0.779423 21.55 2
    endloop
  endfacet
  facet normal -0.849134 0.528178 0
    outer loop
      vertex 0.779423 21.55 9
      vertex 0.748322 21.5 2
      vertex 0.748322 21.5 9
    endloop
  endfacet
  facet normal -0.813013 0.582246 0
    outer loop
      vertex 0.714018 21.4521 2
      vertex 0.748322 21.5 9
      vertex 0.748322 21.5 2
    endloop
  endfacet
  facet normal -0.813013 0.582246 0
    outer loop
      vertex 0.748322 21.5 9
      vertex 0.714018 21.4521 2
      vertex 0.714018 21.4521 9
    endloop
  endfacet
  facet normal -0.683955 0.729524 0
    outer loop
      vertex 0.636395 21.3636 2
      vertex 0.59341 21.3233 9
      vertex 0.636395 21.3636 9
    endloop
  endfacet
  facet normal -0.683955 0.729524 0
    outer loop
      vertex 0.59341 21.3233 9
      vertex 0.636395 21.3636 2
      vertex 0.59341 21.3233 2
    endloop
  endfacet
  facet normal -0.729973 0.683476 0
    outer loop
      vertex 0.636395 21.3636 2
      vertex 0.676656 21.4066 9
      vertex 0.676656 21.4066 2
    endloop
  endfacet
  facet normal -0.729973 0.683476 0
    outer loop
      vertex 0.676656 21.4066 9
      vertex 0.636395 21.3636 2
      vertex 0.636395 21.3636 9
    endloop
  endfacet
  facet normal -0.528074 0.849198 0
    outer loop
      vertex 0.500012 21.2517 2
      vertex 0.45 21.2206 9
      vertex 0.500012 21.2517 9
    endloop
  endfacet
  facet normal -0.528074 0.849198 0
    outer loop
      vertex 0.45 21.2206 9
      vertex 0.500012 21.2517 2
      vertex 0.45 21.2206 2
    endloop
  endfacet
  facet normal -0.63377 0.773522 0
    outer loop
      vertex 0.59341 21.3233 2
      vertex 0.547885 21.286 9
      vertex 0.59341 21.3233 9
    endloop
  endfacet
  facet normal -0.63377 0.773522 0
    outer loop
      vertex 0.547885 21.286 9
      vertex 0.59341 21.3233 2
      vertex 0.547885 21.286 2
    endloop
  endfacet
  facet normal -0.290347 0.956922 0
    outer loop
      vertex 0.289295 21.1478 2
      vertex 0.232937 21.1307 9
      vertex 0.289295 21.1478 9
    endloop
  endfacet
  facet normal -0.290347 0.956922 0
    outer loop
      vertex 0.232937 21.1307 9
      vertex 0.289295 21.1478 2
      vertex 0.232937 21.1307 2
    endloop
  endfacet
  facet normal -0.163 0.986626 0
    outer loop
      vertex 0.175581 21.1173 2
      vertex 0.117473 21.1077 9
      vertex 0.175581 21.1173 9
    endloop
  endfacet
  facet normal -0.163 0.986626 0
    outer loop
      vertex 0.117473 21.1077 9
      vertex 0.175581 21.1173 2
      vertex 0.117473 21.1077 2
    endloop
  endfacet
  facet normal 0 0 1
    outer loop
      vertex 0.898072 22.0589 2
      vertex 0.898072 21.9411 2
      vertex 0.9 22 2
    endloop
  endfacet
  facet normal 0 0 1
    outer loop
      vertex 0.8923 22.1175 2
      vertex 0.898072 21.9411 2
      vertex 0.898072 22.0589 2
    endloop
  endfacet
  facet normal 0 0 1
    outer loop
      vertex 0.8923 22.1175 2
      vertex 0.8923 21.8825 2
      vertex 0.898072 21.9411 2
    endloop
  endfacet
  facet normal 0 0 1
    outer loop
      vertex 0.882707 22.1756 2
      vertex 0.8923 21.8825 2
      vertex 0.8923 22.1175 2
    endloop
  endfacet
  facet normal 0 0 1
    outer loop
      vertex 0.882707 22.1756 2
      vertex 0.882707 21.8244 2
      vertex 0.8923 21.8825 2
    endloop
  endfacet
  facet normal 0 0 1
    outer loop
      vertex 0.869332 22.2329 2
      vertex 0.882707 21.8244 2
      vertex 0.882707 22.1756 2
    endloop
  endfacet
  facet normal 0 0 1
    outer loop
      vertex 0.869332 22.2329 2
      vertex 0.869332 21.7671 2
      vertex 0.882707 21.8244 2
    endloop
  endfacet
  facet normal 0 0 1
    outer loop
      vertex 0.852237 22.2893 2
      vertex 0.869332 21.7671 2
      vertex 0.869332 22.2329 2
    endloop
  endfacet
  facet normal 0 0 1
    outer loop
      vertex 0.852237 22.2893 2
      vertex 0.852237 21.7107 2
      vertex 0.869332 21.7671 2
    endloop
  endfacet
  facet normal 0 0 1
    outer loop
      vertex 0.831491 22.3444 2
      vertex 0.852237 21.7107 2
      vertex 0.852237 22.2893 2
    endloop
  endfacet
  facet normal 0 0 1
    outer loop
      vertex 0.831491 22.3444 2
      vertex 0.831491 21.6556 2
      vertex 0.852237 21.7107 2
    endloop
  endfacet
  facet normal 0 0 1
    outer loop
      vertex 0.807185 22.3981 2
      vertex 0.831491 21.6556 2
      vertex 0.831491 22.3444 2
    endloop
  endfacet
  facet normal 0 0 1
    outer loop
      vertex 0.807185 22.3981 2
      vertex 0.807185 21.6019 2
      vertex 0.831491 21.6556 2
    endloop
  endfacet
  facet normal 0 0 1
    outer loop
      vertex 0.779423 22.45 2
      vertex 0.807185 21.6019 2
      vertex 0.807185 22.3981 2
    endloop
  endfacet
  facet normal 0 0 1
    outer loop
      vertex 0.779423 22.45 2
      vertex 0.779423 21.55 2
      vertex 0.807185 21.6019 2
    endloop
  endfacet
  facet normal 0 0 1
    outer loop
      vertex 0.748322 22.5 2
      vertex 0.779423 21.55 2
      vertex 0.779423 22.45 2
    endloop
  endfacet
  facet normal 0 0 1
    outer loop
      vertex 0.748322 22.5 2
      vertex 0.748322 21.5 2
      vertex 0.779423 21.55 2
    endloop
  endfacet
  facet normal 0 0 1
    outer loop
      vertex 0.714018 22.5479 2
      vertex 0.748322 21.5 2
      vertex 0.748322 22.5 2
    endloop
  endfacet
  facet normal 0 0 1
    outer loop
      vertex 0.714018 22.5479 2
      vertex 0.714018 21.4521 2
      vertex 0.748322 21.5 2
    endloop
  endfacet
  facet normal 0 0 1
    outer loop
      vertex 0.676656 22.5934 2
      vertex 0.714018 21.4521 2
      vertex 0.714018 22.5479 2
    endloop
  endfacet
  facet normal 0 0 1
    outer loop
      vertex 0.676656 22.5934 2
      vertex 0.676656 21.4066 2
      vertex 0.714018 21.4521 2
    endloop
  endfacet
  facet normal 0 0 1
    outer loop
      vertex 0.636395 22.6364 2
      vertex 0.676656 21.4066 2
      vertex 0.676656 22.5934 2
    endloop
  endfacet
  facet normal 0 0 1
    outer loop
      vertex 0.636395 22.6364 2
      vertex 0.636395 21.3636 2
      vertex 0.676656 21.4066 2
    endloop
  endfacet
  facet normal 0 0 1
    outer loop
      vertex 0.59341 22.6767 2
      vertex 0.636395 21.3636 2
      vertex 0.636395 22.6364 2
    endloop
  endfacet
  facet normal 0 0 1
    outer loop
      vertex 0.59341 22.6767 2
      vertex 0.59341 21.3233 2
      vertex 0.636395 21.3636 2
    endloop
  endfacet
  facet normal 0 0 1
    outer loop
      vertex 0.547885 22.714 2
      vertex 0.59341 21.3233 2
      vertex 0.59341 22.6767 2
    endloop
  endfacet
  facet normal 0 0 1
    outer loop
      vertex 0.547885 22.714 2
      vertex 0.547885 21.286 2
      vertex 0.59341 21.3233 2
    endloop
  endfacet
  facet normal 0 0 1
    outer loop
      vertex 0.500012 22.7483 2
      vertex 0.547885 21.286 2
      vertex 0.547885 22.714 2
    endloop
  endfacet
  facet normal 0 0 1
    outer loop
      vertex 0.500012 22.7483 2
      vertex 0.500012 21.2517 2
      vertex 0.547885 21.286 2
    endloop
  endfacet
  facet normal 0 0 1
    outer loop
      vertex 0.45 22.7794 2
      vertex 0.500012 21.2517 2
      vertex 0.500012 22.7483 2
    endloop
  endfacet
  facet normal 0 0 1
    outer loop
      vertex 0.45 22.7794 2
      vertex 0.45 21.2206 2
      vertex 0.500012 21.2517 2
    endloop
  endfacet
  facet normal 0 0 1
    outer loop
      vertex 0.398059 22.8072 2
      vertex 0.45 21.2206 2
      vertex 0.45 22.7794 2
    endloop
  endfacet
  facet normal 0 0 1
    outer loop
      vertex 0.398059 22.8072 2
      vertex 0.398059 21.1928 2
      vertex 0.45 21.2206 2
    endloop
  endfacet
  facet normal 0 0 1
    outer loop
      vertex 0.344415 22.8315 2
      vertex 0.398059 21.1928 2
      vertex 0.398059 22.8072 2
    endloop
  endfacet
  facet normal 0 0 1
    outer loop
      vertex 0.344415 22.8315 2
      vertex 0.344415 21.1685 2
      vertex 0.398059 21.1928 2
    endloop
  endfacet
  facet normal 0 0 1
    outer loop
      vertex 0.289295 22.8522 2
      vertex 0.344415 21.1685 2
      vertex 0.344415 22.8315 2
    endloop
  endfacet
  facet normal 0 0 1
    outer loop
      vertex 0.289295 22.8522 2
      vertex 0.289295 21.1478 2
      vertex 0.344415 21.1685 2
    endloop
  endfacet
  facet normal 0 0 1
    outer loop
      vertex 0.232937 22.8693 2
      vertex 0.289295 21.1478 2
      vertex 0.289295 22.8522 2
    endloop
  endfacet
  facet normal 0 0 1
    outer loop
      vertex 0.232937 22.8693 2
      vertex 0.232937 21.1307 2
      vertex 0.289295 21.1478 2
    endloop
  endfacet
  facet normal 0 0 1
    outer loop
      vertex 0.175581 22.8827 2
      vertex 0.232937 21.1307 2
      vertex 0.232937 22.8693 2
    endloop
  endfacet
  facet normal 0 0 1
    outer loop
      vertex 0.175581 22.8827 2
      vertex 0.175581 21.1173 2
      vertex 0.232937 21.1307 2
    endloop
  endfacet
  facet normal 0 0 1
    outer loop
      vertex 0.117473 22.8923 2
      vertex 0.175581 21.1173 2
      vertex 0.175581 22.8827 2
    endloop
  endfacet
  facet normal 0 0 1
    outer loop
      vertex 0.117473 22.8923 2
      vertex 0.117473 21.1077 2
      vertex 0.175581 21.1173 2
    endloop
  endfacet
  facet normal 0 0 1
    outer loop
      vertex 0.0588627 22.8981 2
      vertex 0.117473 21.1077 2
      vertex 0.117473 22.8923 2
    endloop
  endfacet
  facet normal 0 0 1
    outer loop
      vertex 0.0588627 22.8981 2
      vertex 0.0588627 21.1019 2
      vertex 0.117473 21.1077 2
    endloop
  endfacet
  facet normal 0 0 1
    outer loop
      vertex 0 22.9 2
      vertex 0.0588627 21.1019 2
      vertex 0.0588627 22.8981 2
    endloop
  endfacet
  facet normal 0 0 1
    outer loop
      vertex 0 22.9 2
      vertex 0 21.1 2
      vertex 0.0588627 21.1019 2
    endloop
  endfacet
  facet normal -0 0 1
    outer loop
      vertex -0.0588627 22.8981 2
      vertex 0 21.1 2
      vertex 0 22.9 2
    endloop
  endfacet
  facet normal 0 0 1
    outer loop
      vertex -0.0588627 22.8981 2
      vertex -0.0588627 21.1019 2
      vertex 0 21.1 2
    endloop
  endfacet
  facet normal -0 0 1
    outer loop
      vertex -0.117473 22.8923 2
      vertex -0.0588627 21.1019 2
      vertex -0.0588627 22.8981 2
    endloop
  endfacet
  facet normal 0 0 1
    outer loop
      vertex -0.117473 22.8923 2
      vertex -0.117473 21.1077 2
      vertex -0.0588627 21.1019 2
    endloop
  endfacet
  facet normal -0 0 1
    outer loop
      vertex -0.175581 22.8827 2
      vertex -0.117473 21.1077 2
      vertex -0.117473 22.8923 2
    endloop
  endfacet
  facet normal 0 0 1
    outer loop
      vertex -0.175581 22.8827 2
      vertex -0.175581 21.1173 2
      vertex -0.117473 21.1077 2
    endloop
  endfacet
  facet normal -0 0 1
    outer loop
      vertex -0.232937 22.8693 2
      vertex -0.175581 21.1173 2
      vertex -0.175581 22.8827 2
    endloop
  endfacet
  facet normal 0 0 1
    outer loop
      vertex -0.232937 22.8693 2
      vertex -0.232937 21.1307 2
      vertex -0.175581 21.1173 2
    endloop
  endfacet
  facet normal -0 0 1
    outer loop
      vertex -0.289295 22.8522 2
      vertex -0.232937 21.1307 2
      vertex -0.232937 22.8693 2
    endloop
  endfacet
  facet normal 0 0 1
    outer loop
      vertex -0.289295 22.8522 2
      vertex -0.289295 21.1478 2
      vertex -0.232937 21.1307 2
    endloop
  endfacet
  facet normal -0 0 1
    outer loop
      vertex -0.344415 22.8315 2
      vertex -0.289295 21.1478 2
      vertex -0.289295 22.8522 2
    endloop
  endfacet
  facet normal 0 0 1
    outer loop
      vertex -0.344415 22.8315 2
      vertex -0.344415 21.1685 2
      vertex -0.289295 21.1478 2
    endloop
  endfacet
  facet normal -0 0 1
    outer loop
      vertex -0.398059 22.8072 2
      vertex -0.344415 21.1685 2
      vertex -0.344415 22.8315 2
    endloop
  endfacet
  facet normal 0 0 1
    outer loop
      vertex -0.398059 22.8072 2
      vertex -0.398059 21.1928 2
      vertex -0.344415 21.1685 2
    endloop
  endfacet
  facet normal -0 0 1
    outer loop
      vertex -0.45 22.7794 2
      vertex -0.398059 21.1928 2
      vertex -0.398059 22.8072 2
    endloop
  endfacet
  facet normal 0 0 1
    outer loop
      vertex -0.45 22.7794 2
      vertex -0.45 21.2206 2
      vertex -0.398059 21.1928 2
    endloop
  endfacet
  facet normal -0 0 1
    outer loop
      vertex -0.500012 22.7483 2
      vertex -0.45 21.2206 2
      vertex -0.45 22.7794 2
    endloop
  endfacet
  facet normal 0 0 1
    outer loop
      vertex -0.500012 22.7483 2
      vertex -0.500012 21.2517 2
      vertex -0.45 21.2206 2
    endloop
  endfacet
  facet normal -0 0 1
    outer loop
      vertex -0.547885 22.714 2
      vertex -0.500012 21.2517 2
      vertex -0.500012 22.7483 2
    endloop
  endfacet
  facet normal 0 0 1
    outer loop
      vertex -0.547885 22.714 2
      vertex -0.547885 21.286 2
      vertex -0.500012 21.2517 2
    endloop
  endfacet
  facet normal -0 0 1
    outer loop
      vertex -0.59341 22.6767 2
      vertex -0.547885 21.286 2
      vertex -0.547885 22.714 2
    endloop
  endfacet
  facet normal 0 0 1
    outer loop
      vertex -0.59341 22.6767 2
      vertex -0.59341 21.3233 2
      vertex -0.547885 21.286 2
    endloop
  endfacet
  facet normal -0 0 1
    outer loop
      vertex -0.636395 22.6364 2
      vertex -0.59341 21.3233 2
      vertex -0.59341 22.6767 2
    endloop
  endfacet
  facet normal 0 0 1
    outer loop
      vertex -0.636395 22.6364 2
      vertex -0.636395 21.3636 2
      vertex -0.59341 21.3233 2
    endloop
  endfacet
  facet normal -0 0 1
    outer loop
      vertex -0.676656 22.5934 2
      vertex -0.636395 21.3636 2
      vertex -0.636395 22.6364 2
    endloop
  endfacet
  facet normal 0 0 1
    outer loop
      vertex -0.676656 22.5934 2
      vertex -0.676656 21.4066 2
      vertex -0.636395 21.3636 2
    endloop
  endfacet
  facet normal -0 0 1
    outer loop
      vertex -0.714018 22.5479 2
      vertex -0.676656 21.4066 2
      vertex -0.676656 22.5934 2
    endloop
  endfacet
  facet normal 0 0 1
    outer loop
      vertex -0.714018 22.5479 2
      vertex -0.714018 21.4521 2
      vertex -0.676656 21.4066 2
    endloop
  endfacet
  facet normal -0 0 1
    outer loop
      vertex -0.748322 22.5 2
      vertex -0.714018 21.4521 2
      vertex -0.714018 22.5479 2
    endloop
  endfacet
  facet normal 0 0 1
    outer loop
      vertex -0.748322 22.5 2
      vertex -0.748322 21.5 2
      vertex -0.714018 21.4521 2
    endloop
  endfacet
  facet normal -0 0 1
    outer loop
      vertex -0.779423 22.45 2
      vertex -0.748322 21.5 2
      vertex -0.748322 22.5 2
    endloop
  endfacet
  facet normal 0 0 1
    outer loop
      vertex -0.779423 22.45 2
      vertex -0.779423 21.55 2
      vertex -0.748322 21.5 2
    endloop
  endfacet
  facet normal -0 0 1
    outer loop
      vertex -0.807185 22.3981 2
      vertex -0.779423 21.55 2
      vertex -0.779423 22.45 2
    endloop
  endfacet
  facet normal 0 0 1
    outer loop
      vertex -0.807185 22.3981 2
      vertex -0.807185 21.6019 2
      vertex -0.779423 21.55 2
    endloop
  endfacet
  facet normal -0 0 1
    outer loop
      vertex -0.831491 22.3444 2
      vertex -0.807185 21.6019 2
      vertex -0.807185 22.3981 2
    endloop
  endfacet
  facet normal 0 0 1
    outer loop
      vertex -0.831491 22.3444 2
      vertex -0.831491 21.6556 2
      vertex -0.807185 21.6019 2
    endloop
  endfacet
  facet normal -0 0 1
    outer loop
      vertex -0.852237 22.2893 2
      vertex -0.831491 21.6556 2
      vertex -0.831491 22.3444 2
    endloop
  endfacet
  facet normal 0 0 1
    outer loop
      vertex -0.852237 22.2893 2
      vertex -0.852237 21.7107 2
      vertex -0.831491 21.6556 2
    endloop
  endfacet
  facet normal -0 0 1
    outer loop
      vertex -0.869332 22.2329 2
      vertex -0.852237 21.7107 2
      vertex -0.852237 22.2893 2
    endloop
  endfacet
  facet normal 0 0 1
    outer loop
      vertex -0.869332 22.2329 2
      vertex -0.869332 21.7671 2
      vertex -0.852237 21.7107 2
    endloop
  endfacet
  facet normal -0 0 1
    outer loop
      vertex -0.882707 22.1756 2
      vertex -0.869332 21.7671 2
      vertex -0.869332 22.2329 2
    endloop
  endfacet
  facet normal 0 0 1
    outer loop
      vertex -0.882707 22.1756 2
      vertex -0.882707 21.8244 2
      vertex -0.869332 21.7671 2
    endloop
  endfacet
  facet normal -0 0 1
    outer loop
      vertex -0.8923 22.1175 2
      vertex -0.882707 21.8244 2
      vertex -0.882707 22.1756 2
    endloop
  endfacet
  facet normal 0 0 1
    outer loop
      vertex -0.8923 22.1175 2
      vertex -0.8923 21.8825 2
      vertex -0.882707 21.8244 2
    endloop
  endfacet
  facet normal -0 0 1
    outer loop
      vertex -0.898072 22.0589 2
      vertex -0.8923 21.8825 2
      vertex -0.8923 22.1175 2
    endloop
  endfacet
  facet normal 0 0 1
    outer loop
      vertex -0.898072 22.0589 2
      vertex -0.898072 21.9411 2
      vertex -0.8923 21.8825 2
    endloop
  endfacet
  facet normal 0 -0 1
    outer loop
      vertex -0.898072 21.9411 2
      vertex -0.898072 22.0589 2
      vertex -0.9 22 2
    endloop
  endfacet
  facet normal 0.957005 0.290071 0
    outer loop
      vertex -0.852237 21.7107 9
      vertex -0.869332 21.7671 2
      vertex -0.869332 21.7671 9
    endloop
  endfacet
  facet normal 0.957005 0.290071 0
    outer loop
      vertex -0.869332 21.7671 2
      vertex -0.852237 21.7107 9
      vertex -0.852237 21.7107 2
    endloop
  endfacet
  facet normal 0.986642 0.162906 0
    outer loop
      vertex -0.882707 21.8244 9
      vertex -0.8923 21.8825 2
      vertex -0.8923 21.8825 9
    endloop
  endfacet
  facet normal 0.986642 0.162906 0
    outer loop
      vertex -0.8923 21.8825 2
      vertex -0.882707 21.8244 9
      vertex -0.882707 21.8244 2
    endloop
  endfacet
  facet normal 0.911024 0.412353 0
    outer loop
      vertex -0.807185 21.6019 9
      vertex -0.831491 21.6556 2
      vertex -0.831491 21.6556 9
    endloop
  endfacet
  facet normal 0.911024 0.412353 0
    outer loop
      vertex -0.831491 21.6556 2
      vertex -0.807185 21.6019 9
      vertex -0.807185 21.6019 2
    endloop
  endfacet
  facet normal 0.849134 0.528178 0
    outer loop
      vertex -0.748322 21.5 9
      vertex -0.779423 21.55 2
      vertex -0.779423 21.55 9
    endloop
  endfacet
  facet normal 0.849134 0.528178 0
    outer loop
      vertex -0.779423 21.55 2
      vertex -0.748322 21.5 9
      vertex -0.748322 21.5 2
    endloop
  endfacet
  facet normal 0.729973 0.683476 0
    outer loop
      vertex -0.636395 21.3636 9
      vertex -0.676656 21.4066 2
      vertex -0.676656 21.4066 9
    endloop
  endfacet
  facet normal 0.729973 0.683476 0
    outer loop
      vertex -0.676656 21.4066 2
      vertex -0.636395 21.3636 9
      vertex -0.636395 21.3636 2
    endloop
  endfacet
  facet normal 0.227502 0.973778 -0
    outer loop
      vertex -0.175581 21.1173 2
      vertex -0.232937 21.1307 9
      vertex -0.175581 21.1173 9
    endloop
  endfacet
  facet normal 0.227502 0.973778 0
    outer loop
      vertex -0.232937 21.1307 9
      vertex -0.175581 21.1173 2
      vertex -0.232937 21.1307 2
    endloop
  endfacet
  facet normal 0.0984777 0.995139 -0
    outer loop
      vertex -0.0588627 21.1019 2
      vertex -0.117473 21.1077 9
      vertex -0.0588627 21.1019 9
    endloop
  endfacet
  facet normal 0.0984777 0.995139 0
    outer loop
      vertex -0.117473 21.1077 9
      vertex -0.0588627 21.1019 2
      vertex -0.117473 21.1077 2
    endloop
  endfacet
  facet normal 0.163 0.986626 -0
    outer loop
      vertex -0.117473 21.1077 2
      vertex -0.175581 21.1173 9
      vertex -0.117473 21.1077 9
    endloop
  endfacet
  facet normal 0.163 0.986626 0
    outer loop
      vertex -0.175581 21.1173 9
      vertex -0.117473 21.1077 2
      vertex -0.175581 21.1173 2
    endloop
  endfacet
  facet normal 0.412626 0.910901 -0
    outer loop
      vertex -0.344415 21.1685 2
      vertex -0.398059 21.1928 9
      vertex -0.344415 21.1685 9
    endloop
  endfacet
  facet normal 0.412626 0.910901 0
    outer loop
      vertex -0.398059 21.1928 9
      vertex -0.344415 21.1685 2
      vertex -0.398059 21.1928 2
    endloop
  endfacet
  facet normal 0.683955 0.729524 -0
    outer loop
      vertex -0.59341 21.3233 2
      vertex -0.636395 21.3636 9
      vertex -0.59341 21.3233 9
    endloop
  endfacet
  facet normal 0.683955 0.729524 0
    outer loop
      vertex -0.636395 21.3636 9
      vertex -0.59341 21.3233 2
      vertex -0.636395 21.3636 2
    endloop
  endfacet
  facet normal 0.63377 0.773522 -0
    outer loop
      vertex -0.547885 21.286 2
      vertex -0.59341 21.3233 9
      vertex -0.547885 21.286 9
    endloop
  endfacet
  facet normal 0.63377 0.773522 0
    outer loop
      vertex -0.59341 21.3233 9
      vertex -0.547885 21.286 2
      vertex -0.59341 21.3233 2
    endloop
  endfacet
  facet normal -0.986642 -0.162906 0
    outer loop
      vertex 0.8923 22.1175 2
      vertex 0.882707 22.1756 9
      vertex 0.882707 22.1756 2
    endloop
  endfacet
  facet normal -0.986642 -0.162906 0
    outer loop
      vertex 0.882707 22.1756 9
      vertex 0.8923 22.1175 2
      vertex 0.8923 22.1175 9
    endloop
  endfacet
  facet normal -0.957005 -0.290071 0
    outer loop
      vertex 0.869332 22.2329 2
      vertex 0.852237 22.2893 9
      vertex 0.852237 22.2893 2
    endloop
  endfacet
  facet normal -0.957005 -0.290071 0
    outer loop
      vertex 0.852237 22.2893 9
      vertex 0.869332 22.2329 2
      vertex 0.869332 22.2329 9
    endloop
  endfacet
  facet normal -0.935862 -0.352367 0
    outer loop
      vertex 0.852237 22.2893 2
      vertex 0.831491 22.3444 9
      vertex 0.831491 22.3444 2
    endloop
  endfacet
  facet normal -0.935862 -0.352367 0
    outer loop
      vertex 0.831491 22.3444 9
      vertex 0.852237 22.2893 2
      vertex 0.852237 22.2893 9
    endloop
  endfacet
  facet normal -0.772835 -0.634608 0
    outer loop
      vertex 0.714018 22.5479 2
      vertex 0.676656 22.5934 9
      vertex 0.676656 22.5934 2
    endloop
  endfacet
  facet normal -0.772835 -0.634608 0
    outer loop
      vertex 0.676656 22.5934 9
      vertex 0.714018 22.5479 2
      vertex 0.714018 22.5479 9
    endloop
  endfacet
  facet normal -0.0984777 -0.995139 0
    outer loop
      vertex 0.0588627 22.8981 2
      vertex 0.117473 22.8923 9
      vertex 0.0588627 22.8981 9
    endloop
  endfacet
  facet normal -0.0984777 -0.995139 -0
    outer loop
      vertex 0.117473 22.8923 9
      vertex 0.0588627 22.8981 2
      vertex 0.117473 22.8923 2
    endloop
  endfacet
  facet normal -0.35157 -0.936162 0
    outer loop
      vertex 0.289295 22.8522 2
      vertex 0.344415 22.8315 9
      vertex 0.289295 22.8522 9
    endloop
  endfacet
  facet normal -0.35157 -0.936162 -0
    outer loop
      vertex 0.344415 22.8315 9
      vertex 0.289295 22.8522 2
      vertex 0.344415 22.8315 2
    endloop
  endfacet
  facet normal -0.729973 -0.683476 0
    outer loop
      vertex 0.676656 22.5934 2
      vertex 0.636395 22.6364 9
      vertex 0.636395 22.6364 2
    endloop
  endfacet
  facet normal -0.729973 -0.683476 0
    outer loop
      vertex 0.636395 22.6364 9
      vertex 0.676656 22.5934 2
      vertex 0.676656 22.5934 9
    endloop
  endfacet
  facet normal -0.528074 -0.849198 0
    outer loop
      vertex 0.45 22.7794 2
      vertex 0.500012 22.7483 9
      vertex 0.45 22.7794 9
    endloop
  endfacet
  facet normal -0.528074 -0.849198 -0
    outer loop
      vertex 0.500012 22.7483 9
      vertex 0.45 22.7794 2
      vertex 0.500012 22.7483 2
    endloop
  endfacet
  facet normal -0.412626 -0.910901 0
    outer loop
      vertex 0.344415 22.8315 2
      vertex 0.398059 22.8072 9
      vertex 0.344415 22.8315 9
    endloop
  endfacet
  facet normal -0.412626 -0.910901 -0
    outer loop
      vertex 0.398059 22.8072 9
      vertex 0.344415 22.8315 2
      vertex 0.398059 22.8072 2
    endloop
  endfacet
  facet normal -0.582418 -0.812889 0
    outer loop
      vertex 0.500012 22.7483 2
      vertex 0.547885 22.714 9
      vertex 0.500012 22.7483 9
    endloop
  endfacet
  facet normal -0.582418 -0.812889 -0
    outer loop
      vertex 0.547885 22.714 9
      vertex 0.500012 22.7483 2
      vertex 0.547885 22.714 2
    endloop
  endfacet
  facet normal 0.290347 -0.956922 0
    outer loop
      vertex -0.289295 22.8522 2
      vertex -0.232937 22.8693 9
      vertex -0.289295 22.8522 9
    endloop
  endfacet
  facet normal 0.290347 -0.956922 0
    outer loop
      vertex -0.232937 22.8693 9
      vertex -0.289295 22.8522 2
      vertex -0.232937 22.8693 2
    endloop
  endfacet
  facet normal 0.163 -0.986626 0
    outer loop
      vertex -0.175581 22.8827 2
      vertex -0.117473 22.8923 9
      vertex -0.175581 22.8827 9
    endloop
  endfacet
  facet normal 0.163 -0.986626 0
    outer loop
      vertex -0.117473 22.8923 9
      vertex -0.175581 22.8827 2
      vertex -0.117473 22.8923 2
    endloop
  endfacet
  facet normal 0.412626 -0.910901 0
    outer loop
      vertex -0.398059 22.8072 2
      vertex -0.344415 22.8315 9
      vertex -0.398059 22.8072 9
    endloop
  endfacet
  facet normal 0.412626 -0.910901 0
    outer loop
      vertex -0.344415 22.8315 9
      vertex -0.398059 22.8072 2
      vertex -0.344415 22.8315 2
    endloop
  endfacet
  facet normal 0.683955 -0.729524 0
    outer loop
      vertex -0.636395 22.6364 2
      vertex -0.59341 22.6767 9
      vertex -0.636395 22.6364 9
    endloop
  endfacet
  facet normal 0.683955 -0.729524 0
    outer loop
      vertex -0.59341 22.6767 9
      vertex -0.636395 22.6364 2
      vertex -0.59341 22.6767 2
    endloop
  endfacet
  facet normal 0.995184 -0.0980239 0
    outer loop
      vertex -0.898072 22.0589 9
      vertex -0.8923 22.1175 2
      vertex -0.8923 22.1175 9
    endloop
  endfacet
  facet normal 0.995184 -0.0980239 0
    outer loop
      vertex -0.8923 22.1175 2
      vertex -0.898072 22.0589 9
      vertex -0.898072 22.0589 2
    endloop
  endfacet
  facet normal 0.935862 -0.352367 0
    outer loop
      vertex -0.852237 22.2893 9
      vertex -0.831491 22.3444 2
      vertex -0.831491 22.3444 9
    endloop
  endfacet
  facet normal 0.935862 -0.352367 0
    outer loop
      vertex -0.831491 22.3444 2
      vertex -0.852237 22.2893 9
      vertex -0.852237 22.2893 2
    endloop
  endfacet
  facet normal 0.973822 -0.22731 0
    outer loop
      vertex -0.882707 22.1756 9
      vertex -0.869332 22.2329 2
      vertex -0.869332 22.2329 9
    endloop
  endfacet
  facet normal 0.973822 -0.22731 0
    outer loop
      vertex -0.869332 22.2329 2
      vertex -0.882707 22.1756 9
      vertex -0.882707 22.1756 2
    endloop
  endfacet
  facet normal 0.729973 -0.683476 0
    outer loop
      vertex -0.676656 22.5934 9
      vertex -0.636395 22.6364 2
      vertex -0.636395 22.6364 9
    endloop
  endfacet
  facet normal 0.729973 -0.683476 0
    outer loop
      vertex -0.636395 22.6364 2
      vertex -0.676656 22.5934 9
      vertex -0.676656 22.5934 2
    endloop
  endfacet
  facet normal 0.849134 -0.528178 0
    outer loop
      vertex -0.779423 22.45 9
      vertex -0.748322 22.5 2
      vertex -0.748322 22.5 9
    endloop
  endfacet
  facet normal 0.849134 -0.528178 0
    outer loop
      vertex -0.748322 22.5 2
      vertex -0.779423 22.45 9
      vertex -0.779423 22.45 2
    endloop
  endfacet
  facet normal 0.772835 -0.634608 0
    outer loop
      vertex -0.714018 22.5479 9
      vertex -0.676656 22.5934 2
      vertex -0.676656 22.5934 9
    endloop
  endfacet
  facet normal 0.772835 -0.634608 0
    outer loop
      vertex -0.676656 22.5934 2
      vertex -0.714018 22.5479 9
      vertex -0.714018 22.5479 2
    endloop
  endfacet
  facet normal -0.999465 -0.0327159 0
    outer loop
      vertex 0.9 22 2
      vertex 0.898072 22.0589 9
      vertex 0.898072 22.0589 2
    endloop
  endfacet
  facet normal -0.999465 -0.0327159 0
    outer loop
      vertex 0.898072 22.0589 9
      vertex 0.9 22 2
      vertex 0.9 22 9
    endloop
  endfacet
  facet normal -0.973822 -0.22731 0
    outer loop
      vertex 0.882707 22.1756 2
      vertex 0.869332 22.2329 9
      vertex 0.869332 22.2329 2
    endloop
  endfacet
  facet normal -0.973822 -0.22731 0
    outer loop
      vertex 0.869332 22.2329 9
      vertex 0.882707 22.1756 2
      vertex 0.882707 22.1756 9
    endloop
  endfacet
  facet normal -0.881774 -0.471673 0
    outer loop
      vertex 0.807185 22.3981 2
      vertex 0.779423 22.45 9
      vertex 0.779423 22.45 2
    endloop
  endfacet
  facet normal -0.881774 -0.471673 0
    outer loop
      vertex 0.779423 22.45 9
      vertex 0.807185 22.3981 2
      vertex 0.807185 22.3981 9
    endloop
  endfacet
  facet normal -0.911024 -0.412353 0
    outer loop
      vertex 0.831491 22.3444 2
      vertex 0.807185 22.3981 9
      vertex 0.807185 22.3981 2
    endloop
  endfacet
  facet normal -0.911024 -0.412353 0
    outer loop
      vertex 0.807185 22.3981 9
      vertex 0.831491 22.3444 2
      vertex 0.831491 22.3444 9
    endloop
  endfacet
  facet normal -0.163 -0.986626 0
    outer loop
      vertex 0.117473 22.8923 2
      vertex 0.175581 22.8827 9
      vertex 0.117473 22.8923 9
    endloop
  endfacet
  facet normal -0.163 -0.986626 -0
    outer loop
      vertex 0.175581 22.8827 9
      vertex 0.117473 22.8923 2
      vertex 0.175581 22.8827 2
    endloop
  endfacet
  facet normal -0.290347 -0.956922 0
    outer loop
      vertex 0.232937 22.8693 2
      vertex 0.289295 22.8522 9
      vertex 0.232937 22.8693 9
    endloop
  endfacet
  facet normal -0.290347 -0.956922 -0
    outer loop
      vertex 0.289295 22.8522 9
      vertex 0.232937 22.8693 2
      vertex 0.289295 22.8522 2
    endloop
  endfacet
  facet normal -0.471885 -0.88166 0
    outer loop
      vertex 0.398059 22.8072 2
      vertex 0.45 22.7794 9
      vertex 0.398059 22.8072 9
    endloop
  endfacet
  facet normal -0.471885 -0.88166 -0
    outer loop
      vertex 0.45 22.7794 9
      vertex 0.398059 22.8072 2
      vertex 0.45 22.7794 2
    endloop
  endfacet
  facet normal 0.227502 -0.973778 0
    outer loop
      vertex -0.232937 22.8693 2
      vertex -0.175581 22.8827 9
      vertex -0.232937 22.8693 9
    endloop
  endfacet
  facet normal 0.227502 -0.973778 0
    outer loop
      vertex -0.175581 22.8827 9
      vertex -0.232937 22.8693 2
      vertex -0.175581 22.8827 2
    endloop
  endfacet
  facet normal 0.0984777 -0.995139 0
    outer loop
      vertex -0.117473 22.8923 2
      vertex -0.0588627 22.8981 9
      vertex -0.117473 22.8923 9
    endloop
  endfacet
  facet normal 0.0984777 -0.995139 0
    outer loop
      vertex -0.0588627 22.8981 9
      vertex -0.117473 22.8923 2
      vertex -0.0588627 22.8981 2
    endloop
  endfacet
  facet normal 0.63377 -0.773522 0
    outer loop
      vertex -0.59341 22.6767 2
      vertex -0.547885 22.714 9
      vertex -0.59341 22.6767 9
    endloop
  endfacet
  facet normal 0.63377 -0.773522 0
    outer loop
      vertex -0.547885 22.714 9
      vertex -0.59341 22.6767 2
      vertex -0.547885 22.714 2
    endloop
  endfacet
  facet normal 0.986642 -0.162906 0
    outer loop
      vertex -0.8923 22.1175 9
      vertex -0.882707 22.1756 2
      vertex -0.882707 22.1756 9
    endloop
  endfacet
  facet normal 0.986642 -0.162906 0
    outer loop
      vertex -0.882707 22.1756 2
      vertex -0.8923 22.1175 9
      vertex -0.8923 22.1175 2
    endloop
  endfacet
  facet normal 0.957005 -0.290071 0
    outer loop
      vertex -0.869332 22.2329 9
      vertex -0.852237 22.2893 2
      vertex -0.852237 22.2893 9
    endloop
  endfacet
  facet normal 0.957005 -0.290071 0
    outer loop
      vertex -0.852237 22.2893 2
      vertex -0.869332 22.2329 9
      vertex -0.869332 22.2329 2
    endloop
  endfacet
  facet normal 0.881774 -0.471673 0
    outer loop
      vertex -0.807185 22.3981 9
      vertex -0.779423 22.45 2
      vertex -0.779423 22.45 9
    endloop
  endfacet
  facet normal 0.881774 -0.471673 0
    outer loop
      vertex -0.779423 22.45 2
      vertex -0.807185 22.3981 9
      vertex -0.807185 22.3981 2
    endloop
  endfacet
  facet normal -0.995184 -0.0980239 0
    outer loop
      vertex 0.898072 22.0589 2
      vertex 0.8923 22.1175 9
      vertex 0.8923 22.1175 2
    endloop
  endfacet
  facet normal -0.995184 -0.0980239 0
    outer loop
      vertex 0.8923 22.1175 9
      vertex 0.898072 22.0589 2
      vertex 0.898072 22.0589 9
    endloop
  endfacet
  facet normal -0.849134 -0.528178 0
    outer loop
      vertex 0.779423 22.45 2
      vertex 0.748322 22.5 9
      vertex 0.748322 22.5 2
    endloop
  endfacet
  facet normal -0.849134 -0.528178 0
    outer loop
      vertex 0.748322 22.5 9
      vertex 0.779423 22.45 2
      vertex 0.779423 22.45 9
    endloop
  endfacet
  facet normal -0.813013 -0.582246 0
    outer loop
      vertex 0.748322 22.5 2
      vertex 0.714018 22.5479 9
      vertex 0.714018 22.5479 2
    endloop
  endfacet
  facet normal -0.813013 -0.582246 0
    outer loop
      vertex 0.714018 22.5479 9
      vertex 0.748322 22.5 2
      vertex 0.748322 22.5 9
    endloop
  endfacet
  facet normal -0.999465 0.0327159 0
    outer loop
      vertex 0.898072 -22.0589 2
      vertex 0.9 -22 9
      vertex 0.9 -22 2
    endloop
  endfacet
  facet normal -0.999465 0.0327159 0
    outer loop
      vertex 0.9 -22 9
      vertex 0.898072 -22.0589 2
      vertex 0.898072 -22.0589 9
    endloop
  endfacet
  facet normal 0.0322617 0.999479 -0
    outer loop
      vertex 0 -22.9 2
      vertex -0.0588627 -22.8981 9
      vertex 0 -22.9 9
    endloop
  endfacet
  facet normal 0.0322617 0.999479 0
    outer loop
      vertex -0.0588627 -22.8981 9
      vertex 0 -22.9 2
      vertex -0.0588627 -22.8981 2
    endloop
  endfacet
  facet normal -0.0322617 -0.999479 0
    outer loop
      vertex 0 -21.1 2
      vertex 0.0588627 -21.1019 9
      vertex 0 -21.1 9
    endloop
  endfacet
  facet normal -0.0322617 -0.999479 -0
    outer loop
      vertex 0.0588627 -21.1019 9
      vertex 0 -21.1 2
      vertex 0.0588627 -21.1019 2
    endloop
  endfacet
  facet normal -0.683955 0.729524 0
    outer loop
      vertex 0.636395 -22.6364 2
      vertex 0.59341 -22.6767 9
      vertex 0.636395 -22.6364 9
    endloop
  endfacet
  facet normal -0.683955 0.729524 0
    outer loop
      vertex 0.59341 -22.6767 9
      vertex 0.636395 -22.6364 2
      vertex 0.59341 -22.6767 2
    endloop
  endfacet
  facet normal 0.729973 0.683476 0
    outer loop
      vertex -0.636395 -22.6364 9
      vertex -0.676656 -22.5934 2
      vertex -0.676656 -22.5934 9
    endloop
  endfacet
  facet normal 0.729973 0.683476 0
    outer loop
      vertex -0.676656 -22.5934 2
      vertex -0.636395 -22.6364 9
      vertex -0.636395 -22.6364 2
    endloop
  endfacet
  facet normal 0.412626 0.910901 -0
    outer loop
      vertex -0.344415 -22.8315 2
      vertex -0.398059 -22.8072 9
      vertex -0.344415 -22.8315 9
    endloop
  endfacet
  facet normal 0.412626 0.910901 0
    outer loop
      vertex -0.398059 -22.8072 9
      vertex -0.344415 -22.8315 2
      vertex -0.398059 -22.8072 2
    endloop
  endfacet
  facet normal -0.911024 0.412353 0
    outer loop
      vertex 0.807185 -22.3981 2
      vertex 0.831491 -22.3444 9
      vertex 0.831491 -22.3444 2
    endloop
  endfacet
  facet normal -0.911024 0.412353 0
    outer loop
      vertex 0.831491 -22.3444 9
      vertex 0.807185 -22.3981 2
      vertex 0.807185 -22.3981 9
    endloop
  endfacet
  facet normal -0.35157 0.936162 0
    outer loop
      vertex 0.344415 -22.8315 2
      vertex 0.289295 -22.8522 9
      vertex 0.344415 -22.8315 9
    endloop
  endfacet
  facet normal -0.35157 0.936162 0
    outer loop
      vertex 0.289295 -22.8522 9
      vertex 0.344415 -22.8315 2
      vertex 0.289295 -22.8522 2
    endloop
  endfacet
  facet normal -0.528074 0.849198 0
    outer loop
      vertex 0.500012 -22.7483 2
      vertex 0.45 -22.7794 9
      vertex 0.500012 -22.7483 9
    endloop
  endfacet
  facet normal -0.528074 0.849198 0
    outer loop
      vertex 0.45 -22.7794 9
      vertex 0.500012 -22.7483 2
      vertex 0.45 -22.7794 2
    endloop
  endfacet
  facet normal 0.935862 0.352367 0
    outer loop
      vertex -0.831491 -22.3444 9
      vertex -0.852237 -22.2893 2
      vertex -0.852237 -22.2893 9
    endloop
  endfacet
  facet normal 0.935862 0.352367 0
    outer loop
      vertex -0.852237 -22.2893 2
      vertex -0.831491 -22.3444 9
      vertex -0.831491 -22.3444 2
    endloop
  endfacet
  facet normal 0.227502 0.973778 -0
    outer loop
      vertex -0.175581 -22.8827 2
      vertex -0.232937 -22.8693 9
      vertex -0.175581 -22.8827 9
    endloop
  endfacet
  facet normal 0.227502 0.973778 0
    outer loop
      vertex -0.232937 -22.8693 9
      vertex -0.175581 -22.8827 2
      vertex -0.232937 -22.8693 2
    endloop
  endfacet
  facet normal -0.227502 -0.973778 0
    outer loop
      vertex 0.175581 -21.1173 2
      vertex 0.232937 -21.1307 9
      vertex 0.175581 -21.1173 9
    endloop
  endfacet
  facet normal -0.227502 -0.973778 -0
    outer loop
      vertex 0.232937 -21.1307 9
      vertex 0.175581 -21.1173 2
      vertex 0.232937 -21.1307 2
    endloop
  endfacet
  facet normal -0.973822 0.22731 0
    outer loop
      vertex 0.869332 -22.2329 2
      vertex 0.882707 -22.1756 9
      vertex 0.882707 -22.1756 2
    endloop
  endfacet
  facet normal -0.973822 0.22731 0
    outer loop
      vertex 0.882707 -22.1756 9
      vertex 0.869332 -22.2329 2
      vertex 0.869332 -22.2329 9
    endloop
  endfacet
  facet normal -0.813013 0.582246 0
    outer loop
      vertex 0.714018 -22.5479 2
      vertex 0.748322 -22.5 9
      vertex 0.748322 -22.5 2
    endloop
  endfacet
  facet normal -0.813013 0.582246 0
    outer loop
      vertex 0.748322 -22.5 9
      vertex 0.714018 -22.5479 2
      vertex 0.714018 -22.5479 9
    endloop
  endfacet
  facet normal -0.772835 0.634608 0
    outer loop
      vertex 0.676656 -22.5934 2
      vertex 0.714018 -22.5479 9
      vertex 0.714018 -22.5479 2
    endloop
  endfacet
  facet normal -0.772835 0.634608 0
    outer loop
      vertex 0.714018 -22.5479 9
      vertex 0.676656 -22.5934 2
      vertex 0.676656 -22.5934 9
    endloop
  endfacet
  facet normal -0.881774 0.471673 0
    outer loop
      vertex 0.779423 -22.45 2
      vertex 0.807185 -22.3981 9
      vertex 0.807185 -22.3981 2
    endloop
  endfacet
  facet normal -0.881774 0.471673 0
    outer loop
      vertex 0.807185 -22.3981 9
      vertex 0.779423 -22.45 2
      vertex 0.779423 -22.45 9
    endloop
  endfacet
  facet normal -0.163 0.986626 0
    outer loop
      vertex 0.175581 -22.8827 2
      vertex 0.117473 -22.8923 9
      vertex 0.175581 -22.8827 9
    endloop
  endfacet
  facet normal -0.163 0.986626 0
    outer loop
      vertex 0.117473 -22.8923 9
      vertex 0.175581 -22.8827 2
      vertex 0.117473 -22.8923 2
    endloop
  endfacet
  facet normal -0.63377 0.773522 0
    outer loop
      vertex 0.59341 -22.6767 2
      vertex 0.547885 -22.714 9
      vertex 0.59341 -22.6767 9
    endloop
  endfacet
  facet normal -0.63377 0.773522 0
    outer loop
      vertex 0.547885 -22.714 9
      vertex 0.59341 -22.6767 2
      vertex 0.547885 -22.714 2
    endloop
  endfacet
  facet normal 0.986642 0.162906 0
    outer loop
      vertex -0.882707 -22.1756 9
      vertex -0.8923 -22.1175 2
      vertex -0.8923 -22.1175 9
    endloop
  endfacet
  facet normal 0.986642 0.162906 0
    outer loop
      vertex -0.8923 -22.1175 2
      vertex -0.882707 -22.1756 9
      vertex -0.882707 -22.1756 2
    endloop
  endfacet
  facet normal 0.849134 0.528178 0
    outer loop
      vertex -0.748322 -22.5 9
      vertex -0.779423 -22.45 2
      vertex -0.779423 -22.45 9
    endloop
  endfacet
  facet normal 0.849134 0.528178 0
    outer loop
      vertex -0.779423 -22.45 2
      vertex -0.748322 -22.5 9
      vertex -0.748322 -22.5 2
    endloop
  endfacet
  facet normal 0.772835 0.634608 0
    outer loop
      vertex -0.676656 -22.5934 9
      vertex -0.714018 -22.5479 2
      vertex -0.714018 -22.5479 9
    endloop
  endfacet
  facet normal 0.772835 0.634608 0
    outer loop
      vertex -0.714018 -22.5479 2
      vertex -0.676656 -22.5934 9
      vertex -0.676656 -22.5934 2
    endloop
  endfacet
  facet normal 0.582418 0.812889 -0
    outer loop
      vertex -0.500012 -22.7483 2
      vertex -0.547885 -22.714 9
      vertex -0.500012 -22.7483 9
    endloop
  endfacet
  facet normal 0.582418 0.812889 0
    outer loop
      vertex -0.547885 -22.714 9
      vertex -0.500012 -22.7483 2
      vertex -0.547885 -22.714 2
    endloop
  endfacet
  facet normal 0.471885 0.88166 -0
    outer loop
      vertex -0.398059 -22.8072 2
      vertex -0.45 -22.7794 9
      vertex -0.398059 -22.8072 9
    endloop
  endfacet
  facet normal 0.471885 0.88166 0
    outer loop
      vertex -0.45 -22.7794 9
      vertex -0.398059 -22.8072 2
      vertex -0.45 -22.7794 2
    endloop
  endfacet
  facet normal 0.63377 0.773522 -0
    outer loop
      vertex -0.547885 -22.714 2
      vertex -0.59341 -22.6767 9
      vertex -0.547885 -22.714 9
    endloop
  endfacet
  facet normal 0.63377 0.773522 0
    outer loop
      vertex -0.59341 -22.6767 9
      vertex -0.547885 -22.714 2
      vertex -0.59341 -22.6767 2
    endloop
  endfacet
  facet normal 0.163 0.986626 -0
    outer loop
      vertex -0.117473 -22.8923 2
      vertex -0.175581 -22.8827 9
      vertex -0.117473 -22.8923 9
    endloop
  endfacet
  facet normal 0.163 0.986626 0
    outer loop
      vertex -0.175581 -22.8827 9
      vertex -0.117473 -22.8923 2
      vertex -0.175581 -22.8827 2
    endloop
  endfacet
  facet normal -0.995184 -0.0980239 0
    outer loop
      vertex 0.898072 -21.9411 2
      vertex 0.8923 -21.8825 9
      vertex 0.8923 -21.8825 2
    endloop
  endfacet
  facet normal -0.995184 -0.0980239 0
    outer loop
      vertex 0.8923 -21.8825 9
      vertex 0.898072 -21.9411 2
      vertex 0.898072 -21.9411 9
    endloop
  endfacet
  facet normal -0.729973 -0.683476 0
    outer loop
      vertex 0.676656 -21.4066 2
      vertex 0.636395 -21.3636 9
      vertex 0.636395 -21.3636 2
    endloop
  endfacet
  facet normal -0.729973 -0.683476 0
    outer loop
      vertex 0.636395 -21.3636 9
      vertex 0.676656 -21.4066 2
      vertex 0.676656 -21.4066 9
    endloop
  endfacet
  facet normal 0.881774 -0.471673 0
    outer loop
      vertex -0.807185 -21.6019 9
      vertex -0.779423 -21.55 2
      vertex -0.779423 -21.55 9
    endloop
  endfacet
  facet normal 0.881774 -0.471673 0
    outer loop
      vertex -0.779423 -21.55 2
      vertex -0.807185 -21.6019 9
      vertex -0.807185 -21.6019 2
    endloop
  endfacet
  facet normal 0.772835 -0.634608 0
    outer loop
      vertex -0.714018 -21.4521 9
      vertex -0.676656 -21.4066 2
      vertex -0.676656 -21.4066 9
    endloop
  endfacet
  facet normal 0.772835 -0.634608 0
    outer loop
      vertex -0.676656 -21.4066 2
      vertex -0.714018 -21.4521 9
      vertex -0.714018 -21.4521 2
    endloop
  endfacet
  facet normal -0.986642 0.162906 0
    outer loop
      vertex 0.882707 -22.1756 2
      vertex 0.8923 -22.1175 9
      vertex 0.8923 -22.1175 2
    endloop
  endfacet
  facet normal -0.986642 0.162906 0
    outer loop
      vertex 0.8923 -22.1175 9
      vertex 0.882707 -22.1756 2
      vertex 0.882707 -22.1756 9
    endloop
  endfacet
  facet normal -0.995184 0.0980239 0
    outer loop
      vertex 0.8923 -22.1175 2
      vertex 0.898072 -22.0589 9
      vertex 0.898072 -22.0589 2
    endloop
  endfacet
  facet normal -0.995184 0.0980239 0
    outer loop
      vertex 0.898072 -22.0589 9
      vertex 0.8923 -22.1175 2
      vertex 0.8923 -22.1175 9
    endloop
  endfacet
  facet normal -0.935862 0.352367 0
    outer loop
      vertex 0.831491 -22.3444 2
      vertex 0.852237 -22.2893 9
      vertex 0.852237 -22.2893 2
    endloop
  endfacet
  facet normal -0.935862 0.352367 0
    outer loop
      vertex 0.852237 -22.2893 9
      vertex 0.831491 -22.3444 2
      vertex 0.831491 -22.3444 9
    endloop
  endfacet
  facet normal -0.957005 0.290071 0
    outer loop
      vertex 0.852237 -22.2893 2
      vertex 0.869332 -22.2329 9
      vertex 0.869332 -22.2329 2
    endloop
  endfacet
  facet normal -0.957005 0.290071 0
    outer loop
      vertex 0.869332 -22.2329 9
      vertex 0.852237 -22.2893 2
      vertex 0.852237 -22.2893 9
    endloop
  endfacet
  facet normal -0.729973 0.683476 0
    outer loop
      vertex 0.636395 -22.6364 2
      vertex 0.676656 -22.5934 9
      vertex 0.676656 -22.5934 2
    endloop
  endfacet
  facet normal -0.729973 0.683476 0
    outer loop
      vertex 0.676656 -22.5934 9
      vertex 0.636395 -22.6364 2
      vertex 0.636395 -22.6364 9
    endloop
  endfacet
  facet normal -0.849134 0.528178 0
    outer loop
      vertex 0.748322 -22.5 2
      vertex 0.779423 -22.45 9
      vertex 0.779423 -22.45 2
    endloop
  endfacet
  facet normal -0.849134 0.528178 0
    outer loop
      vertex 0.779423 -22.45 9
      vertex 0.748322 -22.5 2
      vertex 0.748322 -22.5 9
    endloop
  endfacet
  facet normal -0.227502 0.973778 0
    outer loop
      vertex 0.232937 -22.8693 2
      vertex 0.175581 -22.8827 9
      vertex 0.232937 -22.8693 9
    endloop
  endfacet
  facet normal -0.227502 0.973778 0
    outer loop
      vertex 0.175581 -22.8827 9
      vertex 0.232937 -22.8693 2
      vertex 0.175581 -22.8827 2
    endloop
  endfacet
  facet normal -0.290347 0.956922 0
    outer loop
      vertex 0.289295 -22.8522 2
      vertex 0.232937 -22.8693 9
      vertex 0.289295 -22.8522 9
    endloop
  endfacet
  facet normal -0.290347 0.956922 0
    outer loop
      vertex 0.232937 -22.8693 9
      vertex 0.289295 -22.8522 2
      vertex 0.232937 -22.8693 2
    endloop
  endfacet
  facet normal -0.0984777 0.995139 0
    outer loop
      vertex 0.117473 -22.8923 2
      vertex 0.0588627 -22.8981 9
      vertex 0.117473 -22.8923 9
    endloop
  endfacet
  facet normal -0.0984777 0.995139 0
    outer loop
      vertex 0.0588627 -22.8981 9
      vertex 0.117473 -22.8923 2
      vertex 0.0588627 -22.8981 2
    endloop
  endfacet
  facet normal -0.0322617 0.999479 0
    outer loop
      vertex 0.0588627 -22.8981 2
      vertex 0 -22.9 9
      vertex 0.0588627 -22.8981 9
    endloop
  endfacet
  facet normal -0.0322617 0.999479 0
    outer loop
      vertex 0 -22.9 9
      vertex 0.0588627 -22.8981 2
      vertex 0 -22.9 2
    endloop
  endfacet
  facet normal -0.471885 0.88166 0
    outer loop
      vertex 0.45 -22.7794 2
      vertex 0.398059 -22.8072 9
      vertex 0.45 -22.7794 9
    endloop
  endfacet
  facet normal -0.471885 0.88166 0
    outer loop
      vertex 0.398059 -22.8072 9
      vertex 0.45 -22.7794 2
      vertex 0.398059 -22.8072 2
    endloop
  endfacet
  facet normal -0.412626 0.910901 0
    outer loop
      vertex 0.398059 -22.8072 2
      vertex 0.344415 -22.8315 9
      vertex 0.398059 -22.8072 9
    endloop
  endfacet
  facet normal -0.412626 0.910901 0
    outer loop
      vertex 0.344415 -22.8315 9
      vertex 0.398059 -22.8072 2
      vertex 0.344415 -22.8315 2
    endloop
  endfacet
  facet normal -0.582418 0.812889 0
    outer loop
      vertex 0.547885 -22.714 2
      vertex 0.500012 -22.7483 9
      vertex 0.547885 -22.714 9
    endloop
  endfacet
  facet normal -0.582418 0.812889 0
    outer loop
      vertex 0.500012 -22.7483 9
      vertex 0.547885 -22.714 2
      vertex 0.500012 -22.7483 2
    endloop
  endfacet
  facet normal 0.911024 0.412353 0
    outer loop
      vertex -0.807185 -22.3981 9
      vertex -0.831491 -22.3444 2
      vertex -0.831491 -22.3444 9
    endloop
  endfacet
  facet normal 0.911024 0.412353 0
    outer loop
      vertex -0.831491 -22.3444 2
      vertex -0.807185 -22.3981 9
      vertex -0.807185 -22.3981 2
    endloop
  endfacet
  facet normal 0.881774 0.471673 0
    outer loop
      vertex -0.779423 -22.45 9
      vertex -0.807185 -22.3981 2
      vertex -0.807185 -22.3981 9
    endloop
  endfacet
  facet normal 0.881774 0.471673 0
    outer loop
      vertex -0.807185 -22.3981 2
      vertex -0.779423 -22.45 9
      vertex -0.779423 -22.45 2
    endloop
  endfacet
  facet normal 0.973822 0.22731 0
    outer loop
      vertex -0.869332 -22.2329 9
      vertex -0.882707 -22.1756 2
      vertex -0.882707 -22.1756 9
    endloop
  endfacet
  facet normal 0.973822 0.22731 0
    outer loop
      vertex -0.882707 -22.1756 2
      vertex -0.869332 -22.2329 9
      vertex -0.869332 -22.2329 2
    endloop
  endfacet
  facet normal 0.957005 0.290071 0
    outer loop
      vertex -0.852237 -22.2893 9
      vertex -0.869332 -22.2329 2
      vertex -0.869332 -22.2329 9
    endloop
  endfacet
  facet normal 0.957005 0.290071 0
    outer loop
      vertex -0.869332 -22.2329 2
      vertex -0.852237 -22.2893 9
      vertex -0.852237 -22.2893 2
    endloop
  endfacet
  facet normal 0.995184 0.0980239 0
    outer loop
      vertex -0.8923 -22.1175 9
      vertex -0.898072 -22.0589 2
      vertex -0.898072 -22.0589 9
    endloop
  endfacet
  facet normal 0.995184 0.0980239 0
    outer loop
      vertex -0.898072 -22.0589 2
      vertex -0.8923 -22.1175 9
      vertex -0.8923 -22.1175 2
    endloop
  endfacet
  facet normal 0.999465 0.0327159 0
    outer loop
      vertex -0.898072 -22.0589 9
      vertex -0.9 -22 2
      vertex -0.9 -22 9
    endloop
  endfacet
  facet normal 0.999465 0.0327159 0
    outer loop
      vertex -0.9 -22 2
      vertex -0.898072 -22.0589 9
      vertex -0.898072 -22.0589 2
    endloop
  endfacet
  facet normal 0.999465 -0.0327159 0
    outer loop
      vertex -0.9 -22 9
      vertex -0.898072 -21.9411 2
      vertex -0.898072 -21.9411 9
    endloop
  endfacet
  facet normal 0.999465 -0.0327159 0
    outer loop
      vertex -0.898072 -21.9411 2
      vertex -0.9 -22 9
      vertex -0.9 -22 2
    endloop
  endfacet
  facet normal 0.528074 0.849198 -0
    outer loop
      vertex -0.45 -22.7794 2
      vertex -0.500012 -22.7483 9
      vertex -0.45 -22.7794 9
    endloop
  endfacet
  facet normal 0.528074 0.849198 0
    outer loop
      vertex -0.500012 -22.7483 9
      vertex -0.45 -22.7794 2
      vertex -0.500012 -22.7483 2
    endloop
  endfacet
  facet normal 0.683955 0.729524 -0
    outer loop
      vertex -0.59341 -22.6767 2
      vertex -0.636395 -22.6364 9
      vertex -0.59341 -22.6767 9
    endloop
  endfacet
  facet normal 0.683955 0.729524 0
    outer loop
      vertex -0.636395 -22.6364 9
      vertex -0.59341 -22.6767 2
      vertex -0.636395 -22.6364 2
    endloop
  endfacet
  facet normal 0.290347 0.956922 -0
    outer loop
      vertex -0.232937 -22.8693 2
      vertex -0.289295 -22.8522 9
      vertex -0.232937 -22.8693 9
    endloop
  endfacet
  facet normal 0.290347 0.956922 0
    outer loop
      vertex -0.289295 -22.8522 9
      vertex -0.232937 -22.8693 2
      vertex -0.289295 -22.8522 2
    endloop
  endfacet
  facet normal 0.35157 0.936162 -0
    outer loop
      vertex -0.289295 -22.8522 2
      vertex -0.344415 -22.8315 9
      vertex -0.289295 -22.8522 9
    endloop
  endfacet
  facet normal 0.35157 0.936162 0
    outer loop
      vertex -0.344415 -22.8315 9
      vertex -0.289295 -22.8522 2
      vertex -0.344415 -22.8315 2
    endloop
  endfacet
  facet normal 0.0984777 0.995139 -0
    outer loop
      vertex -0.0588627 -22.8981 2
      vertex -0.117473 -22.8923 9
      vertex -0.0588627 -22.8981 9
    endloop
  endfacet
  facet normal 0.0984777 0.995139 0
    outer loop
      vertex -0.117473 -22.8923 9
      vertex -0.0588627 -22.8981 2
      vertex -0.117473 -22.8923 2
    endloop
  endfacet
  facet normal -0.999465 -0.0327159 0
    outer loop
      vertex 0.9 -22 2
      vertex 0.898072 -21.9411 9
      vertex 0.898072 -21.9411 2
    endloop
  endfacet
  facet normal -0.999465 -0.0327159 0
    outer loop
      vertex 0.898072 -21.9411 9
      vertex 0.9 -22 2
      vertex 0.9 -22 9
    endloop
  endfacet
  facet normal -0.881774 -0.471673 0
    outer loop
      vertex 0.807185 -21.6019 2
      vertex 0.779423 -21.55 9
      vertex 0.779423 -21.55 2
    endloop
  endfacet
  facet normal -0.881774 -0.471673 0
    outer loop
      vertex 0.779423 -21.55 9
      vertex 0.807185 -21.6019 2
      vertex 0.807185 -21.6019 9
    endloop
  endfacet
  facet normal -0.935862 -0.352367 0
    outer loop
      vertex 0.852237 -21.7107 2
      vertex 0.831491 -21.6556 9
      vertex 0.831491 -21.6556 2
    endloop
  endfacet
  facet normal -0.935862 -0.352367 0
    outer loop
      vertex 0.831491 -21.6556 9
      vertex 0.852237 -21.7107 2
      vertex 0.852237 -21.7107 9
    endloop
  endfacet
  facet normal -0.986642 -0.162906 0
    outer loop
      vertex 0.8923 -21.8825 2
      vertex 0.882707 -21.8244 9
      vertex 0.882707 -21.8244 2
    endloop
  endfacet
  facet normal -0.986642 -0.162906 0
    outer loop
      vertex 0.882707 -21.8244 9
      vertex 0.8923 -21.8825 2
      vertex 0.8923 -21.8825 9
    endloop
  endfacet
  facet normal -0.772835 -0.634608 0
    outer loop
      vertex 0.714018 -21.4521 2
      vertex 0.676656 -21.4066 9
      vertex 0.676656 -21.4066 2
    endloop
  endfacet
  facet normal -0.772835 -0.634608 0
    outer loop
      vertex 0.676656 -21.4066 9
      vertex 0.714018 -21.4521 2
      vertex 0.714018 -21.4521 9
    endloop
  endfacet
  facet normal -0.63377 -0.773522 0
    outer loop
      vertex 0.547885 -21.286 2
      vertex 0.59341 -21.3233 9
      vertex 0.547885 -21.286 9
    endloop
  endfacet
  facet normal -0.63377 -0.773522 -0
    outer loop
      vertex 0.59341 -21.3233 9
      vertex 0.547885 -21.286 2
      vertex 0.59341 -21.3233 2
    endloop
  endfacet
  facet normal 0.729973 -0.683476 0
    outer loop
      vertex -0.676656 -21.4066 9
      vertex -0.636395 -21.3636 2
      vertex -0.636395 -21.3636 9
    endloop
  endfacet
  facet normal 0.729973 -0.683476 0
    outer loop
      vertex -0.636395 -21.3636 2
      vertex -0.676656 -21.4066 9
      vertex -0.676656 -21.4066 2
    endloop
  endfacet
  facet normal 0.911024 -0.412353 0
    outer loop
      vertex -0.831491 -21.6556 9
      vertex -0.807185 -21.6019 2
      vertex -0.807185 -21.6019 9
    endloop
  endfacet
  facet normal 0.911024 -0.412353 0
    outer loop
      vertex -0.807185 -21.6019 2
      vertex -0.831491 -21.6556 9
      vertex -0.831491 -21.6556 2
    endloop
  endfacet
  facet normal -0.0984777 -0.995139 0
    outer loop
      vertex 0.0588627 -21.1019 2
      vertex 0.117473 -21.1077 9
      vertex 0.0588627 -21.1019 9
    endloop
  endfacet
  facet normal -0.0984777 -0.995139 -0
    outer loop
      vertex 0.117473 -21.1077 9
      vertex 0.0588627 -21.1019 2
      vertex 0.117473 -21.1077 2
    endloop
  endfacet
  facet normal -0.35157 -0.936162 0
    outer loop
      vertex 0.289295 -21.1478 2
      vertex 0.344415 -21.1685 9
      vertex 0.289295 -21.1478 9
    endloop
  endfacet
  facet normal -0.35157 -0.936162 -0
    outer loop
      vertex 0.344415 -21.1685 9
      vertex 0.289295 -21.1478 2
      vertex 0.344415 -21.1685 2
    endloop
  endfacet
  facet normal 0.813013 0.582246 0
    outer loop
      vertex -0.714018 -22.5479 9
      vertex -0.748322 -22.5 2
      vertex -0.748322 -22.5 9
    endloop
  endfacet
  facet normal 0.813013 0.582246 0
    outer loop
      vertex -0.748322 -22.5 2
      vertex -0.714018 -22.5479 9
      vertex -0.714018 -22.5479 2
    endloop
  endfacet
  facet normal 0 0 1
    outer loop
      vertex 0.898072 -21.9411 2
      vertex 0.898072 -22.0589 2
      vertex 0.9 -22 2
    endloop
  endfacet
  facet normal 0 0 1
    outer loop
      vertex 0.8923 -21.8825 2
      vertex 0.898072 -22.0589 2
      vertex 0.898072 -21.9411 2
    endloop
  endfacet
  facet normal 0 0 1
    outer loop
      vertex 0.8923 -21.8825 2
      vertex 0.8923 -22.1175 2
      vertex 0.898072 -22.0589 2
    endloop
  endfacet
  facet normal 0 0 1
    outer loop
      vertex 0.882707 -21.8244 2
      vertex 0.8923 -22.1175 2
      vertex 0.8923 -21.8825 2
    endloop
  endfacet
  facet normal 0 0 1
    outer loop
      vertex 0.882707 -21.8244 2
      vertex 0.882707 -22.1756 2
      vertex 0.8923 -22.1175 2
    endloop
  endfacet
  facet normal 0 0 1
    outer loop
      vertex 0.869332 -21.7671 2
      vertex 0.882707 -22.1756 2
      vertex 0.882707 -21.8244 2
    endloop
  endfacet
  facet normal 0 0 1
    outer loop
      vertex 0.869332 -21.7671 2
      vertex 0.869332 -22.2329 2
      vertex 0.882707 -22.1756 2
    endloop
  endfacet
  facet normal 0 0 1
    outer loop
      vertex 0.852237 -21.7107 2
      vertex 0.869332 -22.2329 2
      vertex 0.869332 -21.7671 2
    endloop
  endfacet
  facet normal 0 0 1
    outer loop
      vertex 0.852237 -21.7107 2
      vertex 0.852237 -22.2893 2
      vertex 0.869332 -22.2329 2
    endloop
  endfacet
  facet normal 0 0 1
    outer loop
      vertex 0.831491 -21.6556 2
      vertex 0.852237 -22.2893 2
      vertex 0.852237 -21.7107 2
    endloop
  endfacet
  facet normal 0 0 1
    outer loop
      vertex 0.831491 -21.6556 2
      vertex 0.831491 -22.3444 2
      vertex 0.852237 -22.2893 2
    endloop
  endfacet
  facet normal 0 0 1
    outer loop
      vertex 0.807185 -21.6019 2
      vertex 0.831491 -22.3444 2
      vertex 0.831491 -21.6556 2
    endloop
  endfacet
  facet normal 0 0 1
    outer loop
      vertex 0.807185 -21.6019 2
      vertex 0.807185 -22.3981 2
      vertex 0.831491 -22.3444 2
    endloop
  endfacet
  facet normal 0 0 1
    outer loop
      vertex 0.779423 -21.55 2
      vertex 0.807185 -22.3981 2
      vertex 0.807185 -21.6019 2
    endloop
  endfacet
  facet normal 0 0 1
    outer loop
      vertex 0.779423 -21.55 2
      vertex 0.779423 -22.45 2
      vertex 0.807185 -22.3981 2
    endloop
  endfacet
  facet normal 0 0 1
    outer loop
      vertex 0.748322 -21.5 2
      vertex 0.779423 -22.45 2
      vertex 0.779423 -21.55 2
    endloop
  endfacet
  facet normal 0 0 1
    outer loop
      vertex 0.748322 -21.5 2
      vertex 0.748322 -22.5 2
      vertex 0.779423 -22.45 2
    endloop
  endfacet
  facet normal 0 0 1
    outer loop
      vertex 0.714018 -21.4521 2
      vertex 0.748322 -22.5 2
      vertex 0.748322 -21.5 2
    endloop
  endfacet
  facet normal 0 0 1
    outer loop
      vertex 0.714018 -21.4521 2
      vertex 0.714018 -22.5479 2
      vertex 0.748322 -22.5 2
    endloop
  endfacet
  facet normal 0 0 1
    outer loop
      vertex 0.676656 -21.4066 2
      vertex 0.714018 -22.5479 2
      vertex 0.714018 -21.4521 2
    endloop
  endfacet
  facet normal 0 0 1
    outer loop
      vertex 0.676656 -21.4066 2
      vertex 0.676656 -22.5934 2
      vertex 0.714018 -22.5479 2
    endloop
  endfacet
  facet normal 0 0 1
    outer loop
      vertex 0.636395 -21.3636 2
      vertex 0.676656 -22.5934 2
      vertex 0.676656 -21.4066 2
    endloop
  endfacet
  facet normal 0 0 1
    outer loop
      vertex 0.636395 -21.3636 2
      vertex 0.636395 -22.6364 2
      vertex 0.676656 -22.5934 2
    endloop
  endfacet
  facet normal 0 0 1
    outer loop
      vertex 0.59341 -21.3233 2
      vertex 0.636395 -22.6364 2
      vertex 0.636395 -21.3636 2
    endloop
  endfacet
  facet normal 0 0 1
    outer loop
      vertex 0.59341 -21.3233 2
      vertex 0.59341 -22.6767 2
      vertex 0.636395 -22.6364 2
    endloop
  endfacet
  facet normal 0 0 1
    outer loop
      vertex 0.547885 -21.286 2
      vertex 0.59341 -22.6767 2
      vertex 0.59341 -21.3233 2
    endloop
  endfacet
  facet normal 0 0 1
    outer loop
      vertex 0.547885 -21.286 2
      vertex 0.547885 -22.714 2
      vertex 0.59341 -22.6767 2
    endloop
  endfacet
  facet normal 0 0 1
    outer loop
      vertex 0.500012 -21.2517 2
      vertex 0.547885 -22.714 2
      vertex 0.547885 -21.286 2
    endloop
  endfacet
  facet normal 0 0 1
    outer loop
      vertex 0.500012 -21.2517 2
      vertex 0.500012 -22.7483 2
      vertex 0.547885 -22.714 2
    endloop
  endfacet
  facet normal 0 0 1
    outer loop
      vertex 0.45 -21.2206 2
      vertex 0.500012 -22.7483 2
      vertex 0.500012 -21.2517 2
    endloop
  endfacet
  facet normal 0 0 1
    outer loop
      vertex 0.45 -21.2206 2
      vertex 0.45 -22.7794 2
      vertex 0.500012 -22.7483 2
    endloop
  endfacet
  facet normal 0 0 1
    outer loop
      vertex 0.398059 -21.1928 2
      vertex 0.45 -22.7794 2
      vertex 0.45 -21.2206 2
    endloop
  endfacet
  facet normal 0 0 1
    outer loop
      vertex 0.398059 -21.1928 2
      vertex 0.398059 -22.8072 2
      vertex 0.45 -22.7794 2
    endloop
  endfacet
  facet normal 0 0 1
    outer loop
      vertex 0.344415 -21.1685 2
      vertex 0.398059 -22.8072 2
      vertex 0.398059 -21.1928 2
    endloop
  endfacet
  facet normal 0 0 1
    outer loop
      vertex 0.344415 -21.1685 2
      vertex 0.344415 -22.8315 2
      vertex 0.398059 -22.8072 2
    endloop
  endfacet
  facet normal 0 0 1
    outer loop
      vertex 0.289295 -21.1478 2
      vertex 0.344415 -22.8315 2
      vertex 0.344415 -21.1685 2
    endloop
  endfacet
  facet normal 0 0 1
    outer loop
      vertex 0.289295 -21.1478 2
      vertex 0.289295 -22.8522 2
      vertex 0.344415 -22.8315 2
    endloop
  endfacet
  facet normal 0 0 1
    outer loop
      vertex 0.232937 -21.1307 2
      vertex 0.289295 -22.8522 2
      vertex 0.289295 -21.1478 2
    endloop
  endfacet
  facet normal 0 0 1
    outer loop
      vertex 0.232937 -21.1307 2
      vertex 0.232937 -22.8693 2
      vertex 0.289295 -22.8522 2
    endloop
  endfacet
  facet normal 0 0 1
    outer loop
      vertex 0.175581 -21.1173 2
      vertex 0.232937 -22.8693 2
      vertex 0.232937 -21.1307 2
    endloop
  endfacet
  facet normal 0 0 1
    outer loop
      vertex 0.175581 -21.1173 2
      vertex 0.175581 -22.8827 2
      vertex 0.232937 -22.8693 2
    endloop
  endfacet
  facet normal 0 0 1
    outer loop
      vertex 0.117473 -21.1077 2
      vertex 0.175581 -22.8827 2
      vertex 0.175581 -21.1173 2
    endloop
  endfacet
  facet normal 0 0 1
    outer loop
      vertex 0.117473 -21.1077 2
      vertex 0.117473 -22.8923 2
      vertex 0.175581 -22.8827 2
    endloop
  endfacet
  facet normal 0 0 1
    outer loop
      vertex 0.0588627 -21.1019 2
      vertex 0.117473 -22.8923 2
      vertex 0.117473 -21.1077 2
    endloop
  endfacet
  facet normal 0 0 1
    outer loop
      vertex 0.0588627 -21.1019 2
      vertex 0.0588627 -22.8981 2
      vertex 0.117473 -22.8923 2
    endloop
  endfacet
  facet normal 0 0 1
    outer loop
      vertex 0 -21.1 2
      vertex 0.0588627 -22.8981 2
      vertex 0.0588627 -21.1019 2
    endloop
  endfacet
  facet normal 0 0 1
    outer loop
      vertex 0 -21.1 2
      vertex 0 -22.9 2
      vertex 0.0588627 -22.8981 2
    endloop
  endfacet
  facet normal -0 0 1
    outer loop
      vertex -0.0588627 -21.1019 2
      vertex 0 -22.9 2
      vertex 0 -21.1 2
    endloop
  endfacet
  facet normal 0 0 1
    outer loop
      vertex -0.0588627 -21.1019 2
      vertex -0.0588627 -22.8981 2
      vertex 0 -22.9 2
    endloop
  endfacet
  facet normal -0 0 1
    outer loop
      vertex -0.117473 -21.1077 2
      vertex -0.0588627 -22.8981 2
      vertex -0.0588627 -21.1019 2
    endloop
  endfacet
  facet normal 0 0 1
    outer loop
      vertex -0.117473 -21.1077 2
      vertex -0.117473 -22.8923 2
      vertex -0.0588627 -22.8981 2
    endloop
  endfacet
  facet normal -0 0 1
    outer loop
      vertex -0.175581 -21.1173 2
      vertex -0.117473 -22.8923 2
      vertex -0.117473 -21.1077 2
    endloop
  endfacet
  facet normal 0 0 1
    outer loop
      vertex -0.175581 -21.1173 2
      vertex -0.175581 -22.8827 2
      vertex -0.117473 -22.8923 2
    endloop
  endfacet
  facet normal -0 0 1
    outer loop
      vertex -0.232937 -21.1307 2
      vertex -0.175581 -22.8827 2
      vertex -0.175581 -21.1173 2
    endloop
  endfacet
  facet normal 0 0 1
    outer loop
      vertex -0.232937 -21.1307 2
      vertex -0.232937 -22.8693 2
      vertex -0.175581 -22.8827 2
    endloop
  endfacet
  facet normal -0 0 1
    outer loop
      vertex -0.289295 -21.1478 2
      vertex -0.232937 -22.8693 2
      vertex -0.232937 -21.1307 2
    endloop
  endfacet
  facet normal 0 0 1
    outer loop
      vertex -0.289295 -21.1478 2
      vertex -0.289295 -22.8522 2
      vertex -0.232937 -22.8693 2
    endloop
  endfacet
  facet normal -0 0 1
    outer loop
      vertex -0.344415 -21.1685 2
      vertex -0.289295 -22.8522 2
      vertex -0.289295 -21.1478 2
    endloop
  endfacet
  facet normal 0 0 1
    outer loop
      vertex -0.344415 -21.1685 2
      vertex -0.344415 -22.8315 2
      vertex -0.289295 -22.8522 2
    endloop
  endfacet
  facet normal -0 0 1
    outer loop
      vertex -0.398059 -21.1928 2
      vertex -0.344415 -22.8315 2
      vertex -0.344415 -21.1685 2
    endloop
  endfacet
  facet normal 0 0 1
    outer loop
      vertex -0.398059 -21.1928 2
      vertex -0.398059 -22.8072 2
      vertex -0.344415 -22.8315 2
    endloop
  endfacet
  facet normal -0 0 1
    outer loop
      vertex -0.45 -21.2206 2
      vertex -0.398059 -22.8072 2
      vertex -0.398059 -21.1928 2
    endloop
  endfacet
  facet normal 0 0 1
    outer loop
      vertex -0.45 -21.2206 2
      vertex -0.45 -22.7794 2
      vertex -0.398059 -22.8072 2
    endloop
  endfacet
  facet normal -0 0 1
    outer loop
      vertex -0.500012 -21.2517 2
      vertex -0.45 -22.7794 2
      vertex -0.45 -21.2206 2
    endloop
  endfacet
  facet normal 0 0 1
    outer loop
      vertex -0.500012 -21.2517 2
      vertex -0.500012 -22.7483 2
      vertex -0.45 -22.7794 2
    endloop
  endfacet
  facet normal -0 0 1
    outer loop
      vertex -0.547885 -21.286 2
      vertex -0.500012 -22.7483 2
      vertex -0.500012 -21.2517 2
    endloop
  endfacet
  facet normal 0 0 1
    outer loop
      vertex -0.547885 -21.286 2
      vertex -0.547885 -22.714 2
      vertex -0.500012 -22.7483 2
    endloop
  endfacet
  facet normal -0 0 1
    outer loop
      vertex -0.59341 -21.3233 2
      vertex -0.547885 -22.714 2
      vertex -0.547885 -21.286 2
    endloop
  endfacet
  facet normal 0 0 1
    outer loop
      vertex -0.59341 -21.3233 2
      vertex -0.59341 -22.6767 2
      vertex -0.547885 -22.714 2
    endloop
  endfacet
  facet normal -0 0 1
    outer loop
      vertex -0.636395 -21.3636 2
      vertex -0.59341 -22.6767 2
      vertex -0.59341 -21.3233 2
    endloop
  endfacet
  facet normal 0 0 1
    outer loop
      vertex -0.636395 -21.3636 2
      vertex -0.636395 -22.6364 2
      vertex -0.59341 -22.6767 2
    endloop
  endfacet
  facet normal -0 0 1
    outer loop
      vertex -0.676656 -21.4066 2
      vertex -0.636395 -22.6364 2
      vertex -0.636395 -21.3636 2
    endloop
  endfacet
  facet normal 0 0 1
    outer loop
      vertex -0.676656 -21.4066 2
      vertex -0.676656 -22.5934 2
      vertex -0.636395 -22.6364 2
    endloop
  endfacet
  facet normal -0 0 1
    outer loop
      vertex -0.714018 -21.4521 2
      vertex -0.676656 -22.5934 2
      vertex -0.676656 -21.4066 2
    endloop
  endfacet
  facet normal 0 0 1
    outer loop
      vertex -0.714018 -21.4521 2
      vertex -0.714018 -22.5479 2
      vertex -0.676656 -22.5934 2
    endloop
  endfacet
  facet normal -0 0 1
    outer loop
      vertex -0.748322 -21.5 2
      vertex -0.714018 -22.5479 2
      vertex -0.714018 -21.4521 2
    endloop
  endfacet
  facet normal 0 0 1
    outer loop
      vertex -0.748322 -21.5 2
      vertex -0.748322 -22.5 2
      vertex -0.714018 -22.5479 2
    endloop
  endfacet
  facet normal -0 0 1
    outer loop
      vertex -0.779423 -21.55 2
      vertex -0.748322 -22.5 2
      vertex -0.748322 -21.5 2
    endloop
  endfacet
  facet normal 0 0 1
    outer loop
      vertex -0.779423 -21.55 2
      vertex -0.779423 -22.45 2
      vertex -0.748322 -22.5 2
    endloop
  endfacet
  facet normal -0 0 1
    outer loop
      vertex -0.807185 -21.6019 2
      vertex -0.779423 -22.45 2
      vertex -0.779423 -21.55 2
    endloop
  endfacet
  facet normal 0 0 1
    outer loop
      vertex -0.807185 -21.6019 2
      vertex -0.807185 -22.3981 2
      vertex -0.779423 -22.45 2
    endloop
  endfacet
  facet normal -0 0 1
    outer loop
      vertex -0.831491 -21.6556 2
      vertex -0.807185 -22.3981 2
      vertex -0.807185 -21.6019 2
    endloop
  endfacet
  facet normal 0 0 1
    outer loop
      vertex -0.831491 -21.6556 2
      vertex -0.831491 -22.3444 2
      vertex -0.807185 -22.3981 2
    endloop
  endfacet
  facet normal -0 0 1
    outer loop
      vertex -0.852237 -21.7107 2
      vertex -0.831491 -22.3444 2
      vertex -0.831491 -21.6556 2
    endloop
  endfacet
  facet normal 0 0 1
    outer loop
      vertex -0.852237 -21.7107 2
      vertex -0.852237 -22.2893 2
      vertex -0.831491 -22.3444 2
    endloop
  endfacet
  facet normal -0 0 1
    outer loop
      vertex -0.869332 -21.7671 2
      vertex -0.852237 -22.2893 2
      vertex -0.852237 -21.7107 2
    endloop
  endfacet
  facet normal 0 0 1
    outer loop
      vertex -0.869332 -21.7671 2
      vertex -0.869332 -22.2329 2
      vertex -0.852237 -22.2893 2
    endloop
  endfacet
  facet normal -0 0 1
    outer loop
      vertex -0.882707 -21.8244 2
      vertex -0.869332 -22.2329 2
      vertex -0.869332 -21.7671 2
    endloop
  endfacet
  facet normal 0 0 1
    outer loop
      vertex -0.882707 -21.8244 2
      vertex -0.882707 -22.1756 2
      vertex -0.869332 -22.2329 2
    endloop
  endfacet
  facet normal -0 0 1
    outer loop
      vertex -0.8923 -21.8825 2
      vertex -0.882707 -22.1756 2
      vertex -0.882707 -21.8244 2
    endloop
  endfacet
  facet normal 0 0 1
    outer loop
      vertex -0.8923 -21.8825 2
      vertex -0.8923 -22.1175 2
      vertex -0.882707 -22.1756 2
    endloop
  endfacet
  facet normal -0 0 1
    outer loop
      vertex -0.898072 -21.9411 2
      vertex -0.8923 -22.1175 2
      vertex -0.8923 -21.8825 2
    endloop
  endfacet
  facet normal 0 0 1
    outer loop
      vertex -0.898072 -21.9411 2
      vertex -0.898072 -22.0589 2
      vertex -0.8923 -22.1175 2
    endloop
  endfacet
  facet normal 0 -0 1
    outer loop
      vertex -0.898072 -22.0589 2
      vertex -0.898072 -21.9411 2
      vertex -0.9 -22 2
    endloop
  endfacet
  facet normal -0.957005 -0.290071 0
    outer loop
      vertex 0.869332 -21.7671 2
      vertex 0.852237 -21.7107 9
      vertex 0.852237 -21.7107 2
    endloop
  endfacet
  facet normal -0.957005 -0.290071 0
    outer loop
      vertex 0.852237 -21.7107 9
      vertex 0.869332 -21.7671 2
      vertex 0.869332 -21.7671 9
    endloop
  endfacet
  facet normal -0.582418 -0.812889 0
    outer loop
      vertex 0.500012 -21.2517 2
      vertex 0.547885 -21.286 9
      vertex 0.500012 -21.2517 9
    endloop
  endfacet
  facet normal -0.582418 -0.812889 -0
    outer loop
      vertex 0.547885 -21.286 9
      vertex 0.500012 -21.2517 2
      vertex 0.547885 -21.286 2
    endloop
  endfacet
  facet normal -0.683955 -0.729524 0
    outer loop
      vertex 0.59341 -21.3233 2
      vertex 0.636395 -21.3636 9
      vertex 0.59341 -21.3233 9
    endloop
  endfacet
  facet normal -0.683955 -0.729524 -0
    outer loop
      vertex 0.636395 -21.3636 9
      vertex 0.59341 -21.3233 2
      vertex 0.636395 -21.3636 2
    endloop
  endfacet
  facet normal 0.471885 -0.88166 0
    outer loop
      vertex -0.45 -21.2206 2
      vertex -0.398059 -21.1928 9
      vertex -0.45 -21.2206 9
    endloop
  endfacet
  facet normal 0.471885 -0.88166 0
    outer loop
      vertex -0.398059 -21.1928 9
      vertex -0.45 -21.2206 2
      vertex -0.398059 -21.1928 2
    endloop
  endfacet
  facet normal 0.163 -0.986626 0
    outer loop
      vertex -0.175581 -21.1173 2
      vertex -0.117473 -21.1077 9
      vertex -0.175581 -21.1173 9
    endloop
  endfacet
  facet normal 0.163 -0.986626 0
    outer loop
      vertex -0.117473 -21.1077 9
      vertex -0.175581 -21.1173 2
      vertex -0.117473 -21.1077 2
    endloop
  endfacet
  facet normal 0.0984777 -0.995139 0
    outer loop
      vertex -0.117473 -21.1077 2
      vertex -0.0588627 -21.1019 9
      vertex -0.117473 -21.1077 9
    endloop
  endfacet
  facet normal 0.0984777 -0.995139 0
    outer loop
      vertex -0.0588627 -21.1019 9
      vertex -0.117473 -21.1077 2
      vertex -0.0588627 -21.1019 2
    endloop
  endfacet
  facet normal 0.813013 -0.582246 0
    outer loop
      vertex -0.748322 -21.5 9
      vertex -0.714018 -21.4521 2
      vertex -0.714018 -21.4521 9
    endloop
  endfacet
  facet normal 0.813013 -0.582246 0
    outer loop
      vertex -0.714018 -21.4521 2
      vertex -0.748322 -21.5 9
      vertex -0.748322 -21.5 2
    endloop
  endfacet
  facet normal 0.849134 -0.528178 0
    outer loop
      vertex -0.779423 -21.55 9
      vertex -0.748322 -21.5 2
      vertex -0.748322 -21.5 9
    endloop
  endfacet
  facet normal 0.849134 -0.528178 0
    outer loop
      vertex -0.748322 -21.5 2
      vertex -0.779423 -21.55 9
      vertex -0.779423 -21.55 2
    endloop
  endfacet
  facet normal 0.683955 -0.729524 0
    outer loop
      vertex -0.636395 -21.3636 2
      vertex -0.59341 -21.3233 9
      vertex -0.636395 -21.3636 9
    endloop
  endfacet
  facet normal 0.683955 -0.729524 0
    outer loop
      vertex -0.59341 -21.3233 9
      vertex -0.636395 -21.3636 2
      vertex -0.59341 -21.3233 2
    endloop
  endfacet
  facet normal 0.973822 -0.22731 0
    outer loop
      vertex -0.882707 -21.8244 9
      vertex -0.869332 -21.7671 2
      vertex -0.869332 -21.7671 9
    endloop
  endfacet
  facet normal 0.973822 -0.22731 0
    outer loop
      vertex -0.869332 -21.7671 2
      vertex -0.882707 -21.8244 9
      vertex -0.882707 -21.8244 2
    endloop
  endfacet
  facet normal 0.995184 -0.0980239 0
    outer loop
      vertex -0.898072 -21.9411 9
      vertex -0.8923 -21.8825 2
      vertex -0.8923 -21.8825 9
    endloop
  endfacet
  facet normal 0.995184 -0.0980239 0
    outer loop
      vertex -0.8923 -21.8825 2
      vertex -0.898072 -21.9411 9
      vertex -0.898072 -21.9411 2
    endloop
  endfacet
  facet normal -0.412626 -0.910901 0
    outer loop
      vertex 0.344415 -21.1685 2
      vertex 0.398059 -21.1928 9
      vertex 0.344415 -21.1685 9
    endloop
  endfacet
  facet normal -0.412626 -0.910901 -0
    outer loop
      vertex 0.398059 -21.1928 9
      vertex 0.344415 -21.1685 2
      vertex 0.398059 -21.1928 2
    endloop
  endfacet
  facet normal -0.163 -0.986626 0
    outer loop
      vertex 0.117473 -21.1077 2
      vertex 0.175581 -21.1173 9
      vertex 0.117473 -21.1077 9
    endloop
  endfacet
  facet normal -0.163 -0.986626 -0
    outer loop
      vertex 0.175581 -21.1173 9
      vertex 0.117473 -21.1077 2
      vertex 0.175581 -21.1173 2
    endloop
  endfacet
  facet normal -0.911024 -0.412353 0
    outer loop
      vertex 0.831491 -21.6556 2
      vertex 0.807185 -21.6019 9
      vertex 0.807185 -21.6019 2
    endloop
  endfacet
  facet normal -0.911024 -0.412353 0
    outer loop
      vertex 0.807185 -21.6019 9
      vertex 0.831491 -21.6556 2
      vertex 0.831491 -21.6556 9
    endloop
  endfacet
  facet normal -0.973822 -0.22731 0
    outer loop
      vertex 0.882707 -21.8244 2
      vertex 0.869332 -21.7671 9
      vertex 0.869332 -21.7671 2
    endloop
  endfacet
  facet normal -0.973822 -0.22731 0
    outer loop
      vertex 0.869332 -21.7671 9
      vertex 0.882707 -21.8244 2
      vertex 0.882707 -21.8244 9
    endloop
  endfacet
  facet normal -0.849134 -0.528178 0
    outer loop
      vertex 0.779423 -21.55 2
      vertex 0.748322 -21.5 9
      vertex 0.748322 -21.5 2
    endloop
  endfacet
  facet normal -0.849134 -0.528178 0
    outer loop
      vertex 0.748322 -21.5 9
      vertex 0.779423 -21.55 2
      vertex 0.779423 -21.55 9
    endloop
  endfacet
  facet normal -0.813013 -0.582246 0
    outer loop
      vertex 0.748322 -21.5 2
      vertex 0.714018 -21.4521 9
      vertex 0.714018 -21.4521 2
    endloop
  endfacet
  facet normal -0.813013 -0.582246 0
    outer loop
      vertex 0.714018 -21.4521 9
      vertex 0.748322 -21.5 2
      vertex 0.748322 -21.5 9
    endloop
  endfacet
  facet normal -0.528074 -0.849198 0
    outer loop
      vertex 0.45 -21.2206 2
      vertex 0.500012 -21.2517 9
      vertex 0.45 -21.2206 9
    endloop
  endfacet
  facet normal -0.528074 -0.849198 -0
    outer loop
      vertex 0.500012 -21.2517 9
      vertex 0.45 -21.2206 2
      vertex 0.500012 -21.2517 2
    endloop
  endfacet
  facet normal -0.471885 -0.88166 0
    outer loop
      vertex 0.398059 -21.1928 2
      vertex 0.45 -21.2206 9
      vertex 0.398059 -21.1928 9
    endloop
  endfacet
  facet normal -0.471885 -0.88166 -0
    outer loop
      vertex 0.45 -21.2206 9
      vertex 0.398059 -21.1928 2
      vertex 0.45 -21.2206 2
    endloop
  endfacet
  facet normal 0.0322617 -0.999479 0
    outer loop
      vertex -0.0588627 -21.1019 2
      vertex 0 -21.1 9
      vertex -0.0588627 -21.1019 9
    endloop
  endfacet
  facet normal 0.0322617 -0.999479 0
    outer loop
      vertex 0 -21.1 9
      vertex -0.0588627 -21.1019 2
      vertex 0 -21.1 2
    endloop
  endfacet
  facet normal 0.290347 -0.956922 0
    outer loop
      vertex -0.289295 -21.1478 2
      vertex -0.232937 -21.1307 9
      vertex -0.289295 -21.1478 9
    endloop
  endfacet
  facet normal 0.290347 -0.956922 0
    outer loop
      vertex -0.232937 -21.1307 9
      vertex -0.289295 -21.1478 2
      vertex -0.232937 -21.1307 2
    endloop
  endfacet
  facet normal 0.935862 -0.352367 0
    outer loop
      vertex -0.852237 -21.7107 9
      vertex -0.831491 -21.6556 2
      vertex -0.831491 -21.6556 9
    endloop
  endfacet
  facet normal 0.935862 -0.352367 0
    outer loop
      vertex -0.831491 -21.6556 2
      vertex -0.852237 -21.7107 9
      vertex -0.852237 -21.7107 2
    endloop
  endfacet
  facet normal 0.957005 -0.290071 0
    outer loop
      vertex -0.869332 -21.7671 9
      vertex -0.852237 -21.7107 2
      vertex -0.852237 -21.7107 9
    endloop
  endfacet
  facet normal 0.957005 -0.290071 0
    outer loop
      vertex -0.852237 -21.7107 2
      vertex -0.869332 -21.7671 9
      vertex -0.869332 -21.7671 2
    endloop
  endfacet
  facet normal 0.986642 -0.162906 0
    outer loop
      vertex -0.8923 -21.8825 9
      vertex -0.882707 -21.8244 2
      vertex -0.882707 -21.8244 9
    endloop
  endfacet
  facet normal 0.986642 -0.162906 0
    outer loop
      vertex -0.882707 -21.8244 2
      vertex -0.8923 -21.8825 9
      vertex -0.8923 -21.8825 2
    endloop
  endfacet
  facet normal -0.290347 -0.956922 0
    outer loop
      vertex 0.232937 -21.1307 2
      vertex 0.289295 -21.1478 9
      vertex 0.232937 -21.1307 9
    endloop
  endfacet
  facet normal -0.290347 -0.956922 -0
    outer loop
      vertex 0.289295 -21.1478 9
      vertex 0.232937 -21.1307 2
      vertex 0.289295 -21.1478 2
    endloop
  endfacet
  facet normal 0.35157 -0.936162 0
    outer loop
      vertex -0.344415 -21.1685 2
      vertex -0.289295 -21.1478 9
      vertex -0.344415 -21.1685 9
    endloop
  endfacet
  facet normal 0.35157 -0.936162 0
    outer loop
      vertex -0.289295 -21.1478 9
      vertex -0.344415 -21.1685 2
      vertex -0.289295 -21.1478 2
    endloop
  endfacet
  facet normal 0.528074 -0.849198 0
    outer loop
      vertex -0.500012 -21.2517 2
      vertex -0.45 -21.2206 9
      vertex -0.500012 -21.2517 9
    endloop
  endfacet
  facet normal 0.528074 -0.849198 0
    outer loop
      vertex -0.45 -21.2206 9
      vertex -0.500012 -21.2517 2
      vertex -0.45 -21.2206 2
    endloop
  endfacet
  facet normal 0.582418 -0.812889 0
    outer loop
      vertex -0.547885 -21.286 2
      vertex -0.500012 -21.2517 9
      vertex -0.547885 -21.286 9
    endloop
  endfacet
  facet normal 0.582418 -0.812889 0
    outer loop
      vertex -0.500012 -21.2517 9
      vertex -0.547885 -21.286 2
      vertex -0.500012 -21.2517 2
    endloop
  endfacet
  facet normal 0.63377 -0.773522 0
    outer loop
      vertex -0.59341 -21.3233 2
      vertex -0.547885 -21.286 9
      vertex -0.59341 -21.3233 9
    endloop
  endfacet
  facet normal 0.63377 -0.773522 0
    outer loop
      vertex -0.547885 -21.286 9
      vertex -0.59341 -21.3233 2
      vertex -0.547885 -21.286 2
    endloop
  endfacet
  facet normal 0.227502 -0.973778 0
    outer loop
      vertex -0.232937 -21.1307 2
      vertex -0.175581 -21.1173 9
      vertex -0.232937 -21.1307 9
    endloop
  endfacet
  facet normal 0.227502 -0.973778 0
    outer loop
      vertex -0.175581 -21.1173 9
      vertex -0.232937 -21.1307 2
      vertex -0.175581 -21.1173 2
    endloop
  endfacet
  facet normal 0.412626 -0.910901 0
    outer loop
      vertex -0.398059 -21.1928 2
      vertex -0.344415 -21.1685 9
      vertex -0.398059 -21.1928 9
    endloop
  endfacet
  facet normal 0.412626 -0.910901 0
    outer loop
      vertex -0.344415 -21.1685 9
      vertex -0.398059 -21.1928 2
      vertex -0.344415 -21.1685 2
    endloop
  endfacet
  facet normal -0.973728 -0.227713 0
    outer loop
      vertex 56.8827 22.1756 2
      vertex 56.8693 22.2329 9
      vertex 56.8693 22.2329 2
    endloop
  endfacet
  facet normal -0.973728 -0.227713 0
    outer loop
      vertex 56.8693 22.2329 9
      vertex 56.8827 22.1756 2
      vertex 56.8827 22.1756 9
    endloop
  endfacet
  facet normal 0.351682 0.93612 -0
    outer loop
      vertex 55.7107 21.1478 2
      vertex 55.6556 21.1685 9
      vertex 55.7107 21.1478 9
    endloop
  endfacet
  facet normal 0.351682 0.93612 0
    outer loop
      vertex 55.6556 21.1685 9
      vertex 55.7107 21.1478 2
      vertex 55.6556 21.1685 2
    endloop
  endfacet
  facet normal 0.911062 -0.412268 0
    outer loop
      vertex 55.1685 22.3444 9
      vertex 55.1928 22.3981 2
      vertex 55.1928 22.3981 9
    endloop
  endfacet
  facet normal 0.911062 -0.412268 0
    outer loop
      vertex 55.1928 22.3981 2
      vertex 55.1685 22.3444 9
      vertex 55.1685 22.3444 2
    endloop
  endfacet
  facet normal -0.973728 0.227713 0
    outer loop
      vertex 56.8693 21.7671 2
      vertex 56.8827 21.8244 9
      vertex 56.8827 21.8244 2
    endloop
  endfacet
  facet normal -0.973728 0.227713 0
    outer loop
      vertex 56.8827 21.8244 9
      vertex 56.8693 21.7671 2
      vertex 56.8693 21.7671 9
    endloop
  endfacet
  facet normal -0.956982 0.290149 0
    outer loop
      vertex 56.8522 21.7107 2
      vertex 56.8693 21.7671 9
      vertex 56.8693 21.7671 2
    endloop
  endfacet
  facet normal -0.956982 0.290149 0
    outer loop
      vertex 56.8693 21.7671 9
      vertex 56.8522 21.7107 2
      vertex 56.8522 21.7107 9
    endloop
  endfacet
  facet normal -0.773351 0.633978 0
    outer loop
      vertex 56.6767 21.4066 2
      vertex 56.714 21.4521 9
      vertex 56.714 21.4521 2
    endloop
  endfacet
  facet normal -0.773351 0.633978 0
    outer loop
      vertex 56.714 21.4521 9
      vertex 56.6767 21.4066 2
      vertex 56.6767 21.4066 9
    endloop
  endfacet
  facet normal -0.472174 0.881505 0
    outer loop
      vertex 56.45 21.2206 2
      vertex 56.3981 21.1928 9
      vertex 56.45 21.2206 9
    endloop
  endfacet
  facet normal -0.472174 0.881505 0
    outer loop
      vertex 56.3981 21.1928 9
      vertex 56.45 21.2206 2
      vertex 56.3981 21.1928 2
    endloop
  endfacet
  facet normal 0.881505 0.472174 0
    outer loop
      vertex 55.2206 21.55 9
      vertex 55.1928 21.6019 2
      vertex 55.1928 21.6019 9
    endloop
  endfacet
  facet normal 0.881505 0.472174 0
    outer loop
      vertex 55.1928 21.6019 2
      vertex 55.2206 21.55 9
      vertex 55.2206 21.55 2
    endloop
  endfacet
  facet normal 0.582201 0.813045 -0
    outer loop
      vertex 55.5 21.2517 2
      vertex 55.4521 21.286 9
      vertex 55.5 21.2517 9
    endloop
  endfacet
  facet normal 0.582201 0.813045 0
    outer loop
      vertex 55.4521 21.286 9
      vertex 55.5 21.2517 2
      vertex 55.4521 21.286 2
    endloop
  endfacet
  facet normal -0.227713 -0.973728 0
    outer loop
      vertex 56.1756 22.8827 2
      vertex 56.2329 22.8693 9
      vertex 56.1756 22.8827 9
    endloop
  endfacet
  facet normal -0.227713 -0.973728 -0
    outer loop
      vertex 56.2329 22.8693 9
      vertex 56.1756 22.8827 2
      vertex 56.2329 22.8693 2
    endloop
  endfacet
  facet normal -0.683828 -0.729643 0
    outer loop
      vertex 56.5934 22.6767 2
      vertex 56.6364 22.6364 9
      vertex 56.5934 22.6767 9
    endloop
  endfacet
  facet normal -0.683828 -0.729643 -0
    outer loop
      vertex 56.6364 22.6364 9
      vertex 56.5934 22.6767 2
      vertex 56.6364 22.6364 2
    endloop
  endfacet
  facet normal 0.0322413 -0.99948 0
    outer loop
      vertex 55.9411 22.8981 2
      vertex 56 22.9 9
      vertex 55.9411 22.8981 9
    endloop
  endfacet
  facet normal 0.0322413 -0.99948 0
    outer loop
      vertex 56 22.9 9
      vertex 55.9411 22.8981 2
      vertex 56 22.9 2
    endloop
  endfacet
  facet normal 0.528166 -0.849141 0
    outer loop
      vertex 55.5 22.7483 2
      vertex 55.55 22.7794 9
      vertex 55.5 22.7483 9
    endloop
  endfacet
  facet normal 0.528166 -0.849141 0
    outer loop
      vertex 55.55 22.7794 9
      vertex 55.5 22.7483 2
      vertex 55.55 22.7794 2
    endloop
  endfacet
  facet normal -0.911062 0.412268 0
    outer loop
      vertex 56.8072 21.6019 2
      vertex 56.8315 21.6556 9
      vertex 56.8315 21.6556 2
    endloop
  endfacet
  facet normal -0.911062 0.412268 0
    outer loop
      vertex 56.8315 21.6556 9
      vertex 56.8072 21.6019 2
      vertex 56.8072 21.6019 9
    endloop
  endfacet
  facet normal -0.881505 0.472174 0
    outer loop
      vertex 56.7794 21.55 2
      vertex 56.8072 21.6019 9
      vertex 56.8072 21.6019 2
    endloop
  endfacet
  facet normal -0.881505 0.472174 0
    outer loop
      vertex 56.8072 21.6019 9
      vertex 56.7794 21.55 2
      vertex 56.7794 21.55 9
    endloop
  endfacet
  facet normal -0.0322413 0.99948 0
    outer loop
      vertex 56.0589 21.1019 2
      vertex 56 21.1 9
      vertex 56.0589 21.1019 9
    endloop
  endfacet
  facet normal -0.0322413 0.99948 0
    outer loop
      vertex 56 21.1 9
      vertex 56.0589 21.1019 2
      vertex 56 21.1 2
    endloop
  endfacet
  facet normal -0.227713 0.973728 0
    outer loop
      vertex 56.2329 21.1307 2
      vertex 56.1756 21.1173 9
      vertex 56.2329 21.1307 9
    endloop
  endfacet
  facet normal -0.227713 0.973728 0
    outer loop
      vertex 56.1756 21.1173 9
      vertex 56.2329 21.1307 2
      vertex 56.1756 21.1173 2
    endloop
  endfacet
  facet normal -0.582201 0.813045 0
    outer loop
      vertex 56.5479 21.286 2
      vertex 56.5 21.2517 9
      vertex 56.5479 21.286 9
    endloop
  endfacet
  facet normal -0.582201 0.813045 0
    outer loop
      vertex 56.5 21.2517 9
      vertex 56.5479 21.286 2
      vertex 56.5 21.2517 2
    endloop
  endfacet
  facet normal -0.412268 0.911062 0
    outer loop
      vertex 56.3981 21.1928 2
      vertex 56.3444 21.1685 9
      vertex 56.3981 21.1928 9
    endloop
  endfacet
  facet normal -0.412268 0.911062 0
    outer loop
      vertex 56.3444 21.1685 9
      vertex 56.3981 21.1928 2
      vertex 56.3444 21.1685 2
    endloop
  endfacet
  facet normal -0.351682 0.93612 0
    outer loop
      vertex 56.3444 21.1685 2
      vertex 56.2893 21.1478 9
      vertex 56.3444 21.1685 9
    endloop
  endfacet
  facet normal -0.351682 0.93612 0
    outer loop
      vertex 56.2893 21.1478 9
      vertex 56.3444 21.1685 2
      vertex 56.2893 21.1478 2
    endloop
  endfacet
  facet normal -0.0984948 0.995138 0
    outer loop
      vertex 56.1175 21.1077 2
      vertex 56.0589 21.1019 9
      vertex 56.1175 21.1077 9
    endloop
  endfacet
  facet normal -0.0984948 0.995138 0
    outer loop
      vertex 56.0589 21.1019 9
      vertex 56.1175 21.1077 2
      vertex 56.0589 21.1019 2
    endloop
  endfacet
  facet normal 0.99948 0.0322413 0
    outer loop
      vertex 55.1019 21.9411 9
      vertex 55.1 22 2
      vertex 55.1 22 9
    endloop
  endfacet
  facet normal 0.99948 0.0322413 0
    outer loop
      vertex 55.1 22 2
      vertex 55.1019 21.9411 9
      vertex 55.1019 21.9411 2
    endloop
  endfacet
  facet normal 0.973728 0.227713 0
    outer loop
      vertex 55.1307 21.7671 9
      vertex 55.1173 21.8244 2
      vertex 55.1173 21.8244 9
    endloop
  endfacet
  facet normal 0.973728 0.227713 0
    outer loop
      vertex 55.1173 21.8244 2
      vertex 55.1307 21.7671 9
      vertex 55.1307 21.7671 2
    endloop
  endfacet
  facet normal 0.93612 0.351682 0
    outer loop
      vertex 55.1685 21.6556 9
      vertex 55.1478 21.7107 2
      vertex 55.1478 21.7107 9
    endloop
  endfacet
  facet normal 0.93612 0.351682 0
    outer loop
      vertex 55.1478 21.7107 2
      vertex 55.1685 21.6556 9
      vertex 55.1685 21.6556 2
    endloop
  endfacet
  facet normal 0.995138 0.0984948 0
    outer loop
      vertex 55.1077 21.8825 9
      vertex 55.1019 21.9411 2
      vertex 55.1019 21.9411 9
    endloop
  endfacet
  facet normal 0.995138 0.0984948 0
    outer loop
      vertex 55.1019 21.9411 2
      vertex 55.1077 21.8825 9
      vertex 55.1077 21.8825 2
    endloop
  endfacet
  facet normal 0.773351 0.633978 0
    outer loop
      vertex 55.3233 21.4066 9
      vertex 55.286 21.4521 2
      vertex 55.286 21.4521 9
    endloop
  endfacet
  facet normal 0.773351 0.633978 0
    outer loop
      vertex 55.286 21.4521 2
      vertex 55.3233 21.4066 9
      vertex 55.3233 21.4066 2
    endloop
  endfacet
  facet normal 0.813045 0.582201 0
    outer loop
      vertex 55.286 21.4521 9
      vertex 55.2517 21.5 2
      vertex 55.2517 21.5 9
    endloop
  endfacet
  facet normal 0.813045 0.582201 0
    outer loop
      vertex 55.2517 21.5 2
      vertex 55.286 21.4521 9
      vertex 55.286 21.4521 2
    endloop
  endfacet
  facet normal 0.0322413 0.99948 -0
    outer loop
      vertex 56 21.1 2
      vertex 55.9411 21.1019 9
      vertex 56 21.1 9
    endloop
  endfacet
  facet normal 0.0322413 0.99948 0
    outer loop
      vertex 55.9411 21.1019 9
      vertex 56 21.1 2
      vertex 55.9411 21.1019 2
    endloop
  endfacet
  facet normal 0.290149 0.956982 -0
    outer loop
      vertex 55.7671 21.1307 2
      vertex 55.7107 21.1478 9
      vertex 55.7671 21.1307 9
    endloop
  endfacet
  facet normal 0.290149 0.956982 0
    outer loop
      vertex 55.7107 21.1478 9
      vertex 55.7671 21.1307 2
      vertex 55.7107 21.1478 2
    endloop
  endfacet
  facet normal 0.472174 0.881505 -0
    outer loop
      vertex 55.6019 21.1928 2
      vertex 55.55 21.2206 9
      vertex 55.6019 21.1928 9
    endloop
  endfacet
  facet normal 0.472174 0.881505 0
    outer loop
      vertex 55.55 21.2206 9
      vertex 55.6019 21.1928 2
      vertex 55.55 21.2206 2
    endloop
  endfacet
  facet normal 0.528166 0.849141 -0
    outer loop
      vertex 55.55 21.2206 2
      vertex 55.5 21.2517 9
      vertex 55.55 21.2206 9
    endloop
  endfacet
  facet normal 0.528166 0.849141 0
    outer loop
      vertex 55.5 21.2517 9
      vertex 55.55 21.2206 2
      vertex 55.5 21.2517 2
    endloop
  endfacet
  facet normal -0.99948 0.0322413 0
    outer loop
      vertex 56.8981 21.9411 2
      vertex 56.9 22 9
      vertex 56.9 22 2
    endloop
  endfacet
  facet normal -0.99948 0.0322413 0
    outer loop
      vertex 56.9 22 9
      vertex 56.8981 21.9411 2
      vertex 56.8981 21.9411 9
    endloop
  endfacet
  facet normal -0.0322413 -0.99948 0
    outer loop
      vertex 56 22.9 2
      vertex 56.0589 22.8981 9
      vertex 56 22.9 9
    endloop
  endfacet
  facet normal -0.0322413 -0.99948 -0
    outer loop
      vertex 56.0589 22.8981 9
      vertex 56 22.9 2
      vertex 56.0589 22.8981 2
    endloop
  endfacet
  facet normal -0.633978 -0.773351 0
    outer loop
      vertex 56.5479 22.714 2
      vertex 56.5934 22.6767 9
      vertex 56.5479 22.714 9
    endloop
  endfacet
  facet normal -0.633978 -0.773351 -0
    outer loop
      vertex 56.5934 22.6767 9
      vertex 56.5479 22.714 2
      vertex 56.5934 22.6767 2
    endloop
  endfacet
  facet normal 0.351682 -0.93612 0
    outer loop
      vertex 55.6556 22.8315 2
      vertex 55.7107 22.8522 9
      vertex 55.6556 22.8315 9
    endloop
  endfacet
  facet normal 0.351682 -0.93612 0
    outer loop
      vertex 55.7107 22.8522 9
      vertex 55.6556 22.8315 2
      vertex 55.7107 22.8522 2
    endloop
  endfacet
  facet normal 0.472174 -0.881505 0
    outer loop
      vertex 55.55 22.7794 2
      vertex 55.6019 22.8072 9
      vertex 55.55 22.7794 9
    endloop
  endfacet
  facet normal 0.472174 -0.881505 0
    outer loop
      vertex 55.6019 22.8072 9
      vertex 55.55 22.7794 2
      vertex 55.6019 22.8072 2
    endloop
  endfacet
  facet normal 0.99948 -0.0322413 0
    outer loop
      vertex 55.1 22 9
      vertex 55.1019 22.0589 2
      vertex 55.1019 22.0589 9
    endloop
  endfacet
  facet normal 0.99948 -0.0322413 0
    outer loop
      vertex 55.1019 22.0589 2
      vertex 55.1 22 9
      vertex 55.1 22 2
    endloop
  endfacet
  facet normal 0.813045 -0.582201 0
    outer loop
      vertex 55.2517 22.5 9
      vertex 55.286 22.5479 2
      vertex 55.286 22.5479 9
    endloop
  endfacet
  facet normal 0.813045 -0.582201 0
    outer loop
      vertex 55.286 22.5479 2
      vertex 55.2517 22.5 9
      vertex 55.2517 22.5 2
    endloop
  endfacet
  facet normal -0.995138 0.0984948 0
    outer loop
      vertex 56.8923 21.8825 2
      vertex 56.8981 21.9411 9
      vertex 56.8981 21.9411 2
    endloop
  endfacet
  facet normal -0.995138 0.0984948 0
    outer loop
      vertex 56.8981 21.9411 9
      vertex 56.8923 21.8825 2
      vertex 56.8923 21.8825 9
    endloop
  endfacet
  facet normal -0.986622 0.163022 0
    outer loop
      vertex 56.8827 21.8244 2
      vertex 56.8923 21.8825 9
      vertex 56.8923 21.8825 2
    endloop
  endfacet
  facet normal -0.986622 0.163022 0
    outer loop
      vertex 56.8923 21.8825 9
      vertex 56.8827 21.8244 2
      vertex 56.8827 21.8244 9
    endloop
  endfacet
  facet normal -0.93612 0.351682 0
    outer loop
      vertex 56.8315 21.6556 2
      vertex 56.8522 21.7107 9
      vertex 56.8522 21.7107 2
    endloop
  endfacet
  facet normal -0.93612 0.351682 0
    outer loop
      vertex 56.8522 21.7107 9
      vertex 56.8315 21.6556 2
      vertex 56.8315 21.6556 9
    endloop
  endfacet
  facet normal -0.849141 0.528166 0
    outer loop
      vertex 56.7483 21.5 2
      vertex 56.7794 21.55 9
      vertex 56.7794 21.55 2
    endloop
  endfacet
  facet normal -0.849141 0.528166 0
    outer loop
      vertex 56.7794 21.55 9
      vertex 56.7483 21.5 2
      vertex 56.7483 21.5 9
    endloop
  endfacet
  facet normal -0.813045 0.582201 0
    outer loop
      vertex 56.714 21.4521 2
      vertex 56.7483 21.5 9
      vertex 56.7483 21.5 2
    endloop
  endfacet
  facet normal -0.813045 0.582201 0
    outer loop
      vertex 56.7483 21.5 9
      vertex 56.714 21.4521 2
      vertex 56.714 21.4521 9
    endloop
  endfacet
  facet normal -0.683828 0.729643 0
    outer loop
      vertex 56.6364 21.3636 2
      vertex 56.5934 21.3233 9
      vertex 56.6364 21.3636 9
    endloop
  endfacet
  facet normal -0.683828 0.729643 0
    outer loop
      vertex 56.5934 21.3233 9
      vertex 56.6364 21.3636 2
      vertex 56.5934 21.3233 2
    endloop
  endfacet
  facet normal -0.729643 0.683828 0
    outer loop
      vertex 56.6364 21.3636 2
      vertex 56.6767 21.4066 9
      vertex 56.6767 21.4066 2
    endloop
  endfacet
  facet normal -0.729643 0.683828 0
    outer loop
      vertex 56.6767 21.4066 9
      vertex 56.6364 21.3636 2
      vertex 56.6364 21.3636 9
    endloop
  endfacet
  facet normal -0.528166 0.849141 0
    outer loop
      vertex 56.5 21.2517 2
      vertex 56.45 21.2206 9
      vertex 56.5 21.2517 9
    endloop
  endfacet
  facet normal -0.528166 0.849141 0
    outer loop
      vertex 56.45 21.2206 9
      vertex 56.5 21.2517 2
      vertex 56.45 21.2206 2
    endloop
  endfacet
  facet normal -0.633978 0.773351 0
    outer loop
      vertex 56.5934 21.3233 2
      vertex 56.5479 21.286 9
      vertex 56.5934 21.3233 9
    endloop
  endfacet
  facet normal -0.633978 0.773351 0
    outer loop
      vertex 56.5479 21.286 9
      vertex 56.5934 21.3233 2
      vertex 56.5479 21.286 2
    endloop
  endfacet
  facet normal -0.290149 0.956982 0
    outer loop
      vertex 56.2893 21.1478 2
      vertex 56.2329 21.1307 9
      vertex 56.2893 21.1478 9
    endloop
  endfacet
  facet normal -0.290149 0.956982 0
    outer loop
      vertex 56.2329 21.1307 9
      vertex 56.2893 21.1478 2
      vertex 56.2329 21.1307 2
    endloop
  endfacet
  facet normal -0.163022 0.986622 0
    outer loop
      vertex 56.1756 21.1173 2
      vertex 56.1175 21.1077 9
      vertex 56.1756 21.1173 9
    endloop
  endfacet
  facet normal -0.163022 0.986622 0
    outer loop
      vertex 56.1175 21.1077 9
      vertex 56.1756 21.1173 2
      vertex 56.1175 21.1077 2
    endloop
  endfacet
  facet normal 0 0 1
    outer loop
      vertex 56.8981 22.0589 2
      vertex 56.8981 21.9411 2
      vertex 56.9 22 2
    endloop
  endfacet
  facet normal 0 0 1
    outer loop
      vertex 56.8923 22.1175 2
      vertex 56.8981 21.9411 2
      vertex 56.8981 22.0589 2
    endloop
  endfacet
  facet normal 0 0 1
    outer loop
      vertex 56.8923 22.1175 2
      vertex 56.8923 21.8825 2
      vertex 56.8981 21.9411 2
    endloop
  endfacet
  facet normal 0 0 1
    outer loop
      vertex 56.8827 22.1756 2
      vertex 56.8923 21.8825 2
      vertex 56.8923 22.1175 2
    endloop
  endfacet
  facet normal 0 0 1
    outer loop
      vertex 56.8827 22.1756 2
      vertex 56.8827 21.8244 2
      vertex 56.8923 21.8825 2
    endloop
  endfacet
  facet normal 0 0 1
    outer loop
      vertex 56.8693 22.2329 2
      vertex 56.8827 21.8244 2
      vertex 56.8827 22.1756 2
    endloop
  endfacet
  facet normal 0 0 1
    outer loop
      vertex 56.8693 22.2329 2
      vertex 56.8693 21.7671 2
      vertex 56.8827 21.8244 2
    endloop
  endfacet
  facet normal 0 0 1
    outer loop
      vertex 56.8522 22.2893 2
      vertex 56.8693 21.7671 2
      vertex 56.8693 22.2329 2
    endloop
  endfacet
  facet normal 0 0 1
    outer loop
      vertex 56.8522 22.2893 2
      vertex 56.8522 21.7107 2
      vertex 56.8693 21.7671 2
    endloop
  endfacet
  facet normal 0 0 1
    outer loop
      vertex 56.8315 22.3444 2
      vertex 56.8522 21.7107 2
      vertex 56.8522 22.2893 2
    endloop
  endfacet
  facet normal 0 0 1
    outer loop
      vertex 56.8315 22.3444 2
      vertex 56.8315 21.6556 2
      vertex 56.8522 21.7107 2
    endloop
  endfacet
  facet normal 0 0 1
    outer loop
      vertex 56.8072 22.3981 2
      vertex 56.8315 21.6556 2
      vertex 56.8315 22.3444 2
    endloop
  endfacet
  facet normal 0 0 1
    outer loop
      vertex 56.8072 22.3981 2
      vertex 56.8072 21.6019 2
      vertex 56.8315 21.6556 2
    endloop
  endfacet
  facet normal 0 0 1
    outer loop
      vertex 56.7794 22.45 2
      vertex 56.8072 21.6019 2
      vertex 56.8072 22.3981 2
    endloop
  endfacet
  facet normal 0 0 1
    outer loop
      vertex 56.7794 22.45 2
      vertex 56.7794 21.55 2
      vertex 56.8072 21.6019 2
    endloop
  endfacet
  facet normal 0 0 1
    outer loop
      vertex 56.7483 22.5 2
      vertex 56.7794 21.55 2
      vertex 56.7794 22.45 2
    endloop
  endfacet
  facet normal 0 0 1
    outer loop
      vertex 56.7483 22.5 2
      vertex 56.7483 21.5 2
      vertex 56.7794 21.55 2
    endloop
  endfacet
  facet normal 0 0 1
    outer loop
      vertex 56.714 22.5479 2
      vertex 56.7483 21.5 2
      vertex 56.7483 22.5 2
    endloop
  endfacet
  facet normal 0 0 1
    outer loop
      vertex 56.714 22.5479 2
      vertex 56.714 21.4521 2
      vertex 56.7483 21.5 2
    endloop
  endfacet
  facet normal 0 0 1
    outer loop
      vertex 56.6767 22.5934 2
      vertex 56.714 21.4521 2
      vertex 56.714 22.5479 2
    endloop
  endfacet
  facet normal 0 0 1
    outer loop
      vertex 56.6767 22.5934 2
      vertex 56.6767 21.4066 2
      vertex 56.714 21.4521 2
    endloop
  endfacet
  facet normal 0 0 1
    outer loop
      vertex 56.6364 22.6364 2
      vertex 56.6767 21.4066 2
      vertex 56.6767 22.5934 2
    endloop
  endfacet
  facet normal 0 0 1
    outer loop
      vertex 56.6364 22.6364 2
      vertex 56.6364 21.3636 2
      vertex 56.6767 21.4066 2
    endloop
  endfacet
  facet normal 0 0 1
    outer loop
      vertex 56.5934 22.6767 2
      vertex 56.6364 21.3636 2
      vertex 56.6364 22.6364 2
    endloop
  endfacet
  facet normal 0 0 1
    outer loop
      vertex 56.5934 22.6767 2
      vertex 56.5934 21.3233 2
      vertex 56.6364 21.3636 2
    endloop
  endfacet
  facet normal 0 0 1
    outer loop
      vertex 56.5479 22.714 2
      vertex 56.5934 21.3233 2
      vertex 56.5934 22.6767 2
    endloop
  endfacet
  facet normal 0 0 1
    outer loop
      vertex 56.5479 22.714 2
      vertex 56.5479 21.286 2
      vertex 56.5934 21.3233 2
    endloop
  endfacet
  facet normal 0 0 1
    outer loop
      vertex 56.5 22.7483 2
      vertex 56.5479 21.286 2
      vertex 56.5479 22.714 2
    endloop
  endfacet
  facet normal 0 0 1
    outer loop
      vertex 56.5 22.7483 2
      vertex 56.5 21.2517 2
      vertex 56.5479 21.286 2
    endloop
  endfacet
  facet normal 0 0 1
    outer loop
      vertex 56.45 22.7794 2
      vertex 56.5 21.2517 2
      vertex 56.5 22.7483 2
    endloop
  endfacet
  facet normal 0 0 1
    outer loop
      vertex 56.45 22.7794 2
      vertex 56.45 21.2206 2
      vertex 56.5 21.2517 2
    endloop
  endfacet
  facet normal 0 0 1
    outer loop
      vertex 56.3981 22.8072 2
      vertex 56.45 21.2206 2
      vertex 56.45 22.7794 2
    endloop
  endfacet
  facet normal 0 0 1
    outer loop
      vertex 56.3981 22.8072 2
      vertex 56.3981 21.1928 2
      vertex 56.45 21.2206 2
    endloop
  endfacet
  facet normal 0 0 1
    outer loop
      vertex 56.3444 22.8315 2
      vertex 56.3981 21.1928 2
      vertex 56.3981 22.8072 2
    endloop
  endfacet
  facet normal 0 0 1
    outer loop
      vertex 56.3444 22.8315 2
      vertex 56.3444 21.1685 2
      vertex 56.3981 21.1928 2
    endloop
  endfacet
  facet normal 0 0 1
    outer loop
      vertex 56.2893 22.8522 2
      vertex 56.3444 21.1685 2
      vertex 56.3444 22.8315 2
    endloop
  endfacet
  facet normal 0 0 1
    outer loop
      vertex 56.2893 22.8522 2
      vertex 56.2893 21.1478 2
      vertex 56.3444 21.1685 2
    endloop
  endfacet
  facet normal 0 0 1
    outer loop
      vertex 56.2329 22.8693 2
      vertex 56.2893 21.1478 2
      vertex 56.2893 22.8522 2
    endloop
  endfacet
  facet normal 0 0 1
    outer loop
      vertex 56.2329 22.8693 2
      vertex 56.2329 21.1307 2
      vertex 56.2893 21.1478 2
    endloop
  endfacet
  facet normal 0 0 1
    outer loop
      vertex 56.1756 22.8827 2
      vertex 56.2329 21.1307 2
      vertex 56.2329 22.8693 2
    endloop
  endfacet
  facet normal 0 0 1
    outer loop
      vertex 56.1756 22.8827 2
      vertex 56.1756 21.1173 2
      vertex 56.2329 21.1307 2
    endloop
  endfacet
  facet normal 0 0 1
    outer loop
      vertex 56.1175 22.8923 2
      vertex 56.1756 21.1173 2
      vertex 56.1756 22.8827 2
    endloop
  endfacet
  facet normal 0 0 1
    outer loop
      vertex 56.1175 22.8923 2
      vertex 56.1175 21.1077 2
      vertex 56.1756 21.1173 2
    endloop
  endfacet
  facet normal 0 0 1
    outer loop
      vertex 56.0589 22.8981 2
      vertex 56.1175 21.1077 2
      vertex 56.1175 22.8923 2
    endloop
  endfacet
  facet normal 0 0 1
    outer loop
      vertex 56.0589 22.8981 2
      vertex 56.0589 21.1019 2
      vertex 56.1175 21.1077 2
    endloop
  endfacet
  facet normal 0 0 1
    outer loop
      vertex 56 22.9 2
      vertex 56.0589 21.1019 2
      vertex 56.0589 22.8981 2
    endloop
  endfacet
  facet normal 0 0 1
    outer loop
      vertex 56 22.9 2
      vertex 56 21.1 2
      vertex 56.0589 21.1019 2
    endloop
  endfacet
  facet normal -0 0 1
    outer loop
      vertex 55.9411 22.8981 2
      vertex 56 21.1 2
      vertex 56 22.9 2
    endloop
  endfacet
  facet normal 0 0 1
    outer loop
      vertex 55.9411 22.8981 2
      vertex 55.9411 21.1019 2
      vertex 56 21.1 2
    endloop
  endfacet
  facet normal -0 0 1
    outer loop
      vertex 55.8825 22.8923 2
      vertex 55.9411 21.1019 2
      vertex 55.9411 22.8981 2
    endloop
  endfacet
  facet normal 0 0 1
    outer loop
      vertex 55.8825 22.8923 2
      vertex 55.8825 21.1077 2
      vertex 55.9411 21.1019 2
    endloop
  endfacet
  facet normal -0 0 1
    outer loop
      vertex 55.8244 22.8827 2
      vertex 55.8825 21.1077 2
      vertex 55.8825 22.8923 2
    endloop
  endfacet
  facet normal 0 0 1
    outer loop
      vertex 55.8244 22.8827 2
      vertex 55.8244 21.1173 2
      vertex 55.8825 21.1077 2
    endloop
  endfacet
  facet normal -0 0 1
    outer loop
      vertex 55.7671 22.8693 2
      vertex 55.8244 21.1173 2
      vertex 55.8244 22.8827 2
    endloop
  endfacet
  facet normal 0 0 1
    outer loop
      vertex 55.7671 22.8693 2
      vertex 55.7671 21.1307 2
      vertex 55.8244 21.1173 2
    endloop
  endfacet
  facet normal -0 0 1
    outer loop
      vertex 55.7107 22.8522 2
      vertex 55.7671 21.1307 2
      vertex 55.7671 22.8693 2
    endloop
  endfacet
  facet normal 0 0 1
    outer loop
      vertex 55.7107 22.8522 2
      vertex 55.7107 21.1478 2
      vertex 55.7671 21.1307 2
    endloop
  endfacet
  facet normal -0 0 1
    outer loop
      vertex 55.6556 22.8315 2
      vertex 55.7107 21.1478 2
      vertex 55.7107 22.8522 2
    endloop
  endfacet
  facet normal 0 0 1
    outer loop
      vertex 55.6556 22.8315 2
      vertex 55.6556 21.1685 2
      vertex 55.7107 21.1478 2
    endloop
  endfacet
  facet normal -0 0 1
    outer loop
      vertex 55.6019 22.8072 2
      vertex 55.6556 21.1685 2
      vertex 55.6556 22.8315 2
    endloop
  endfacet
  facet normal 0 0 1
    outer loop
      vertex 55.6019 22.8072 2
      vertex 55.6019 21.1928 2
      vertex 55.6556 21.1685 2
    endloop
  endfacet
  facet normal -0 0 1
    outer loop
      vertex 55.55 22.7794 2
      vertex 55.6019 21.1928 2
      vertex 55.6019 22.8072 2
    endloop
  endfacet
  facet normal 0 0 1
    outer loop
      vertex 55.55 22.7794 2
      vertex 55.55 21.2206 2
      vertex 55.6019 21.1928 2
    endloop
  endfacet
  facet normal -0 0 1
    outer loop
      vertex 55.5 22.7483 2
      vertex 55.55 21.2206 2
      vertex 55.55 22.7794 2
    endloop
  endfacet
  facet normal 0 0 1
    outer loop
      vertex 55.5 22.7483 2
      vertex 55.5 21.2517 2
      vertex 55.55 21.2206 2
    endloop
  endfacet
  facet normal -0 0 1
    outer loop
      vertex 55.4521 22.714 2
      vertex 55.5 21.2517 2
      vertex 55.5 22.7483 2
    endloop
  endfacet
  facet normal 0 0 1
    outer loop
      vertex 55.4521 22.714 2
      vertex 55.4521 21.286 2
      vertex 55.5 21.2517 2
    endloop
  endfacet
  facet normal -0 0 1
    outer loop
      vertex 55.4066 22.6767 2
      vertex 55.4521 21.286 2
      vertex 55.4521 22.714 2
    endloop
  endfacet
  facet normal 0 0 1
    outer loop
      vertex 55.4066 22.6767 2
      vertex 55.4066 21.3233 2
      vertex 55.4521 21.286 2
    endloop
  endfacet
  facet normal -0 0 1
    outer loop
      vertex 55.3636 22.6364 2
      vertex 55.4066 21.3233 2
      vertex 55.4066 22.6767 2
    endloop
  endfacet
  facet normal 0 0 1
    outer loop
      vertex 55.3636 22.6364 2
      vertex 55.3636 21.3636 2
      vertex 55.4066 21.3233 2
    endloop
  endfacet
  facet normal -0 0 1
    outer loop
      vertex 55.3233 22.5934 2
      vertex 55.3636 21.3636 2
      vertex 55.3636 22.6364 2
    endloop
  endfacet
  facet normal 0 0 1
    outer loop
      vertex 55.3233 22.5934 2
      vertex 55.3233 21.4066 2
      vertex 55.3636 21.3636 2
    endloop
  endfacet
  facet normal -0 0 1
    outer loop
      vertex 55.286 22.5479 2
      vertex 55.3233 21.4066 2
      vertex 55.3233 22.5934 2
    endloop
  endfacet
  facet normal 0 0 1
    outer loop
      vertex 55.286 22.5479 2
      vertex 55.286 21.4521 2
      vertex 55.3233 21.4066 2
    endloop
  endfacet
  facet normal -0 0 1
    outer loop
      vertex 55.2517 22.5 2
      vertex 55.286 21.4521 2
      vertex 55.286 22.5479 2
    endloop
  endfacet
  facet normal 0 0 1
    outer loop
      vertex 55.2517 22.5 2
      vertex 55.2517 21.5 2
      vertex 55.286 21.4521 2
    endloop
  endfacet
  facet normal -0 0 1
    outer loop
      vertex 55.2206 22.45 2
      vertex 55.2517 21.5 2
      vertex 55.2517 22.5 2
    endloop
  endfacet
  facet normal 0 0 1
    outer loop
      vertex 55.2206 22.45 2
      vertex 55.2206 21.55 2
      vertex 55.2517 21.5 2
    endloop
  endfacet
  facet normal -0 0 1
    outer loop
      vertex 55.1928 22.3981 2
      vertex 55.2206 21.55 2
      vertex 55.2206 22.45 2
    endloop
  endfacet
  facet normal 0 0 1
    outer loop
      vertex 55.1928 22.3981 2
      vertex 55.1928 21.6019 2
      vertex 55.2206 21.55 2
    endloop
  endfacet
  facet normal -0 0 1
    outer loop
      vertex 55.1685 22.3444 2
      vertex 55.1928 21.6019 2
      vertex 55.1928 22.3981 2
    endloop
  endfacet
  facet normal 0 0 1
    outer loop
      vertex 55.1685 22.3444 2
      vertex 55.1685 21.6556 2
      vertex 55.1928 21.6019 2
    endloop
  endfacet
  facet normal -0 0 1
    outer loop
      vertex 55.1478 22.2893 2
      vertex 55.1685 21.6556 2
      vertex 55.1685 22.3444 2
    endloop
  endfacet
  facet normal 0 0 1
    outer loop
      vertex 55.1478 22.2893 2
      vertex 55.1478 21.7107 2
      vertex 55.1685 21.6556 2
    endloop
  endfacet
  facet normal -0 0 1
    outer loop
      vertex 55.1307 22.2329 2
      vertex 55.1478 21.7107 2
      vertex 55.1478 22.2893 2
    endloop
  endfacet
  facet normal 0 0 1
    outer loop
      vertex 55.1307 22.2329 2
      vertex 55.1307 21.7671 2
      vertex 55.1478 21.7107 2
    endloop
  endfacet
  facet normal -0 0 1
    outer loop
      vertex 55.1173 22.1756 2
      vertex 55.1307 21.7671 2
      vertex 55.1307 22.2329 2
    endloop
  endfacet
  facet normal 0 0 1
    outer loop
      vertex 55.1173 22.1756 2
      vertex 55.1173 21.8244 2
      vertex 55.1307 21.7671 2
    endloop
  endfacet
  facet normal -0 0 1
    outer loop
      vertex 55.1077 22.1175 2
      vertex 55.1173 21.8244 2
      vertex 55.1173 22.1756 2
    endloop
  endfacet
  facet normal 0 0 1
    outer loop
      vertex 55.1077 22.1175 2
      vertex 55.1077 21.8825 2
      vertex 55.1173 21.8244 2
    endloop
  endfacet
  facet normal -0 0 1
    outer loop
      vertex 55.1019 22.0589 2
      vertex 55.1077 21.8825 2
      vertex 55.1077 22.1175 2
    endloop
  endfacet
  facet normal 0 0 1
    outer loop
      vertex 55.1019 22.0589 2
      vertex 55.1019 21.9411 2
      vertex 55.1077 21.8825 2
    endloop
  endfacet
  facet normal 0 -0 1
    outer loop
      vertex 55.1019 21.9411 2
      vertex 55.1019 22.0589 2
      vertex 55.1 22 2
    endloop
  endfacet
  facet normal 0.956982 0.290149 0
    outer loop
      vertex 55.1478 21.7107 9
      vertex 55.1307 21.7671 2
      vertex 55.1307 21.7671 9
    endloop
  endfacet
  facet normal 0.956982 0.290149 0
    outer loop
      vertex 55.1307 21.7671 2
      vertex 55.1478 21.7107 9
      vertex 55.1478 21.7107 2
    endloop
  endfacet
  facet normal 0.986622 0.163022 0
    outer loop
      vertex 55.1173 21.8244 9
      vertex 55.1077 21.8825 2
      vertex 55.1077 21.8825 9
    endloop
  endfacet
  facet normal 0.986622 0.163022 0
    outer loop
      vertex 55.1077 21.8825 2
      vertex 55.1173 21.8244 9
      vertex 55.1173 21.8244 2
    endloop
  endfacet
  facet normal 0.911062 0.412268 0
    outer loop
      vertex 55.1928 21.6019 9
      vertex 55.1685 21.6556 2
      vertex 55.1685 21.6556 9
    endloop
  endfacet
  facet normal 0.911062 0.412268 0
    outer loop
      vertex 55.1685 21.6556 2
      vertex 55.1928 21.6019 9
      vertex 55.1928 21.6019 2
    endloop
  endfacet
  facet normal 0.849141 0.528166 0
    outer loop
      vertex 55.2517 21.5 9
      vertex 55.2206 21.55 2
      vertex 55.2206 21.55 9
    endloop
  endfacet
  facet normal 0.849141 0.528166 0
    outer loop
      vertex 55.2206 21.55 2
      vertex 55.2517 21.5 9
      vertex 55.2517 21.5 2
    endloop
  endfacet
  facet normal 0.729643 0.683828 0
    outer loop
      vertex 55.3636 21.3636 9
      vertex 55.3233 21.4066 2
      vertex 55.3233 21.4066 9
    endloop
  endfacet
  facet normal 0.729643 0.683828 0
    outer loop
      vertex 55.3233 21.4066 2
      vertex 55.3636 21.3636 9
      vertex 55.3636 21.3636 2
    endloop
  endfacet
  facet normal 0.227713 0.973728 -0
    outer loop
      vertex 55.8244 21.1173 2
      vertex 55.7671 21.1307 9
      vertex 55.8244 21.1173 9
    endloop
  endfacet
  facet normal 0.227713 0.973728 0
    outer loop
      vertex 55.7671 21.1307 9
      vertex 55.8244 21.1173 2
      vertex 55.7671 21.1307 2
    endloop
  endfacet
  facet normal 0.0984948 0.995138 -0
    outer loop
      vertex 55.9411 21.1019 2
      vertex 55.8825 21.1077 9
      vertex 55.9411 21.1019 9
    endloop
  endfacet
  facet normal 0.0984948 0.995138 0
    outer loop
      vertex 55.8825 21.1077 9
      vertex 55.9411 21.1019 2
      vertex 55.8825 21.1077 2
    endloop
  endfacet
  facet normal 0.163022 0.986622 -0
    outer loop
      vertex 55.8825 21.1077 2
      vertex 55.8244 21.1173 9
      vertex 55.8825 21.1077 9
    endloop
  endfacet
  facet normal 0.163022 0.986622 0
    outer loop
      vertex 55.8244 21.1173 9
      vertex 55.8825 21.1077 2
      vertex 55.8244 21.1173 2
    endloop
  endfacet
  facet normal 0.412268 0.911062 -0
    outer loop
      vertex 55.6556 21.1685 2
      vertex 55.6019 21.1928 9
      vertex 55.6556 21.1685 9
    endloop
  endfacet
  facet normal 0.412268 0.911062 0
    outer loop
      vertex 55.6019 21.1928 9
      vertex 55.6556 21.1685 2
      vertex 55.6019 21.1928 2
    endloop
  endfacet
  facet normal 0.683828 0.729643 -0
    outer loop
      vertex 55.4066 21.3233 2
      vertex 55.3636 21.3636 9
      vertex 55.4066 21.3233 9
    endloop
  endfacet
  facet normal 0.683828 0.729643 0
    outer loop
      vertex 55.3636 21.3636 9
      vertex 55.4066 21.3233 2
      vertex 55.3636 21.3636 2
    endloop
  endfacet
  facet normal 0.633978 0.773351 -0
    outer loop
      vertex 55.4521 21.286 2
      vertex 55.4066 21.3233 9
      vertex 55.4521 21.286 9
    endloop
  endfacet
  facet normal 0.633978 0.773351 0
    outer loop
      vertex 55.4066 21.3233 9
      vertex 55.4521 21.286 2
      vertex 55.4066 21.3233 2
    endloop
  endfacet
  facet normal -0.986622 -0.163022 0
    outer loop
      vertex 56.8923 22.1175 2
      vertex 56.8827 22.1756 9
      vertex 56.8827 22.1756 2
    endloop
  endfacet
  facet normal -0.986622 -0.163022 0
    outer loop
      vertex 56.8827 22.1756 9
      vertex 56.8923 22.1175 2
      vertex 56.8923 22.1175 9
    endloop
  endfacet
  facet normal -0.956982 -0.290149 0
    outer loop
      vertex 56.8693 22.2329 2
      vertex 56.8522 22.2893 9
      vertex 56.8522 22.2893 2
    endloop
  endfacet
  facet normal -0.956982 -0.290149 0
    outer loop
      vertex 56.8522 22.2893 9
      vertex 56.8693 22.2329 2
      vertex 56.8693 22.2329 9
    endloop
  endfacet
  facet normal -0.93612 -0.351682 0
    outer loop
      vertex 56.8522 22.2893 2
      vertex 56.8315 22.3444 9
      vertex 56.8315 22.3444 2
    endloop
  endfacet
  facet normal -0.93612 -0.351682 0
    outer loop
      vertex 56.8315 22.3444 9
      vertex 56.8522 22.2893 2
      vertex 56.8522 22.2893 9
    endloop
  endfacet
  facet normal -0.773351 -0.633978 0
    outer loop
      vertex 56.714 22.5479 2
      vertex 56.6767 22.5934 9
      vertex 56.6767 22.5934 2
    endloop
  endfacet
  facet normal -0.773351 -0.633978 0
    outer loop
      vertex 56.6767 22.5934 9
      vertex 56.714 22.5479 2
      vertex 56.714 22.5479 9
    endloop
  endfacet
  facet normal -0.849141 -0.528166 0
    outer loop
      vertex 56.7794 22.45 2
      vertex 56.7483 22.5 9
      vertex 56.7483 22.5 2
    endloop
  endfacet
  facet normal -0.849141 -0.528166 0
    outer loop
      vertex 56.7483 22.5 9
      vertex 56.7794 22.45 2
      vertex 56.7794 22.45 9
    endloop
  endfacet
  facet normal -0.0984948 -0.995138 0
    outer loop
      vertex 56.0589 22.8981 2
      vertex 56.1175 22.8923 9
      vertex 56.0589 22.8981 9
    endloop
  endfacet
  facet normal -0.0984948 -0.995138 -0
    outer loop
      vertex 56.1175 22.8923 9
      vertex 56.0589 22.8981 2
      vertex 56.1175 22.8923 2
    endloop
  endfacet
  facet normal -0.351682 -0.93612 0
    outer loop
      vertex 56.2893 22.8522 2
      vertex 56.3444 22.8315 9
      vertex 56.2893 22.8522 9
    endloop
  endfacet
  facet normal -0.351682 -0.93612 -0
    outer loop
      vertex 56.3444 22.8315 9
      vertex 56.2893 22.8522 2
      vertex 56.3444 22.8315 2
    endloop
  endfacet
  facet normal -0.528166 -0.849141 0
    outer loop
      vertex 56.45 22.7794 2
      vertex 56.5 22.7483 9
      vertex 56.45 22.7794 9
    endloop
  endfacet
  facet normal -0.528166 -0.849141 -0
    outer loop
      vertex 56.5 22.7483 9
      vertex 56.45 22.7794 2
      vertex 56.5 22.7483 2
    endloop
  endfacet
  facet normal -0.412268 -0.911062 0
    outer loop
      vertex 56.3444 22.8315 2
      vertex 56.3981 22.8072 9
      vertex 56.3444 22.8315 9
    endloop
  endfacet
  facet normal -0.412268 -0.911062 -0
    outer loop
      vertex 56.3981 22.8072 9
      vertex 56.3444 22.8315 2
      vertex 56.3981 22.8072 2
    endloop
  endfacet
  facet normal 0.290149 -0.956982 0
    outer loop
      vertex 55.7107 22.8522 2
      vertex 55.7671 22.8693 9
      vertex 55.7107 22.8522 9
    endloop
  endfacet
  facet normal 0.290149 -0.956982 0
    outer loop
      vertex 55.7671 22.8693 9
      vertex 55.7107 22.8522 2
      vertex 55.7671 22.8693 2
    endloop
  endfacet
  facet normal 0.163022 -0.986622 0
    outer loop
      vertex 55.8244 22.8827 2
      vertex 55.8825 22.8923 9
      vertex 55.8244 22.8827 9
    endloop
  endfacet
  facet normal 0.163022 -0.986622 0
    outer loop
      vertex 55.8825 22.8923 9
      vertex 55.8244 22.8827 2
      vertex 55.8825 22.8923 2
    endloop
  endfacet
  facet normal 0.582201 -0.813045 0
    outer loop
      vertex 55.4521 22.714 2
      vertex 55.5 22.7483 9
      vertex 55.4521 22.714 9
    endloop
  endfacet
  facet normal 0.582201 -0.813045 0
    outer loop
      vertex 55.5 22.7483 9
      vertex 55.4521 22.714 2
      vertex 55.5 22.7483 2
    endloop
  endfacet
  facet normal 0.683828 -0.729643 0
    outer loop
      vertex 55.3636 22.6364 2
      vertex 55.4066 22.6767 9
      vertex 55.3636 22.6364 9
    endloop
  endfacet
  facet normal 0.683828 -0.729643 0
    outer loop
      vertex 55.4066 22.6767 9
      vertex 55.3636 22.6364 2
      vertex 55.4066 22.6767 2
    endloop
  endfacet
  facet normal 0.995138 -0.0984948 0
    outer loop
      vertex 55.1019 22.0589 9
      vertex 55.1077 22.1175 2
      vertex 55.1077 22.1175 9
    endloop
  endfacet
  facet normal 0.995138 -0.0984948 0
    outer loop
      vertex 55.1077 22.1175 2
      vertex 55.1019 22.0589 9
      vertex 55.1019 22.0589 2
    endloop
  endfacet
  facet normal 0.93612 -0.351682 0
    outer loop
      vertex 55.1478 22.2893 9
      vertex 55.1685 22.3444 2
      vertex 55.1685 22.3444 9
    endloop
  endfacet
  facet normal 0.93612 -0.351682 0
    outer loop
      vertex 55.1685 22.3444 2
      vertex 55.1478 22.2893 9
      vertex 55.1478 22.2893 2
    endloop
  endfacet
  facet normal 0.973728 -0.227713 0
    outer loop
      vertex 55.1173 22.1756 9
      vertex 55.1307 22.2329 2
      vertex 55.1307 22.2329 9
    endloop
  endfacet
  facet normal 0.973728 -0.227713 0
    outer loop
      vertex 55.1307 22.2329 2
      vertex 55.1173 22.1756 9
      vertex 55.1173 22.1756 2
    endloop
  endfacet
  facet normal 0.849141 -0.528166 0
    outer loop
      vertex 55.2206 22.45 9
      vertex 55.2517 22.5 2
      vertex 55.2517 22.5 9
    endloop
  endfacet
  facet normal 0.849141 -0.528166 0
    outer loop
      vertex 55.2517 22.5 2
      vertex 55.2206 22.45 9
      vertex 55.2206 22.45 2
    endloop
  endfacet
  facet normal 0.773351 -0.633978 0
    outer loop
      vertex 55.286 22.5479 9
      vertex 55.3233 22.5934 2
      vertex 55.3233 22.5934 9
    endloop
  endfacet
  facet normal 0.773351 -0.633978 0
    outer loop
      vertex 55.3233 22.5934 2
      vertex 55.286 22.5479 9
      vertex 55.286 22.5479 2
    endloop
  endfacet
  facet normal -0.99948 -0.0322413 0
    outer loop
      vertex 56.9 22 2
      vertex 56.8981 22.0589 9
      vertex 56.8981 22.0589 2
    endloop
  endfacet
  facet normal -0.99948 -0.0322413 0
    outer loop
      vertex 56.8981 22.0589 9
      vertex 56.9 22 2
      vertex 56.9 22 9
    endloop
  endfacet
  facet normal -0.881505 -0.472174 0
    outer loop
      vertex 56.8072 22.3981 2
      vertex 56.7794 22.45 9
      vertex 56.7794 22.45 2
    endloop
  endfacet
  facet normal -0.881505 -0.472174 0
    outer loop
      vertex 56.7794 22.45 9
      vertex 56.8072 22.3981 2
      vertex 56.8072 22.3981 9
    endloop
  endfacet
  facet normal -0.911062 -0.412268 0
    outer loop
      vertex 56.8315 22.3444 2
      vertex 56.8072 22.3981 9
      vertex 56.8072 22.3981 2
    endloop
  endfacet
  facet normal -0.911062 -0.412268 0
    outer loop
      vertex 56.8072 22.3981 9
      vertex 56.8315 22.3444 2
      vertex 56.8315 22.3444 9
    endloop
  endfacet
  facet normal -0.163022 -0.986622 0
    outer loop
      vertex 56.1175 22.8923 2
      vertex 56.1756 22.8827 9
      vertex 56.1175 22.8923 9
    endloop
  endfacet
  facet normal -0.163022 -0.986622 -0
    outer loop
      vertex 56.1756 22.8827 9
      vertex 56.1175 22.8923 2
      vertex 56.1756 22.8827 2
    endloop
  endfacet
  facet normal -0.290149 -0.956982 0
    outer loop
      vertex 56.2329 22.8693 2
      vertex 56.2893 22.8522 9
      vertex 56.2329 22.8693 9
    endloop
  endfacet
  facet normal -0.290149 -0.956982 -0
    outer loop
      vertex 56.2893 22.8522 9
      vertex 56.2329 22.8693 2
      vertex 56.2893 22.8522 2
    endloop
  endfacet
  facet normal -0.729643 -0.683828 0
    outer loop
      vertex 56.6767 22.5934 2
      vertex 56.6364 22.6364 9
      vertex 56.6364 22.6364 2
    endloop
  endfacet
  facet normal -0.729643 -0.683828 0
    outer loop
      vertex 56.6364 22.6364 9
      vertex 56.6767 22.5934 2
      vertex 56.6767 22.5934 9
    endloop
  endfacet
  facet normal -0.472174 -0.881505 0
    outer loop
      vertex 56.3981 22.8072 2
      vertex 56.45 22.7794 9
      vertex 56.3981 22.8072 9
    endloop
  endfacet
  facet normal -0.472174 -0.881505 -0
    outer loop
      vertex 56.45 22.7794 9
      vertex 56.3981 22.8072 2
      vertex 56.45 22.7794 2
    endloop
  endfacet
  facet normal -0.582201 -0.813045 0
    outer loop
      vertex 56.5 22.7483 2
      vertex 56.5479 22.714 9
      vertex 56.5 22.7483 9
    endloop
  endfacet
  facet normal -0.582201 -0.813045 -0
    outer loop
      vertex 56.5479 22.714 9
      vertex 56.5 22.7483 2
      vertex 56.5479 22.714 2
    endloop
  endfacet
  facet normal 0.227713 -0.973728 0
    outer loop
      vertex 55.7671 22.8693 2
      vertex 55.8244 22.8827 9
      vertex 55.7671 22.8693 9
    endloop
  endfacet
  facet normal 0.227713 -0.973728 0
    outer loop
      vertex 55.8244 22.8827 9
      vertex 55.7671 22.8693 2
      vertex 55.8244 22.8827 2
    endloop
  endfacet
  facet normal 0.0984948 -0.995138 0
    outer loop
      vertex 55.8825 22.8923 2
      vertex 55.9411 22.8981 9
      vertex 55.8825 22.8923 9
    endloop
  endfacet
  facet normal 0.0984948 -0.995138 0
    outer loop
      vertex 55.9411 22.8981 9
      vertex 55.8825 22.8923 2
      vertex 55.9411 22.8981 2
    endloop
  endfacet
  facet normal 0.412268 -0.911062 0
    outer loop
      vertex 55.6019 22.8072 2
      vertex 55.6556 22.8315 9
      vertex 55.6019 22.8072 9
    endloop
  endfacet
  facet normal 0.412268 -0.911062 0
    outer loop
      vertex 55.6556 22.8315 9
      vertex 55.6019 22.8072 2
      vertex 55.6556 22.8315 2
    endloop
  endfacet
  facet normal 0.633978 -0.773351 0
    outer loop
      vertex 55.4066 22.6767 2
      vertex 55.4521 22.714 9
      vertex 55.4066 22.6767 9
    endloop
  endfacet
  facet normal 0.633978 -0.773351 0
    outer loop
      vertex 55.4521 22.714 9
      vertex 55.4066 22.6767 2
      vertex 55.4521 22.714 2
    endloop
  endfacet
  facet normal 0.986622 -0.163022 0
    outer loop
      vertex 55.1077 22.1175 9
      vertex 55.1173 22.1756 2
      vertex 55.1173 22.1756 9
    endloop
  endfacet
  facet normal 0.986622 -0.163022 0
    outer loop
      vertex 55.1173 22.1756 2
      vertex 55.1077 22.1175 9
      vertex 55.1077 22.1175 2
    endloop
  endfacet
  facet normal 0.956982 -0.290149 0
    outer loop
      vertex 55.1307 22.2329 9
      vertex 55.1478 22.2893 2
      vertex 55.1478 22.2893 9
    endloop
  endfacet
  facet normal 0.956982 -0.290149 0
    outer loop
      vertex 55.1478 22.2893 2
      vertex 55.1307 22.2329 9
      vertex 55.1307 22.2329 2
    endloop
  endfacet
  facet normal 0.881505 -0.472174 0
    outer loop
      vertex 55.1928 22.3981 9
      vertex 55.2206 22.45 2
      vertex 55.2206 22.45 9
    endloop
  endfacet
  facet normal 0.881505 -0.472174 0
    outer loop
      vertex 55.2206 22.45 2
      vertex 55.1928 22.3981 9
      vertex 55.1928 22.3981 2
    endloop
  endfacet
  facet normal 0.729643 -0.683828 0
    outer loop
      vertex 55.3233 22.5934 9
      vertex 55.3636 22.6364 2
      vertex 55.3636 22.6364 9
    endloop
  endfacet
  facet normal 0.729643 -0.683828 0
    outer loop
      vertex 55.3636 22.6364 2
      vertex 55.3233 22.5934 9
      vertex 55.3233 22.5934 2
    endloop
  endfacet
  facet normal -0.995138 -0.0984948 0
    outer loop
      vertex 56.8981 22.0589 2
      vertex 56.8923 22.1175 9
      vertex 56.8923 22.1175 2
    endloop
  endfacet
  facet normal -0.995138 -0.0984948 0
    outer loop
      vertex 56.8923 22.1175 9
      vertex 56.8981 22.0589 2
      vertex 56.8981 22.0589 9
    endloop
  endfacet
  facet normal -0.813045 -0.582201 0
    outer loop
      vertex 56.7483 22.5 2
      vertex 56.714 22.5479 9
      vertex 56.714 22.5479 2
    endloop
  endfacet
  facet normal -0.813045 -0.582201 0
    outer loop
      vertex 56.714 22.5479 9
      vertex 56.7483 22.5 2
      vertex 56.7483 22.5 9
    endloop
  endfacet
  facet normal -0.881505 0.472174 0
    outer loop
      vertex 56.7794 -22.45 2
      vertex 56.8072 -22.3981 9
      vertex 56.8072 -22.3981 2
    endloop
  endfacet
  facet normal -0.881505 0.472174 0
    outer loop
      vertex 56.8072 -22.3981 9
      vertex 56.7794 -22.45 2
      vertex 56.7794 -22.45 9
    endloop
  endfacet
  facet normal -0.351682 0.93612 0
    outer loop
      vertex 56.3444 -22.8315 2
      vertex 56.2893 -22.8522 9
      vertex 56.3444 -22.8315 9
    endloop
  endfacet
  facet normal -0.351682 0.93612 0
    outer loop
      vertex 56.2893 -22.8522 9
      vertex 56.3444 -22.8315 2
      vertex 56.2893 -22.8522 2
    endloop
  endfacet
  facet normal 0.412268 0.911062 -0
    outer loop
      vertex 55.6556 -22.8315 2
      vertex 55.6019 -22.8072 9
      vertex 55.6556 -22.8315 9
    endloop
  endfacet
  facet normal 0.412268 0.911062 0
    outer loop
      vertex 55.6019 -22.8072 9
      vertex 55.6556 -22.8315 2
      vertex 55.6019 -22.8072 2
    endloop
  endfacet
  facet normal 0.93612 0.351682 0
    outer loop
      vertex 55.1685 -22.3444 9
      vertex 55.1478 -22.2893 2
      vertex 55.1478 -22.2893 9
    endloop
  endfacet
  facet normal 0.93612 0.351682 0
    outer loop
      vertex 55.1478 -22.2893 2
      vertex 55.1685 -22.3444 9
      vertex 55.1685 -22.3444 2
    endloop
  endfacet
  facet normal -0.99948 -0.0322413 0
    outer loop
      vertex 56.9 -22 2
      vertex 56.8981 -21.9411 9
      vertex 56.8981 -21.9411 2
    endloop
  endfacet
  facet normal -0.99948 -0.0322413 0
    outer loop
      vertex 56.8981 -21.9411 9
      vertex 56.9 -22 2
      vertex 56.9 -22 9
    endloop
  endfacet
  facet normal 0.99948 -0.0322413 0
    outer loop
      vertex 55.1 -22 9
      vertex 55.1019 -21.9411 2
      vertex 55.1019 -21.9411 9
    endloop
  endfacet
  facet normal 0.99948 -0.0322413 0
    outer loop
      vertex 55.1019 -21.9411 2
      vertex 55.1 -22 9
      vertex 55.1 -22 2
    endloop
  endfacet
  facet normal 0.633978 0.773351 -0
    outer loop
      vertex 55.4521 -22.714 2
      vertex 55.4066 -22.6767 9
      vertex 55.4521 -22.714 9
    endloop
  endfacet
  facet normal 0.633978 0.773351 0
    outer loop
      vertex 55.4066 -22.6767 9
      vertex 55.4521 -22.714 2
      vertex 55.4066 -22.6767 2
    endloop
  endfacet
  facet normal 0.0984948 -0.995138 0
    outer loop
      vertex 55.8825 -21.1077 2
      vertex 55.9411 -21.1019 9
      vertex 55.8825 -21.1077 9
    endloop
  endfacet
  facet normal 0.0984948 -0.995138 0
    outer loop
      vertex 55.9411 -21.1019 9
      vertex 55.8825 -21.1077 2
      vertex 55.9411 -21.1019 2
    endloop
  endfacet
  facet normal -0.986622 0.163022 0
    outer loop
      vertex 56.8827 -22.1756 2
      vertex 56.8923 -22.1175 9
      vertex 56.8923 -22.1175 2
    endloop
  endfacet
  facet normal -0.986622 0.163022 0
    outer loop
      vertex 56.8923 -22.1175 9
      vertex 56.8827 -22.1756 2
      vertex 56.8827 -22.1756 9
    endloop
  endfacet
  facet normal -0.973728 0.227713 0
    outer loop
      vertex 56.8693 -22.2329 2
      vertex 56.8827 -22.1756 9
      vertex 56.8827 -22.1756 2
    endloop
  endfacet
  facet normal -0.973728 0.227713 0
    outer loop
      vertex 56.8827 -22.1756 9
      vertex 56.8693 -22.2329 2
      vertex 56.8693 -22.2329 9
    endloop
  endfacet
  facet normal -0.849141 0.528166 0
    outer loop
      vertex 56.7483 -22.5 2
      vertex 56.7794 -22.45 9
      vertex 56.7794 -22.45 2
    endloop
  endfacet
  facet normal -0.849141 0.528166 0
    outer loop
      vertex 56.7794 -22.45 9
      vertex 56.7483 -22.5 2
      vertex 56.7483 -22.5 9
    endloop
  endfacet
  facet normal -0.773351 0.633978 0
    outer loop
      vertex 56.6767 -22.5934 2
      vertex 56.714 -22.5479 9
      vertex 56.714 -22.5479 2
    endloop
  endfacet
  facet normal -0.773351 0.633978 0
    outer loop
      vertex 56.714 -22.5479 9
      vertex 56.6767 -22.5934 2
      vertex 56.6767 -22.5934 9
    endloop
  endfacet
  facet normal 0.0322413 0.99948 -0
    outer loop
      vertex 56 -22.9 2
      vertex 55.9411 -22.8981 9
      vertex 56 -22.9 9
    endloop
  endfacet
  facet normal 0.0322413 0.99948 0
    outer loop
      vertex 55.9411 -22.8981 9
      vertex 56 -22.9 2
      vertex 55.9411 -22.8981 2
    endloop
  endfacet
  facet normal -0.163022 0.986622 0
    outer loop
      vertex 56.1756 -22.8827 2
      vertex 56.1175 -22.8923 9
      vertex 56.1756 -22.8827 9
    endloop
  endfacet
  facet normal -0.163022 0.986622 0
    outer loop
      vertex 56.1175 -22.8923 9
      vertex 56.1756 -22.8827 2
      vertex 56.1175 -22.8923 2
    endloop
  endfacet
  facet normal -0.0322413 0.99948 0
    outer loop
      vertex 56.0589 -22.8981 2
      vertex 56 -22.9 9
      vertex 56.0589 -22.8981 9
    endloop
  endfacet
  facet normal -0.0322413 0.99948 0
    outer loop
      vertex 56 -22.9 9
      vertex 56.0589 -22.8981 2
      vertex 56 -22.9 2
    endloop
  endfacet
  facet normal -0.633978 0.773351 0
    outer loop
      vertex 56.5934 -22.6767 2
      vertex 56.5479 -22.714 9
      vertex 56.5934 -22.6767 9
    endloop
  endfacet
  facet normal -0.633978 0.773351 0
    outer loop
      vertex 56.5479 -22.714 9
      vertex 56.5934 -22.6767 2
      vertex 56.5479 -22.714 2
    endloop
  endfacet
  facet normal -0.412268 0.911062 0
    outer loop
      vertex 56.3981 -22.8072 2
      vertex 56.3444 -22.8315 9
      vertex 56.3981 -22.8072 9
    endloop
  endfacet
  facet normal -0.412268 0.911062 0
    outer loop
      vertex 56.3444 -22.8315 9
      vertex 56.3981 -22.8072 2
      vertex 56.3444 -22.8315 2
    endloop
  endfacet
  facet normal 0.986622 0.163022 0
    outer loop
      vertex 55.1173 -22.1756 9
      vertex 55.1077 -22.1175 2
      vertex 55.1077 -22.1175 9
    endloop
  endfacet
  facet normal 0.986622 0.163022 0
    outer loop
      vertex 55.1077 -22.1175 2
      vertex 55.1173 -22.1756 9
      vertex 55.1173 -22.1756 2
    endloop
  endfacet
  facet normal 0.99948 0.0322413 0
    outer loop
      vertex 55.1019 -22.0589 9
      vertex 55.1 -22 2
      vertex 55.1 -22 9
    endloop
  endfacet
  facet normal 0.99948 0.0322413 0
    outer loop
      vertex 55.1 -22 2
      vertex 55.1019 -22.0589 9
      vertex 55.1019 -22.0589 2
    endloop
  endfacet
  facet normal 0.773351 0.633978 0
    outer loop
      vertex 55.3233 -22.5934 9
      vertex 55.286 -22.5479 2
      vertex 55.286 -22.5479 9
    endloop
  endfacet
  facet normal 0.773351 0.633978 0
    outer loop
      vertex 55.286 -22.5479 2
      vertex 55.3233 -22.5934 9
      vertex 55.3233 -22.5934 2
    endloop
  endfacet
  facet normal 0.813045 0.582201 0
    outer loop
      vertex 55.286 -22.5479 9
      vertex 55.2517 -22.5 2
      vertex 55.2517 -22.5 9
    endloop
  endfacet
  facet normal 0.813045 0.582201 0
    outer loop
      vertex 55.2517 -22.5 2
      vertex 55.286 -22.5479 9
      vertex 55.286 -22.5479 2
    endloop
  endfacet
  facet normal 0.227713 0.973728 -0
    outer loop
      vertex 55.8244 -22.8827 2
      vertex 55.7671 -22.8693 9
      vertex 55.8244 -22.8827 9
    endloop
  endfacet
  facet normal 0.227713 0.973728 0
    outer loop
      vertex 55.7671 -22.8693 9
      vertex 55.8244 -22.8827 2
      vertex 55.7671 -22.8693 2
    endloop
  endfacet
  facet normal 0.472174 0.881505 -0
    outer loop
      vertex 55.6019 -22.8072 2
      vertex 55.55 -22.7794 9
      vertex 55.6019 -22.8072 9
    endloop
  endfacet
  facet normal 0.472174 0.881505 0
    outer loop
      vertex 55.55 -22.7794 9
      vertex 55.6019 -22.8072 2
      vertex 55.55 -22.7794 2
    endloop
  endfacet
  facet normal 0.528166 0.849141 -0
    outer loop
      vertex 55.55 -22.7794 2
      vertex 55.5 -22.7483 9
      vertex 55.55 -22.7794 9
    endloop
  endfacet
  facet normal 0.528166 0.849141 0
    outer loop
      vertex 55.5 -22.7483 9
      vertex 55.55 -22.7794 2
      vertex 55.5 -22.7483 2
    endloop
  endfacet
  facet normal -0.99948 0.0322413 0
    outer loop
      vertex 56.8981 -22.0589 2
      vertex 56.9 -22 9
      vertex 56.9 -22 2
    endloop
  endfacet
  facet normal -0.99948 0.0322413 0
    outer loop
      vertex 56.9 -22 9
      vertex 56.8981 -22.0589 2
      vertex 56.8981 -22.0589 9
    endloop
  endfacet
  facet normal -0.0984948 -0.995138 0
    outer loop
      vertex 56.0589 -21.1019 2
      vertex 56.1175 -21.1077 9
      vertex 56.0589 -21.1019 9
    endloop
  endfacet
  facet normal -0.0984948 -0.995138 -0
    outer loop
      vertex 56.1175 -21.1077 9
      vertex 56.0589 -21.1019 2
      vertex 56.1175 -21.1077 2
    endloop
  endfacet
  facet normal -0.351682 -0.93612 0
    outer loop
      vertex 56.2893 -21.1478 2
      vertex 56.3444 -21.1685 9
      vertex 56.2893 -21.1478 9
    endloop
  endfacet
  facet normal -0.351682 -0.93612 -0
    outer loop
      vertex 56.3444 -21.1685 9
      vertex 56.2893 -21.1478 2
      vertex 56.3444 -21.1685 2
    endloop
  endfacet
  facet normal -0.911062 0.412268 0
    outer loop
      vertex 56.8072 -22.3981 2
      vertex 56.8315 -22.3444 9
      vertex 56.8315 -22.3444 2
    endloop
  endfacet
  facet normal -0.911062 0.412268 0
    outer loop
      vertex 56.8315 -22.3444 9
      vertex 56.8072 -22.3981 2
      vertex 56.8072 -22.3981 9
    endloop
  endfacet
  facet normal -0.93612 0.351682 0
    outer loop
      vertex 56.8315 -22.3444 2
      vertex 56.8522 -22.2893 9
      vertex 56.8522 -22.2893 2
    endloop
  endfacet
  facet normal -0.93612 0.351682 0
    outer loop
      vertex 56.8522 -22.2893 9
      vertex 56.8315 -22.3444 2
      vertex 56.8315 -22.3444 9
    endloop
  endfacet
  facet normal -0.683828 0.729643 0
    outer loop
      vertex 56.6364 -22.6364 2
      vertex 56.5934 -22.6767 9
      vertex 56.6364 -22.6364 9
    endloop
  endfacet
  facet normal -0.683828 0.729643 0
    outer loop
      vertex 56.5934 -22.6767 9
      vertex 56.6364 -22.6364 2
      vertex 56.5934 -22.6767 2
    endloop
  endfacet
  facet normal -0.813045 0.582201 0
    outer loop
      vertex 56.714 -22.5479 2
      vertex 56.7483 -22.5 9
      vertex 56.7483 -22.5 2
    endloop
  endfacet
  facet normal -0.813045 0.582201 0
    outer loop
      vertex 56.7483 -22.5 9
      vertex 56.714 -22.5479 2
      vertex 56.714 -22.5479 9
    endloop
  endfacet
  facet normal -0.227713 0.973728 0
    outer loop
      vertex 56.2329 -22.8693 2
      vertex 56.1756 -22.8827 9
      vertex 56.2329 -22.8693 9
    endloop
  endfacet
  facet normal -0.227713 0.973728 0
    outer loop
      vertex 56.1756 -22.8827 9
      vertex 56.2329 -22.8693 2
      vertex 56.1756 -22.8827 2
    endloop
  endfacet
  facet normal -0.0984948 0.995138 0
    outer loop
      vertex 56.1175 -22.8923 2
      vertex 56.0589 -22.8981 9
      vertex 56.1175 -22.8923 9
    endloop
  endfacet
  facet normal -0.0984948 0.995138 0
    outer loop
      vertex 56.0589 -22.8981 9
      vertex 56.1175 -22.8923 2
      vertex 56.0589 -22.8981 2
    endloop
  endfacet
  facet normal -0.472174 0.881505 0
    outer loop
      vertex 56.45 -22.7794 2
      vertex 56.3981 -22.8072 9
      vertex 56.45 -22.7794 9
    endloop
  endfacet
  facet normal -0.472174 0.881505 0
    outer loop
      vertex 56.3981 -22.8072 9
      vertex 56.45 -22.7794 2
      vertex 56.3981 -22.8072 2
    endloop
  endfacet
  facet normal -0.582201 0.813045 0
    outer loop
      vertex 56.5479 -22.714 2
      vertex 56.5 -22.7483 9
      vertex 56.5479 -22.714 9
    endloop
  endfacet
  facet normal -0.582201 0.813045 0
    outer loop
      vertex 56.5 -22.7483 9
      vertex 56.5479 -22.714 2
      vertex 56.5 -22.7483 2
    endloop
  endfacet
  facet normal -0.528166 0.849141 0
    outer loop
      vertex 56.5 -22.7483 2
      vertex 56.45 -22.7794 9
      vertex 56.5 -22.7483 9
    endloop
  endfacet
  facet normal -0.528166 0.849141 0
    outer loop
      vertex 56.45 -22.7794 9
      vertex 56.5 -22.7483 2
      vertex 56.45 -22.7794 2
    endloop
  endfacet
  facet normal 0.973728 0.227713 0
    outer loop
      vertex 55.1307 -22.2329 9
      vertex 55.1173 -22.1756 2
      vertex 55.1173 -22.1756 9
    endloop
  endfacet
  facet normal 0.973728 0.227713 0
    outer loop
      vertex 55.1173 -22.1756 2
      vertex 55.1307 -22.2329 9
      vertex 55.1307 -22.2329 2
    endloop
  endfacet
  facet normal 0.995138 0.0984948 0
    outer loop
      vertex 55.1077 -22.1175 9
      vertex 55.1019 -22.0589 2
      vertex 55.1019 -22.0589 9
    endloop
  endfacet
  facet normal 0.995138 0.0984948 0
    outer loop
      vertex 55.1019 -22.0589 2
      vertex 55.1077 -22.1175 9
      vertex 55.1077 -22.1175 2
    endloop
  endfacet
  facet normal 0.881505 0.472174 0
    outer loop
      vertex 55.2206 -22.45 9
      vertex 55.1928 -22.3981 2
      vertex 55.1928 -22.3981 9
    endloop
  endfacet
  facet normal 0.881505 0.472174 0
    outer loop
      vertex 55.1928 -22.3981 2
      vertex 55.2206 -22.45 9
      vertex 55.2206 -22.45 2
    endloop
  endfacet
  facet normal 0.911062 0.412268 0
    outer loop
      vertex 55.1928 -22.3981 9
      vertex 55.1685 -22.3444 2
      vertex 55.1685 -22.3444 9
    endloop
  endfacet
  facet normal 0.911062 0.412268 0
    outer loop
      vertex 55.1685 -22.3444 2
      vertex 55.1928 -22.3981 9
      vertex 55.1928 -22.3981 2
    endloop
  endfacet
  facet normal 0.849141 0.528166 0
    outer loop
      vertex 55.2517 -22.5 9
      vertex 55.2206 -22.45 2
      vertex 55.2206 -22.45 9
    endloop
  endfacet
  facet normal 0.849141 0.528166 0
    outer loop
      vertex 55.2206 -22.45 2
      vertex 55.2517 -22.5 9
      vertex 55.2517 -22.5 2
    endloop
  endfacet
  facet normal 0.290149 0.956982 -0
    outer loop
      vertex 55.7671 -22.8693 2
      vertex 55.7107 -22.8522 9
      vertex 55.7671 -22.8693 9
    endloop
  endfacet
  facet normal 0.290149 0.956982 0
    outer loop
      vertex 55.7107 -22.8522 9
      vertex 55.7671 -22.8693 2
      vertex 55.7107 -22.8522 2
    endloop
  endfacet
  facet normal 0.351682 0.93612 -0
    outer loop
      vertex 55.7107 -22.8522 2
      vertex 55.6556 -22.8315 9
      vertex 55.7107 -22.8522 9
    endloop
  endfacet
  facet normal 0.351682 0.93612 0
    outer loop
      vertex 55.6556 -22.8315 9
      vertex 55.7107 -22.8522 2
      vertex 55.6556 -22.8315 2
    endloop
  endfacet
  facet normal 0.0984948 0.995138 -0
    outer loop
      vertex 55.9411 -22.8981 2
      vertex 55.8825 -22.8923 9
      vertex 55.9411 -22.8981 9
    endloop
  endfacet
  facet normal 0.0984948 0.995138 0
    outer loop
      vertex 55.8825 -22.8923 9
      vertex 55.9411 -22.8981 2
      vertex 55.8825 -22.8923 2
    endloop
  endfacet
  facet normal 0.163022 0.986622 -0
    outer loop
      vertex 55.8825 -22.8923 2
      vertex 55.8244 -22.8827 9
      vertex 55.8825 -22.8923 9
    endloop
  endfacet
  facet normal 0.163022 0.986622 0
    outer loop
      vertex 55.8244 -22.8827 9
      vertex 55.8825 -22.8923 2
      vertex 55.8244 -22.8827 2
    endloop
  endfacet
  facet normal 0.582201 0.813045 -0
    outer loop
      vertex 55.5 -22.7483 2
      vertex 55.4521 -22.714 9
      vertex 55.5 -22.7483 9
    endloop
  endfacet
  facet normal 0.582201 0.813045 0
    outer loop
      vertex 55.4521 -22.714 9
      vertex 55.5 -22.7483 2
      vertex 55.4521 -22.714 2
    endloop
  endfacet
  facet normal 0.729643 0.683828 0
    outer loop
      vertex 55.3636 -22.6364 9
      vertex 55.3233 -22.5934 2
      vertex 55.3233 -22.5934 9
    endloop
  endfacet
  facet normal 0.729643 0.683828 0
    outer loop
      vertex 55.3233 -22.5934 2
      vertex 55.3636 -22.6364 9
      vertex 55.3636 -22.6364 2
    endloop
  endfacet
  facet normal -0.986622 -0.163022 0
    outer loop
      vertex 56.8923 -21.8825 2
      vertex 56.8827 -21.8244 9
      vertex 56.8827 -21.8244 2
    endloop
  endfacet
  facet normal -0.986622 -0.163022 0
    outer loop
      vertex 56.8827 -21.8244 9
      vertex 56.8923 -21.8825 2
      vertex 56.8923 -21.8825 9
    endloop
  endfacet
  facet normal -0.582201 -0.813045 0
    outer loop
      vertex 56.5 -21.2517 2
      vertex 56.5479 -21.286 9
      vertex 56.5 -21.2517 9
    endloop
  endfacet
  facet normal -0.582201 -0.813045 -0
    outer loop
      vertex 56.5479 -21.286 9
      vertex 56.5 -21.2517 2
      vertex 56.5479 -21.286 2
    endloop
  endfacet
  facet normal 0.0322413 -0.99948 0
    outer loop
      vertex 55.9411 -21.1019 2
      vertex 56 -21.1 9
      vertex 55.9411 -21.1019 9
    endloop
  endfacet
  facet normal 0.0322413 -0.99948 0
    outer loop
      vertex 56 -21.1 9
      vertex 55.9411 -21.1019 2
      vertex 56 -21.1 2
    endloop
  endfacet
  facet normal 0.729643 -0.683828 0
    outer loop
      vertex 55.3233 -21.4066 9
      vertex 55.3636 -21.3636 2
      vertex 55.3636 -21.3636 9
    endloop
  endfacet
  facet normal 0.729643 -0.683828 0
    outer loop
      vertex 55.3636 -21.3636 2
      vertex 55.3233 -21.4066 9
      vertex 55.3233 -21.4066 2
    endloop
  endfacet
  facet normal 0.773351 -0.633978 0
    outer loop
      vertex 55.286 -21.4521 9
      vertex 55.3233 -21.4066 2
      vertex 55.3233 -21.4066 9
    endloop
  endfacet
  facet normal 0.773351 -0.633978 0
    outer loop
      vertex 55.3233 -21.4066 2
      vertex 55.286 -21.4521 9
      vertex 55.286 -21.4521 2
    endloop
  endfacet
  facet normal 0.881505 -0.472174 0
    outer loop
      vertex 55.1928 -21.6019 9
      vertex 55.2206 -21.55 2
      vertex 55.2206 -21.55 9
    endloop
  endfacet
  facet normal 0.881505 -0.472174 0
    outer loop
      vertex 55.2206 -21.55 2
      vertex 55.1928 -21.6019 9
      vertex 55.1928 -21.6019 2
    endloop
  endfacet
  facet normal 0.813045 -0.582201 0
    outer loop
      vertex 55.2517 -21.5 9
      vertex 55.286 -21.4521 2
      vertex 55.286 -21.4521 9
    endloop
  endfacet
  facet normal 0.813045 -0.582201 0
    outer loop
      vertex 55.286 -21.4521 2
      vertex 55.2517 -21.5 9
      vertex 55.2517 -21.5 2
    endloop
  endfacet
  facet normal -0.995138 0.0984948 0
    outer loop
      vertex 56.8923 -22.1175 2
      vertex 56.8981 -22.0589 9
      vertex 56.8981 -22.0589 2
    endloop
  endfacet
  facet normal -0.995138 0.0984948 0
    outer loop
      vertex 56.8981 -22.0589 9
      vertex 56.8923 -22.1175 2
      vertex 56.8923 -22.1175 9
    endloop
  endfacet
  facet normal -0.729643 0.683828 0
    outer loop
      vertex 56.6364 -22.6364 2
      vertex 56.6767 -22.5934 9
      vertex 56.6767 -22.5934 2
    endloop
  endfacet
  facet normal -0.729643 0.683828 0
    outer loop
      vertex 56.6767 -22.5934 9
      vertex 56.6364 -22.6364 2
      vertex 56.6364 -22.6364 9
    endloop
  endfacet
  facet normal -0.290149 0.956982 0
    outer loop
      vertex 56.2893 -22.8522 2
      vertex 56.2329 -22.8693 9
      vertex 56.2893 -22.8522 9
    endloop
  endfacet
  facet normal -0.290149 0.956982 0
    outer loop
      vertex 56.2329 -22.8693 9
      vertex 56.2893 -22.8522 2
      vertex 56.2329 -22.8693 2
    endloop
  endfacet
  facet normal 0.956982 0.290149 0
    outer loop
      vertex 55.1478 -22.2893 9
      vertex 55.1307 -22.2329 2
      vertex 55.1307 -22.2329 9
    endloop
  endfacet
  facet normal 0.956982 0.290149 0
    outer loop
      vertex 55.1307 -22.2329 2
      vertex 55.1478 -22.2893 9
      vertex 55.1478 -22.2893 2
    endloop
  endfacet
  facet normal 0 0 1
    outer loop
      vertex 56.8981 -21.9411 2
      vertex 56.8981 -22.0589 2
      vertex 56.9 -22 2
    endloop
  endfacet
  facet normal 0 0 1
    outer loop
      vertex 56.8923 -21.8825 2
      vertex 56.8981 -22.0589 2
      vertex 56.8981 -21.9411 2
    endloop
  endfacet
  facet normal 0 0 1
    outer loop
      vertex 56.8923 -21.8825 2
      vertex 56.8923 -22.1175 2
      vertex 56.8981 -22.0589 2
    endloop
  endfacet
  facet normal 0 0 1
    outer loop
      vertex 56.8827 -21.8244 2
      vertex 56.8923 -22.1175 2
      vertex 56.8923 -21.8825 2
    endloop
  endfacet
  facet normal 0 0 1
    outer loop
      vertex 56.8827 -21.8244 2
      vertex 56.8827 -22.1756 2
      vertex 56.8923 -22.1175 2
    endloop
  endfacet
  facet normal 0 0 1
    outer loop
      vertex 56.8693 -21.7671 2
      vertex 56.8827 -22.1756 2
      vertex 56.8827 -21.8244 2
    endloop
  endfacet
  facet normal 0 0 1
    outer loop
      vertex 56.8693 -21.7671 2
      vertex 56.8693 -22.2329 2
      vertex 56.8827 -22.1756 2
    endloop
  endfacet
  facet normal 0 0 1
    outer loop
      vertex 56.8522 -21.7107 2
      vertex 56.8693 -22.2329 2
      vertex 56.8693 -21.7671 2
    endloop
  endfacet
  facet normal 0 0 1
    outer loop
      vertex 56.8522 -21.7107 2
      vertex 56.8522 -22.2893 2
      vertex 56.8693 -22.2329 2
    endloop
  endfacet
  facet normal 0 0 1
    outer loop
      vertex 56.8315 -21.6556 2
      vertex 56.8522 -22.2893 2
      vertex 56.8522 -21.7107 2
    endloop
  endfacet
  facet normal 0 0 1
    outer loop
      vertex 56.8315 -21.6556 2
      vertex 56.8315 -22.3444 2
      vertex 56.8522 -22.2893 2
    endloop
  endfacet
  facet normal 0 0 1
    outer loop
      vertex 56.8072 -21.6019 2
      vertex 56.8315 -22.3444 2
      vertex 56.8315 -21.6556 2
    endloop
  endfacet
  facet normal 0 0 1
    outer loop
      vertex 56.8072 -21.6019 2
      vertex 56.8072 -22.3981 2
      vertex 56.8315 -22.3444 2
    endloop
  endfacet
  facet normal 0 0 1
    outer loop
      vertex 56.7794 -21.55 2
      vertex 56.8072 -22.3981 2
      vertex 56.8072 -21.6019 2
    endloop
  endfacet
  facet normal 0 0 1
    outer loop
      vertex 56.7794 -21.55 2
      vertex 56.7794 -22.45 2
      vertex 56.8072 -22.3981 2
    endloop
  endfacet
  facet normal 0 0 1
    outer loop
      vertex 56.7483 -21.5 2
      vertex 56.7794 -22.45 2
      vertex 56.7794 -21.55 2
    endloop
  endfacet
  facet normal 0 0 1
    outer loop
      vertex 56.7483 -21.5 2
      vertex 56.7483 -22.5 2
      vertex 56.7794 -22.45 2
    endloop
  endfacet
  facet normal 0 0 1
    outer loop
      vertex 56.714 -21.4521 2
      vertex 56.7483 -22.5 2
      vertex 56.7483 -21.5 2
    endloop
  endfacet
  facet normal 0 0 1
    outer loop
      vertex 56.714 -21.4521 2
      vertex 56.714 -22.5479 2
      vertex 56.7483 -22.5 2
    endloop
  endfacet
  facet normal 0 0 1
    outer loop
      vertex 56.6767 -21.4066 2
      vertex 56.714 -22.5479 2
      vertex 56.714 -21.4521 2
    endloop
  endfacet
  facet normal 0 0 1
    outer loop
      vertex 56.6767 -21.4066 2
      vertex 56.6767 -22.5934 2
      vertex 56.714 -22.5479 2
    endloop
  endfacet
  facet normal 0 0 1
    outer loop
      vertex 56.6364 -21.3636 2
      vertex 56.6767 -22.5934 2
      vertex 56.6767 -21.4066 2
    endloop
  endfacet
  facet normal 0 0 1
    outer loop
      vertex 56.6364 -21.3636 2
      vertex 56.6364 -22.6364 2
      vertex 56.6767 -22.5934 2
    endloop
  endfacet
  facet normal 0 0 1
    outer loop
      vertex 56.5934 -21.3233 2
      vertex 56.6364 -22.6364 2
      vertex 56.6364 -21.3636 2
    endloop
  endfacet
  facet normal 0 0 1
    outer loop
      vertex 56.5934 -21.3233 2
      vertex 56.5934 -22.6767 2
      vertex 56.6364 -22.6364 2
    endloop
  endfacet
  facet normal 0 0 1
    outer loop
      vertex 56.5479 -21.286 2
      vertex 56.5934 -22.6767 2
      vertex 56.5934 -21.3233 2
    endloop
  endfacet
  facet normal 0 0 1
    outer loop
      vertex 56.5479 -21.286 2
      vertex 56.5479 -22.714 2
      vertex 56.5934 -22.6767 2
    endloop
  endfacet
  facet normal 0 0 1
    outer loop
      vertex 56.5 -21.2517 2
      vertex 56.5479 -22.714 2
      vertex 56.5479 -21.286 2
    endloop
  endfacet
  facet normal 0 0 1
    outer loop
      vertex 56.5 -21.2517 2
      vertex 56.5 -22.7483 2
      vertex 56.5479 -22.714 2
    endloop
  endfacet
  facet normal 0 0 1
    outer loop
      vertex 56.45 -21.2206 2
      vertex 56.5 -22.7483 2
      vertex 56.5 -21.2517 2
    endloop
  endfacet
  facet normal 0 0 1
    outer loop
      vertex 56.45 -21.2206 2
      vertex 56.45 -22.7794 2
      vertex 56.5 -22.7483 2
    endloop
  endfacet
  facet normal 0 0 1
    outer loop
      vertex 56.3981 -21.1928 2
      vertex 56.45 -22.7794 2
      vertex 56.45 -21.2206 2
    endloop
  endfacet
  facet normal 0 0 1
    outer loop
      vertex 56.3981 -21.1928 2
      vertex 56.3981 -22.8072 2
      vertex 56.45 -22.7794 2
    endloop
  endfacet
  facet normal 0 0 1
    outer loop
      vertex 56.3444 -21.1685 2
      vertex 56.3981 -22.8072 2
      vertex 56.3981 -21.1928 2
    endloop
  endfacet
  facet normal 0 0 1
    outer loop
      vertex 56.3444 -21.1685 2
      vertex 56.3444 -22.8315 2
      vertex 56.3981 -22.8072 2
    endloop
  endfacet
  facet normal 0 0 1
    outer loop
      vertex 56.2893 -21.1478 2
      vertex 56.3444 -22.8315 2
      vertex 56.3444 -21.1685 2
    endloop
  endfacet
  facet normal 0 0 1
    outer loop
      vertex 56.2893 -21.1478 2
      vertex 56.2893 -22.8522 2
      vertex 56.3444 -22.8315 2
    endloop
  endfacet
  facet normal 0 0 1
    outer loop
      vertex 56.2329 -21.1307 2
      vertex 56.2893 -22.8522 2
      vertex 56.2893 -21.1478 2
    endloop
  endfacet
  facet normal 0 0 1
    outer loop
      vertex 56.2329 -21.1307 2
      vertex 56.2329 -22.8693 2
      vertex 56.2893 -22.8522 2
    endloop
  endfacet
  facet normal 0 0 1
    outer loop
      vertex 56.1756 -21.1173 2
      vertex 56.2329 -22.8693 2
      vertex 56.2329 -21.1307 2
    endloop
  endfacet
  facet normal 0 0 1
    outer loop
      vertex 56.1756 -21.1173 2
      vertex 56.1756 -22.8827 2
      vertex 56.2329 -22.8693 2
    endloop
  endfacet
  facet normal 0 0 1
    outer loop
      vertex 56.1175 -21.1077 2
      vertex 56.1756 -22.8827 2
      vertex 56.1756 -21.1173 2
    endloop
  endfacet
  facet normal 0 0 1
    outer loop
      vertex 56.1175 -21.1077 2
      vertex 56.1175 -22.8923 2
      vertex 56.1756 -22.8827 2
    endloop
  endfacet
  facet normal 0 0 1
    outer loop
      vertex 56.0589 -21.1019 2
      vertex 56.1175 -22.8923 2
      vertex 56.1175 -21.1077 2
    endloop
  endfacet
  facet normal 0 0 1
    outer loop
      vertex 56.0589 -21.1019 2
      vertex 56.0589 -22.8981 2
      vertex 56.1175 -22.8923 2
    endloop
  endfacet
  facet normal 0 0 1
    outer loop
      vertex 56 -21.1 2
      vertex 56.0589 -22.8981 2
      vertex 56.0589 -21.1019 2
    endloop
  endfacet
  facet normal 0 0 1
    outer loop
      vertex 56 -21.1 2
      vertex 56 -22.9 2
      vertex 56.0589 -22.8981 2
    endloop
  endfacet
  facet normal -0 0 1
    outer loop
      vertex 55.9411 -21.1019 2
      vertex 56 -22.9 2
      vertex 56 -21.1 2
    endloop
  endfacet
  facet normal 0 0 1
    outer loop
      vertex 55.9411 -21.1019 2
      vertex 55.9411 -22.8981 2
      vertex 56 -22.9 2
    endloop
  endfacet
  facet normal -0 0 1
    outer loop
      vertex 55.8825 -21.1077 2
      vertex 55.9411 -22.8981 2
      vertex 55.9411 -21.1019 2
    endloop
  endfacet
  facet normal 0 0 1
    outer loop
      vertex 55.8825 -21.1077 2
      vertex 55.8825 -22.8923 2
      vertex 55.9411 -22.8981 2
    endloop
  endfacet
  facet normal -0 0 1
    outer loop
      vertex 55.8244 -21.1173 2
      vertex 55.8825 -22.8923 2
      vertex 55.8825 -21.1077 2
    endloop
  endfacet
  facet normal 0 0 1
    outer loop
      vertex 55.8244 -21.1173 2
      vertex 55.8244 -22.8827 2
      vertex 55.8825 -22.8923 2
    endloop
  endfacet
  facet normal -0 0 1
    outer loop
      vertex 55.7671 -21.1307 2
      vertex 55.8244 -22.8827 2
      vertex 55.8244 -21.1173 2
    endloop
  endfacet
  facet normal 0 0 1
    outer loop
      vertex 55.7671 -21.1307 2
      vertex 55.7671 -22.8693 2
      vertex 55.8244 -22.8827 2
    endloop
  endfacet
  facet normal -0 0 1
    outer loop
      vertex 55.7107 -21.1478 2
      vertex 55.7671 -22.8693 2
      vertex 55.7671 -21.1307 2
    endloop
  endfacet
  facet normal 0 0 1
    outer loop
      vertex 55.7107 -21.1478 2
      vertex 55.7107 -22.8522 2
      vertex 55.7671 -22.8693 2
    endloop
  endfacet
  facet normal -0 0 1
    outer loop
      vertex 55.6556 -21.1685 2
      vertex 55.7107 -22.8522 2
      vertex 55.7107 -21.1478 2
    endloop
  endfacet
  facet normal 0 0 1
    outer loop
      vertex 55.6556 -21.1685 2
      vertex 55.6556 -22.8315 2
      vertex 55.7107 -22.8522 2
    endloop
  endfacet
  facet normal -0 0 1
    outer loop
      vertex 55.6019 -21.1928 2
      vertex 55.6556 -22.8315 2
      vertex 55.6556 -21.1685 2
    endloop
  endfacet
  facet normal 0 0 1
    outer loop
      vertex 55.6019 -21.1928 2
      vertex 55.6019 -22.8072 2
      vertex 55.6556 -22.8315 2
    endloop
  endfacet
  facet normal -0 0 1
    outer loop
      vertex 55.55 -21.2206 2
      vertex 55.6019 -22.8072 2
      vertex 55.6019 -21.1928 2
    endloop
  endfacet
  facet normal 0 0 1
    outer loop
      vertex 55.55 -21.2206 2
      vertex 55.55 -22.7794 2
      vertex 55.6019 -22.8072 2
    endloop
  endfacet
  facet normal -0 0 1
    outer loop
      vertex 55.5 -21.2517 2
      vertex 55.55 -22.7794 2
      vertex 55.55 -21.2206 2
    endloop
  endfacet
  facet normal 0 0 1
    outer loop
      vertex 55.5 -21.2517 2
      vertex 55.5 -22.7483 2
      vertex 55.55 -22.7794 2
    endloop
  endfacet
  facet normal -0 0 1
    outer loop
      vertex 55.4521 -21.286 2
      vertex 55.5 -22.7483 2
      vertex 55.5 -21.2517 2
    endloop
  endfacet
  facet normal 0 0 1
    outer loop
      vertex 55.4521 -21.286 2
      vertex 55.4521 -22.714 2
      vertex 55.5 -22.7483 2
    endloop
  endfacet
  facet normal -0 0 1
    outer loop
      vertex 55.4066 -21.3233 2
      vertex 55.4521 -22.714 2
      vertex 55.4521 -21.286 2
    endloop
  endfacet
  facet normal 0 0 1
    outer loop
      vertex 55.4066 -21.3233 2
      vertex 55.4066 -22.6767 2
      vertex 55.4521 -22.714 2
    endloop
  endfacet
  facet normal -0 0 1
    outer loop
      vertex 55.3636 -21.3636 2
      vertex 55.4066 -22.6767 2
      vertex 55.4066 -21.3233 2
    endloop
  endfacet
  facet normal 0 0 1
    outer loop
      vertex 55.3636 -21.3636 2
      vertex 55.3636 -22.6364 2
      vertex 55.4066 -22.6767 2
    endloop
  endfacet
  facet normal -0 0 1
    outer loop
      vertex 55.3233 -21.4066 2
      vertex 55.3636 -22.6364 2
      vertex 55.3636 -21.3636 2
    endloop
  endfacet
  facet normal 0 0 1
    outer loop
      vertex 55.3233 -21.4066 2
      vertex 55.3233 -22.5934 2
      vertex 55.3636 -22.6364 2
    endloop
  endfacet
  facet normal -0 0 1
    outer loop
      vertex 55.286 -21.4521 2
      vertex 55.3233 -22.5934 2
      vertex 55.3233 -21.4066 2
    endloop
  endfacet
  facet normal 0 0 1
    outer loop
      vertex 55.286 -21.4521 2
      vertex 55.286 -22.5479 2
      vertex 55.3233 -22.5934 2
    endloop
  endfacet
  facet normal -0 0 1
    outer loop
      vertex 55.2517 -21.5 2
      vertex 55.286 -22.5479 2
      vertex 55.286 -21.4521 2
    endloop
  endfacet
  facet normal 0 0 1
    outer loop
      vertex 55.2517 -21.5 2
      vertex 55.2517 -22.5 2
      vertex 55.286 -22.5479 2
    endloop
  endfacet
  facet normal -0 0 1
    outer loop
      vertex 55.2206 -21.55 2
      vertex 55.2517 -22.5 2
      vertex 55.2517 -21.5 2
    endloop
  endfacet
  facet normal 0 0 1
    outer loop
      vertex 55.2206 -21.55 2
      vertex 55.2206 -22.45 2
      vertex 55.2517 -22.5 2
    endloop
  endfacet
  facet normal -0 0 1
    outer loop
      vertex 55.1928 -21.6019 2
      vertex 55.2206 -22.45 2
      vertex 55.2206 -21.55 2
    endloop
  endfacet
  facet normal 0 0 1
    outer loop
      vertex 55.1928 -21.6019 2
      vertex 55.1928 -22.3981 2
      vertex 55.2206 -22.45 2
    endloop
  endfacet
  facet normal -0 0 1
    outer loop
      vertex 55.1685 -21.6556 2
      vertex 55.1928 -22.3981 2
      vertex 55.1928 -21.6019 2
    endloop
  endfacet
  facet normal 0 0 1
    outer loop
      vertex 55.1685 -21.6556 2
      vertex 55.1685 -22.3444 2
      vertex 55.1928 -22.3981 2
    endloop
  endfacet
  facet normal -0 0 1
    outer loop
      vertex 55.1478 -21.7107 2
      vertex 55.1685 -22.3444 2
      vertex 55.1685 -21.6556 2
    endloop
  endfacet
  facet normal 0 0 1
    outer loop
      vertex 55.1478 -21.7107 2
      vertex 55.1478 -22.2893 2
      vertex 55.1685 -22.3444 2
    endloop
  endfacet
  facet normal -0 0 1
    outer loop
      vertex 55.1307 -21.7671 2
      vertex 55.1478 -22.2893 2
      vertex 55.1478 -21.7107 2
    endloop
  endfacet
  facet normal 0 0 1
    outer loop
      vertex 55.1307 -21.7671 2
      vertex 55.1307 -22.2329 2
      vertex 55.1478 -22.2893 2
    endloop
  endfacet
  facet normal -0 0 1
    outer loop
      vertex 55.1173 -21.8244 2
      vertex 55.1307 -22.2329 2
      vertex 55.1307 -21.7671 2
    endloop
  endfacet
  facet normal 0 0 1
    outer loop
      vertex 55.1173 -21.8244 2
      vertex 55.1173 -22.1756 2
      vertex 55.1307 -22.2329 2
    endloop
  endfacet
  facet normal -0 0 1
    outer loop
      vertex 55.1077 -21.8825 2
      vertex 55.1173 -22.1756 2
      vertex 55.1173 -21.8244 2
    endloop
  endfacet
  facet normal 0 0 1
    outer loop
      vertex 55.1077 -21.8825 2
      vertex 55.1077 -22.1175 2
      vertex 55.1173 -22.1756 2
    endloop
  endfacet
  facet normal -0 0 1
    outer loop
      vertex 55.1019 -21.9411 2
      vertex 55.1077 -22.1175 2
      vertex 55.1077 -21.8825 2
    endloop
  endfacet
  facet normal 0 0 1
    outer loop
      vertex 55.1019 -21.9411 2
      vertex 55.1019 -22.0589 2
      vertex 55.1077 -22.1175 2
    endloop
  endfacet
  facet normal 0 -0 1
    outer loop
      vertex 55.1019 -22.0589 2
      vertex 55.1019 -21.9411 2
      vertex 55.1 -22 2
    endloop
  endfacet
  facet normal 0.683828 0.729643 -0
    outer loop
      vertex 55.4066 -22.6767 2
      vertex 55.3636 -22.6364 9
      vertex 55.4066 -22.6767 9
    endloop
  endfacet
  facet normal 0.683828 0.729643 0
    outer loop
      vertex 55.3636 -22.6364 9
      vertex 55.4066 -22.6767 2
      vertex 55.3636 -22.6364 2
    endloop
  endfacet
  facet normal -0.995138 -0.0984948 0
    outer loop
      vertex 56.8981 -21.9411 2
      vertex 56.8923 -21.8825 9
      vertex 56.8923 -21.8825 2
    endloop
  endfacet
  facet normal -0.995138 -0.0984948 0
    outer loop
      vertex 56.8923 -21.8825 9
      vertex 56.8981 -21.9411 2
      vertex 56.8981 -21.9411 9
    endloop
  endfacet
  facet normal -0.956982 -0.290149 0
    outer loop
      vertex 56.8693 -21.7671 2
      vertex 56.8522 -21.7107 9
      vertex 56.8522 -21.7107 2
    endloop
  endfacet
  facet normal -0.956982 -0.290149 0
    outer loop
      vertex 56.8522 -21.7107 9
      vertex 56.8693 -21.7671 2
      vertex 56.8693 -21.7671 9
    endloop
  endfacet
  facet normal -0.881505 -0.472174 0
    outer loop
      vertex 56.8072 -21.6019 2
      vertex 56.7794 -21.55 9
      vertex 56.7794 -21.55 2
    endloop
  endfacet
  facet normal -0.881505 -0.472174 0
    outer loop
      vertex 56.7794 -21.55 9
      vertex 56.8072 -21.6019 2
      vertex 56.8072 -21.6019 9
    endloop
  endfacet
  facet normal -0.93612 -0.351682 0
    outer loop
      vertex 56.8522 -21.7107 2
      vertex 56.8315 -21.6556 9
      vertex 56.8315 -21.6556 2
    endloop
  endfacet
  facet normal -0.93612 -0.351682 0
    outer loop
      vertex 56.8315 -21.6556 9
      vertex 56.8522 -21.7107 2
      vertex 56.8522 -21.7107 9
    endloop
  endfacet
  facet normal -0.973728 -0.227713 0
    outer loop
      vertex 56.8827 -21.8244 2
      vertex 56.8693 -21.7671 9
      vertex 56.8693 -21.7671 2
    endloop
  endfacet
  facet normal -0.973728 -0.227713 0
    outer loop
      vertex 56.8693 -21.7671 9
      vertex 56.8827 -21.8244 2
      vertex 56.8827 -21.8244 9
    endloop
  endfacet
  facet normal -0.472174 -0.881505 0
    outer loop
      vertex 56.3981 -21.1928 2
      vertex 56.45 -21.2206 9
      vertex 56.3981 -21.1928 9
    endloop
  endfacet
  facet normal -0.472174 -0.881505 -0
    outer loop
      vertex 56.45 -21.2206 9
      vertex 56.3981 -21.1928 2
      vertex 56.45 -21.2206 2
    endloop
  endfacet
  facet normal -0.633978 -0.773351 0
    outer loop
      vertex 56.5479 -21.286 2
      vertex 56.5934 -21.3233 9
      vertex 56.5479 -21.286 9
    endloop
  endfacet
  facet normal -0.633978 -0.773351 -0
    outer loop
      vertex 56.5934 -21.3233 9
      vertex 56.5479 -21.286 2
      vertex 56.5934 -21.3233 2
    endloop
  endfacet
  facet normal -0.729643 -0.683828 0
    outer loop
      vertex 56.6767 -21.4066 2
      vertex 56.6364 -21.3636 9
      vertex 56.6364 -21.3636 2
    endloop
  endfacet
  facet normal -0.729643 -0.683828 0
    outer loop
      vertex 56.6364 -21.3636 9
      vertex 56.6767 -21.4066 2
      vertex 56.6767 -21.4066 9
    endloop
  endfacet
  facet normal -0.683828 -0.729643 0
    outer loop
      vertex 56.5934 -21.3233 2
      vertex 56.6364 -21.3636 9
      vertex 56.5934 -21.3233 9
    endloop
  endfacet
  facet normal -0.683828 -0.729643 -0
    outer loop
      vertex 56.6364 -21.3636 9
      vertex 56.5934 -21.3233 2
      vertex 56.6364 -21.3636 2
    endloop
  endfacet
  facet normal -0.773351 -0.633978 0
    outer loop
      vertex 56.714 -21.4521 2
      vertex 56.6767 -21.4066 9
      vertex 56.6767 -21.4066 2
    endloop
  endfacet
  facet normal -0.773351 -0.633978 0
    outer loop
      vertex 56.6767 -21.4066 9
      vertex 56.714 -21.4521 2
      vertex 56.714 -21.4521 9
    endloop
  endfacet
  facet normal 0.633978 -0.773351 0
    outer loop
      vertex 55.4066 -21.3233 2
      vertex 55.4521 -21.286 9
      vertex 55.4066 -21.3233 9
    endloop
  endfacet
  facet normal 0.633978 -0.773351 0
    outer loop
      vertex 55.4521 -21.286 9
      vertex 55.4066 -21.3233 2
      vertex 55.4521 -21.286 2
    endloop
  endfacet
  facet normal -0.0322413 -0.99948 0
    outer loop
      vertex 56 -21.1 2
      vertex 56.0589 -21.1019 9
      vertex 56 -21.1 9
    endloop
  endfacet
  facet normal -0.0322413 -0.99948 -0
    outer loop
      vertex 56.0589 -21.1019 9
      vertex 56 -21.1 2
      vertex 56.0589 -21.1019 2
    endloop
  endfacet
  facet normal 0.290149 -0.956982 0
    outer loop
      vertex 55.7107 -21.1478 2
      vertex 55.7671 -21.1307 9
      vertex 55.7107 -21.1478 9
    endloop
  endfacet
  facet normal 0.290149 -0.956982 0
    outer loop
      vertex 55.7671 -21.1307 9
      vertex 55.7107 -21.1478 2
      vertex 55.7671 -21.1307 2
    endloop
  endfacet
  facet normal 0.528166 -0.849141 0
    outer loop
      vertex 55.5 -21.2517 2
      vertex 55.55 -21.2206 9
      vertex 55.5 -21.2517 9
    endloop
  endfacet
  facet normal 0.528166 -0.849141 0
    outer loop
      vertex 55.55 -21.2206 9
      vertex 55.5 -21.2517 2
      vertex 55.55 -21.2206 2
    endloop
  endfacet
  facet normal 0.995138 -0.0984948 0
    outer loop
      vertex 55.1019 -21.9411 9
      vertex 55.1077 -21.8825 2
      vertex 55.1077 -21.8825 9
    endloop
  endfacet
  facet normal 0.995138 -0.0984948 0
    outer loop
      vertex 55.1077 -21.8825 2
      vertex 55.1019 -21.9411 9
      vertex 55.1019 -21.9411 2
    endloop
  endfacet
  facet normal 0.973728 -0.227713 0
    outer loop
      vertex 55.1173 -21.8244 9
      vertex 55.1307 -21.7671 2
      vertex 55.1307 -21.7671 9
    endloop
  endfacet
  facet normal 0.973728 -0.227713 0
    outer loop
      vertex 55.1307 -21.7671 2
      vertex 55.1173 -21.8244 9
      vertex 55.1173 -21.8244 2
    endloop
  endfacet
  facet normal 0.911062 -0.412268 0
    outer loop
      vertex 55.1685 -21.6556 9
      vertex 55.1928 -21.6019 2
      vertex 55.1928 -21.6019 9
    endloop
  endfacet
  facet normal 0.911062 -0.412268 0
    outer loop
      vertex 55.1928 -21.6019 2
      vertex 55.1685 -21.6556 9
      vertex 55.1685 -21.6556 2
    endloop
  endfacet
  facet normal 0.683828 -0.729643 0
    outer loop
      vertex 55.3636 -21.3636 2
      vertex 55.4066 -21.3233 9
      vertex 55.3636 -21.3636 9
    endloop
  endfacet
  facet normal 0.683828 -0.729643 0
    outer loop
      vertex 55.4066 -21.3233 9
      vertex 55.3636 -21.3636 2
      vertex 55.4066 -21.3233 2
    endloop
  endfacet
  facet normal 0.849141 -0.528166 0
    outer loop
      vertex 55.2206 -21.55 9
      vertex 55.2517 -21.5 2
      vertex 55.2517 -21.5 9
    endloop
  endfacet
  facet normal 0.849141 -0.528166 0
    outer loop
      vertex 55.2517 -21.5 2
      vertex 55.2206 -21.55 9
      vertex 55.2206 -21.55 2
    endloop
  endfacet
  facet normal -0.163022 -0.986622 0
    outer loop
      vertex 56.1175 -21.1077 2
      vertex 56.1756 -21.1173 9
      vertex 56.1175 -21.1077 9
    endloop
  endfacet
  facet normal -0.163022 -0.986622 -0
    outer loop
      vertex 56.1756 -21.1173 9
      vertex 56.1175 -21.1077 2
      vertex 56.1756 -21.1173 2
    endloop
  endfacet
  facet normal -0.412268 -0.911062 0
    outer loop
      vertex 56.3444 -21.1685 2
      vertex 56.3981 -21.1928 9
      vertex 56.3444 -21.1685 9
    endloop
  endfacet
  facet normal -0.412268 -0.911062 -0
    outer loop
      vertex 56.3981 -21.1928 9
      vertex 56.3444 -21.1685 2
      vertex 56.3981 -21.1928 2
    endloop
  endfacet
  facet normal -0.956982 0.290149 0
    outer loop
      vertex 56.8522 -22.2893 2
      vertex 56.8693 -22.2329 9
      vertex 56.8693 -22.2329 2
    endloop
  endfacet
  facet normal -0.956982 0.290149 0
    outer loop
      vertex 56.8693 -22.2329 9
      vertex 56.8522 -22.2893 2
      vertex 56.8522 -22.2893 9
    endloop
  endfacet
  facet normal -0.911062 -0.412268 0
    outer loop
      vertex 56.8315 -21.6556 2
      vertex 56.8072 -21.6019 9
      vertex 56.8072 -21.6019 2
    endloop
  endfacet
  facet normal -0.911062 -0.412268 0
    outer loop
      vertex 56.8072 -21.6019 9
      vertex 56.8315 -21.6556 2
      vertex 56.8315 -21.6556 9
    endloop
  endfacet
  facet normal -0.528166 -0.849141 0
    outer loop
      vertex 56.45 -21.2206 2
      vertex 56.5 -21.2517 9
      vertex 56.45 -21.2206 9
    endloop
  endfacet
  facet normal -0.528166 -0.849141 -0
    outer loop
      vertex 56.5 -21.2517 9
      vertex 56.45 -21.2206 2
      vertex 56.5 -21.2517 2
    endloop
  endfacet
  facet normal -0.849141 -0.528166 0
    outer loop
      vertex 56.7794 -21.55 2
      vertex 56.7483 -21.5 9
      vertex 56.7483 -21.5 2
    endloop
  endfacet
  facet normal -0.849141 -0.528166 0
    outer loop
      vertex 56.7483 -21.5 9
      vertex 56.7794 -21.55 2
      vertex 56.7794 -21.55 9
    endloop
  endfacet
  facet normal -0.813045 -0.582201 0
    outer loop
      vertex 56.7483 -21.5 2
      vertex 56.714 -21.4521 9
      vertex 56.714 -21.4521 2
    endloop
  endfacet
  facet normal -0.813045 -0.582201 0
    outer loop
      vertex 56.714 -21.4521 9
      vertex 56.7483 -21.5 2
      vertex 56.7483 -21.5 9
    endloop
  endfacet
  facet normal 0.163022 -0.986622 0
    outer loop
      vertex 55.8244 -21.1173 2
      vertex 55.8825 -21.1077 9
      vertex 55.8244 -21.1173 9
    endloop
  endfacet
  facet normal 0.163022 -0.986622 0
    outer loop
      vertex 55.8825 -21.1077 9
      vertex 55.8244 -21.1173 2
      vertex 55.8825 -21.1077 2
    endloop
  endfacet
  facet normal 0.472174 -0.881505 0
    outer loop
      vertex 55.55 -21.2206 2
      vertex 55.6019 -21.1928 9
      vertex 55.55 -21.2206 9
    endloop
  endfacet
  facet normal 0.472174 -0.881505 0
    outer loop
      vertex 55.6019 -21.1928 9
      vertex 55.55 -21.2206 2
      vertex 55.6019 -21.1928 2
    endloop
  endfacet
  facet normal 0.351682 -0.93612 0
    outer loop
      vertex 55.6556 -21.1685 2
      vertex 55.7107 -21.1478 9
      vertex 55.6556 -21.1685 9
    endloop
  endfacet
  facet normal 0.351682 -0.93612 0
    outer loop
      vertex 55.7107 -21.1478 9
      vertex 55.6556 -21.1685 2
      vertex 55.7107 -21.1478 2
    endloop
  endfacet
  facet normal 0.582201 -0.813045 0
    outer loop
      vertex 55.4521 -21.286 2
      vertex 55.5 -21.2517 9
      vertex 55.4521 -21.286 9
    endloop
  endfacet
  facet normal 0.582201 -0.813045 0
    outer loop
      vertex 55.5 -21.2517 9
      vertex 55.4521 -21.286 2
      vertex 55.5 -21.2517 2
    endloop
  endfacet
  facet normal 0.986622 -0.163022 0
    outer loop
      vertex 55.1077 -21.8825 9
      vertex 55.1173 -21.8244 2
      vertex 55.1173 -21.8244 9
    endloop
  endfacet
  facet normal 0.986622 -0.163022 0
    outer loop
      vertex 55.1173 -21.8244 2
      vertex 55.1077 -21.8825 9
      vertex 55.1077 -21.8825 2
    endloop
  endfacet
  facet normal 0.93612 -0.351682 0
    outer loop
      vertex 55.1478 -21.7107 9
      vertex 55.1685 -21.6556 2
      vertex 55.1685 -21.6556 9
    endloop
  endfacet
  facet normal 0.93612 -0.351682 0
    outer loop
      vertex 55.1685 -21.6556 2
      vertex 55.1478 -21.7107 9
      vertex 55.1478 -21.7107 2
    endloop
  endfacet
  facet normal 0.956982 -0.290149 0
    outer loop
      vertex 55.1307 -21.7671 9
      vertex 55.1478 -21.7107 2
      vertex 55.1478 -21.7107 9
    endloop
  endfacet
  facet normal 0.956982 -0.290149 0
    outer loop
      vertex 55.1478 -21.7107 2
      vertex 55.1307 -21.7671 9
      vertex 55.1307 -21.7671 2
    endloop
  endfacet
  facet normal -0.290149 -0.956982 0
    outer loop
      vertex 56.2329 -21.1307 2
      vertex 56.2893 -21.1478 9
      vertex 56.2329 -21.1307 9
    endloop
  endfacet
  facet normal -0.290149 -0.956982 -0
    outer loop
      vertex 56.2893 -21.1478 9
      vertex 56.2329 -21.1307 2
      vertex 56.2893 -21.1478 2
    endloop
  endfacet
  facet normal -0.227713 -0.973728 0
    outer loop
      vertex 56.1756 -21.1173 2
      vertex 56.2329 -21.1307 9
      vertex 56.1756 -21.1173 9
    endloop
  endfacet
  facet normal -0.227713 -0.973728 -0
    outer loop
      vertex 56.2329 -21.1307 9
      vertex 56.1756 -21.1173 2
      vertex 56.2329 -21.1307 2
    endloop
  endfacet
  facet normal 0.227713 -0.973728 0
    outer loop
      vertex 55.7671 -21.1307 2
      vertex 55.8244 -21.1173 9
      vertex 55.7671 -21.1307 9
    endloop
  endfacet
  facet normal 0.227713 -0.973728 0
    outer loop
      vertex 55.8244 -21.1173 9
      vertex 55.7671 -21.1307 2
      vertex 55.8244 -21.1173 2
    endloop
  endfacet
  facet normal 0.412268 -0.911062 0
    outer loop
      vertex 55.6019 -21.1928 2
      vertex 55.6556 -21.1685 9
      vertex 55.6019 -21.1928 9
    endloop
  endfacet
  facet normal 0.412268 -0.911062 0
    outer loop
      vertex 55.6556 -21.1685 9
      vertex 55.6019 -21.1928 2
      vertex 55.6556 -21.1685 2
    endloop
  endfacet
  facet normal -0.999466 0.0326885 0
    outer loop
      vertex -27.9323 -0.987587 0
      vertex -27.9 0 1.6
      vertex -27.9 0 0
    endloop
  endfacet
  facet normal -0.999466 0.0326885 0
    outer loop
      vertex -27.9 0 1.6
      vertex -27.9323 -0.987587 0
      vertex -27.9323 -0.987587 1.6
    endloop
  endfacet
  facet normal 0.999466 0.0326885 0
    outer loop
      vertex -58.0677 -0.987587 1.6
      vertex -58.1 0 0
      vertex -58.1 0 1.6
    endloop
  endfacet
  facet normal 0.999466 0.0326885 0
    outer loop
      vertex -58.1 0 0
      vertex -58.0677 -0.987587 1.6
      vertex -58.0677 -0.987587 0
    endloop
  endfacet
  facet normal -0.0326881 0.999466 0
    outer loop
      vertex -42.0124 -15.0677 0
      vertex -43 -15.1 1.6
      vertex -42.0124 -15.0677 1.6
    endloop
  endfacet
  facet normal -0.0326881 0.999466 0
    outer loop
      vertex -43 -15.1 1.6
      vertex -42.0124 -15.0677 0
      vertex -43 -15.1 0
    endloop
  endfacet
  facet normal -0.729843 0.683615 0
    outer loop
      vertex -32.3227 -10.6773 0
      vertex -31.6472 -9.95612 1.6
      vertex -31.6472 -9.95612 0
    endloop
  endfacet
  facet normal -0.729843 0.683615 0
    outer loop
      vertex -31.6472 -9.95612 1.6
      vertex -32.3227 -10.6773 0
      vertex -32.3227 -10.6773 1.6
    endloop
  endfacet
  facet normal 0.683604 0.729853 -0
    outer loop
      vertex -52.9561 -11.3528 0
      vertex -53.6773 -10.6773 1.6
      vertex -52.9561 -11.3528 1.6
    endloop
  endfacet
  facet normal 0.683604 0.729853 0
    outer loop
      vertex -53.6773 -10.6773 1.6
      vertex -52.9561 -11.3528 0
      vertex -53.6773 -10.6773 0
    endloop
  endfacet
  facet normal 0.352188 0.935929 -0
    outer loop
      vertex -47.8537 -14.2986 0
      vertex -48.7785 -13.9506 1.6
      vertex -47.8537 -14.2986 1.6
    endloop
  endfacet
  facet normal 0.352188 0.935929 0
    outer loop
      vertex -48.7785 -13.9506 1.6
      vertex -47.8537 -14.2986 0
      vertex -48.7785 -13.9506 0
    endloop
  endfacet
  facet normal -0.935927 0.352195 0
    outer loop
      vertex -29.0494 -5.77852 0
      vertex -28.7014 -4.85374 1.6
      vertex -28.7014 -4.85374 0
    endloop
  endfacet
  facet normal -0.935927 0.352195 0
    outer loop
      vertex -28.7014 -4.85374 1.6
      vertex -29.0494 -5.77852 0
      vertex -29.0494 -5.77852 1.6
    endloop
  endfacet
  facet normal -0.412682 0.910875 0
    outer loop
      vertex -36.3214 -13.5428 0
      vertex -37.2215 -13.9506 1.6
      vertex -36.3214 -13.5428 1.6
    endloop
  endfacet
  facet normal -0.412682 0.910875 0
    outer loop
      vertex -37.2215 -13.9506 1.6
      vertex -36.3214 -13.5428 0
      vertex -37.2215 -13.9506 0
    endloop
  endfacet
  facet normal -0.582501 0.81283 0
    outer loop
      vertex -33.8077 -11.9796 0
      vertex -34.6109 -12.5552 1.6
      vertex -33.8077 -11.9796 1.6
    endloop
  endfacet
  facet normal -0.582501 0.81283 0
    outer loop
      vertex -34.6109 -12.5552 1.6
      vertex -33.8077 -11.9796 0
      vertex -34.6109 -12.5552 0
    endloop
  endfacet
  facet normal 0.910865 0.412705 0
    outer loop
      vertex -56.5428 -6.67856 1.6
      vertex -56.9506 -5.77852 0
      vertex -56.9506 -5.77852 1.6
    endloop
  endfacet
  facet normal 0.910865 0.412705 0
    outer loop
      vertex -56.9506 -5.77852 0
      vertex -56.5428 -6.67856 1.6
      vertex -56.5428 -6.67856 0
    endloop
  endfacet
  facet normal 0.162823 0.986655 -0
    outer loop
      vertex -44.9709 -14.9708 0
      vertex -45.9459 -14.8099 1.6
      vertex -44.9709 -14.9708 1.6
    endloop
  endfacet
  facet normal 0.162823 0.986655 0
    outer loop
      vertex -45.9459 -14.8099 1.6
      vertex -44.9709 -14.9708 0
      vertex -45.9459 -14.8099 0
    endloop
  endfacet
  facet normal -0.986653 0.162838 0
    outer loop
      vertex -28.1901 -2.94586 0
      vertex -28.0292 -1.97095 1.6
      vertex -28.0292 -1.97095 0
    endloop
  endfacet
  facet normal -0.986653 0.162838 0
    outer loop
      vertex -28.0292 -1.97095 1.6
      vertex -28.1901 -2.94586 0
      vertex -28.1901 -2.94586 1.6
    endloop
  endfacet
  facet normal -0.99518 0.0980644 0
    outer loop
      vertex -28.0292 -1.97095 0
      vertex -27.9323 -0.987587 1.6
      vertex -27.9323 -0.987587 0
    endloop
  endfacet
  facet normal -0.99518 0.0980644 0
    outer loop
      vertex -27.9323 -0.987587 1.6
      vertex -28.0292 -1.97095 0
      vertex -28.0292 -1.97095 1.6
    endloop
  endfacet
  facet normal -0.973872 0.227096 0
    outer loop
      vertex -28.4145 -3.90817 0
      vertex -28.1901 -2.94586 1.6
      vertex -28.1901 -2.94586 0
    endloop
  endfacet
  facet normal -0.973872 0.227096 0
    outer loop
      vertex -28.1901 -2.94586 1.6
      vertex -28.4145 -3.90817 0
      vertex -28.4145 -3.90817 1.6
    endloop
  endfacet
  facet normal -0.849199 0.528074 0
    outer loop
      vertex -30.4448 -8.38911 0
      vertex -29.923 -7.55 1.6
      vertex -29.923 -7.55 0
    endloop
  endfacet
  facet normal -0.849199 0.528074 0
    outer loop
      vertex -29.923 -7.55 1.6
      vertex -30.4448 -8.38911 0
      vertex -30.4448 -8.38911 1.6
    endloop
  endfacet
  facet normal -0.812826 0.582506 0
    outer loop
      vertex -31.0204 -9.1923 0
      vertex -30.4448 -8.38911 1.6
      vertex -30.4448 -8.38911 0
    endloop
  endfacet
  facet normal -0.812826 0.582506 0
    outer loop
      vertex -30.4448 -8.38911 1.6
      vertex -31.0204 -9.1923 0
      vertex -31.0204 -9.1923 1.6
    endloop
  endfacet
  facet normal -0.881919 0.471401 0
    outer loop
      vertex -29.923 -7.55 0
      vertex -29.4572 -6.67856 1.6
      vertex -29.4572 -6.67856 0
    endloop
  endfacet
  facet normal -0.881919 0.471401 0
    outer loop
      vertex -29.4572 -6.67856 1.6
      vertex -29.923 -7.55 0
      vertex -29.923 -7.55 1.6
    endloop
  endfacet
  facet normal -0.227098 0.973872 0
    outer loop
      vertex -39.0918 -14.5855 0
      vertex -40.0541 -14.8099 1.6
      vertex -39.0918 -14.5855 1.6
    endloop
  endfacet
  facet normal -0.227098 0.973872 0
    outer loop
      vertex -40.0541 -14.8099 1.6
      vertex -39.0918 -14.5855 0
      vertex -40.0541 -14.8099 0
    endloop
  endfacet
  facet normal -0.528078 0.849196 0
    outer loop
      vertex -34.6109 -12.5552 0
      vertex -35.45 -13.077 1.6
      vertex -34.6109 -12.5552 1.6
    endloop
  endfacet
  facet normal -0.528078 0.849196 0
    outer loop
      vertex -35.45 -13.077 1.6
      vertex -34.6109 -12.5552 0
      vertex -35.45 -13.077 0
    endloop
  endfacet
  facet normal -0.634372 0.773028 0
    outer loop
      vertex -33.0439 -11.3528 0
      vertex -33.8077 -11.9796 1.6
      vertex -33.0439 -11.3528 1.6
    endloop
  endfacet
  facet normal -0.634372 0.773028 0
    outer loop
      vertex -33.8077 -11.9796 1.6
      vertex -33.0439 -11.3528 0
      vertex -33.8077 -11.9796 0
    endloop
  endfacet
  facet normal 0.973872 0.227096 0
    outer loop
      vertex -57.5855 -3.90817 1.6
      vertex -57.8099 -2.94586 0
      vertex -57.8099 -2.94586 1.6
    endloop
  endfacet
  facet normal 0.973872 0.227096 0
    outer loop
      vertex -57.8099 -2.94586 0
      vertex -57.5855 -3.90817 1.6
      vertex -57.5855 -3.90817 0
    endloop
  endfacet
  facet normal 0.812826 0.582506 0
    outer loop
      vertex -54.9796 -9.1923 1.6
      vertex -55.5552 -8.38911 0
      vertex -55.5552 -8.38911 1.6
    endloop
  endfacet
  facet normal 0.812826 0.582506 0
    outer loop
      vertex -55.5552 -8.38911 0
      vertex -54.9796 -9.1923 1.6
      vertex -54.9796 -9.1923 0
    endloop
  endfacet
  facet normal 0.849199 0.528074 0
    outer loop
      vertex -55.5552 -8.38911 1.6
      vertex -56.077 -7.55 0
      vertex -56.077 -7.55 1.6
    endloop
  endfacet
  facet normal 0.849199 0.528074 0
    outer loop
      vertex -56.077 -7.55 0
      vertex -55.5552 -8.38911 1.6
      vertex -55.5552 -8.38911 0
    endloop
  endfacet
  facet normal 0.528078 0.849196 -0
    outer loop
      vertex -50.55 -13.077 0
      vertex -51.3891 -12.5552 1.6
      vertex -50.55 -13.077 1.6
    endloop
  endfacet
  facet normal 0.528078 0.849196 0
    outer loop
      vertex -51.3891 -12.5552 1.6
      vertex -50.55 -13.077 0
      vertex -51.3891 -12.5552 0
    endloop
  endfacet
  facet normal 0.582501 0.81283 -0
    outer loop
      vertex -51.3891 -12.5552 0
      vertex -52.1923 -11.9796 1.6
      vertex -51.3891 -12.5552 1.6
    endloop
  endfacet
  facet normal 0.582501 0.81283 0
    outer loop
      vertex -52.1923 -11.9796 1.6
      vertex -51.3891 -12.5552 0
      vertex -52.1923 -11.9796 0
    endloop
  endfacet
  facet normal 0.227098 0.973872 -0
    outer loop
      vertex -45.9459 -14.8099 0
      vertex -46.9082 -14.5855 1.6
      vertex -45.9459 -14.8099 1.6
    endloop
  endfacet
  facet normal 0.227098 0.973872 0
    outer loop
      vertex -46.9082 -14.5855 1.6
      vertex -45.9459 -14.8099 0
      vertex -46.9082 -14.5855 0
    endloop
  endfacet
  facet normal 0.0326881 0.999466 -0
    outer loop
      vertex -43 -15.1 0
      vertex -43.9876 -15.0677 1.6
      vertex -43 -15.1 1.6
    endloop
  endfacet
  facet normal 0.0326881 0.999466 0
    outer loop
      vertex -43.9876 -15.0677 1.6
      vertex -43 -15.1 0
      vertex -43.9876 -15.0677 0
    endloop
  endfacet
  facet normal -0.162823 -0.986655 0
    outer loop
      vertex -41.0291 14.9708 0
      vertex -40.0541 14.8099 1.6
      vertex -41.0291 14.9708 1.6
    endloop
  endfacet
  facet normal -0.162823 -0.986655 -0
    outer loop
      vertex -40.0541 14.8099 1.6
      vertex -41.0291 14.9708 0
      vertex -40.0541 14.8099 0
    endloop
  endfacet
  facet normal -0.0326881 -0.999466 0
    outer loop
      vertex -43 15.1 0
      vertex -42.0124 15.0677 1.6
      vertex -43 15.1 1.6
    endloop
  endfacet
  facet normal -0.0326881 -0.999466 -0
    outer loop
      vertex -42.0124 15.0677 1.6
      vertex -43 15.1 0
      vertex -42.0124 15.0677 0
    endloop
  endfacet
  facet normal -0.227098 -0.973872 0
    outer loop
      vertex -40.0541 14.8099 0
      vertex -39.0918 14.5855 1.6
      vertex -40.0541 14.8099 1.6
    endloop
  endfacet
  facet normal -0.227098 -0.973872 -0
    outer loop
      vertex -39.0918 14.5855 1.6
      vertex -40.0541 14.8099 0
      vertex -39.0918 14.5855 0
    endloop
  endfacet
  facet normal -0.582501 -0.81283 0
    outer loop
      vertex -34.6109 12.5552 0
      vertex -33.8077 11.9796 1.6
      vertex -34.6109 12.5552 1.6
    endloop
  endfacet
  facet normal -0.582501 -0.81283 -0
    outer loop
      vertex -33.8077 11.9796 1.6
      vertex -34.6109 12.5552 0
      vertex -33.8077 11.9796 0
    endloop
  endfacet
  facet normal -0.849199 -0.528074 0
    outer loop
      vertex -29.923 7.55 0
      vertex -30.4448 8.38911 1.6
      vertex -30.4448 8.38911 0
    endloop
  endfacet
  facet normal -0.849199 -0.528074 0
    outer loop
      vertex -30.4448 8.38911 1.6
      vertex -29.923 7.55 0
      vertex -29.923 7.55 1.6
    endloop
  endfacet
  facet normal 0.528078 -0.849196 0
    outer loop
      vertex -51.3891 12.5552 0
      vertex -50.55 13.077 1.6
      vertex -51.3891 12.5552 1.6
    endloop
  endfacet
  facet normal 0.528078 -0.849196 0
    outer loop
      vertex -50.55 13.077 1.6
      vertex -51.3891 12.5552 0
      vertex -50.55 13.077 0
    endloop
  endfacet
  facet normal 0.812826 -0.582506 0
    outer loop
      vertex -55.5552 8.38911 1.6
      vertex -54.9796 9.1923 0
      vertex -54.9796 9.1923 1.6
    endloop
  endfacet
  facet normal 0.812826 -0.582506 0
    outer loop
      vertex -54.9796 9.1923 0
      vertex -55.5552 8.38911 1.6
      vertex -55.5552 8.38911 0
    endloop
  endfacet
  facet normal 0.729843 -0.683615 0
    outer loop
      vertex -54.3528 9.95612 1.6
      vertex -53.6773 10.6773 0
      vertex -53.6773 10.6773 1.6
    endloop
  endfacet
  facet normal 0.729843 -0.683615 0
    outer loop
      vertex -53.6773 10.6773 0
      vertex -54.3528 9.95612 1.6
      vertex -54.3528 9.95612 0
    endloop
  endfacet
  facet normal 0.973872 -0.227096 0
    outer loop
      vertex -57.8099 2.94586 1.6
      vertex -57.5855 3.90817 0
      vertex -57.5855 3.90817 1.6
    endloop
  endfacet
  facet normal 0.973872 -0.227096 0
    outer loop
      vertex -57.5855 3.90817 0
      vertex -57.8099 2.94586 1.6
      vertex -57.8099 2.94586 0
    endloop
  endfacet
  facet normal 0.935927 -0.352195 0
    outer loop
      vertex -57.2986 4.85374 1.6
      vertex -56.9506 5.77852 0
      vertex -56.9506 5.77852 1.6
    endloop
  endfacet
  facet normal 0.935927 -0.352195 0
    outer loop
      vertex -56.9506 5.77852 0
      vertex -57.2986 4.85374 1.6
      vertex -57.2986 4.85374 0
    endloop
  endfacet
  facet normal 0.986653 -0.162838 0
    outer loop
      vertex -57.9708 1.97095 1.6
      vertex -57.8099 2.94586 0
      vertex -57.8099 2.94586 1.6
    endloop
  endfacet
  facet normal 0.986653 -0.162838 0
    outer loop
      vertex -57.8099 2.94586 0
      vertex -57.9708 1.97095 1.6
      vertex -57.9708 1.97095 0
    endloop
  endfacet
  facet normal 0.999466 -0.0326885 0
    outer loop
      vertex -58.1 0 1.6
      vertex -58.0677 0.987587 0
      vertex -58.0677 0.987587 1.6
    endloop
  endfacet
  facet normal 0.999466 -0.0326885 0
    outer loop
      vertex -58.0677 0.987587 0
      vertex -58.1 0 1.6
      vertex -58.1 0 0
    endloop
  endfacet
  facet normal -0.956922 0.290344 0
    outer loop
      vertex -28.7014 -4.85374 0
      vertex -28.4145 -3.90817 1.6
      vertex -28.4145 -3.90817 0
    endloop
  endfacet
  facet normal -0.956922 0.290344 0
    outer loop
      vertex -28.4145 -3.90817 1.6
      vertex -28.7014 -4.85374 0
      vertex -28.7014 -4.85374 1.6
    endloop
  endfacet
  facet normal -0.773036 0.634363 0
    outer loop
      vertex -31.6472 -9.95612 0
      vertex -31.0204 -9.1923 1.6
      vertex -31.0204 -9.1923 0
    endloop
  endfacet
  facet normal -0.773036 0.634363 0
    outer loop
      vertex -31.0204 -9.1923 1.6
      vertex -31.6472 -9.95612 0
      vertex -31.6472 -9.95612 1.6
    endloop
  endfacet
  facet normal -0.910865 0.412705 0
    outer loop
      vertex -29.4572 -6.67856 0
      vertex -29.0494 -5.77852 1.6
      vertex -29.0494 -5.77852 0
    endloop
  endfacet
  facet normal -0.910865 0.412705 0
    outer loop
      vertex -29.0494 -5.77852 1.6
      vertex -29.4572 -6.67856 0
      vertex -29.4572 -6.67856 1.6
    endloop
  endfacet
  facet normal -0.290364 0.956916 0
    outer loop
      vertex -38.1463 -14.2986 0
      vertex -39.0918 -14.5855 1.6
      vertex -38.1463 -14.2986 1.6
    endloop
  endfacet
  facet normal -0.290364 0.956916 0
    outer loop
      vertex -39.0918 -14.5855 1.6
      vertex -38.1463 -14.2986 0
      vertex -39.0918 -14.5855 0
    endloop
  endfacet
  facet normal -0.352188 0.935929 0
    outer loop
      vertex -37.2215 -13.9506 0
      vertex -38.1463 -14.2986 1.6
      vertex -37.2215 -13.9506 1.6
    endloop
  endfacet
  facet normal -0.352188 0.935929 0
    outer loop
      vertex -38.1463 -14.2986 1.6
      vertex -37.2215 -13.9506 0
      vertex -38.1463 -14.2986 0
    endloop
  endfacet
  facet normal -0.162823 0.986655 0
    outer loop
      vertex -40.0541 -14.8099 0
      vertex -41.0291 -14.9708 1.6
      vertex -40.0541 -14.8099 1.6
    endloop
  endfacet
  facet normal -0.162823 0.986655 0
    outer loop
      vertex -41.0291 -14.9708 1.6
      vertex -40.0541 -14.8099 0
      vertex -41.0291 -14.9708 0
    endloop
  endfacet
  facet normal -0.0980707 0.995179 0
    outer loop
      vertex -41.0291 -14.9708 0
      vertex -42.0124 -15.0677 1.6
      vertex -41.0291 -14.9708 1.6
    endloop
  endfacet
  facet normal -0.0980707 0.995179 0
    outer loop
      vertex -42.0124 -15.0677 1.6
      vertex -41.0291 -14.9708 0
      vertex -42.0124 -15.0677 0
    endloop
  endfacet
  facet normal -0.471418 0.88191 0
    outer loop
      vertex -35.45 -13.077 0
      vertex -36.3214 -13.5428 1.6
      vertex -35.45 -13.077 1.6
    endloop
  endfacet
  facet normal -0.471418 0.88191 0
    outer loop
      vertex -36.3214 -13.5428 1.6
      vertex -35.45 -13.077 0
      vertex -36.3214 -13.5428 0
    endloop
  endfacet
  facet normal -0.683604 0.729853 0
    outer loop
      vertex -32.3227 -10.6773 0
      vertex -33.0439 -11.3528 1.6
      vertex -32.3227 -10.6773 1.6
    endloop
  endfacet
  facet normal -0.683604 0.729853 0
    outer loop
      vertex -33.0439 -11.3528 1.6
      vertex -32.3227 -10.6773 0
      vertex -33.0439 -11.3528 0
    endloop
  endfacet
  facet normal 0.773036 0.634363 0
    outer loop
      vertex -54.3528 -9.95612 1.6
      vertex -54.9796 -9.1923 0
      vertex -54.9796 -9.1923 1.6
    endloop
  endfacet
  facet normal 0.773036 0.634363 0
    outer loop
      vertex -54.9796 -9.1923 0
      vertex -54.3528 -9.95612 1.6
      vertex -54.3528 -9.95612 0
    endloop
  endfacet
  facet normal 0.729843 0.683615 0
    outer loop
      vertex -53.6773 -10.6773 1.6
      vertex -54.3528 -9.95612 0
      vertex -54.3528 -9.95612 1.6
    endloop
  endfacet
  facet normal 0.729843 0.683615 0
    outer loop
      vertex -54.3528 -9.95612 0
      vertex -53.6773 -10.6773 1.6
      vertex -53.6773 -10.6773 0
    endloop
  endfacet
  facet normal 0.881919 0.471401 0
    outer loop
      vertex -56.077 -7.55 1.6
      vertex -56.5428 -6.67856 0
      vertex -56.5428 -6.67856 1.6
    endloop
  endfacet
  facet normal 0.881919 0.471401 0
    outer loop
      vertex -56.5428 -6.67856 0
      vertex -56.077 -7.55 1.6
      vertex -56.077 -7.55 0
    endloop
  endfacet
  facet normal 0.956922 0.290344 0
    outer loop
      vertex -57.2986 -4.85374 1.6
      vertex -57.5855 -3.90817 0
      vertex -57.5855 -3.90817 1.6
    endloop
  endfacet
  facet normal 0.956922 0.290344 0
    outer loop
      vertex -57.5855 -3.90817 0
      vertex -57.2986 -4.85374 1.6
      vertex -57.2986 -4.85374 0
    endloop
  endfacet
  facet normal 0.935927 0.352195 0
    outer loop
      vertex -56.9506 -5.77852 1.6
      vertex -57.2986 -4.85374 0
      vertex -57.2986 -4.85374 1.6
    endloop
  endfacet
  facet normal 0.935927 0.352195 0
    outer loop
      vertex -57.2986 -4.85374 0
      vertex -56.9506 -5.77852 1.6
      vertex -56.9506 -5.77852 0
    endloop
  endfacet
  facet normal 0.986653 0.162838 0
    outer loop
      vertex -57.8099 -2.94586 1.6
      vertex -57.9708 -1.97095 0
      vertex -57.9708 -1.97095 1.6
    endloop
  endfacet
  facet normal 0.986653 0.162838 0
    outer loop
      vertex -57.9708 -1.97095 0
      vertex -57.8099 -2.94586 1.6
      vertex -57.8099 -2.94586 0
    endloop
  endfacet
  facet normal 0.99518 0.0980644 0
    outer loop
      vertex -57.9708 -1.97095 1.6
      vertex -58.0677 -0.987587 0
      vertex -58.0677 -0.987587 1.6
    endloop
  endfacet
  facet normal 0.99518 0.0980644 0
    outer loop
      vertex -58.0677 -0.987587 0
      vertex -57.9708 -1.97095 1.6
      vertex -57.9708 -1.97095 0
    endloop
  endfacet
  facet normal 0.471418 0.88191 -0
    outer loop
      vertex -49.6786 -13.5428 0
      vertex -50.55 -13.077 1.6
      vertex -49.6786 -13.5428 1.6
    endloop
  endfacet
  facet normal 0.471418 0.88191 0
    outer loop
      vertex -50.55 -13.077 1.6
      vertex -49.6786 -13.5428 0
      vertex -50.55 -13.077 0
    endloop
  endfacet
  facet normal 0.412682 0.910875 -0
    outer loop
      vertex -48.7785 -13.9506 0
      vertex -49.6786 -13.5428 1.6
      vertex -48.7785 -13.9506 1.6
    endloop
  endfacet
  facet normal 0.412682 0.910875 0
    outer loop
      vertex -49.6786 -13.5428 1.6
      vertex -48.7785 -13.9506 0
      vertex -49.6786 -13.5428 0
    endloop
  endfacet
  facet normal 0.634372 0.773028 -0
    outer loop
      vertex -52.1923 -11.9796 0
      vertex -52.9561 -11.3528 1.6
      vertex -52.1923 -11.9796 1.6
    endloop
  endfacet
  facet normal 0.634372 0.773028 0
    outer loop
      vertex -52.9561 -11.3528 1.6
      vertex -52.1923 -11.9796 0
      vertex -52.9561 -11.3528 0
    endloop
  endfacet
  facet normal 0.290364 0.956916 -0
    outer loop
      vertex -46.9082 -14.5855 0
      vertex -47.8537 -14.2986 1.6
      vertex -46.9082 -14.5855 1.6
    endloop
  endfacet
  facet normal 0.290364 0.956916 0
    outer loop
      vertex -47.8537 -14.2986 1.6
      vertex -46.9082 -14.5855 0
      vertex -47.8537 -14.2986 0
    endloop
  endfacet
  facet normal 0.0980707 0.995179 -0
    outer loop
      vertex -43.9876 -15.0677 0
      vertex -44.9709 -14.9708 1.6
      vertex -43.9876 -15.0677 1.6
    endloop
  endfacet
  facet normal 0.0980707 0.995179 0
    outer loop
      vertex -44.9709 -14.9708 1.6
      vertex -43.9876 -15.0677 0
      vertex -44.9709 -14.9708 0
    endloop
  endfacet
  facet normal -0.999466 -0.0326885 0
    outer loop
      vertex -27.9 0 0
      vertex -27.9323 0.987587 1.6
      vertex -27.9323 0.987587 0
    endloop
  endfacet
  facet normal -0.999466 -0.0326885 0
    outer loop
      vertex -27.9323 0.987587 1.6
      vertex -27.9 0 0
      vertex -27.9 0 1.6
    endloop
  endfacet
  facet normal -0.0980707 -0.995179 0
    outer loop
      vertex -42.0124 15.0677 0
      vertex -41.0291 14.9708 1.6
      vertex -42.0124 15.0677 1.6
    endloop
  endfacet
  facet normal -0.0980707 -0.995179 -0
    outer loop
      vertex -41.0291 14.9708 1.6
      vertex -42.0124 15.0677 0
      vertex -41.0291 14.9708 0
    endloop
  endfacet
  facet normal -0.290364 -0.956916 0
    outer loop
      vertex -39.0918 14.5855 0
      vertex -38.1463 14.2986 1.6
      vertex -39.0918 14.5855 1.6
    endloop
  endfacet
  facet normal -0.290364 -0.956916 -0
    outer loop
      vertex -38.1463 14.2986 1.6
      vertex -39.0918 14.5855 0
      vertex -38.1463 14.2986 0
    endloop
  endfacet
  facet normal -0.634372 -0.773028 0
    outer loop
      vertex -33.8077 11.9796 0
      vertex -33.0439 11.3528 1.6
      vertex -33.8077 11.9796 1.6
    endloop
  endfacet
  facet normal -0.634372 -0.773028 -0
    outer loop
      vertex -33.0439 11.3528 1.6
      vertex -33.8077 11.9796 0
      vertex -33.0439 11.3528 0
    endloop
  endfacet
  facet normal -0.528078 -0.849196 0
    outer loop
      vertex -35.45 13.077 0
      vertex -34.6109 12.5552 1.6
      vertex -35.45 13.077 1.6
    endloop
  endfacet
  facet normal -0.528078 -0.849196 -0
    outer loop
      vertex -34.6109 12.5552 1.6
      vertex -35.45 13.077 0
      vertex -34.6109 12.5552 0
    endloop
  endfacet
  facet normal -0.412682 -0.910875 0
    outer loop
      vertex -37.2215 13.9506 0
      vertex -36.3214 13.5428 1.6
      vertex -37.2215 13.9506 1.6
    endloop
  endfacet
  facet normal -0.412682 -0.910875 -0
    outer loop
      vertex -36.3214 13.5428 1.6
      vertex -37.2215 13.9506 0
      vertex -36.3214 13.5428 0
    endloop
  endfacet
  facet normal -0.729843 -0.683615 0
    outer loop
      vertex -31.6472 9.95612 0
      vertex -32.3227 10.6773 1.6
      vertex -32.3227 10.6773 0
    endloop
  endfacet
  facet normal -0.729843 -0.683615 0
    outer loop
      vertex -32.3227 10.6773 1.6
      vertex -31.6472 9.95612 0
      vertex -31.6472 9.95612 1.6
    endloop
  endfacet
  facet normal -0.812826 -0.582506 0
    outer loop
      vertex -30.4448 8.38911 0
      vertex -31.0204 9.1923 1.6
      vertex -31.0204 9.1923 0
    endloop
  endfacet
  facet normal -0.812826 -0.582506 0
    outer loop
      vertex -31.0204 9.1923 1.6
      vertex -30.4448 8.38911 0
      vertex -30.4448 8.38911 1.6
    endloop
  endfacet
  facet normal -0.881919 -0.471401 0
    outer loop
      vertex -29.4572 6.67856 0
      vertex -29.923 7.55 1.6
      vertex -29.923 7.55 0
    endloop
  endfacet
  facet normal -0.881919 -0.471401 0
    outer loop
      vertex -29.923 7.55 1.6
      vertex -29.4572 6.67856 0
      vertex -29.4572 6.67856 1.6
    endloop
  endfacet
  facet normal -0.935927 -0.352195 0
    outer loop
      vertex -28.7014 4.85374 0
      vertex -29.0494 5.77852 1.6
      vertex -29.0494 5.77852 0
    endloop
  endfacet
  facet normal -0.935927 -0.352195 0
    outer loop
      vertex -29.0494 5.77852 1.6
      vertex -28.7014 4.85374 0
      vertex -28.7014 4.85374 1.6
    endloop
  endfacet
  facet normal -0.973872 -0.227096 0
    outer loop
      vertex -28.1901 2.94586 0
      vertex -28.4145 3.90817 1.6
      vertex -28.4145 3.90817 0
    endloop
  endfacet
  facet normal -0.973872 -0.227096 0
    outer loop
      vertex -28.4145 3.90817 1.6
      vertex -28.1901 2.94586 0
      vertex -28.1901 2.94586 1.6
    endloop
  endfacet
  facet normal 0.683604 -0.729853 0
    outer loop
      vertex -53.6773 10.6773 0
      vertex -52.9561 11.3528 1.6
      vertex -53.6773 10.6773 1.6
    endloop
  endfacet
  facet normal 0.683604 -0.729853 0
    outer loop
      vertex -52.9561 11.3528 1.6
      vertex -53.6773 10.6773 0
      vertex -52.9561 11.3528 0
    endloop
  endfacet
  facet normal 0.582501 -0.81283 0
    outer loop
      vertex -52.1923 11.9796 0
      vertex -51.3891 12.5552 1.6
      vertex -52.1923 11.9796 1.6
    endloop
  endfacet
  facet normal 0.582501 -0.81283 0
    outer loop
      vertex -51.3891 12.5552 1.6
      vertex -52.1923 11.9796 0
      vertex -51.3891 12.5552 0
    endloop
  endfacet
  facet normal 0.471418 -0.88191 0
    outer loop
      vertex -50.55 13.077 0
      vertex -49.6786 13.5428 1.6
      vertex -50.55 13.077 1.6
    endloop
  endfacet
  facet normal 0.471418 -0.88191 0
    outer loop
      vertex -49.6786 13.5428 1.6
      vertex -50.55 13.077 0
      vertex -49.6786 13.5428 0
    endloop
  endfacet
  facet normal 0.352188 -0.935929 0
    outer loop
      vertex -48.7785 13.9506 0
      vertex -47.8537 14.2986 1.6
      vertex -48.7785 13.9506 1.6
    endloop
  endfacet
  facet normal 0.352188 -0.935929 0
    outer loop
      vertex -47.8537 14.2986 1.6
      vertex -48.7785 13.9506 0
      vertex -47.8537 14.2986 0
    endloop
  endfacet
  facet normal 0.227098 -0.973872 0
    outer loop
      vertex -46.9082 14.5855 0
      vertex -45.9459 14.8099 1.6
      vertex -46.9082 14.5855 1.6
    endloop
  endfacet
  facet normal 0.227098 -0.973872 0
    outer loop
      vertex -45.9459 14.8099 1.6
      vertex -46.9082 14.5855 0
      vertex -45.9459 14.8099 0
    endloop
  endfacet
  facet normal 0.162823 -0.986655 0
    outer loop
      vertex -45.9459 14.8099 0
      vertex -44.9709 14.9708 1.6
      vertex -45.9459 14.8099 1.6
    endloop
  endfacet
  facet normal 0.162823 -0.986655 0
    outer loop
      vertex -44.9709 14.9708 1.6
      vertex -45.9459 14.8099 0
      vertex -44.9709 14.9708 0
    endloop
  endfacet
  facet normal 0.0326881 -0.999466 0
    outer loop
      vertex -43.9876 15.0677 0
      vertex -43 15.1 1.6
      vertex -43.9876 15.0677 1.6
    endloop
  endfacet
  facet normal 0.0326881 -0.999466 0
    outer loop
      vertex -43 15.1 1.6
      vertex -43.9876 15.0677 0
      vertex -43 15.1 0
    endloop
  endfacet
  facet normal 0.849199 -0.528074 0
    outer loop
      vertex -56.077 7.55 1.6
      vertex -55.5552 8.38911 0
      vertex -55.5552 8.38911 1.6
    endloop
  endfacet
  facet normal 0.849199 -0.528074 0
    outer loop
      vertex -55.5552 8.38911 0
      vertex -56.077 7.55 1.6
      vertex -56.077 7.55 0
    endloop
  endfacet
  facet normal 0.910865 -0.412705 0
    outer loop
      vertex -56.9506 5.77852 1.6
      vertex -56.5428 6.67856 0
      vertex -56.5428 6.67856 1.6
    endloop
  endfacet
  facet normal 0.910865 -0.412705 0
    outer loop
      vertex -56.5428 6.67856 0
      vertex -56.9506 5.77852 1.6
      vertex -56.9506 5.77852 0
    endloop
  endfacet
  facet normal 0.881919 -0.471401 0
    outer loop
      vertex -56.5428 6.67856 1.6
      vertex -56.077 7.55 0
      vertex -56.077 7.55 1.6
    endloop
  endfacet
  facet normal 0.881919 -0.471401 0
    outer loop
      vertex -56.077 7.55 0
      vertex -56.5428 6.67856 1.6
      vertex -56.5428 6.67856 0
    endloop
  endfacet
  facet normal 0.773036 -0.634363 0
    outer loop
      vertex -54.9796 9.1923 1.6
      vertex -54.3528 9.95612 0
      vertex -54.3528 9.95612 1.6
    endloop
  endfacet
  facet normal 0.773036 -0.634363 0
    outer loop
      vertex -54.3528 9.95612 0
      vertex -54.9796 9.1923 1.6
      vertex -54.9796 9.1923 0
    endloop
  endfacet
  facet normal 0.956922 -0.290344 0
    outer loop
      vertex -57.5855 3.90817 1.6
      vertex -57.2986 4.85374 0
      vertex -57.2986 4.85374 1.6
    endloop
  endfacet
  facet normal 0.956922 -0.290344 0
    outer loop
      vertex -57.2986 4.85374 0
      vertex -57.5855 3.90817 1.6
      vertex -57.5855 3.90817 0
    endloop
  endfacet
  facet normal 0.99518 -0.0980644 0
    outer loop
      vertex -58.0677 0.987587 1.6
      vertex -57.9708 1.97095 0
      vertex -57.9708 1.97095 1.6
    endloop
  endfacet
  facet normal 0.99518 -0.0980644 0
    outer loop
      vertex -57.9708 1.97095 0
      vertex -58.0677 0.987587 1.6
      vertex -58.0677 0.987587 0
    endloop
  endfacet
  facet normal -0.352188 -0.935929 0
    outer loop
      vertex -38.1463 14.2986 0
      vertex -37.2215 13.9506 1.6
      vertex -38.1463 14.2986 1.6
    endloop
  endfacet
  facet normal -0.352188 -0.935929 -0
    outer loop
      vertex -37.2215 13.9506 1.6
      vertex -38.1463 14.2986 0
      vertex -37.2215 13.9506 0
    endloop
  endfacet
  facet normal -0.683604 -0.729853 0
    outer loop
      vertex -33.0439 11.3528 0
      vertex -32.3227 10.6773 1.6
      vertex -33.0439 11.3528 1.6
    endloop
  endfacet
  facet normal -0.683604 -0.729853 -0
    outer loop
      vertex -32.3227 10.6773 1.6
      vertex -33.0439 11.3528 0
      vertex -32.3227 10.6773 0
    endloop
  endfacet
  facet normal -0.471418 -0.88191 0
    outer loop
      vertex -36.3214 13.5428 0
      vertex -35.45 13.077 1.6
      vertex -36.3214 13.5428 1.6
    endloop
  endfacet
  facet normal -0.471418 -0.88191 -0
    outer loop
      vertex -35.45 13.077 1.6
      vertex -36.3214 13.5428 0
      vertex -35.45 13.077 0
    endloop
  endfacet
  facet normal -0.773036 -0.634363 0
    outer loop
      vertex -31.0204 9.1923 0
      vertex -31.6472 9.95612 1.6
      vertex -31.6472 9.95612 0
    endloop
  endfacet
  facet normal -0.773036 -0.634363 0
    outer loop
      vertex -31.6472 9.95612 1.6
      vertex -31.0204 9.1923 0
      vertex -31.0204 9.1923 1.6
    endloop
  endfacet
  facet normal -0.910865 -0.412705 0
    outer loop
      vertex -29.0494 5.77852 0
      vertex -29.4572 6.67856 1.6
      vertex -29.4572 6.67856 0
    endloop
  endfacet
  facet normal -0.910865 -0.412705 0
    outer loop
      vertex -29.4572 6.67856 1.6
      vertex -29.0494 5.77852 0
      vertex -29.0494 5.77852 1.6
    endloop
  endfacet
  facet normal -0.956922 -0.290344 0
    outer loop
      vertex -28.4145 3.90817 0
      vertex -28.7014 4.85374 1.6
      vertex -28.7014 4.85374 0
    endloop
  endfacet
  facet normal -0.956922 -0.290344 0
    outer loop
      vertex -28.7014 4.85374 1.6
      vertex -28.4145 3.90817 0
      vertex -28.4145 3.90817 1.6
    endloop
  endfacet
  facet normal -0.99518 -0.0980644 0
    outer loop
      vertex -27.9323 0.987587 0
      vertex -28.0292 1.97095 1.6
      vertex -28.0292 1.97095 0
    endloop
  endfacet
  facet normal -0.99518 -0.0980644 0
    outer loop
      vertex -28.0292 1.97095 1.6
      vertex -27.9323 0.987587 0
      vertex -27.9323 0.987587 1.6
    endloop
  endfacet
  facet normal -0.986653 -0.162838 0
    outer loop
      vertex -28.0292 1.97095 0
      vertex -28.1901 2.94586 1.6
      vertex -28.1901 2.94586 0
    endloop
  endfacet
  facet normal -0.986653 -0.162838 0
    outer loop
      vertex -28.1901 2.94586 1.6
      vertex -28.0292 1.97095 0
      vertex -28.0292 1.97095 1.6
    endloop
  endfacet
  facet normal 0.634372 -0.773028 0
    outer loop
      vertex -52.9561 11.3528 0
      vertex -52.1923 11.9796 1.6
      vertex -52.9561 11.3528 1.6
    endloop
  endfacet
  facet normal 0.634372 -0.773028 0
    outer loop
      vertex -52.1923 11.9796 1.6
      vertex -52.9561 11.3528 0
      vertex -52.1923 11.9796 0
    endloop
  endfacet
  facet normal 0.412682 -0.910875 0
    outer loop
      vertex -49.6786 13.5428 0
      vertex -48.7785 13.9506 1.6
      vertex -49.6786 13.5428 1.6
    endloop
  endfacet
  facet normal 0.412682 -0.910875 0
    outer loop
      vertex -48.7785 13.9506 1.6
      vertex -49.6786 13.5428 0
      vertex -48.7785 13.9506 0
    endloop
  endfacet
  facet normal 0.290364 -0.956916 0
    outer loop
      vertex -47.8537 14.2986 0
      vertex -46.9082 14.5855 1.6
      vertex -47.8537 14.2986 1.6
    endloop
  endfacet
  facet normal 0.290364 -0.956916 0
    outer loop
      vertex -46.9082 14.5855 1.6
      vertex -47.8537 14.2986 0
      vertex -46.9082 14.5855 0
    endloop
  endfacet
  facet normal 0.0980707 -0.995179 0
    outer loop
      vertex -44.9709 14.9708 0
      vertex -43.9876 15.0677 1.6
      vertex -44.9709 14.9708 1.6
    endloop
  endfacet
  facet normal 0.0980707 -0.995179 0
    outer loop
      vertex -43.9876 15.0677 1.6
      vertex -44.9709 14.9708 0
      vertex -43.9876 15.0677 0
    endloop
  endfacet
  facet normal -0.634367 0.773032 0
    outer loop
      vertex -30.4724 -14.285 1.6
      vertex -31.4335 -15.0737 3
      vertex -30.4724 -14.285 3
    endloop
  endfacet
  facet normal -0.634367 0.773032 0
    outer loop
      vertex -31.4335 -15.0737 3
      vertex -30.4724 -14.285 1.6
      vertex -31.4335 -15.0737 1.6
    endloop
  endfacet
  facet normal 0.35226 0.935902 -0
    outer loop
      vertex -49.1073 -17.9917 1.6
      vertex -50.271 -17.5537 3
      vertex -49.1073 -17.9917 3
    endloop
  endfacet
  facet normal 0.35226 0.935902 0
    outer loop
      vertex -50.271 -17.5537 3
      vertex -49.1073 -17.9917 1.6
      vertex -50.271 -17.5537 1.6
    endloop
  endfacet
  facet normal 0.910873 0.412688 0
    outer loop
      vertex -60.0406 -8.40348 3
      vertex -60.5537 -7.27098 1.6
      vertex -60.5537 -7.27098 3
    endloop
  endfacet
  facet normal 0.910873 0.412688 0
    outer loop
      vertex -60.5537 -7.27098 1.6
      vertex -60.0406 -8.40348 3
      vertex -60.0406 -8.40348 1.6
    endloop
  endfacet
  facet normal -0.910873 0.412688 0
    outer loop
      vertex -25.9594 -8.40348 1.6
      vertex -25.4463 -7.27098 3
      vertex -25.4463 -7.27098 1.6
    endloop
  endfacet
  facet normal -0.910873 0.412688 0
    outer loop
      vertex -25.4463 -7.27098 3
      vertex -25.9594 -8.40348 1.6
      vertex -25.9594 -8.40348 3
    endloop
  endfacet
  facet normal -0.881922 0.471395 0
    outer loop
      vertex -26.5455 -9.5 1.6
      vertex -25.9594 -8.40348 3
      vertex -25.9594 -8.40348 1.6
    endloop
  endfacet
  facet normal -0.881922 0.471395 0
    outer loop
      vertex -25.9594 -8.40348 3
      vertex -26.5455 -9.5 1.6
      vertex -26.5455 -9.5 3
    endloop
  endfacet
  facet normal -0.412688 0.910873 0
    outer loop
      vertex -34.5965 -17.0406 1.6
      vertex -35.729 -17.5537 3
      vertex -34.5965 -17.0406 3
    endloop
  endfacet
  facet normal -0.412688 0.910873 0
    outer loop
      vertex -35.729 -17.5537 3
      vertex -34.5965 -17.0406 1.6
      vertex -35.729 -17.5537 1.6
    endloop
  endfacet
  facet normal -0.162951 0.986634 0
    outer loop
      vertex -39.2933 -18.6349 1.6
      vertex -40.52 -18.8375 3
      vertex -39.2933 -18.6349 3
    endloop
  endfacet
  facet normal -0.162951 0.986634 0
    outer loop
      vertex -40.52 -18.8375 3
      vertex -39.2933 -18.6349 1.6
      vertex -40.52 -18.8375 1.6
    endloop
  endfacet
  facet normal 0.986635 0.162948 0
    outer loop
      vertex -61.6349 -3.70672 3
      vertex -61.8375 -2.48 1.6
      vertex -61.8375 -2.48 3
    endloop
  endfacet
  facet normal 0.986635 0.162948 0
    outer loop
      vertex -61.8375 -2.48 1.6
      vertex -61.6349 -3.70672 3
      vertex -61.6349 -3.70672 1.6
    endloop
  endfacet
  facet normal 0.729813 0.683647 0
    outer loop
      vertex -56.435 -13.435 3
      vertex -57.285 -12.5276 1.6
      vertex -57.285 -12.5276 3
    endloop
  endfacet
  facet normal 0.729813 0.683647 0
    outer loop
      vertex -57.285 -12.5276 1.6
      vertex -56.435 -13.435 3
      vertex -56.435 -13.435 1.6
    endloop
  endfacet
  facet normal 0.162951 0.986634 -0
    outer loop
      vertex -45.48 -18.8375 1.6
      vertex -46.7067 -18.6349 3
      vertex -45.48 -18.8375 3
    endloop
  endfacet
  facet normal 0.162951 0.986634 0
    outer loop
      vertex -46.7067 -18.6349 3
      vertex -45.48 -18.8375 1.6
      vertex -46.7067 -18.6349 1.6
    endloop
  endfacet
  facet normal -0.935895 -0.352279 0
    outer loop
      vertex -25.0083 6.10735 1.6
      vertex -25.4463 7.27098 3
      vertex -25.4463 7.27098 1.6
    endloop
  endfacet
  facet normal -0.935895 -0.352279 0
    outer loop
      vertex -25.4463 7.27098 3
      vertex -25.0083 6.10735 1.6
      vertex -25.0083 6.10735 3
    endloop
  endfacet
  facet normal 0.162951 -0.986634 0
    outer loop
      vertex -46.7067 18.6349 1.6
      vertex -45.48 18.8375 3
      vertex -46.7067 18.6349 3
    endloop
  endfacet
  facet normal 0.162951 -0.986634 0
    outer loop
      vertex -45.48 18.8375 3
      vertex -46.7067 18.6349 1.6
      vertex -45.48 18.8375 1.6
    endloop
  endfacet
  facet normal 0.683647 -0.729813 0
    outer loop
      vertex -56.435 13.435 1.6
      vertex -55.5276 14.285 3
      vertex -56.435 13.435 3
    endloop
  endfacet
  facet normal 0.683647 -0.729813 0
    outer loop
      vertex -55.5276 14.285 3
      vertex -56.435 13.435 1.6
      vertex -55.5276 14.285 1.6
    endloop
  endfacet
  facet normal -0.986635 0.162948 0
    outer loop
      vertex -24.3651 -3.70672 1.6
      vertex -24.1625 -2.48 3
      vertex -24.1625 -2.48 1.6
    endloop
  endfacet
  facet normal -0.986635 0.162948 0
    outer loop
      vertex -24.1625 -2.48 3
      vertex -24.3651 -3.70672 1.6
      vertex -24.3651 -3.70672 3
    endloop
  endfacet
  facet normal -0.973882 0.227055 0
    outer loop
      vertex -24.6474 -4.91756 1.6
      vertex -24.3651 -3.70672 3
      vertex -24.3651 -3.70672 1.6
    endloop
  endfacet
  facet normal -0.973882 0.227055 0
    outer loop
      vertex -24.3651 -3.70672 3
      vertex -24.6474 -4.91756 1.6
      vertex -24.6474 -4.91756 3
    endloop
  endfacet
  facet normal -0.773032 0.634367 0
    outer loop
      vertex -28.715 -12.5276 1.6
      vertex -27.9263 -11.5665 3
      vertex -27.9263 -11.5665 1.6
    endloop
  endfacet
  facet normal -0.773032 0.634367 0
    outer loop
      vertex -27.9263 -11.5665 3
      vertex -28.715 -12.5276 1.6
      vertex -28.715 -12.5276 3
    endloop
  endfacet
  facet normal -0.812869 0.582447 0
    outer loop
      vertex -27.9263 -11.5665 1.6
      vertex -27.2021 -10.5558 3
      vertex -27.2021 -10.5558 1.6
    endloop
  endfacet
  facet normal -0.812869 0.582447 0
    outer loop
      vertex -27.2021 -10.5558 3
      vertex -27.9263 -11.5665 1.6
      vertex -27.9263 -11.5665 3
    endloop
  endfacet
  facet normal -0.582447 0.812869 0
    outer loop
      vertex -31.4335 -15.0737 1.6
      vertex -32.4442 -15.7979 3
      vertex -31.4335 -15.0737 3
    endloop
  endfacet
  facet normal -0.582447 0.812869 0
    outer loop
      vertex -32.4442 -15.7979 3
      vertex -31.4335 -15.0737 1.6
      vertex -32.4442 -15.7979 1.6
    endloop
  endfacet
  facet normal -0.227044 0.973884 0
    outer loop
      vertex -38.0824 -18.3526 1.6
      vertex -39.2933 -18.6349 3
      vertex -38.0824 -18.3526 3
    endloop
  endfacet
  facet normal -0.227044 0.973884 0
    outer loop
      vertex -39.2933 -18.6349 3
      vertex -38.0824 -18.3526 1.6
      vertex -39.2933 -18.6349 1.6
    endloop
  endfacet
  facet normal 0.973882 0.227055 0
    outer loop
      vertex -61.3526 -4.91756 3
      vertex -61.6349 -3.70672 1.6
      vertex -61.6349 -3.70672 3
    endloop
  endfacet
  facet normal 0.973882 0.227055 0
    outer loop
      vertex -61.6349 -3.70672 1.6
      vertex -61.3526 -4.91756 3
      vertex -61.3526 -4.91756 1.6
    endloop
  endfacet
  facet normal 0.84918 0.528103 0
    outer loop
      vertex -58.7979 -10.5558 3
      vertex -59.4545 -9.5 1.6
      vertex -59.4545 -9.5 3
    endloop
  endfacet
  facet normal 0.84918 0.528103 0
    outer loop
      vertex -59.4545 -9.5 1.6
      vertex -58.7979 -10.5558 3
      vertex -58.7979 -10.5558 1.6
    endloop
  endfacet
  facet normal 0.812869 0.582447 0
    outer loop
      vertex -58.0737 -11.5665 3
      vertex -58.7979 -10.5558 1.6
      vertex -58.7979 -10.5558 3
    endloop
  endfacet
  facet normal 0.812869 0.582447 0
    outer loop
      vertex -58.7979 -10.5558 1.6
      vertex -58.0737 -11.5665 3
      vertex -58.0737 -11.5665 1.6
    endloop
  endfacet
  facet normal 0.227044 0.973884 -0
    outer loop
      vertex -46.7067 -18.6349 1.6
      vertex -47.9176 -18.3526 3
      vertex -46.7067 -18.6349 3
    endloop
  endfacet
  facet normal 0.227044 0.973884 0
    outer loop
      vertex -47.9176 -18.3526 3
      vertex -46.7067 -18.6349 1.6
      vertex -47.9176 -18.3526 1.6
    endloop
  endfacet
  facet normal 0.528103 0.84918 -0
    outer loop
      vertex -52.5 -16.4545 1.6
      vertex -53.5558 -15.7979 3
      vertex -52.5 -16.4545 3
    endloop
  endfacet
  facet normal 0.528103 0.84918 0
    outer loop
      vertex -53.5558 -15.7979 3
      vertex -52.5 -16.4545 1.6
      vertex -53.5558 -15.7979 1.6
    endloop
  endfacet
  facet normal 0.471402 0.881918 -0
    outer loop
      vertex -51.4035 -17.0406 1.6
      vertex -52.5 -16.4545 3
      vertex -51.4035 -17.0406 3
    endloop
  endfacet
  facet normal 0.471402 0.881918 0
    outer loop
      vertex -52.5 -16.4545 3
      vertex -51.4035 -17.0406 1.6
      vertex -52.5 -16.4545 1.6
    endloop
  endfacet
  facet normal 0.683647 0.729813 -0
    outer loop
      vertex -55.5276 -14.285 1.6
      vertex -56.435 -13.435 3
      vertex -55.5276 -14.285 3
    endloop
  endfacet
  facet normal 0.683647 0.729813 0
    outer loop
      vertex -56.435 -13.435 3
      vertex -55.5276 -14.285 1.6
      vertex -56.435 -13.435 1.6
    endloop
  endfacet
  facet normal -0.162951 -0.986634 0
    outer loop
      vertex -40.52 18.8375 1.6
      vertex -39.2933 18.6349 3
      vertex -40.52 18.8375 3
    endloop
  endfacet
  facet normal -0.162951 -0.986634 -0
    outer loop
      vertex -39.2933 18.6349 3
      vertex -40.52 18.8375 1.6
      vertex -39.2933 18.6349 1.6
    endloop
  endfacet
  facet normal -0.956945 -0.290271 0
    outer loop
      vertex -24.6474 4.91756 1.6
      vertex -25.0083 6.10735 3
      vertex -25.0083 6.10735 1.6
    endloop
  endfacet
  facet normal -0.956945 -0.290271 0
    outer loop
      vertex -25.0083 6.10735 3
      vertex -24.6474 4.91756 1.6
      vertex -24.6474 4.91756 3
    endloop
  endfacet
  facet normal -0.773032 -0.634367 0
    outer loop
      vertex -27.9263 11.5665 1.6
      vertex -28.715 12.5276 3
      vertex -28.715 12.5276 1.6
    endloop
  endfacet
  facet normal -0.773032 -0.634367 0
    outer loop
      vertex -28.715 12.5276 3
      vertex -27.9263 11.5665 1.6
      vertex -27.9263 11.5665 3
    endloop
  endfacet
  facet normal -0.227044 -0.973884 0
    outer loop
      vertex -39.2933 18.6349 1.6
      vertex -38.0824 18.3526 3
      vertex -39.2933 18.6349 3
    endloop
  endfacet
  facet normal -0.227044 -0.973884 -0
    outer loop
      vertex -38.0824 18.3526 3
      vertex -39.2933 18.6349 1.6
      vertex -38.0824 18.3526 1.6
    endloop
  endfacet
  facet normal -0.634367 -0.773032 0
    outer loop
      vertex -31.4335 15.0737 1.6
      vertex -30.4724 14.285 3
      vertex -31.4335 15.0737 3
    endloop
  endfacet
  facet normal -0.634367 -0.773032 -0
    outer loop
      vertex -30.4724 14.285 3
      vertex -31.4335 15.0737 1.6
      vertex -30.4724 14.285 1.6
    endloop
  endfacet
  facet normal 0.0327337 -0.999464 0
    outer loop
      vertex -44.2427 18.9593 1.6
      vertex -43 19 3
      vertex -44.2427 18.9593 3
    endloop
  endfacet
  facet normal 0.0327337 -0.999464 0
    outer loop
      vertex -43 19 3
      vertex -44.2427 18.9593 1.6
      vertex -43 19 1.6
    endloop
  endfacet
  facet normal 0.528103 -0.84918 0
    outer loop
      vertex -53.5558 15.7979 1.6
      vertex -52.5 16.4545 3
      vertex -53.5558 15.7979 3
    endloop
  endfacet
  facet normal 0.528103 -0.84918 0
    outer loop
      vertex -52.5 16.4545 3
      vertex -53.5558 15.7979 1.6
      vertex -52.5 16.4545 1.6
    endloop
  endfacet
  facet normal 0.973882 -0.227055 0
    outer loop
      vertex -61.6349 3.70672 3
      vertex -61.3526 4.91756 1.6
      vertex -61.3526 4.91756 3
    endloop
  endfacet
  facet normal 0.973882 -0.227055 0
    outer loop
      vertex -61.3526 4.91756 1.6
      vertex -61.6349 3.70672 3
      vertex -61.6349 3.70672 1.6
    endloop
  endfacet
  facet normal 0.935895 -0.352279 0
    outer loop
      vertex -60.9917 6.10735 3
      vertex -60.5537 7.27098 1.6
      vertex -60.5537 7.27098 3
    endloop
  endfacet
  facet normal 0.935895 -0.352279 0
    outer loop
      vertex -60.5537 7.27098 1.6
      vertex -60.9917 6.10735 3
      vertex -60.9917 6.10735 1.6
    endloop
  endfacet
  facet normal 0.812869 -0.582447 0
    outer loop
      vertex -58.7979 10.5558 3
      vertex -58.0737 11.5665 1.6
      vertex -58.0737 11.5665 3
    endloop
  endfacet
  facet normal 0.812869 -0.582447 0
    outer loop
      vertex -58.0737 11.5665 1.6
      vertex -58.7979 10.5558 3
      vertex -58.7979 10.5558 1.6
    endloop
  endfacet
  facet normal -0.935895 0.352279 0
    outer loop
      vertex -25.4463 -7.27098 1.6
      vertex -25.0083 -6.10735 3
      vertex -25.0083 -6.10735 1.6
    endloop
  endfacet
  facet normal -0.935895 0.352279 0
    outer loop
      vertex -25.0083 -6.10735 3
      vertex -25.4463 -7.27098 1.6
      vertex -25.4463 -7.27098 3
    endloop
  endfacet
  facet normal -0.956945 0.290271 0
    outer loop
      vertex -25.0083 -6.10735 1.6
      vertex -24.6474 -4.91756 3
      vertex -24.6474 -4.91756 1.6
    endloop
  endfacet
  facet normal -0.956945 0.290271 0
    outer loop
      vertex -24.6474 -4.91756 3
      vertex -25.0083 -6.10735 1.6
      vertex -25.0083 -6.10735 3
    endloop
  endfacet
  facet normal -0.729813 0.683647 0
    outer loop
      vertex -29.565 -13.435 1.6
      vertex -28.715 -12.5276 3
      vertex -28.715 -12.5276 1.6
    endloop
  endfacet
  facet normal -0.729813 0.683647 0
    outer loop
      vertex -28.715 -12.5276 3
      vertex -29.565 -13.435 1.6
      vertex -29.565 -13.435 3
    endloop
  endfacet
  facet normal -0.683647 0.729813 0
    outer loop
      vertex -29.565 -13.435 1.6
      vertex -30.4724 -14.285 3
      vertex -29.565 -13.435 3
    endloop
  endfacet
  facet normal -0.683647 0.729813 0
    outer loop
      vertex -30.4724 -14.285 3
      vertex -29.565 -13.435 1.6
      vertex -30.4724 -14.285 1.6
    endloop
  endfacet
  facet normal -0.0327337 0.999464 0
    outer loop
      vertex -41.7573 -18.9593 1.6
      vertex -43 -19 3
      vertex -41.7573 -18.9593 3
    endloop
  endfacet
  facet normal -0.0327337 0.999464 0
    outer loop
      vertex -43 -19 3
      vertex -41.7573 -18.9593 1.6
      vertex -43 -19 1.6
    endloop
  endfacet
  facet normal -0.471402 0.881918 0
    outer loop
      vertex -33.5 -16.4545 1.6
      vertex -34.5965 -17.0406 3
      vertex -33.5 -16.4545 3
    endloop
  endfacet
  facet normal -0.471402 0.881918 0
    outer loop
      vertex -34.5965 -17.0406 3
      vertex -33.5 -16.4545 1.6
      vertex -34.5965 -17.0406 1.6
    endloop
  endfacet
  facet normal -0.528103 0.84918 0
    outer loop
      vertex -32.4442 -15.7979 1.6
      vertex -33.5 -16.4545 3
      vertex -32.4442 -15.7979 3
    endloop
  endfacet
  facet normal -0.528103 0.84918 0
    outer loop
      vertex -33.5 -16.4545 3
      vertex -32.4442 -15.7979 1.6
      vertex -33.5 -16.4545 1.6
    endloop
  endfacet
  facet normal -0.290291 0.956938 0
    outer loop
      vertex -36.8927 -17.9917 1.6
      vertex -38.0824 -18.3526 3
      vertex -36.8927 -17.9917 3
    endloop
  endfacet
  facet normal -0.290291 0.956938 0
    outer loop
      vertex -38.0824 -18.3526 3
      vertex -36.8927 -17.9917 1.6
      vertex -38.0824 -18.3526 1.6
    endloop
  endfacet
  facet normal -0.35226 0.935902 0
    outer loop
      vertex -35.729 -17.5537 1.6
      vertex -36.8927 -17.9917 3
      vertex -35.729 -17.5537 3
    endloop
  endfacet
  facet normal -0.35226 0.935902 0
    outer loop
      vertex -36.8927 -17.9917 3
      vertex -35.729 -17.5537 1.6
      vertex -36.8927 -17.9917 1.6
    endloop
  endfacet
  facet normal 0.999464 0.0327348 0
    outer loop
      vertex -61.9593 -1.24266 3
      vertex -62 0 1.6
      vertex -62 0 3
    endloop
  endfacet
  facet normal 0.999464 0.0327348 0
    outer loop
      vertex -62 0 1.6
      vertex -61.9593 -1.24266 3
      vertex -61.9593 -1.24266 1.6
    endloop
  endfacet
  facet normal 0.956945 0.290271 0
    outer loop
      vertex -60.9917 -6.10735 3
      vertex -61.3526 -4.91756 1.6
      vertex -61.3526 -4.91756 3
    endloop
  endfacet
  facet normal 0.956945 0.290271 0
    outer loop
      vertex -61.3526 -4.91756 1.6
      vertex -60.9917 -6.10735 3
      vertex -60.9917 -6.10735 1.6
    endloop
  endfacet
  facet normal 0.935895 0.352279 0
    outer loop
      vertex -60.5537 -7.27098 3
      vertex -60.9917 -6.10735 1.6
      vertex -60.9917 -6.10735 3
    endloop
  endfacet
  facet normal 0.935895 0.352279 0
    outer loop
      vertex -60.9917 -6.10735 1.6
      vertex -60.5537 -7.27098 3
      vertex -60.5537 -7.27098 1.6
    endloop
  endfacet
  facet normal 0.99519 0.0979635 0
    outer loop
      vertex -61.8375 -2.48 3
      vertex -61.9593 -1.24266 1.6
      vertex -61.9593 -1.24266 3
    endloop
  endfacet
  facet normal 0.99519 0.0979635 0
    outer loop
      vertex -61.9593 -1.24266 1.6
      vertex -61.8375 -2.48 3
      vertex -61.8375 -2.48 1.6
    endloop
  endfacet
  facet normal 0.881922 0.471395 0
    outer loop
      vertex -59.4545 -9.5 3
      vertex -60.0406 -8.40348 1.6
      vertex -60.0406 -8.40348 3
    endloop
  endfacet
  facet normal 0.881922 0.471395 0
    outer loop
      vertex -60.0406 -8.40348 1.6
      vertex -59.4545 -9.5 3
      vertex -59.4545 -9.5 1.6
    endloop
  endfacet
  facet normal 0.773032 0.634367 0
    outer loop
      vertex -57.285 -12.5276 3
      vertex -58.0737 -11.5665 1.6
      vertex -58.0737 -11.5665 3
    endloop
  endfacet
  facet normal 0.773032 0.634367 0
    outer loop
      vertex -58.0737 -11.5665 1.6
      vertex -57.285 -12.5276 3
      vertex -57.285 -12.5276 1.6
    endloop
  endfacet
  facet normal 0.290291 0.956938 -0
    outer loop
      vertex -47.9176 -18.3526 1.6
      vertex -49.1073 -17.9917 3
      vertex -47.9176 -18.3526 3
    endloop
  endfacet
  facet normal 0.290291 0.956938 0
    outer loop
      vertex -49.1073 -17.9917 3
      vertex -47.9176 -18.3526 1.6
      vertex -49.1073 -17.9917 1.6
    endloop
  endfacet
  facet normal 0.0327337 0.999464 -0
    outer loop
      vertex -43 -19 1.6
      vertex -44.2427 -18.9593 3
      vertex -43 -19 3
    endloop
  endfacet
  facet normal 0.0327337 0.999464 0
    outer loop
      vertex -44.2427 -18.9593 3
      vertex -43 -19 1.6
      vertex -44.2427 -18.9593 1.6
    endloop
  endfacet
  facet normal 0.0979666 0.99519 -0
    outer loop
      vertex -44.2427 -18.9593 1.6
      vertex -45.48 -18.8375 3
      vertex -44.2427 -18.9593 3
    endloop
  endfacet
  facet normal 0.0979666 0.99519 0
    outer loop
      vertex -45.48 -18.8375 3
      vertex -44.2427 -18.9593 1.6
      vertex -45.48 -18.8375 1.6
    endloop
  endfacet
  facet normal 0.412688 0.910873 -0
    outer loop
      vertex -50.271 -17.5537 1.6
      vertex -51.4035 -17.0406 3
      vertex -50.271 -17.5537 3
    endloop
  endfacet
  facet normal 0.412688 0.910873 0
    outer loop
      vertex -51.4035 -17.0406 3
      vertex -50.271 -17.5537 1.6
      vertex -51.4035 -17.0406 1.6
    endloop
  endfacet
  facet normal 0.634367 0.773032 -0
    outer loop
      vertex -54.5665 -15.0737 1.6
      vertex -55.5276 -14.285 3
      vertex -54.5665 -15.0737 3
    endloop
  endfacet
  facet normal 0.634367 0.773032 0
    outer loop
      vertex -55.5276 -14.285 3
      vertex -54.5665 -15.0737 1.6
      vertex -55.5276 -14.285 1.6
    endloop
  endfacet
  facet normal 0.582447 0.812869 -0
    outer loop
      vertex -53.5558 -15.7979 1.6
      vertex -54.5665 -15.0737 3
      vertex -53.5558 -15.7979 3
    endloop
  endfacet
  facet normal 0.582447 0.812869 0
    outer loop
      vertex -54.5665 -15.0737 3
      vertex -53.5558 -15.7979 1.6
      vertex -54.5665 -15.0737 1.6
    endloop
  endfacet
  facet normal -0.999464 0.0327348 0
    outer loop
      vertex -24.0407 -1.24266 1.6
      vertex -24 0 3
      vertex -24 0 1.6
    endloop
  endfacet
  facet normal -0.999464 0.0327348 0
    outer loop
      vertex -24 0 3
      vertex -24.0407 -1.24266 1.6
      vertex -24.0407 -1.24266 3
    endloop
  endfacet
  facet normal -0.999464 -0.0327348 0
    outer loop
      vertex -24 0 1.6
      vertex -24.0407 1.24266 3
      vertex -24.0407 1.24266 1.6
    endloop
  endfacet
  facet normal -0.999464 -0.0327348 0
    outer loop
      vertex -24.0407 1.24266 3
      vertex -24 0 1.6
      vertex -24 0 3
    endloop
  endfacet
  facet normal -0.99519 -0.0979635 0
    outer loop
      vertex -24.0407 1.24266 1.6
      vertex -24.1625 2.48 3
      vertex -24.1625 2.48 1.6
    endloop
  endfacet
  facet normal -0.99519 -0.0979635 0
    outer loop
      vertex -24.1625 2.48 3
      vertex -24.0407 1.24266 1.6
      vertex -24.0407 1.24266 3
    endloop
  endfacet
  facet normal -0.0327337 -0.999464 0
    outer loop
      vertex -43 19 1.6
      vertex -41.7573 18.9593 3
      vertex -43 19 3
    endloop
  endfacet
  facet normal -0.0327337 -0.999464 -0
    outer loop
      vertex -41.7573 18.9593 3
      vertex -43 19 1.6
      vertex -41.7573 18.9593 1.6
    endloop
  endfacet
  facet normal -0.881922 -0.471395 0
    outer loop
      vertex -25.9594 8.40348 1.6
      vertex -26.5455 9.5 3
      vertex -26.5455 9.5 1.6
    endloop
  endfacet
  facet normal -0.881922 -0.471395 0
    outer loop
      vertex -26.5455 9.5 3
      vertex -25.9594 8.40348 1.6
      vertex -25.9594 8.40348 3
    endloop
  endfacet
  facet normal -0.0979666 -0.99519 0
    outer loop
      vertex -41.7573 18.9593 1.6
      vertex -40.52 18.8375 3
      vertex -41.7573 18.9593 3
    endloop
  endfacet
  facet normal -0.0979666 -0.99519 -0
    outer loop
      vertex -40.52 18.8375 3
      vertex -41.7573 18.9593 1.6
      vertex -40.52 18.8375 1.6
    endloop
  endfacet
  facet normal -0.290291 -0.956938 0
    outer loop
      vertex -38.0824 18.3526 1.6
      vertex -36.8927 17.9917 3
      vertex -38.0824 18.3526 3
    endloop
  endfacet
  facet normal -0.290291 -0.956938 -0
    outer loop
      vertex -36.8927 17.9917 3
      vertex -38.0824 18.3526 1.6
      vertex -36.8927 17.9917 1.6
    endloop
  endfacet
  facet normal -0.683647 -0.729813 0
    outer loop
      vertex -30.4724 14.285 1.6
      vertex -29.565 13.435 3
      vertex -30.4724 14.285 3
    endloop
  endfacet
  facet normal -0.683647 -0.729813 -0
    outer loop
      vertex -29.565 13.435 3
      vertex -30.4724 14.285 1.6
      vertex -29.565 13.435 1.6
    endloop
  endfacet
  facet normal -0.528103 -0.84918 0
    outer loop
      vertex -33.5 16.4545 1.6
      vertex -32.4442 15.7979 3
      vertex -33.5 16.4545 3
    endloop
  endfacet
  facet normal -0.528103 -0.84918 -0
    outer loop
      vertex -32.4442 15.7979 3
      vertex -33.5 16.4545 1.6
      vertex -32.4442 15.7979 1.6
    endloop
  endfacet
  facet normal -0.582447 -0.812869 0
    outer loop
      vertex -32.4442 15.7979 1.6
      vertex -31.4335 15.0737 3
      vertex -32.4442 15.7979 3
    endloop
  endfacet
  facet normal -0.582447 -0.812869 -0
    outer loop
      vertex -31.4335 15.0737 3
      vertex -32.4442 15.7979 1.6
      vertex -31.4335 15.0737 1.6
    endloop
  endfacet
  facet normal -0.412688 -0.910873 0
    outer loop
      vertex -35.729 17.5537 1.6
      vertex -34.5965 17.0406 3
      vertex -35.729 17.5537 3
    endloop
  endfacet
  facet normal -0.412688 -0.910873 -0
    outer loop
      vertex -34.5965 17.0406 3
      vertex -35.729 17.5537 1.6
      vertex -34.5965 17.0406 1.6
    endloop
  endfacet
  facet normal 0.35226 -0.935902 0
    outer loop
      vertex -50.271 17.5537 1.6
      vertex -49.1073 17.9917 3
      vertex -50.271 17.5537 3
    endloop
  endfacet
  facet normal 0.35226 -0.935902 0
    outer loop
      vertex -49.1073 17.9917 3
      vertex -50.271 17.5537 1.6
      vertex -49.1073 17.9917 1.6
    endloop
  endfacet
  facet normal 0.0979666 -0.99519 0
    outer loop
      vertex -45.48 18.8375 1.6
      vertex -44.2427 18.9593 3
      vertex -45.48 18.8375 3
    endloop
  endfacet
  facet normal 0.0979666 -0.99519 0
    outer loop
      vertex -44.2427 18.9593 3
      vertex -45.48 18.8375 1.6
      vertex -44.2427 18.9593 1.6
    endloop
  endfacet
  facet normal 0.227044 -0.973884 0
    outer loop
      vertex -47.9176 18.3526 1.6
      vertex -46.7067 18.6349 3
      vertex -47.9176 18.3526 3
    endloop
  endfacet
  facet normal 0.227044 -0.973884 0
    outer loop
      vertex -46.7067 18.6349 3
      vertex -47.9176 18.3526 1.6
      vertex -46.7067 18.6349 1.6
    endloop
  endfacet
  facet normal 0.471402 -0.881918 0
    outer loop
      vertex -52.5 16.4545 1.6
      vertex -51.4035 17.0406 3
      vertex -52.5 16.4545 3
    endloop
  endfacet
  facet normal 0.471402 -0.881918 0
    outer loop
      vertex -51.4035 17.0406 3
      vertex -52.5 16.4545 1.6
      vertex -51.4035 17.0406 1.6
    endloop
  endfacet
  facet normal 0.634367 -0.773032 0
    outer loop
      vertex -55.5276 14.285 1.6
      vertex -54.5665 15.0737 3
      vertex -55.5276 14.285 3
    endloop
  endfacet
  facet normal 0.634367 -0.773032 0
    outer loop
      vertex -54.5665 15.0737 3
      vertex -55.5276 14.285 1.6
      vertex -54.5665 15.0737 1.6
    endloop
  endfacet
  facet normal 0.582447 -0.812869 0
    outer loop
      vertex -54.5665 15.0737 1.6
      vertex -53.5558 15.7979 3
      vertex -54.5665 15.0737 3
    endloop
  endfacet
  facet normal 0.582447 -0.812869 0
    outer loop
      vertex -53.5558 15.7979 3
      vertex -54.5665 15.0737 1.6
      vertex -53.5558 15.7979 1.6
    endloop
  endfacet
  facet normal 0.956945 -0.290271 0
    outer loop
      vertex -61.3526 4.91756 3
      vertex -60.9917 6.10735 1.6
      vertex -60.9917 6.10735 3
    endloop
  endfacet
  facet normal 0.956945 -0.290271 0
    outer loop
      vertex -60.9917 6.10735 1.6
      vertex -61.3526 4.91756 3
      vertex -61.3526 4.91756 1.6
    endloop
  endfacet
  facet normal 0.999464 -0.0327348 0
    outer loop
      vertex -62 0 3
      vertex -61.9593 1.24266 1.6
      vertex -61.9593 1.24266 3
    endloop
  endfacet
  facet normal 0.999464 -0.0327348 0
    outer loop
      vertex -61.9593 1.24266 1.6
      vertex -62 0 3
      vertex -62 0 1.6
    endloop
  endfacet
  facet normal 0.986635 -0.162948 0
    outer loop
      vertex -61.8375 2.48 3
      vertex -61.6349 3.70672 1.6
      vertex -61.6349 3.70672 3
    endloop
  endfacet
  facet normal 0.986635 -0.162948 0
    outer loop
      vertex -61.6349 3.70672 1.6
      vertex -61.8375 2.48 3
      vertex -61.8375 2.48 1.6
    endloop
  endfacet
  facet normal 0.84918 -0.528103 0
    outer loop
      vertex -59.4545 9.5 3
      vertex -58.7979 10.5558 1.6
      vertex -58.7979 10.5558 3
    endloop
  endfacet
  facet normal 0.84918 -0.528103 0
    outer loop
      vertex -58.7979 10.5558 1.6
      vertex -59.4545 9.5 3
      vertex -59.4545 9.5 1.6
    endloop
  endfacet
  facet normal 0.910873 -0.412688 0
    outer loop
      vertex -60.5537 7.27098 3
      vertex -60.0406 8.40348 1.6
      vertex -60.0406 8.40348 3
    endloop
  endfacet
  facet normal 0.910873 -0.412688 0
    outer loop
      vertex -60.0406 8.40348 1.6
      vertex -60.5537 7.27098 3
      vertex -60.5537 7.27098 1.6
    endloop
  endfacet
  facet normal 0.729813 -0.683647 0
    outer loop
      vertex -57.285 12.5276 3
      vertex -56.435 13.435 1.6
      vertex -56.435 13.435 3
    endloop
  endfacet
  facet normal 0.729813 -0.683647 0
    outer loop
      vertex -56.435 13.435 1.6
      vertex -57.285 12.5276 3
      vertex -57.285 12.5276 1.6
    endloop
  endfacet
  facet normal -0.99519 0.0979635 0
    outer loop
      vertex -24.1625 -2.48 1.6
      vertex -24.0407 -1.24266 3
      vertex -24.0407 -1.24266 1.6
    endloop
  endfacet
  facet normal -0.99519 0.0979635 0
    outer loop
      vertex -24.0407 -1.24266 3
      vertex -24.1625 -2.48 1.6
      vertex -24.1625 -2.48 3
    endloop
  endfacet
  facet normal -0.84918 0.528103 0
    outer loop
      vertex -27.2021 -10.5558 1.6
      vertex -26.5455 -9.5 3
      vertex -26.5455 -9.5 1.6
    endloop
  endfacet
  facet normal -0.84918 0.528103 0
    outer loop
      vertex -26.5455 -9.5 3
      vertex -27.2021 -10.5558 1.6
      vertex -27.2021 -10.5558 3
    endloop
  endfacet
  facet normal -0.0979666 0.99519 0
    outer loop
      vertex -40.52 -18.8375 1.6
      vertex -41.7573 -18.9593 3
      vertex -40.52 -18.8375 3
    endloop
  endfacet
  facet normal -0.0979666 0.99519 0
    outer loop
      vertex -41.7573 -18.9593 3
      vertex -40.52 -18.8375 1.6
      vertex -41.7573 -18.9593 1.6
    endloop
  endfacet
  facet normal 0 0 1
    outer loop
      vertex -27.9 0 1.6
      vertex -24 0 1.6
      vertex -24.0407 1.24266 1.6
    endloop
  endfacet
  facet normal 0 0 1
    outer loop
      vertex -27.9323 0.987587 1.6
      vertex -24.0407 1.24266 1.6
      vertex -24.1625 2.48 1.6
    endloop
  endfacet
  facet normal 0 0 1
    outer loop
      vertex -24 0 1.6
      vertex -27.9 0 1.6
      vertex -24.0407 -1.24266 1.6
    endloop
  endfacet
  facet normal 0 0 1
    outer loop
      vertex -28.0292 1.97095 1.6
      vertex -24.1625 2.48 1.6
      vertex -24.3651 3.70672 1.6
    endloop
  endfacet
  facet normal -0 0 1
    outer loop
      vertex -27.9323 -0.987587 1.6
      vertex -24.0407 -1.24266 1.6
      vertex -27.9 0 1.6
    endloop
  endfacet
  facet normal 0 0 1
    outer loop
      vertex -28.1901 2.94586 1.6
      vertex -24.3651 3.70672 1.6
      vertex -24.6474 4.91756 1.6
    endloop
  endfacet
  facet normal 0 0 1
    outer loop
      vertex -24.0407 -1.24266 1.6
      vertex -27.9323 -0.987587 1.6
      vertex -24.1625 -2.48 1.6
    endloop
  endfacet
  facet normal 0 0 1
    outer loop
      vertex -28.4145 3.90817 1.6
      vertex -24.6474 4.91756 1.6
      vertex -25.0083 6.10735 1.6
    endloop
  endfacet
  facet normal -0 0 1
    outer loop
      vertex -28.0292 -1.97095 1.6
      vertex -24.1625 -2.48 1.6
      vertex -27.9323 -0.987587 1.6
    endloop
  endfacet
  facet normal 0 0 1
    outer loop
      vertex -28.7014 4.85374 1.6
      vertex -25.0083 6.10735 1.6
      vertex -25.4463 7.27098 1.6
    endloop
  endfacet
  facet normal 0 0 1
    outer loop
      vertex -24.1625 -2.48 1.6
      vertex -28.0292 -1.97095 1.6
      vertex -24.3651 -3.70672 1.6
    endloop
  endfacet
  facet normal 0 0 1
    outer loop
      vertex -29.0494 5.77852 1.6
      vertex -25.4463 7.27098 1.6
      vertex -25.9594 8.40348 1.6
    endloop
  endfacet
  facet normal -0 0 1
    outer loop
      vertex -28.1901 -2.94586 1.6
      vertex -24.3651 -3.70672 1.6
      vertex -28.0292 -1.97095 1.6
    endloop
  endfacet
  facet normal 0 0 1
    outer loop
      vertex -29.4572 6.67856 1.6
      vertex -25.9594 8.40348 1.6
      vertex -26.5455 9.5 1.6
    endloop
  endfacet
  facet normal 0 0 1
    outer loop
      vertex -24.3651 -3.70672 1.6
      vertex -28.1901 -2.94586 1.6
      vertex -24.6474 -4.91756 1.6
    endloop
  endfacet
  facet normal 0 0 1
    outer loop
      vertex -29.923 7.55 1.6
      vertex -26.5455 9.5 1.6
      vertex -27.2021 10.5558 1.6
    endloop
  endfacet
  facet normal -0 0 1
    outer loop
      vertex -28.4145 -3.90817 1.6
      vertex -24.6474 -4.91756 1.6
      vertex -28.1901 -2.94586 1.6
    endloop
  endfacet
  facet normal 0 0 1
    outer loop
      vertex -24.6474 -4.91756 1.6
      vertex -28.4145 -3.90817 1.6
      vertex -25.0083 -6.10735 1.6
    endloop
  endfacet
  facet normal 0 0 1
    outer loop
      vertex -30.4448 8.38911 1.6
      vertex -27.2021 10.5558 1.6
      vertex -27.9263 11.5665 1.6
    endloop
  endfacet
  facet normal 0 0 1
    outer loop
      vertex -24.0407 1.24266 1.6
      vertex -27.9323 0.987587 1.6
      vertex -27.9 0 1.6
    endloop
  endfacet
  facet normal 0 0 1
    outer loop
      vertex -24.1625 2.48 1.6
      vertex -28.0292 1.97095 1.6
      vertex -27.9323 0.987587 1.6
    endloop
  endfacet
  facet normal 0 0 1
    outer loop
      vertex -24.3651 3.70672 1.6
      vertex -28.1901 2.94586 1.6
      vertex -28.0292 1.97095 1.6
    endloop
  endfacet
  facet normal 0 0 1
    outer loop
      vertex -24.6474 4.91756 1.6
      vertex -28.4145 3.90817 1.6
      vertex -28.1901 2.94586 1.6
    endloop
  endfacet
  facet normal 0 0 1
    outer loop
      vertex -25.0083 6.10735 1.6
      vertex -28.7014 4.85374 1.6
      vertex -28.4145 3.90817 1.6
    endloop
  endfacet
  facet normal 0 0 1
    outer loop
      vertex -31.0204 9.1923 1.6
      vertex -27.9263 11.5665 1.6
      vertex -28.715 12.5276 1.6
    endloop
  endfacet
  facet normal 0 0 1
    outer loop
      vertex -25.4463 7.27098 1.6
      vertex -29.0494 5.77852 1.6
      vertex -28.7014 4.85374 1.6
    endloop
  endfacet
  facet normal 0 0 1
    outer loop
      vertex -25.9594 8.40348 1.6
      vertex -29.4572 6.67856 1.6
      vertex -29.0494 5.77852 1.6
    endloop
  endfacet
  facet normal 0 0 1
    outer loop
      vertex -31.6472 9.95612 1.6
      vertex -28.715 12.5276 1.6
      vertex -29.565 13.435 1.6
    endloop
  endfacet
  facet normal 0 0 1
    outer loop
      vertex -26.5455 9.5 1.6
      vertex -29.923 7.55 1.6
      vertex -29.4572 6.67856 1.6
    endloop
  endfacet
  facet normal 0 0 1
    outer loop
      vertex -27.2021 10.5558 1.6
      vertex -30.4448 8.38911 1.6
      vertex -29.923 7.55 1.6
    endloop
  endfacet
  facet normal 0 0 1
    outer loop
      vertex -32.3227 10.6773 1.6
      vertex -29.565 13.435 1.6
      vertex -30.4724 14.285 1.6
    endloop
  endfacet
  facet normal 0 0 1
    outer loop
      vertex -27.9263 11.5665 1.6
      vertex -31.0204 9.1923 1.6
      vertex -30.4448 8.38911 1.6
    endloop
  endfacet
  facet normal 0 0 1
    outer loop
      vertex -33.0439 11.3528 1.6
      vertex -30.4724 14.285 1.6
      vertex -31.4335 15.0737 1.6
    endloop
  endfacet
  facet normal 0 0 1
    outer loop
      vertex -28.715 12.5276 1.6
      vertex -31.6472 9.95612 1.6
      vertex -31.0204 9.1923 1.6
    endloop
  endfacet
  facet normal 0 0 1
    outer loop
      vertex -29.565 13.435 1.6
      vertex -32.3227 10.6773 1.6
      vertex -31.6472 9.95612 1.6
    endloop
  endfacet
  facet normal 0 0 1
    outer loop
      vertex -33.8077 11.9796 1.6
      vertex -31.4335 15.0737 1.6
      vertex -32.4442 15.7979 1.6
    endloop
  endfacet
  facet normal 0 0 1
    outer loop
      vertex -30.4724 14.285 1.6
      vertex -33.0439 11.3528 1.6
      vertex -32.3227 10.6773 1.6
    endloop
  endfacet
  facet normal 0 0 1
    outer loop
      vertex -34.6109 12.5552 1.6
      vertex -32.4442 15.7979 1.6
      vertex -33.5 16.4545 1.6
    endloop
  endfacet
  facet normal 0 0 1
    outer loop
      vertex -31.4335 15.0737 1.6
      vertex -33.8077 11.9796 1.6
      vertex -33.0439 11.3528 1.6
    endloop
  endfacet
  facet normal 0 0 1
    outer loop
      vertex -35.45 13.077 1.6
      vertex -33.5 16.4545 1.6
      vertex -34.5965 17.0406 1.6
    endloop
  endfacet
  facet normal 0 0 1
    outer loop
      vertex -32.4442 15.7979 1.6
      vertex -34.6109 12.5552 1.6
      vertex -33.8077 11.9796 1.6
    endloop
  endfacet
  facet normal 0 0 1
    outer loop
      vertex -33.5 16.4545 1.6
      vertex -35.45 13.077 1.6
      vertex -34.6109 12.5552 1.6
    endloop
  endfacet
  facet normal 0 0 1
    outer loop
      vertex -36.3214 13.5428 1.6
      vertex -34.5965 17.0406 1.6
      vertex -35.729 17.5537 1.6
    endloop
  endfacet
  facet normal 0 0 1
    outer loop
      vertex -34.5965 17.0406 1.6
      vertex -36.3214 13.5428 1.6
      vertex -35.45 13.077 1.6
    endloop
  endfacet
  facet normal 0 0 1
    outer loop
      vertex -37.2215 13.9506 1.6
      vertex -35.729 17.5537 1.6
      vertex -36.8927 17.9917 1.6
    endloop
  endfacet
  facet normal 0 0 1
    outer loop
      vertex -35.729 17.5537 1.6
      vertex -37.2215 13.9506 1.6
      vertex -36.3214 13.5428 1.6
    endloop
  endfacet
  facet normal 0 0 1
    outer loop
      vertex -38.1463 14.2986 1.6
      vertex -36.8927 17.9917 1.6
      vertex -38.0824 18.3526 1.6
    endloop
  endfacet
  facet normal 0 0 1
    outer loop
      vertex -36.8927 17.9917 1.6
      vertex -38.1463 14.2986 1.6
      vertex -37.2215 13.9506 1.6
    endloop
  endfacet
  facet normal 0 0 1
    outer loop
      vertex -38.0824 18.3526 1.6
      vertex -39.0918 14.5855 1.6
      vertex -38.1463 14.2986 1.6
    endloop
  endfacet
  facet normal 0 0 1
    outer loop
      vertex -39.2933 18.6349 1.6
      vertex -39.0918 14.5855 1.6
      vertex -38.0824 18.3526 1.6
    endloop
  endfacet
  facet normal 0 0 1
    outer loop
      vertex -39.2933 18.6349 1.6
      vertex -40.0541 14.8099 1.6
      vertex -39.0918 14.5855 1.6
    endloop
  endfacet
  facet normal 0 0 1
    outer loop
      vertex -40.52 18.8375 1.6
      vertex -40.0541 14.8099 1.6
      vertex -39.2933 18.6349 1.6
    endloop
  endfacet
  facet normal 0 0 1
    outer loop
      vertex -40.52 18.8375 1.6
      vertex -41.0291 14.9708 1.6
      vertex -40.0541 14.8099 1.6
    endloop
  endfacet
  facet normal 0 0 1
    outer loop
      vertex -41.7573 18.9593 1.6
      vertex -41.0291 14.9708 1.6
      vertex -40.52 18.8375 1.6
    endloop
  endfacet
  facet normal 0 0 1
    outer loop
      vertex -41.7573 18.9593 1.6
      vertex -42.0124 15.0677 1.6
      vertex -41.0291 14.9708 1.6
    endloop
  endfacet
  facet normal 0 0 1
    outer loop
      vertex -43 19 1.6
      vertex -42.0124 15.0677 1.6
      vertex -41.7573 18.9593 1.6
    endloop
  endfacet
  facet normal 0 0 1
    outer loop
      vertex -43 19 1.6
      vertex -43 15.1 1.6
      vertex -42.0124 15.0677 1.6
    endloop
  endfacet
  facet normal 0 0 1
    outer loop
      vertex -43 19 1.6
      vertex -43.9876 15.0677 1.6
      vertex -43 15.1 1.6
    endloop
  endfacet
  facet normal -0 0 1
    outer loop
      vertex -44.2427 18.9593 1.6
      vertex -43.9876 15.0677 1.6
      vertex -43 19 1.6
    endloop
  endfacet
  facet normal 0 0 1
    outer loop
      vertex -44.2427 18.9593 1.6
      vertex -44.9709 14.9708 1.6
      vertex -43.9876 15.0677 1.6
    endloop
  endfacet
  facet normal -0 0 1
    outer loop
      vertex -45.48 18.8375 1.6
      vertex -44.9709 14.9708 1.6
      vertex -44.2427 18.9593 1.6
    endloop
  endfacet
  facet normal 0 0 1
    outer loop
      vertex -45.48 18.8375 1.6
      vertex -45.9459 14.8099 1.6
      vertex -44.9709 14.9708 1.6
    endloop
  endfacet
  facet normal -0 0 1
    outer loop
      vertex -46.7067 18.6349 1.6
      vertex -45.9459 14.8099 1.6
      vertex -45.48 18.8375 1.6
    endloop
  endfacet
  facet normal 0 0 1
    outer loop
      vertex -46.7067 18.6349 1.6
      vertex -46.9082 14.5855 1.6
      vertex -45.9459 14.8099 1.6
    endloop
  endfacet
  facet normal -0 0 1
    outer loop
      vertex -47.9176 18.3526 1.6
      vertex -46.9082 14.5855 1.6
      vertex -46.7067 18.6349 1.6
    endloop
  endfacet
  facet normal 0 0 1
    outer loop
      vertex -46.9082 14.5855 1.6
      vertex -47.9176 18.3526 1.6
      vertex -47.8537 14.2986 1.6
    endloop
  endfacet
  facet normal -0 0 1
    outer loop
      vertex -49.1073 17.9917 1.6
      vertex -47.8537 14.2986 1.6
      vertex -47.9176 18.3526 1.6
    endloop
  endfacet
  facet normal 0 0 1
    outer loop
      vertex -47.8537 14.2986 1.6
      vertex -49.1073 17.9917 1.6
      vertex -48.7785 13.9506 1.6
    endloop
  endfacet
  facet normal -0 0 1
    outer loop
      vertex -50.271 17.5537 1.6
      vertex -48.7785 13.9506 1.6
      vertex -49.1073 17.9917 1.6
    endloop
  endfacet
  facet normal 0 0 1
    outer loop
      vertex -48.7785 13.9506 1.6
      vertex -50.271 17.5537 1.6
      vertex -49.6786 13.5428 1.6
    endloop
  endfacet
  facet normal -0 0 1
    outer loop
      vertex -51.4035 17.0406 1.6
      vertex -49.6786 13.5428 1.6
      vertex -50.271 17.5537 1.6
    endloop
  endfacet
  facet normal 0 0 1
    outer loop
      vertex -49.6786 13.5428 1.6
      vertex -51.4035 17.0406 1.6
      vertex -50.55 13.077 1.6
    endloop
  endfacet
  facet normal -0 0 1
    outer loop
      vertex -52.5 16.4545 1.6
      vertex -50.55 13.077 1.6
      vertex -51.4035 17.0406 1.6
    endloop
  endfacet
  facet normal 0 0 1
    outer loop
      vertex -50.55 13.077 1.6
      vertex -52.5 16.4545 1.6
      vertex -51.3891 12.5552 1.6
    endloop
  endfacet
  facet normal -0 0 1
    outer loop
      vertex -53.5558 15.7979 1.6
      vertex -51.3891 12.5552 1.6
      vertex -52.5 16.4545 1.6
    endloop
  endfacet
  facet normal 0 0 1
    outer loop
      vertex -51.3891 12.5552 1.6
      vertex -53.5558 15.7979 1.6
      vertex -52.1923 11.9796 1.6
    endloop
  endfacet
  facet normal -0 0 1
    outer loop
      vertex -54.5665 15.0737 1.6
      vertex -52.1923 11.9796 1.6
      vertex -53.5558 15.7979 1.6
    endloop
  endfacet
  facet normal 0 0 1
    outer loop
      vertex -52.1923 11.9796 1.6
      vertex -54.5665 15.0737 1.6
      vertex -52.9561 11.3528 1.6
    endloop
  endfacet
  facet normal -0 0 1
    outer loop
      vertex -55.5276 14.285 1.6
      vertex -52.9561 11.3528 1.6
      vertex -54.5665 15.0737 1.6
    endloop
  endfacet
  facet normal 0 0 1
    outer loop
      vertex -52.9561 11.3528 1.6
      vertex -55.5276 14.285 1.6
      vertex -53.6773 10.6773 1.6
    endloop
  endfacet
  facet normal -0 0 1
    outer loop
      vertex -56.435 13.435 1.6
      vertex -53.6773 10.6773 1.6
      vertex -55.5276 14.285 1.6
    endloop
  endfacet
  facet normal 0 0 1
    outer loop
      vertex -53.6773 10.6773 1.6
      vertex -56.435 13.435 1.6
      vertex -54.3528 9.95612 1.6
    endloop
  endfacet
  facet normal -0 0 1
    outer loop
      vertex -57.285 12.5276 1.6
      vertex -54.3528 9.95612 1.6
      vertex -56.435 13.435 1.6
    endloop
  endfacet
  facet normal 0 0 1
    outer loop
      vertex -54.3528 9.95612 1.6
      vertex -57.285 12.5276 1.6
      vertex -54.9796 9.1923 1.6
    endloop
  endfacet
  facet normal -0 0 1
    outer loop
      vertex -58.0737 11.5665 1.6
      vertex -54.9796 9.1923 1.6
      vertex -57.285 12.5276 1.6
    endloop
  endfacet
  facet normal 0 0 1
    outer loop
      vertex -54.9796 9.1923 1.6
      vertex -58.0737 11.5665 1.6
      vertex -55.5552 8.38911 1.6
    endloop
  endfacet
  facet normal -0 0 1
    outer loop
      vertex -58.7979 10.5558 1.6
      vertex -55.5552 8.38911 1.6
      vertex -58.0737 11.5665 1.6
    endloop
  endfacet
  facet normal 0 0 1
    outer loop
      vertex -55.5552 8.38911 1.6
      vertex -58.7979 10.5558 1.6
      vertex -56.077 7.55 1.6
    endloop
  endfacet
  facet normal -0 0 1
    outer loop
      vertex -59.4545 9.5 1.6
      vertex -56.077 7.55 1.6
      vertex -58.7979 10.5558 1.6
    endloop
  endfacet
  facet normal 0 0 1
    outer loop
      vertex -56.077 7.55 1.6
      vertex -59.4545 9.5 1.6
      vertex -56.5428 6.67856 1.6
    endloop
  endfacet
  facet normal -0 0 1
    outer loop
      vertex -60.0406 8.40348 1.6
      vertex -56.5428 6.67856 1.6
      vertex -59.4545 9.5 1.6
    endloop
  endfacet
  facet normal 0 0 1
    outer loop
      vertex -56.5428 6.67856 1.6
      vertex -60.0406 8.40348 1.6
      vertex -56.9506 5.77852 1.6
    endloop
  endfacet
  facet normal -0 0 1
    outer loop
      vertex -60.5537 7.27098 1.6
      vertex -56.9506 5.77852 1.6
      vertex -60.0406 8.40348 1.6
    endloop
  endfacet
  facet normal 0 0 1
    outer loop
      vertex -56.9506 5.77852 1.6
      vertex -60.5537 7.27098 1.6
      vertex -57.2986 4.85374 1.6
    endloop
  endfacet
  facet normal -0 0 1
    outer loop
      vertex -60.9917 6.10735 1.6
      vertex -57.2986 4.85374 1.6
      vertex -60.5537 7.27098 1.6
    endloop
  endfacet
  facet normal 0 0 1
    outer loop
      vertex -57.2986 4.85374 1.6
      vertex -60.9917 6.10735 1.6
      vertex -57.5855 3.90817 1.6
    endloop
  endfacet
  facet normal -0 0 1
    outer loop
      vertex -28.7014 -4.85374 1.6
      vertex -25.0083 -6.10735 1.6
      vertex -28.4145 -3.90817 1.6
    endloop
  endfacet
  facet normal 0 0 1
    outer loop
      vertex -25.0083 -6.10735 1.6
      vertex -28.7014 -4.85374 1.6
      vertex -25.4463 -7.27098 1.6
    endloop
  endfacet
  facet normal -0 0 1
    outer loop
      vertex -29.0494 -5.77852 1.6
      vertex -25.4463 -7.27098 1.6
      vertex -28.7014 -4.85374 1.6
    endloop
  endfacet
  facet normal 0 0 1
    outer loop
      vertex -25.4463 -7.27098 1.6
      vertex -29.0494 -5.77852 1.6
      vertex -25.9594 -8.40348 1.6
    endloop
  endfacet
  facet normal -0 0 1
    outer loop
      vertex -29.4572 -6.67856 1.6
      vertex -25.9594 -8.40348 1.6
      vertex -29.0494 -5.77852 1.6
    endloop
  endfacet
  facet normal 0 0 1
    outer loop
      vertex -25.9594 -8.40348 1.6
      vertex -29.4572 -6.67856 1.6
      vertex -26.5455 -9.5 1.6
    endloop
  endfacet
  facet normal -0 0 1
    outer loop
      vertex -29.923 -7.55 1.6
      vertex -26.5455 -9.5 1.6
      vertex -29.4572 -6.67856 1.6
    endloop
  endfacet
  facet normal 0 0 1
    outer loop
      vertex -26.5455 -9.5 1.6
      vertex -29.923 -7.55 1.6
      vertex -27.2021 -10.5558 1.6
    endloop
  endfacet
  facet normal -0 0 1
    outer loop
      vertex -30.4448 -8.38911 1.6
      vertex -27.2021 -10.5558 1.6
      vertex -29.923 -7.55 1.6
    endloop
  endfacet
  facet normal 0 0 1
    outer loop
      vertex -27.2021 -10.5558 1.6
      vertex -30.4448 -8.38911 1.6
      vertex -27.9263 -11.5665 1.6
    endloop
  endfacet
  facet normal -0 0 1
    outer loop
      vertex -31.0204 -9.1923 1.6
      vertex -27.9263 -11.5665 1.6
      vertex -30.4448 -8.38911 1.6
    endloop
  endfacet
  facet normal 0 0 1
    outer loop
      vertex -27.9263 -11.5665 1.6
      vertex -31.0204 -9.1923 1.6
      vertex -28.715 -12.5276 1.6
    endloop
  endfacet
  facet normal -0 0 1
    outer loop
      vertex -31.6472 -9.95612 1.6
      vertex -28.715 -12.5276 1.6
      vertex -31.0204 -9.1923 1.6
    endloop
  endfacet
  facet normal 0 0 1
    outer loop
      vertex -28.715 -12.5276 1.6
      vertex -31.6472 -9.95612 1.6
      vertex -29.565 -13.435 1.6
    endloop
  endfacet
  facet normal -0 0 1
    outer loop
      vertex -32.3227 -10.6773 1.6
      vertex -29.565 -13.435 1.6
      vertex -31.6472 -9.95612 1.6
    endloop
  endfacet
  facet normal 0 0 1
    outer loop
      vertex -29.565 -13.435 1.6
      vertex -32.3227 -10.6773 1.6
      vertex -30.4724 -14.285 1.6
    endloop
  endfacet
  facet normal -0 0 1
    outer loop
      vertex -33.0439 -11.3528 1.6
      vertex -30.4724 -14.285 1.6
      vertex -32.3227 -10.6773 1.6
    endloop
  endfacet
  facet normal 0 0 1
    outer loop
      vertex -30.4724 -14.285 1.6
      vertex -33.0439 -11.3528 1.6
      vertex -31.4335 -15.0737 1.6
    endloop
  endfacet
  facet normal -0 0 1
    outer loop
      vertex -33.8077 -11.9796 1.6
      vertex -31.4335 -15.0737 1.6
      vertex -33.0439 -11.3528 1.6
    endloop
  endfacet
  facet normal 0 0 1
    outer loop
      vertex -31.4335 -15.0737 1.6
      vertex -33.8077 -11.9796 1.6
      vertex -32.4442 -15.7979 1.6
    endloop
  endfacet
  facet normal -0 0 1
    outer loop
      vertex -34.6109 -12.5552 1.6
      vertex -32.4442 -15.7979 1.6
      vertex -33.8077 -11.9796 1.6
    endloop
  endfacet
  facet normal 0 0 1
    outer loop
      vertex -32.4442 -15.7979 1.6
      vertex -34.6109 -12.5552 1.6
      vertex -33.5 -16.4545 1.6
    endloop
  endfacet
  facet normal -0 0 1
    outer loop
      vertex -35.45 -13.077 1.6
      vertex -33.5 -16.4545 1.6
      vertex -34.6109 -12.5552 1.6
    endloop
  endfacet
  facet normal 0 0 1
    outer loop
      vertex -33.5 -16.4545 1.6
      vertex -35.45 -13.077 1.6
      vertex -34.5965 -17.0406 1.6
    endloop
  endfacet
  facet normal -0 0 1
    outer loop
      vertex -36.3214 -13.5428 1.6
      vertex -34.5965 -17.0406 1.6
      vertex -35.45 -13.077 1.6
    endloop
  endfacet
  facet normal 0 0 1
    outer loop
      vertex -34.5965 -17.0406 1.6
      vertex -36.3214 -13.5428 1.6
      vertex -35.729 -17.5537 1.6
    endloop
  endfacet
  facet normal -0 0 1
    outer loop
      vertex -37.2215 -13.9506 1.6
      vertex -35.729 -17.5537 1.6
      vertex -36.3214 -13.5428 1.6
    endloop
  endfacet
  facet normal 0 0 1
    outer loop
      vertex -35.729 -17.5537 1.6
      vertex -37.2215 -13.9506 1.6
      vertex -36.8927 -17.9917 1.6
    endloop
  endfacet
  facet normal -0 0 1
    outer loop
      vertex -38.1463 -14.2986 1.6
      vertex -36.8927 -17.9917 1.6
      vertex -37.2215 -13.9506 1.6
    endloop
  endfacet
  facet normal 0 0 1
    outer loop
      vertex -36.8927 -17.9917 1.6
      vertex -38.1463 -14.2986 1.6
      vertex -38.0824 -18.3526 1.6
    endloop
  endfacet
  facet normal -0 0 1
    outer loop
      vertex -39.0918 -14.5855 1.6
      vertex -38.0824 -18.3526 1.6
      vertex -38.1463 -14.2986 1.6
    endloop
  endfacet
  facet normal 0 0 1
    outer loop
      vertex -39.0918 -14.5855 1.6
      vertex -39.2933 -18.6349 1.6
      vertex -38.0824 -18.3526 1.6
    endloop
  endfacet
  facet normal -0 0 1
    outer loop
      vertex -40.0541 -14.8099 1.6
      vertex -39.2933 -18.6349 1.6
      vertex -39.0918 -14.5855 1.6
    endloop
  endfacet
  facet normal 0 0 1
    outer loop
      vertex -40.0541 -14.8099 1.6
      vertex -40.52 -18.8375 1.6
      vertex -39.2933 -18.6349 1.6
    endloop
  endfacet
  facet normal -0 0 1
    outer loop
      vertex -41.0291 -14.9708 1.6
      vertex -40.52 -18.8375 1.6
      vertex -40.0541 -14.8099 1.6
    endloop
  endfacet
  facet normal 0 0 1
    outer loop
      vertex -41.0291 -14.9708 1.6
      vertex -41.7573 -18.9593 1.6
      vertex -40.52 -18.8375 1.6
    endloop
  endfacet
  facet normal -0 0 1
    outer loop
      vertex -42.0124 -15.0677 1.6
      vertex -41.7573 -18.9593 1.6
      vertex -41.0291 -14.9708 1.6
    endloop
  endfacet
  facet normal -0 0 1
    outer loop
      vertex -43 -15.1 1.6
      vertex -41.7573 -18.9593 1.6
      vertex -42.0124 -15.0677 1.6
    endloop
  endfacet
  facet normal 0 0 1
    outer loop
      vertex -43 -15.1 1.6
      vertex -43 -19 1.6
      vertex -41.7573 -18.9593 1.6
    endloop
  endfacet
  facet normal 0 0 1
    outer loop
      vertex -43.9876 -15.0677 1.6
      vertex -43 -19 1.6
      vertex -43 -15.1 1.6
    endloop
  endfacet
  facet normal 0 0 1
    outer loop
      vertex -43.9876 -15.0677 1.6
      vertex -44.2427 -18.9593 1.6
      vertex -43 -19 1.6
    endloop
  endfacet
  facet normal 0 0 1
    outer loop
      vertex -44.9709 -14.9708 1.6
      vertex -44.2427 -18.9593 1.6
      vertex -43.9876 -15.0677 1.6
    endloop
  endfacet
  facet normal 0 0 1
    outer loop
      vertex -44.9709 -14.9708 1.6
      vertex -45.48 -18.8375 1.6
      vertex -44.2427 -18.9593 1.6
    endloop
  endfacet
  facet normal 0 0 1
    outer loop
      vertex -45.9459 -14.8099 1.6
      vertex -45.48 -18.8375 1.6
      vertex -44.9709 -14.9708 1.6
    endloop
  endfacet
  facet normal 0 0 1
    outer loop
      vertex -45.9459 -14.8099 1.6
      vertex -46.7067 -18.6349 1.6
      vertex -45.48 -18.8375 1.6
    endloop
  endfacet
  facet normal 0 0 1
    outer loop
      vertex -46.9082 -14.5855 1.6
      vertex -46.7067 -18.6349 1.6
      vertex -45.9459 -14.8099 1.6
    endloop
  endfacet
  facet normal 0 0 1
    outer loop
      vertex -47.9176 -18.3526 1.6
      vertex -46.9082 -14.5855 1.6
      vertex -47.8537 -14.2986 1.6
    endloop
  endfacet
  facet normal 0 0 1
    outer loop
      vertex -46.9082 -14.5855 1.6
      vertex -47.9176 -18.3526 1.6
      vertex -46.7067 -18.6349 1.6
    endloop
  endfacet
  facet normal 0 0 1
    outer loop
      vertex -49.1073 -17.9917 1.6
      vertex -47.8537 -14.2986 1.6
      vertex -48.7785 -13.9506 1.6
    endloop
  endfacet
  facet normal 0 0 1
    outer loop
      vertex -47.8537 -14.2986 1.6
      vertex -49.1073 -17.9917 1.6
      vertex -47.9176 -18.3526 1.6
    endloop
  endfacet
  facet normal 0 0 1
    outer loop
      vertex -50.271 -17.5537 1.6
      vertex -48.7785 -13.9506 1.6
      vertex -49.6786 -13.5428 1.6
    endloop
  endfacet
  facet normal 0 0 1
    outer loop
      vertex -48.7785 -13.9506 1.6
      vertex -50.271 -17.5537 1.6
      vertex -49.1073 -17.9917 1.6
    endloop
  endfacet
  facet normal 0 0 1
    outer loop
      vertex -51.4035 -17.0406 1.6
      vertex -49.6786 -13.5428 1.6
      vertex -50.55 -13.077 1.6
    endloop
  endfacet
  facet normal 0 0 1
    outer loop
      vertex -52.5 -16.4545 1.6
      vertex -50.55 -13.077 1.6
      vertex -51.3891 -12.5552 1.6
    endloop
  endfacet
  facet normal 0 0 1
    outer loop
      vertex -49.6786 -13.5428 1.6
      vertex -51.4035 -17.0406 1.6
      vertex -50.271 -17.5537 1.6
    endloop
  endfacet
  facet normal 0 0 1
    outer loop
      vertex -53.5558 -15.7979 1.6
      vertex -51.3891 -12.5552 1.6
      vertex -52.1923 -11.9796 1.6
    endloop
  endfacet
  facet normal 0 0 1
    outer loop
      vertex -50.55 -13.077 1.6
      vertex -52.5 -16.4545 1.6
      vertex -51.4035 -17.0406 1.6
    endloop
  endfacet
  facet normal 0 0 1
    outer loop
      vertex -54.5665 -15.0737 1.6
      vertex -52.1923 -11.9796 1.6
      vertex -52.9561 -11.3528 1.6
    endloop
  endfacet
  facet normal 0 0 1
    outer loop
      vertex -51.3891 -12.5552 1.6
      vertex -53.5558 -15.7979 1.6
      vertex -52.5 -16.4545 1.6
    endloop
  endfacet
  facet normal 0 0 1
    outer loop
      vertex -55.5276 -14.285 1.6
      vertex -52.9561 -11.3528 1.6
      vertex -53.6773 -10.6773 1.6
    endloop
  endfacet
  facet normal 0 0 1
    outer loop
      vertex -56.435 -13.435 1.6
      vertex -53.6773 -10.6773 1.6
      vertex -54.3528 -9.95612 1.6
    endloop
  endfacet
  facet normal 0 0 1
    outer loop
      vertex -52.1923 -11.9796 1.6
      vertex -54.5665 -15.0737 1.6
      vertex -53.5558 -15.7979 1.6
    endloop
  endfacet
  facet normal 0 0 1
    outer loop
      vertex -57.285 -12.5276 1.6
      vertex -54.3528 -9.95612 1.6
      vertex -54.9796 -9.1923 1.6
    endloop
  endfacet
  facet normal 0 0 1
    outer loop
      vertex -52.9561 -11.3528 1.6
      vertex -55.5276 -14.285 1.6
      vertex -54.5665 -15.0737 1.6
    endloop
  endfacet
  facet normal 0 0 1
    outer loop
      vertex -58.0737 -11.5665 1.6
      vertex -54.9796 -9.1923 1.6
      vertex -55.5552 -8.38911 1.6
    endloop
  endfacet
  facet normal 0 0 1
    outer loop
      vertex -58.7979 -10.5558 1.6
      vertex -55.5552 -8.38911 1.6
      vertex -56.077 -7.55 1.6
    endloop
  endfacet
  facet normal 0 0 1
    outer loop
      vertex -53.6773 -10.6773 1.6
      vertex -56.435 -13.435 1.6
      vertex -55.5276 -14.285 1.6
    endloop
  endfacet
  facet normal 0 0 1
    outer loop
      vertex -59.4545 -9.5 1.6
      vertex -56.077 -7.55 1.6
      vertex -56.5428 -6.67856 1.6
    endloop
  endfacet
  facet normal 0 0 1
    outer loop
      vertex -60.0406 -8.40348 1.6
      vertex -56.5428 -6.67856 1.6
      vertex -56.9506 -5.77852 1.6
    endloop
  endfacet
  facet normal 0 0 1
    outer loop
      vertex -54.3528 -9.95612 1.6
      vertex -57.285 -12.5276 1.6
      vertex -56.435 -13.435 1.6
    endloop
  endfacet
  facet normal 0 0 1
    outer loop
      vertex -60.5537 -7.27098 1.6
      vertex -56.9506 -5.77852 1.6
      vertex -57.2986 -4.85374 1.6
    endloop
  endfacet
  facet normal 0 0 1
    outer loop
      vertex -60.9917 -6.10735 1.6
      vertex -57.2986 -4.85374 1.6
      vertex -57.5855 -3.90817 1.6
    endloop
  endfacet
  facet normal 0 0 1
    outer loop
      vertex -61.3526 -4.91756 1.6
      vertex -57.5855 -3.90817 1.6
      vertex -57.8099 -2.94586 1.6
    endloop
  endfacet
  facet normal 0 0 1
    outer loop
      vertex -61.6349 -3.70672 1.6
      vertex -57.8099 -2.94586 1.6
      vertex -57.9708 -1.97095 1.6
    endloop
  endfacet
  facet normal 0 0 1
    outer loop
      vertex -61.8375 -2.48 1.6
      vertex -57.9708 -1.97095 1.6
      vertex -58.0677 -0.987587 1.6
    endloop
  endfacet
  facet normal 0 0 1
    outer loop
      vertex -54.9796 -9.1923 1.6
      vertex -58.0737 -11.5665 1.6
      vertex -57.285 -12.5276 1.6
    endloop
  endfacet
  facet normal 0 0 1
    outer loop
      vertex -61.9593 -1.24266 1.6
      vertex -58.0677 -0.987587 1.6
      vertex -58.1 0 1.6
    endloop
  endfacet
  facet normal -0 0 1
    outer loop
      vertex -61.3526 4.91756 1.6
      vertex -57.5855 3.90817 1.6
      vertex -60.9917 6.10735 1.6
    endloop
  endfacet
  facet normal 0 0 1
    outer loop
      vertex -55.5552 -8.38911 1.6
      vertex -58.7979 -10.5558 1.6
      vertex -58.0737 -11.5665 1.6
    endloop
  endfacet
  facet normal 0 0 1
    outer loop
      vertex -57.5855 3.90817 1.6
      vertex -61.3526 4.91756 1.6
      vertex -57.8099 2.94586 1.6
    endloop
  endfacet
  facet normal 0 0 1
    outer loop
      vertex -56.077 -7.55 1.6
      vertex -59.4545 -9.5 1.6
      vertex -58.7979 -10.5558 1.6
    endloop
  endfacet
  facet normal -0 0 1
    outer loop
      vertex -61.6349 3.70672 1.6
      vertex -57.8099 2.94586 1.6
      vertex -61.3526 4.91756 1.6
    endloop
  endfacet
  facet normal 0 0 1
    outer loop
      vertex -56.5428 -6.67856 1.6
      vertex -60.0406 -8.40348 1.6
      vertex -59.4545 -9.5 1.6
    endloop
  endfacet
  facet normal 0 0 1
    outer loop
      vertex -57.8099 2.94586 1.6
      vertex -61.6349 3.70672 1.6
      vertex -57.9708 1.97095 1.6
    endloop
  endfacet
  facet normal 0 0 1
    outer loop
      vertex -56.9506 -5.77852 1.6
      vertex -60.5537 -7.27098 1.6
      vertex -60.0406 -8.40348 1.6
    endloop
  endfacet
  facet normal -0 0 1
    outer loop
      vertex -61.8375 2.48 1.6
      vertex -57.9708 1.97095 1.6
      vertex -61.6349 3.70672 1.6
    endloop
  endfacet
  facet normal 0 0 1
    outer loop
      vertex -57.2986 -4.85374 1.6
      vertex -60.9917 -6.10735 1.6
      vertex -60.5537 -7.27098 1.6
    endloop
  endfacet
  facet normal 0 0 1
    outer loop
      vertex -57.9708 1.97095 1.6
      vertex -61.8375 2.48 1.6
      vertex -58.0677 0.987587 1.6
    endloop
  endfacet
  facet normal 0 0 1
    outer loop
      vertex -57.5855 -3.90817 1.6
      vertex -61.3526 -4.91756 1.6
      vertex -60.9917 -6.10735 1.6
    endloop
  endfacet
  facet normal -0 0 1
    outer loop
      vertex -61.9593 1.24266 1.6
      vertex -58.0677 0.987587 1.6
      vertex -61.8375 2.48 1.6
    endloop
  endfacet
  facet normal 0 0 1
    outer loop
      vertex -57.8099 -2.94586 1.6
      vertex -61.6349 -3.70672 1.6
      vertex -61.3526 -4.91756 1.6
    endloop
  endfacet
  facet normal 0 0 1
    outer loop
      vertex -58.0677 0.987587 1.6
      vertex -61.9593 1.24266 1.6
      vertex -58.1 0 1.6
    endloop
  endfacet
  facet normal 0 0 1
    outer loop
      vertex -57.9708 -1.97095 1.6
      vertex -61.8375 -2.48 1.6
      vertex -61.6349 -3.70672 1.6
    endloop
  endfacet
  facet normal 0 0 1
    outer loop
      vertex -62 0 1.6
      vertex -58.1 0 1.6
      vertex -61.9593 1.24266 1.6
    endloop
  endfacet
  facet normal 0 0 1
    outer loop
      vertex -58.0677 -0.987587 1.6
      vertex -61.9593 -1.24266 1.6
      vertex -61.8375 -2.48 1.6
    endloop
  endfacet
  facet normal 0 0 1
    outer loop
      vertex -58.1 0 1.6
      vertex -62 0 1.6
      vertex -61.9593 -1.24266 1.6
    endloop
  endfacet
  facet normal -0.973882 -0.227055 0
    outer loop
      vertex -24.3651 3.70672 1.6
      vertex -24.6474 4.91756 3
      vertex -24.6474 4.91756 1.6
    endloop
  endfacet
  facet normal -0.973882 -0.227055 0
    outer loop
      vertex -24.6474 4.91756 3
      vertex -24.3651 3.70672 1.6
      vertex -24.3651 3.70672 3
    endloop
  endfacet
  facet normal -0.986635 -0.162948 0
    outer loop
      vertex -24.1625 2.48 1.6
      vertex -24.3651 3.70672 3
      vertex -24.3651 3.70672 1.6
    endloop
  endfacet
  facet normal -0.986635 -0.162948 0
    outer loop
      vertex -24.3651 3.70672 3
      vertex -24.1625 2.48 1.6
      vertex -24.1625 2.48 3
    endloop
  endfacet
  facet normal -0.910873 -0.412688 0
    outer loop
      vertex -25.4463 7.27098 1.6
      vertex -25.9594 8.40348 3
      vertex -25.9594 8.40348 1.6
    endloop
  endfacet
  facet normal -0.910873 -0.412688 0
    outer loop
      vertex -25.9594 8.40348 3
      vertex -25.4463 7.27098 1.6
      vertex -25.4463 7.27098 3
    endloop
  endfacet
  facet normal -0.35226 -0.935902 0
    outer loop
      vertex -36.8927 17.9917 1.6
      vertex -35.729 17.5537 3
      vertex -36.8927 17.9917 3
    endloop
  endfacet
  facet normal -0.35226 -0.935902 -0
    outer loop
      vertex -35.729 17.5537 3
      vertex -36.8927 17.9917 1.6
      vertex -35.729 17.5537 1.6
    endloop
  endfacet
  facet normal -0.729813 -0.683647 0
    outer loop
      vertex -28.715 12.5276 1.6
      vertex -29.565 13.435 3
      vertex -29.565 13.435 1.6
    endloop
  endfacet
  facet normal -0.729813 -0.683647 0
    outer loop
      vertex -29.565 13.435 3
      vertex -28.715 12.5276 1.6
      vertex -28.715 12.5276 3
    endloop
  endfacet
  facet normal -0.471402 -0.881918 0
    outer loop
      vertex -34.5965 17.0406 1.6
      vertex -33.5 16.4545 3
      vertex -34.5965 17.0406 3
    endloop
  endfacet
  facet normal -0.471402 -0.881918 -0
    outer loop
      vertex -33.5 16.4545 3
      vertex -34.5965 17.0406 1.6
      vertex -33.5 16.4545 1.6
    endloop
  endfacet
  facet normal 0.290291 -0.956938 0
    outer loop
      vertex -49.1073 17.9917 1.6
      vertex -47.9176 18.3526 3
      vertex -49.1073 17.9917 3
    endloop
  endfacet
  facet normal 0.290291 -0.956938 0
    outer loop
      vertex -47.9176 18.3526 3
      vertex -49.1073 17.9917 1.6
      vertex -47.9176 18.3526 1.6
    endloop
  endfacet
  facet normal 0.412688 -0.910873 0
    outer loop
      vertex -51.4035 17.0406 1.6
      vertex -50.271 17.5537 3
      vertex -51.4035 17.0406 3
    endloop
  endfacet
  facet normal 0.412688 -0.910873 0
    outer loop
      vertex -50.271 17.5537 3
      vertex -51.4035 17.0406 1.6
      vertex -50.271 17.5537 1.6
    endloop
  endfacet
  facet normal 0.99519 -0.0979635 0
    outer loop
      vertex -61.9593 1.24266 3
      vertex -61.8375 2.48 1.6
      vertex -61.8375 2.48 3
    endloop
  endfacet
  facet normal 0.99519 -0.0979635 0
    outer loop
      vertex -61.8375 2.48 1.6
      vertex -61.9593 1.24266 3
      vertex -61.9593 1.24266 1.6
    endloop
  endfacet
  facet normal 0.881922 -0.471395 0
    outer loop
      vertex -60.0406 8.40348 3
      vertex -59.4545 9.5 1.6
      vertex -59.4545 9.5 3
    endloop
  endfacet
  facet normal 0.881922 -0.471395 0
    outer loop
      vertex -59.4545 9.5 1.6
      vertex -60.0406 8.40348 3
      vertex -60.0406 8.40348 1.6
    endloop
  endfacet
  facet normal 0.773032 -0.634367 0
    outer loop
      vertex -58.0737 11.5665 3
      vertex -57.285 12.5276 1.6
      vertex -57.285 12.5276 3
    endloop
  endfacet
  facet normal 0.773032 -0.634367 0
    outer loop
      vertex -57.285 12.5276 1.6
      vertex -58.0737 11.5665 3
      vertex -58.0737 11.5665 1.6
    endloop
  endfacet
  facet normal -0.84918 -0.528103 0
    outer loop
      vertex -26.5455 9.5 1.6
      vertex -27.2021 10.5558 3
      vertex -27.2021 10.5558 1.6
    endloop
  endfacet
  facet normal -0.84918 -0.528103 0
    outer loop
      vertex -27.2021 10.5558 3
      vertex -26.5455 9.5 1.6
      vertex -26.5455 9.5 3
    endloop
  endfacet
  facet normal -0.812869 -0.582447 0
    outer loop
      vertex -27.2021 10.5558 1.6
      vertex -27.9263 11.5665 3
      vertex -27.9263 11.5665 1.6
    endloop
  endfacet
  facet normal -0.812869 -0.582447 0
    outer loop
      vertex -27.9263 11.5665 3
      vertex -27.2021 10.5558 1.6
      vertex -27.2021 10.5558 3
    endloop
  endfacet
  facet normal -0.999465 0.0327155 0
    outer loop
      vertex 49.2544 -1.39309 0
      vertex 49.3 0 3
      vertex 49.3 0 0
    endloop
  endfacet
  facet normal -0.999465 0.0327155 0
    outer loop
      vertex 49.3 0 3
      vertex 49.2544 -1.39309 0
      vertex 49.2544 -1.39309 3
    endloop
  endfacet
  facet normal 0.999465 0.0327155 0
    outer loop
      vertex 6.7456 -1.39309 3
      vertex 6.7 0 0
      vertex 6.7 0 3
    endloop
  endfacet
  facet normal 0.999465 0.0327155 0
    outer loop
      vertex 6.7 0 0
      vertex 6.7456 -1.39309 3
      vertex 6.7456 -1.39309 0
    endloop
  endfacet
  facet normal 0.0327152 0.999465 -0
    outer loop
      vertex 28 -21.3 0
      vertex 26.6069 -21.2544 3
      vertex 28 -21.3 3
    endloop
  endfacet
  facet normal 0.0327152 0.999465 0
    outer loop
      vertex 26.6069 -21.2544 3
      vertex 28 -21.3 0
      vertex 26.6069 -21.2544 0
    endloop
  endfacet
  facet normal -0.68359 0.729866 0
    outer loop
      vertex 43.0614 -15.0614 0
      vertex 42.0441 -16.0142 3
      vertex 43.0614 -15.0614 3
    endloop
  endfacet
  facet normal -0.68359 0.729866 0
    outer loop
      vertex 42.0441 -16.0142 3
      vertex 43.0614 -15.0614 0
      vertex 42.0441 -16.0142 0
    endloop
  endfacet
  facet normal 0.729866 0.68359 0
    outer loop
      vertex 12.9386 -15.0614 3
      vertex 11.9858 -14.0441 0
      vertex 11.9858 -14.0441 3
    endloop
  endfacet
  facet normal 0.729866 0.68359 0
    outer loop
      vertex 11.9858 -14.0441 0
      vertex 12.9386 -15.0614 3
      vertex 12.9386 -15.0614 0
    endloop
  endfacet
  facet normal 0.412705 0.910865 -0
    outer loop
      vertex 19.8488 -19.6786 0
      vertex 18.5793 -19.1034 3
      vertex 19.8488 -19.6786 3
    endloop
  endfacet
  facet normal 0.412705 0.910865 0
    outer loop
      vertex 18.5793 -19.1034 3
      vertex 19.8488 -19.6786 0
      vertex 18.5793 -19.1034 0
    endloop
  endfacet
  facet normal -0.910876 0.412681 0
    outer loop
      vertex 47.1034 -9.42075 0
      vertex 47.6786 -8.15116 3
      vertex 47.6786 -8.15116 0
    endloop
  endfacet
  facet normal -0.910876 0.412681 0
    outer loop
      vertex 47.6786 -8.15116 3
      vertex 47.1034 -9.42075 0
      vertex 47.1034 -9.42075 3
    endloop
  endfacet
  facet normal -0.352263 0.935901 0
    outer loop
      vertex 36.1512 -19.6786 0
      vertex 34.8467 -20.1696 3
      vertex 36.1512 -19.6786 3
    endloop
  endfacet
  facet normal -0.352263 0.935901 0
    outer loop
      vertex 34.8467 -20.1696 3
      vertex 36.1512 -19.6786 0
      vertex 34.8467 -20.1696 0
    endloop
  endfacet
  facet normal -0.528063 0.849205 0
    outer loop
      vertex 39.8336 -17.7103 0
      vertex 38.65 -18.4463 3
      vertex 39.8336 -17.7103 3
    endloop
  endfacet
  facet normal -0.528063 0.849205 0
    outer loop
      vertex 38.65 -18.4463 3
      vertex 39.8336 -17.7103 0
      vertex 38.65 -18.4463 0
    endloop
  endfacet
  facet normal 0.910865 0.412705 0
    outer loop
      vertex 8.89661 -9.42075 3
      vertex 8.32137 -8.15116 0
      vertex 8.32137 -8.15116 3
    endloop
  endfacet
  facet normal 0.910865 0.412705 0
    outer loop
      vertex 8.32137 -8.15116 0
      vertex 8.89661 -9.42075 3
      vertex 8.89661 -9.42075 0
    endloop
  endfacet
  facet normal 0.227075 0.973877 -0
    outer loop
      vertex 23.8446 -20.8907 0
      vertex 22.4872 -20.5742 3
      vertex 23.8446 -20.8907 3
    endloop
  endfacet
  facet normal 0.227075 0.973877 0
    outer loop
      vertex 22.4872 -20.5742 3
      vertex 23.8446 -20.8907 0
      vertex 22.4872 -20.5742 0
    endloop
  endfacet
  facet normal 0.0980048 -0.995186 0
    outer loop
      vertex 25.2198 21.1178 0
      vertex 26.6069 21.2544 3
      vertex 25.2198 21.1178 3
    endloop
  endfacet
  facet normal 0.0980048 -0.995186 0
    outer loop
      vertex 26.6069 21.2544 3
      vertex 25.2198 21.1178 0
      vertex 26.6069 21.2544 0
    endloop
  endfacet
  facet normal -0.973878 0.227071 0
    outer loop
      vertex 48.5742 -5.51285 0
      vertex 48.8907 -4.15542 3
      vertex 48.8907 -4.15542 0
    endloop
  endfacet
  facet normal -0.973878 0.227071 0
    outer loop
      vertex 48.8907 -4.15542 3
      vertex 48.5742 -5.51285 0
      vertex 48.5742 -5.51285 3
    endloop
  endfacet
  facet normal -0.812845 0.582479 0
    outer loop
      vertex 44.8984 -12.9666 0
      vertex 45.7103 -11.8336 3
      vertex 45.7103 -11.8336 0
    endloop
  endfacet
  facet normal -0.812845 0.582479 0
    outer loop
      vertex 45.7103 -11.8336 3
      vertex 44.8984 -12.9666 0
      vertex 44.8984 -12.9666 3
    endloop
  endfacet
  facet normal -0.773039 0.634358 0
    outer loop
      vertex 44.0142 -14.0441 0
      vertex 44.8984 -12.9666 3
      vertex 44.8984 -12.9666 0
    endloop
  endfacet
  facet normal -0.773039 0.634358 0
    outer loop
      vertex 44.8984 -12.9666 3
      vertex 44.0142 -14.0441 0
      vertex 44.0142 -14.0441 3
    endloop
  endfacet
  facet normal -0.849205 0.528063 0
    outer loop
      vertex 45.7103 -11.8336 0
      vertex 46.4463 -10.65 3
      vertex 46.4463 -10.65 0
    endloop
  endfacet
  facet normal -0.849205 0.528063 0
    outer loop
      vertex 46.4463 -10.65 3
      vertex 45.7103 -11.8336 0
      vertex 45.7103 -11.8336 3
    endloop
  endfacet
  facet normal -0.162933 0.986637 0
    outer loop
      vertex 32.1554 -20.8907 0
      vertex 30.7802 -21.1178 3
      vertex 32.1554 -20.8907 3
    endloop
  endfacet
  facet normal -0.162933 0.986637 0
    outer loop
      vertex 30.7802 -21.1178 3
      vertex 32.1554 -20.8907 0
      vertex 30.7802 -21.1178 0
    endloop
  endfacet
  facet normal -0.290262 0.956947 0
    outer loop
      vertex 34.8467 -20.1696 0
      vertex 33.5128 -20.5742 3
      vertex 34.8467 -20.1696 3
    endloop
  endfacet
  facet normal -0.290262 0.956947 0
    outer loop
      vertex 33.5128 -20.5742 3
      vertex 34.8467 -20.1696 0
      vertex 33.5128 -20.5742 0
    endloop
  endfacet
  facet normal -0.0980048 0.995186 0
    outer loop
      vertex 30.7802 -21.1178 0
      vertex 29.3931 -21.2544 3
      vertex 30.7802 -21.1178 3
    endloop
  endfacet
  facet normal -0.0980048 0.995186 0
    outer loop
      vertex 29.3931 -21.2544 3
      vertex 30.7802 -21.1178 0
      vertex 29.3931 -21.2544 0
    endloop
  endfacet
  facet normal -0.582479 0.812845 0
    outer loop
      vertex 40.9666 -16.8984 0
      vertex 39.8336 -17.7103 3
      vertex 40.9666 -16.8984 3
    endloop
  endfacet
  facet normal -0.582479 0.812845 0
    outer loop
      vertex 39.8336 -17.7103 3
      vertex 40.9666 -16.8984 0
      vertex 39.8336 -17.7103 0
    endloop
  endfacet
  facet normal 0.973877 0.227077 0
    outer loop
      vertex 7.42578 -5.51285 3
      vertex 7.10927 -4.15542 0
      vertex 7.10927 -4.15542 3
    endloop
  endfacet
  facet normal 0.973877 0.227077 0
    outer loop
      vertex 7.10927 -4.15542 0
      vertex 7.42578 -5.51285 3
      vertex 7.42578 -5.51285 0
    endloop
  endfacet
  facet normal 0.812845 0.582479 0
    outer loop
      vertex 11.1016 -12.9666 3
      vertex 10.2897 -11.8336 0
      vertex 10.2897 -11.8336 3
    endloop
  endfacet
  facet normal 0.812845 0.582479 0
    outer loop
      vertex 10.2897 -11.8336 0
      vertex 11.1016 -12.9666 3
      vertex 11.1016 -12.9666 0
    endloop
  endfacet
  facet normal 0.773039 0.634358 0
    outer loop
      vertex 11.9858 -14.0441 3
      vertex 11.1016 -12.9666 0
      vertex 11.1016 -12.9666 3
    endloop
  endfacet
  facet normal 0.773039 0.634358 0
    outer loop
      vertex 11.1016 -12.9666 0
      vertex 11.9858 -14.0441 3
      vertex 11.9858 -14.0441 0
    endloop
  endfacet
  facet normal 0.95694 0.290287 0
    outer loop
      vertex 7.83039 -6.84666 3
      vertex 7.42578 -5.51285 0
      vertex 7.42578 -5.51285 3
    endloop
  endfacet
  facet normal 0.95694 0.290287 0
    outer loop
      vertex 7.42578 -5.51285 0
      vertex 7.83039 -6.84666 3
      vertex 7.83039 -6.84666 0
    endloop
  endfacet
  facet normal 0.995185 0.0980176 0
    outer loop
      vertex 6.88222 -2.78021 3
      vertex 6.7456 -1.39309 0
      vertex 6.7456 -1.39309 3
    endloop
  endfacet
  facet normal 0.995185 0.0980176 0
    outer loop
      vertex 6.7456 -1.39309 0
      vertex 6.88222 -2.78021 3
      vertex 6.88222 -2.78021 0
    endloop
  endfacet
  facet normal 0.582479 0.812845 -0
    outer loop
      vertex 16.1664 -17.7103 0
      vertex 15.0334 -16.8984 3
      vertex 16.1664 -17.7103 3
    endloop
  endfacet
  facet normal 0.582479 0.812845 0
    outer loop
      vertex 15.0334 -16.8984 3
      vertex 16.1664 -17.7103 0
      vertex 15.0334 -16.8984 0
    endloop
  endfacet
  facet normal 0.528063 0.849205 -0
    outer loop
      vertex 17.35 -18.4463 0
      vertex 16.1664 -17.7103 3
      vertex 17.35 -18.4463 3
    endloop
  endfacet
  facet normal 0.528063 0.849205 0
    outer loop
      vertex 16.1664 -17.7103 3
      vertex 17.35 -18.4463 0
      vertex 16.1664 -17.7103 0
    endloop
  endfacet
  facet normal 0.634358 0.773039 -0
    outer loop
      vertex 15.0334 -16.8984 0
      vertex 13.9559 -16.0142 3
      vertex 15.0334 -16.8984 3
    endloop
  endfacet
  facet normal 0.634358 0.773039 0
    outer loop
      vertex 13.9559 -16.0142 3
      vertex 15.0334 -16.8984 0
      vertex 13.9559 -16.0142 0
    endloop
  endfacet
  facet normal 0.352263 0.935901 -0
    outer loop
      vertex 21.1533 -20.1696 0
      vertex 19.8488 -19.6786 3
      vertex 21.1533 -20.1696 3
    endloop
  endfacet
  facet normal 0.352263 0.935901 0
    outer loop
      vertex 19.8488 -19.6786 3
      vertex 21.1533 -20.1696 0
      vertex 19.8488 -19.6786 0
    endloop
  endfacet
  facet normal 0.0980048 0.995186 -0
    outer loop
      vertex 26.6069 -21.2544 0
      vertex 25.2198 -21.1178 3
      vertex 26.6069 -21.2544 3
    endloop
  endfacet
  facet normal 0.0980048 0.995186 0
    outer loop
      vertex 25.2198 -21.1178 3
      vertex 26.6069 -21.2544 0
      vertex 25.2198 -21.1178 0
    endloop
  endfacet
  facet normal -0.773039 -0.634358 0
    outer loop
      vertex 44.8984 12.9666 0
      vertex 44.0142 14.0441 3
      vertex 44.0142 14.0441 0
    endloop
  endfacet
  facet normal -0.773039 -0.634358 0
    outer loop
      vertex 44.0142 14.0441 3
      vertex 44.8984 12.9666 0
      vertex 44.8984 12.9666 3
    endloop
  endfacet
  facet normal -0.412705 -0.910865 0
    outer loop
      vertex 36.1512 19.6786 0
      vertex 37.4207 19.1034 3
      vertex 36.1512 19.6786 3
    endloop
  endfacet
  facet normal -0.412705 -0.910865 -0
    outer loop
      vertex 37.4207 19.1034 3
      vertex 36.1512 19.6786 0
      vertex 37.4207 19.1034 0
    endloop
  endfacet
  facet normal -0.986637 0.162932 0
    outer loop
      vertex 48.8907 -4.15542 0
      vertex 49.1178 -2.78021 3
      vertex 49.1178 -2.78021 0
    endloop
  endfacet
  facet normal -0.986637 0.162932 0
    outer loop
      vertex 49.1178 -2.78021 3
      vertex 48.8907 -4.15542 0
      vertex 48.8907 -4.15542 3
    endloop
  endfacet
  facet normal -0.995186 0.0980034 0
    outer loop
      vertex 49.1178 -2.78021 0
      vertex 49.2544 -1.39309 3
      vertex 49.2544 -1.39309 0
    endloop
  endfacet
  facet normal -0.995186 0.0980034 0
    outer loop
      vertex 49.2544 -1.39309 3
      vertex 49.1178 -2.78021 0
      vertex 49.1178 -2.78021 3
    endloop
  endfacet
  facet normal -0.935901 0.352263 0
    outer loop
      vertex 47.6786 -8.15116 0
      vertex 48.1696 -6.84666 3
      vertex 48.1696 -6.84666 0
    endloop
  endfacet
  facet normal -0.935901 0.352263 0
    outer loop
      vertex 48.1696 -6.84666 3
      vertex 47.6786 -8.15116 0
      vertex 47.6786 -8.15116 3
    endloop
  endfacet
  facet normal -0.956942 0.29028 0
    outer loop
      vertex 48.1696 -6.84666 0
      vertex 48.5742 -5.51285 3
      vertex 48.5742 -5.51285 0
    endloop
  endfacet
  facet normal -0.956942 0.29028 0
    outer loop
      vertex 48.5742 -5.51285 3
      vertex 48.1696 -6.84666 0
      vertex 48.1696 -6.84666 3
    endloop
  endfacet
  facet normal -0.729866 0.68359 0
    outer loop
      vertex 43.0614 -15.0614 0
      vertex 44.0142 -14.0441 3
      vertex 44.0142 -14.0441 0
    endloop
  endfacet
  facet normal -0.729866 0.68359 0
    outer loop
      vertex 44.0142 -14.0441 3
      vertex 43.0614 -15.0614 0
      vertex 43.0614 -15.0614 3
    endloop
  endfacet
  facet normal -0.881906 0.471426 0
    outer loop
      vertex 46.4463 -10.65 0
      vertex 47.1034 -9.42075 3
      vertex 47.1034 -9.42075 0
    endloop
  endfacet
  facet normal -0.881906 0.471426 0
    outer loop
      vertex 47.1034 -9.42075 3
      vertex 46.4463 -10.65 0
      vertex 46.4463 -10.65 3
    endloop
  endfacet
  facet normal -0.227075 0.973877 0
    outer loop
      vertex 33.5128 -20.5742 0
      vertex 32.1554 -20.8907 3
      vertex 33.5128 -20.5742 3
    endloop
  endfacet
  facet normal -0.227075 0.973877 0
    outer loop
      vertex 32.1554 -20.8907 3
      vertex 33.5128 -20.5742 0
      vertex 32.1554 -20.8907 0
    endloop
  endfacet
  facet normal -0.0327152 0.999465 0
    outer loop
      vertex 29.3931 -21.2544 0
      vertex 28 -21.3 3
      vertex 29.3931 -21.2544 3
    endloop
  endfacet
  facet normal -0.0327152 0.999465 0
    outer loop
      vertex 28 -21.3 3
      vertex 29.3931 -21.2544 0
      vertex 28 -21.3 0
    endloop
  endfacet
  facet normal -0.471411 0.881914 0
    outer loop
      vertex 38.65 -18.4463 0
      vertex 37.4207 -19.1034 3
      vertex 38.65 -18.4463 3
    endloop
  endfacet
  facet normal -0.471411 0.881914 0
    outer loop
      vertex 37.4207 -19.1034 3
      vertex 38.65 -18.4463 0
      vertex 37.4207 -19.1034 0
    endloop
  endfacet
  facet normal -0.412705 0.910865 0
    outer loop
      vertex 37.4207 -19.1034 0
      vertex 36.1512 -19.6786 3
      vertex 37.4207 -19.1034 3
    endloop
  endfacet
  facet normal -0.412705 0.910865 0
    outer loop
      vertex 36.1512 -19.6786 3
      vertex 37.4207 -19.1034 0
      vertex 36.1512 -19.6786 0
    endloop
  endfacet
  facet normal -0.634358 0.773039 0
    outer loop
      vertex 42.0441 -16.0142 0
      vertex 40.9666 -16.8984 3
      vertex 42.0441 -16.0142 3
    endloop
  endfacet
  facet normal -0.634358 0.773039 0
    outer loop
      vertex 40.9666 -16.8984 3
      vertex 42.0441 -16.0142 0
      vertex 40.9666 -16.8984 0
    endloop
  endfacet
  facet normal 0.881921 0.471398 0
    outer loop
      vertex 9.55366 -10.65 3
      vertex 8.89661 -9.42075 0
      vertex 8.89661 -9.42075 3
    endloop
  endfacet
  facet normal 0.881921 0.471398 0
    outer loop
      vertex 8.89661 -9.42075 0
      vertex 9.55366 -10.65 3
      vertex 9.55366 -10.65 0
    endloop
  endfacet
  facet normal 0.162933 0.986637 -0
    outer loop
      vertex 25.2198 -21.1178 0
      vertex 23.8446 -20.8907 3
      vertex 25.2198 -21.1178 3
    endloop
  endfacet
  facet normal 0.162933 0.986637 0
    outer loop
      vertex 23.8446 -20.8907 3
      vertex 25.2198 -21.1178 0
      vertex 23.8446 -20.8907 0
    endloop
  endfacet
  facet normal -0.999465 -0.0327155 0
    outer loop
      vertex 49.3 0 0
      vertex 49.2544 1.39309 3
      vertex 49.2544 1.39309 0
    endloop
  endfacet
  facet normal -0.999465 -0.0327155 0
    outer loop
      vertex 49.2544 1.39309 3
      vertex 49.3 0 0
      vertex 49.3 0 3
    endloop
  endfacet
  facet normal -0.995186 -0.0980034 0
    outer loop
      vertex 49.2544 1.39309 0
      vertex 49.1178 2.78021 3
      vertex 49.1178 2.78021 0
    endloop
  endfacet
  facet normal -0.995186 -0.0980034 0
    outer loop
      vertex 49.1178 2.78021 3
      vertex 49.2544 1.39309 0
      vertex 49.2544 1.39309 3
    endloop
  endfacet
  facet normal 0.0327152 -0.999465 0
    outer loop
      vertex 26.6069 21.2544 0
      vertex 28 21.3 3
      vertex 26.6069 21.2544 3
    endloop
  endfacet
  facet normal 0.0327152 -0.999465 0
    outer loop
      vertex 28 21.3 3
      vertex 26.6069 21.2544 0
      vertex 28 21.3 0
    endloop
  endfacet
  facet normal 0.973877 -0.227077 0
    outer loop
      vertex 7.10927 4.15542 3
      vertex 7.42578 5.51285 0
      vertex 7.42578 5.51285 3
    endloop
  endfacet
  facet normal 0.973877 -0.227077 0
    outer loop
      vertex 7.42578 5.51285 0
      vertex 7.10927 4.15542 3
      vertex 7.10927 4.15542 0
    endloop
  endfacet
  facet normal 0.999465 -0.0327155 0
    outer loop
      vertex 6.7 0 3
      vertex 6.7456 1.39309 0
      vertex 6.7456 1.39309 3
    endloop
  endfacet
  facet normal 0.999465 -0.0327155 0
    outer loop
      vertex 6.7456 1.39309 0
      vertex 6.7 0 3
      vertex 6.7 0 0
    endloop
  endfacet
  facet normal 0.986643 -0.162897 0
    outer loop
      vertex 6.88222 2.78021 3
      vertex 7.10927 4.15542 0
      vertex 7.10927 4.15542 3
    endloop
  endfacet
  facet normal 0.986643 -0.162897 0
    outer loop
      vertex 7.10927 4.15542 0
      vertex 6.88222 2.78021 3
      vertex 6.88222 2.78021 0
    endloop
  endfacet
  facet normal -0.0980048 -0.995186 0
    outer loop
      vertex 29.3931 21.2544 0
      vertex 30.7802 21.1178 3
      vertex 29.3931 21.2544 3
    endloop
  endfacet
  facet normal -0.0980048 -0.995186 -0
    outer loop
      vertex 30.7802 21.1178 3
      vertex 29.3931 21.2544 0
      vertex 30.7802 21.1178 0
    endloop
  endfacet
  facet normal -0.352263 -0.935901 0
    outer loop
      vertex 34.8467 20.1696 0
      vertex 36.1512 19.6786 3
      vertex 34.8467 20.1696 3
    endloop
  endfacet
  facet normal -0.352263 -0.935901 -0
    outer loop
      vertex 36.1512 19.6786 3
      vertex 34.8467 20.1696 0
      vertex 36.1512 19.6786 0
    endloop
  endfacet
  facet normal 0.849192 0.528083 0
    outer loop
      vertex 10.2897 -11.8336 3
      vertex 9.55366 -10.65 0
      vertex 9.55366 -10.65 3
    endloop
  endfacet
  facet normal 0.849192 0.528083 0
    outer loop
      vertex 9.55366 -10.65 0
      vertex 10.2897 -11.8336 3
      vertex 10.2897 -11.8336 0
    endloop
  endfacet
  facet normal 0.935906 0.352251 0
    outer loop
      vertex 8.32137 -8.15116 3
      vertex 7.83039 -6.84666 0
      vertex 7.83039 -6.84666 3
    endloop
  endfacet
  facet normal 0.935906 0.352251 0
    outer loop
      vertex 7.83039 -6.84666 0
      vertex 8.32137 -8.15116 3
      vertex 8.32137 -8.15116 0
    endloop
  endfacet
  facet normal 0.986643 0.162897 0
    outer loop
      vertex 7.10927 -4.15542 3
      vertex 6.88222 -2.78021 0
      vertex 6.88222 -2.78021 3
    endloop
  endfacet
  facet normal 0.986643 0.162897 0
    outer loop
      vertex 6.88222 -2.78021 0
      vertex 7.10927 -4.15542 3
      vertex 7.10927 -4.15542 0
    endloop
  endfacet
  facet normal 0.471411 0.881914 -0
    outer loop
      vertex 18.5793 -19.1034 0
      vertex 17.35 -18.4463 3
      vertex 18.5793 -19.1034 3
    endloop
  endfacet
  facet normal 0.471411 0.881914 0
    outer loop
      vertex 17.35 -18.4463 3
      vertex 18.5793 -19.1034 0
      vertex 17.35 -18.4463 0
    endloop
  endfacet
  facet normal 0.68359 0.729866 -0
    outer loop
      vertex 13.9559 -16.0142 0
      vertex 12.9386 -15.0614 3
      vertex 13.9559 -16.0142 3
    endloop
  endfacet
  facet normal 0.68359 0.729866 0
    outer loop
      vertex 12.9386 -15.0614 3
      vertex 13.9559 -16.0142 0
      vertex 12.9386 -15.0614 0
    endloop
  endfacet
  facet normal 0.290262 0.956947 -0
    outer loop
      vertex 22.4872 -20.5742 0
      vertex 21.1533 -20.1696 3
      vertex 22.4872 -20.5742 3
    endloop
  endfacet
  facet normal 0.290262 0.956947 0
    outer loop
      vertex 21.1533 -20.1696 3
      vertex 22.4872 -20.5742 0
      vertex 21.1533 -20.1696 0
    endloop
  endfacet
  facet normal -0.956942 -0.29028 0
    outer loop
      vertex 48.5742 5.51285 0
      vertex 48.1696 6.84666 3
      vertex 48.1696 6.84666 0
    endloop
  endfacet
  facet normal -0.956942 -0.29028 0
    outer loop
      vertex 48.1696 6.84666 3
      vertex 48.5742 5.51285 0
      vertex 48.5742 5.51285 3
    endloop
  endfacet
  facet normal -0.881906 -0.471426 0
    outer loop
      vertex 47.1034 9.42075 0
      vertex 46.4463 10.65 3
      vertex 46.4463 10.65 0
    endloop
  endfacet
  facet normal -0.881906 -0.471426 0
    outer loop
      vertex 46.4463 10.65 3
      vertex 47.1034 9.42075 0
      vertex 47.1034 9.42075 3
    endloop
  endfacet
  facet normal -0.935901 -0.352263 0
    outer loop
      vertex 48.1696 6.84666 0
      vertex 47.6786 8.15116 3
      vertex 47.6786 8.15116 0
    endloop
  endfacet
  facet normal -0.935901 -0.352263 0
    outer loop
      vertex 47.6786 8.15116 3
      vertex 48.1696 6.84666 0
      vertex 48.1696 6.84666 3
    endloop
  endfacet
  facet normal -0.68359 -0.729866 0
    outer loop
      vertex 42.0441 16.0142 0
      vertex 43.0614 15.0614 3
      vertex 42.0441 16.0142 3
    endloop
  endfacet
  facet normal -0.68359 -0.729866 -0
    outer loop
      vertex 43.0614 15.0614 3
      vertex 42.0441 16.0142 0
      vertex 43.0614 15.0614 0
    endloop
  endfacet
  facet normal -0.471411 -0.881914 0
    outer loop
      vertex 37.4207 19.1034 0
      vertex 38.65 18.4463 3
      vertex 37.4207 19.1034 3
    endloop
  endfacet
  facet normal -0.471411 -0.881914 -0
    outer loop
      vertex 38.65 18.4463 3
      vertex 37.4207 19.1034 0
      vertex 38.65 18.4463 0
    endloop
  endfacet
  facet normal -0.849205 -0.528063 0
    outer loop
      vertex 46.4463 10.65 0
      vertex 45.7103 11.8336 3
      vertex 45.7103 11.8336 0
    endloop
  endfacet
  facet normal -0.849205 -0.528063 0
    outer loop
      vertex 45.7103 11.8336 3
      vertex 46.4463 10.65 0
      vertex 46.4463 10.65 3
    endloop
  endfacet
  facet normal 0.162933 -0.986637 0
    outer loop
      vertex 23.8446 20.8907 0
      vertex 25.2198 21.1178 3
      vertex 23.8446 20.8907 3
    endloop
  endfacet
  facet normal 0.162933 -0.986637 0
    outer loop
      vertex 25.2198 21.1178 3
      vertex 23.8446 20.8907 0
      vertex 25.2198 21.1178 0
    endloop
  endfacet
  facet normal 0.910865 -0.412705 0
    outer loop
      vertex 8.32137 8.15116 3
      vertex 8.89661 9.42075 0
      vertex 8.89661 9.42075 3
    endloop
  endfacet
  facet normal 0.910865 -0.412705 0
    outer loop
      vertex 8.89661 9.42075 0
      vertex 8.32137 8.15116 3
      vertex 8.32137 8.15116 0
    endloop
  endfacet
  facet normal 0.995185 -0.0980176 0
    outer loop
      vertex 6.7456 1.39309 3
      vertex 6.88222 2.78021 0
      vertex 6.88222 2.78021 3
    endloop
  endfacet
  facet normal 0.995185 -0.0980176 0
    outer loop
      vertex 6.88222 2.78021 0
      vertex 6.7456 1.39309 3
      vertex 6.7456 1.39309 0
    endloop
  endfacet
  facet normal -0.162933 -0.986637 0
    outer loop
      vertex 30.7802 21.1178 0
      vertex 32.1554 20.8907 3
      vertex 30.7802 21.1178 3
    endloop
  endfacet
  facet normal -0.162933 -0.986637 -0
    outer loop
      vertex 32.1554 20.8907 3
      vertex 30.7802 21.1178 0
      vertex 32.1554 20.8907 0
    endloop
  endfacet
  facet normal -0.986637 -0.162932 0
    outer loop
      vertex 49.1178 2.78021 0
      vertex 48.8907 4.15542 3
      vertex 48.8907 4.15542 0
    endloop
  endfacet
  facet normal -0.986637 -0.162932 0
    outer loop
      vertex 48.8907 4.15542 3
      vertex 49.1178 2.78021 0
      vertex 49.1178 2.78021 3
    endloop
  endfacet
  facet normal -0.973878 -0.227071 0
    outer loop
      vertex 48.8907 4.15542 0
      vertex 48.5742 5.51285 3
      vertex 48.5742 5.51285 0
    endloop
  endfacet
  facet normal -0.973878 -0.227071 0
    outer loop
      vertex 48.5742 5.51285 3
      vertex 48.8907 4.15542 0
      vertex 48.8907 4.15542 3
    endloop
  endfacet
  facet normal -0.910876 -0.412681 0
    outer loop
      vertex 47.6786 8.15116 0
      vertex 47.1034 9.42075 3
      vertex 47.1034 9.42075 0
    endloop
  endfacet
  facet normal -0.910876 -0.412681 0
    outer loop
      vertex 47.1034 9.42075 3
      vertex 47.6786 8.15116 0
      vertex 47.6786 8.15116 3
    endloop
  endfacet
  facet normal -0.582479 -0.812845 0
    outer loop
      vertex 39.8336 17.7103 0
      vertex 40.9666 16.8984 3
      vertex 39.8336 17.7103 3
    endloop
  endfacet
  facet normal -0.582479 -0.812845 -0
    outer loop
      vertex 40.9666 16.8984 3
      vertex 39.8336 17.7103 0
      vertex 40.9666 16.8984 0
    endloop
  endfacet
  facet normal -0.634358 -0.773039 0
    outer loop
      vertex 40.9666 16.8984 0
      vertex 42.0441 16.0142 3
      vertex 40.9666 16.8984 3
    endloop
  endfacet
  facet normal -0.634358 -0.773039 -0
    outer loop
      vertex 42.0441 16.0142 3
      vertex 40.9666 16.8984 0
      vertex 42.0441 16.0142 0
    endloop
  endfacet
  facet normal -0.812845 -0.582479 0
    outer loop
      vertex 45.7103 11.8336 0
      vertex 44.8984 12.9666 3
      vertex 44.8984 12.9666 0
    endloop
  endfacet
  facet normal -0.812845 -0.582479 0
    outer loop
      vertex 44.8984 12.9666 3
      vertex 45.7103 11.8336 0
      vertex 45.7103 11.8336 3
    endloop
  endfacet
  facet normal -0.0327152 -0.999465 0
    outer loop
      vertex 28 21.3 0
      vertex 29.3931 21.2544 3
      vertex 28 21.3 3
    endloop
  endfacet
  facet normal -0.0327152 -0.999465 -0
    outer loop
      vertex 29.3931 21.2544 3
      vertex 28 21.3 0
      vertex 29.3931 21.2544 0
    endloop
  endfacet
  facet normal 0.227075 -0.973877 0
    outer loop
      vertex 22.4872 20.5742 0
      vertex 23.8446 20.8907 3
      vertex 22.4872 20.5742 3
    endloop
  endfacet
  facet normal 0.227075 -0.973877 0
    outer loop
      vertex 23.8446 20.8907 3
      vertex 22.4872 20.5742 0
      vertex 23.8446 20.8907 0
    endloop
  endfacet
  facet normal 0.881921 -0.471398 0
    outer loop
      vertex 8.89661 9.42075 3
      vertex 9.55366 10.65 0
      vertex 9.55366 10.65 3
    endloop
  endfacet
  facet normal 0.881921 -0.471398 0
    outer loop
      vertex 9.55366 10.65 0
      vertex 8.89661 9.42075 3
      vertex 8.89661 9.42075 0
    endloop
  endfacet
  facet normal 0.68359 -0.729866 0
    outer loop
      vertex 12.9386 15.0614 0
      vertex 13.9559 16.0142 3
      vertex 12.9386 15.0614 3
    endloop
  endfacet
  facet normal 0.68359 -0.729866 0
    outer loop
      vertex 13.9559 16.0142 3
      vertex 12.9386 15.0614 0
      vertex 13.9559 16.0142 0
    endloop
  endfacet
  facet normal 0.729866 -0.68359 0
    outer loop
      vertex 11.9858 14.0441 3
      vertex 12.9386 15.0614 0
      vertex 12.9386 15.0614 3
    endloop
  endfacet
  facet normal 0.729866 -0.68359 0
    outer loop
      vertex 12.9386 15.0614 0
      vertex 11.9858 14.0441 3
      vertex 11.9858 14.0441 0
    endloop
  endfacet
  facet normal 0.812845 -0.582479 0
    outer loop
      vertex 10.2897 11.8336 3
      vertex 11.1016 12.9666 0
      vertex 11.1016 12.9666 3
    endloop
  endfacet
  facet normal 0.812845 -0.582479 0
    outer loop
      vertex 11.1016 12.9666 0
      vertex 10.2897 11.8336 3
      vertex 10.2897 11.8336 0
    endloop
  endfacet
  facet normal 0.935906 -0.352251 0
    outer loop
      vertex 7.83039 6.84666 3
      vertex 8.32137 8.15116 0
      vertex 8.32137 8.15116 3
    endloop
  endfacet
  facet normal 0.935906 -0.352251 0
    outer loop
      vertex 8.32137 8.15116 0
      vertex 7.83039 6.84666 3
      vertex 7.83039 6.84666 0
    endloop
  endfacet
  facet normal 0.95694 -0.290287 0
    outer loop
      vertex 7.42578 5.51285 3
      vertex 7.83039 6.84666 0
      vertex 7.83039 6.84666 3
    endloop
  endfacet
  facet normal 0.95694 -0.290287 0
    outer loop
      vertex 7.83039 6.84666 0
      vertex 7.42578 5.51285 3
      vertex 7.42578 5.51285 0
    endloop
  endfacet
  facet normal -0.290262 -0.956947 0
    outer loop
      vertex 33.5128 20.5742 0
      vertex 34.8467 20.1696 3
      vertex 33.5128 20.5742 3
    endloop
  endfacet
  facet normal -0.290262 -0.956947 -0
    outer loop
      vertex 34.8467 20.1696 3
      vertex 33.5128 20.5742 0
      vertex 34.8467 20.1696 0
    endloop
  endfacet
  facet normal -0.227075 -0.973877 0
    outer loop
      vertex 32.1554 20.8907 0
      vertex 33.5128 20.5742 3
      vertex 32.1554 20.8907 3
    endloop
  endfacet
  facet normal -0.227075 -0.973877 -0
    outer loop
      vertex 33.5128 20.5742 3
      vertex 32.1554 20.8907 0
      vertex 33.5128 20.5742 0
    endloop
  endfacet
  facet normal -0.528063 -0.849205 0
    outer loop
      vertex 38.65 18.4463 0
      vertex 39.8336 17.7103 3
      vertex 38.65 18.4463 3
    endloop
  endfacet
  facet normal -0.528063 -0.849205 -0
    outer loop
      vertex 39.8336 17.7103 3
      vertex 38.65 18.4463 0
      vertex 39.8336 17.7103 0
    endloop
  endfacet
  facet normal -0.729866 -0.68359 0
    outer loop
      vertex 44.0142 14.0441 0
      vertex 43.0614 15.0614 3
      vertex 43.0614 15.0614 0
    endloop
  endfacet
  facet normal -0.729866 -0.68359 0
    outer loop
      vertex 43.0614 15.0614 3
      vertex 44.0142 14.0441 0
      vertex 44.0142 14.0441 3
    endloop
  endfacet
  facet normal 0.290262 -0.956947 0
    outer loop
      vertex 21.1533 20.1696 0
      vertex 22.4872 20.5742 3
      vertex 21.1533 20.1696 3
    endloop
  endfacet
  facet normal 0.290262 -0.956947 0
    outer loop
      vertex 22.4872 20.5742 3
      vertex 21.1533 20.1696 0
      vertex 22.4872 20.5742 0
    endloop
  endfacet
  facet normal 0.634358 -0.773039 0
    outer loop
      vertex 13.9559 16.0142 0
      vertex 15.0334 16.8984 3
      vertex 13.9559 16.0142 3
    endloop
  endfacet
  facet normal 0.634358 -0.773039 0
    outer loop
      vertex 15.0334 16.8984 3
      vertex 13.9559 16.0142 0
      vertex 15.0334 16.8984 0
    endloop
  endfacet
  facet normal 0.528063 -0.849205 0
    outer loop
      vertex 16.1664 17.7103 0
      vertex 17.35 18.4463 3
      vertex 16.1664 17.7103 3
    endloop
  endfacet
  facet normal 0.528063 -0.849205 0
    outer loop
      vertex 17.35 18.4463 3
      vertex 16.1664 17.7103 0
      vertex 17.35 18.4463 0
    endloop
  endfacet
  facet normal 0.352263 -0.935901 0
    outer loop
      vertex 19.8488 19.6786 0
      vertex 21.1533 20.1696 3
      vertex 19.8488 19.6786 3
    endloop
  endfacet
  facet normal 0.352263 -0.935901 0
    outer loop
      vertex 21.1533 20.1696 3
      vertex 19.8488 19.6786 0
      vertex 21.1533 20.1696 0
    endloop
  endfacet
  facet normal 0.849192 -0.528083 0
    outer loop
      vertex 9.55366 10.65 3
      vertex 10.2897 11.8336 0
      vertex 10.2897 11.8336 3
    endloop
  endfacet
  facet normal 0.849192 -0.528083 0
    outer loop
      vertex 10.2897 11.8336 0
      vertex 9.55366 10.65 3
      vertex 9.55366 10.65 0
    endloop
  endfacet
  facet normal 0.773039 -0.634358 0
    outer loop
      vertex 11.1016 12.9666 3
      vertex 11.9858 14.0441 0
      vertex 11.9858 14.0441 3
    endloop
  endfacet
  facet normal 0.773039 -0.634358 0
    outer loop
      vertex 11.9858 14.0441 0
      vertex 11.1016 12.9666 3
      vertex 11.1016 12.9666 0
    endloop
  endfacet
  facet normal 0.471411 -0.881914 0
    outer loop
      vertex 17.35 18.4463 0
      vertex 18.5793 19.1034 3
      vertex 17.35 18.4463 3
    endloop
  endfacet
  facet normal 0.471411 -0.881914 0
    outer loop
      vertex 18.5793 19.1034 3
      vertex 17.35 18.4463 0
      vertex 18.5793 19.1034 0
    endloop
  endfacet
  facet normal 0.582479 -0.812845 0
    outer loop
      vertex 15.0334 16.8984 0
      vertex 16.1664 17.7103 3
      vertex 15.0334 16.8984 3
    endloop
  endfacet
  facet normal 0.582479 -0.812845 0
    outer loop
      vertex 16.1664 17.7103 3
      vertex 15.0334 16.8984 0
      vertex 16.1664 17.7103 0
    endloop
  endfacet
  facet normal 0.412705 -0.910865 0
    outer loop
      vertex 18.5793 19.1034 0
      vertex 19.8488 19.6786 3
      vertex 18.5793 19.1034 3
    endloop
  endfacet
  facet normal 0.412705 -0.910865 0
    outer loop
      vertex 19.8488 19.6786 3
      vertex 18.5793 19.1034 0
      vertex 19.8488 19.6786 0
    endloop
  endfacet
endsolid OpenSCAD_Model
