solid OpenSCAD_Model
  facet normal 0.162871 -0.986647 0
    outer loop
      vertex 64.5663 -54.8973 0
      vertex 65.3411 -54.7694 60
      vertex 64.5663 -54.8973 60
    endloop
  endfacet
  facet normal 0.162871 -0.986647 0
    outer loop
      vertex 65.3411 -54.7694 60
      vertex 64.5663 -54.8973 0
      vertex 65.3411 -54.7694 0
    endloop
  endfacet
  facet normal -0.0980537 0.995181 0
    outer loop
      vertex -63.7848 54.9743 0
      vertex -64.5663 54.8973 60
      vertex -63.7848 54.9743 60
    endloop
  endfacet
  facet normal -0.0980537 0.995181 0
    outer loop
      vertex -64.5663 54.8973 60
      vertex -63.7848 54.9743 0
      vertex -64.5663 54.8973 0
    endloop
  endfacet
  facet normal 0.0980537 -0.995181 0
    outer loop
      vertex 63.7848 -54.9743 0
      vertex 64.5663 -54.8973 60
      vertex 63.7848 -54.9743 60
    endloop
  endfacet
  facet normal 0.0980537 -0.995181 0
    outer loop
      vertex 64.5663 -54.8973 60
      vertex 63.7848 -54.9743 0
      vertex 64.5663 -54.8973 0
    endloop
  endfacet
  facet normal 0.683615 0.729843 -0
    outer loop
      vertex 71.4853 51.4853 0
      vertex 70.9122 52.0221 60
      vertex 71.4853 51.4853 60
    endloop
  endfacet
  facet normal 0.683615 0.729843 0
    outer loop
      vertex 70.9122 52.0221 60
      vertex 71.4853 51.4853 0
      vertex 70.9122 52.0221 0
    endloop
  endfacet
  facet normal -0.995181 0.0980537 0
    outer loop
      vertex -74.9743 43.7848 0
      vertex -74.8973 44.5663 60
      vertex -74.8973 44.5663 0
    endloop
  endfacet
  facet normal -0.995181 0.0980537 0
    outer loop
      vertex -74.8973 44.5663 60
      vertex -74.9743 43.7848 0
      vertex -74.9743 43.7848 60
    endloop
  endfacet
  facet normal 0 -1 0
    outer loop
      vertex -63 -55 0
      vertex 63 -55 60
      vertex -63 -55 60
    endloop
  endfacet
  facet normal 0 -1 -0
    outer loop
      vertex 63 -55 60
      vertex -63 -55 0
      vertex 63 -55 0
    endloop
  endfacet
  facet normal 0.0327297 0.999464 -0
    outer loop
      vertex 63.7848 54.9743 0
      vertex 63 55 60
      vertex 63.7848 54.9743 60
    endloop
  endfacet
  facet normal 0.0327297 0.999464 0
    outer loop
      vertex 63 55 60
      vertex 63.7848 54.9743 0
      vertex 63 55 0
    endloop
  endfacet
  facet normal 0 1 0
    outer loop
      vertex 63 55 60
      vertex 11.2 55 55
      vertex 11.2 55 60
    endloop
  endfacet
  facet normal 0 1 0
    outer loop
      vertex 11.2 55 55
      vertex 4 55 52
      vertex 4 55 55
    endloop
  endfacet
  facet normal 0 1 -0
    outer loop
      vertex 63 55 0
      vertex 11.2 55 55
      vertex 63 55 60
    endloop
  endfacet
  facet normal 0 1 0
    outer loop
      vertex 4 55 52
      vertex 63 55 0
      vertex -4 55 52
    endloop
  endfacet
  facet normal 0 1 0
    outer loop
      vertex 11.2 55 55
      vertex 63 55 0
      vertex 4 55 52
    endloop
  endfacet
  facet normal 0 1 0
    outer loop
      vertex -4 55 55
      vertex -4 55 52
      vertex -11.2 55 55
    endloop
  endfacet
  facet normal 0 1 -0
    outer loop
      vertex -11.2 55 55
      vertex -63 55 60
      vertex -11.2 55 60
    endloop
  endfacet
  facet normal 0 1 0
    outer loop
      vertex -63 55 0
      vertex -11.2 55 55
      vertex -4 55 52
    endloop
  endfacet
  facet normal 0 1 0
    outer loop
      vertex -63 55 0
      vertex -4 55 52
      vertex 63 55 0
    endloop
  endfacet
  facet normal 0 1 0
    outer loop
      vertex -11.2 55 55
      vertex -63 55 0
      vertex -63 55 60
    endloop
  endfacet
  facet normal -0.729843 0.683615 0
    outer loop
      vertex -72.0221 50.9122 0
      vertex -71.4853 51.4853 60
      vertex -71.4853 51.4853 0
    endloop
  endfacet
  facet normal -0.729843 0.683615 0
    outer loop
      vertex -71.4853 51.4853 60
      vertex -72.0221 50.9122 0
      vertex -72.0221 50.9122 60
    endloop
  endfacet
  facet normal -0.999464 0.0327297 0
    outer loop
      vertex -75 43 0
      vertex -74.9743 43.7848 60
      vertex -74.9743 43.7848 0
    endloop
  endfacet
  facet normal -0.999464 0.0327297 0
    outer loop
      vertex -74.9743 43.7848 60
      vertex -75 43 0
      vertex -75 43 60
    endloop
  endfacet
  facet normal 0.0327297 -0.999464 0
    outer loop
      vertex 63 -55 0
      vertex 63.7848 -54.9743 60
      vertex 63 -55 60
    endloop
  endfacet
  facet normal 0.0327297 -0.999464 0
    outer loop
      vertex 63.7848 -54.9743 60
      vertex 63 -55 0
      vertex 63.7848 -54.9743 0
    endloop
  endfacet
  facet normal 0.352365 0.935863 -0
    outer loop
      vertex 67.5922 54.0865 0
      vertex 66.8573 54.3632 60
      vertex 67.5922 54.0865 60
    endloop
  endfacet
  facet normal 0.352365 0.935863 0
    outer loop
      vertex 66.8573 54.3632 60
      vertex 67.5922 54.0865 0
      vertex 66.8573 54.3632 0
    endloop
  endfacet
  facet normal -0.0327297 0.999464 0
    outer loop
      vertex -63 55 0
      vertex -63.7848 54.9743 60
      vertex -63 55 60
    endloop
  endfacet
  facet normal -0.0327297 0.999464 0
    outer loop
      vertex -63.7848 54.9743 60
      vertex -63 55 0
      vertex -63.7848 54.9743 0
    endloop
  endfacet
  facet normal 0.999464 0.0327297 0
    outer loop
      vertex 75 43 60
      vertex 74.9743 43.7848 0
      vertex 74.9743 43.7848 60
    endloop
  endfacet
  facet normal 0.999464 0.0327297 0
    outer loop
      vertex 74.9743 43.7848 0
      vertex 75 43 60
      vertex 75 43 0
    endloop
  endfacet
  facet normal 0.999464 -0.0327297 0
    outer loop
      vertex 74.9743 -43.7848 60
      vertex 75 -43 0
      vertex 75 -43 60
    endloop
  endfacet
  facet normal 0.999464 -0.0327297 0
    outer loop
      vertex 75 -43 0
      vertex 74.9743 -43.7848 60
      vertex 74.9743 -43.7848 0
    endloop
  endfacet
  facet normal -0.471447 0.881894 0
    outer loop
      vertex -68.3075 53.7625 0
      vertex -69 53.3923 60
      vertex -68.3075 53.7625 60
    endloop
  endfacet
  facet normal -0.471447 0.881894 0
    outer loop
      vertex -69 53.3923 60
      vertex -68.3075 53.7625 0
      vertex -69 53.3923 0
    endloop
  endfacet
  facet normal -0.910911 0.412603 0
    outer loop
      vertex -74.0865 47.5922 0
      vertex -73.7625 48.3075 60
      vertex -73.7625 48.3075 0
    endloop
  endfacet
  facet normal -0.910911 0.412603 0
    outer loop
      vertex -73.7625 48.3075 60
      vertex -74.0865 47.5922 0
      vertex -74.0865 47.5922 60
    endloop
  endfacet
  facet normal -0.84917 0.52812 0
    outer loop
      vertex -73.3923 49 0
      vertex -72.9776 49.6668 60
      vertex -72.9776 49.6668 0
    endloop
  endfacet
  facet normal -0.84917 0.52812 0
    outer loop
      vertex -72.9776 49.6668 60
      vertex -73.3923 49 0
      vertex -73.3923 49 60
    endloop
  endfacet
  facet normal -1 0 0
    outer loop
      vertex -75 -43 0
      vertex -75 43 60
      vertex -75 43 0
    endloop
  endfacet
  facet normal -1 -0 0
    outer loop
      vertex -75 43 60
      vertex -75 -43 0
      vertex -75 -43 60
    endloop
  endfacet
  facet normal 0 0 -1
    outer loop
      vertex 63 -55 0
      vertex 75 -43 0
      vertex 74.9743 -43.7848 0
    endloop
  endfacet
  facet normal -0 0 -1
    outer loop
      vertex 75 -43 0
      vertex 63 -55 0
      vertex 75 43 0
    endloop
  endfacet
  facet normal 0 0 -1
    outer loop
      vertex 63 -55 0
      vertex 74.9743 -43.7848 0
      vertex 74.8973 -44.5663 0
    endloop
  endfacet
  facet normal 0 0 -1
    outer loop
      vertex 63 55 0
      vertex 75 43 0
      vertex 63 -55 0
    endloop
  endfacet
  facet normal 0 0 -1
    outer loop
      vertex 63 -55 0
      vertex 74.8973 -44.5663 0
      vertex 74.7694 -45.3411 0
    endloop
  endfacet
  facet normal 0 0 -1
    outer loop
      vertex 75 43 0
      vertex 63 55 0
      vertex 74.9743 43.7848 0
    endloop
  endfacet
  facet normal 0 0 -1
    outer loop
      vertex 63 -55 0
      vertex 74.7694 -45.3411 0
      vertex 74.5911 -46.1058 0
    endloop
  endfacet
  facet normal 0 0 -1
    outer loop
      vertex 74.9743 43.7848 0
      vertex 63 55 0
      vertex 74.8973 44.5663 0
    endloop
  endfacet
  facet normal 0 0 -1
    outer loop
      vertex 63 -55 0
      vertex 74.5911 -46.1058 0
      vertex 74.3632 -46.8573 0
    endloop
  endfacet
  facet normal 0 0 -1
    outer loop
      vertex 74.8973 44.5663 0
      vertex 63 55 0
      vertex 74.7694 45.3411 0
    endloop
  endfacet
  facet normal 0 0 -1
    outer loop
      vertex 63 -55 0
      vertex 74.3632 -46.8573 0
      vertex 74.0865 -47.5922 0
    endloop
  endfacet
  facet normal 0 0 -1
    outer loop
      vertex 74.7694 45.3411 0
      vertex 63 55 0
      vertex 74.5911 46.1058 0
    endloop
  endfacet
  facet normal 0 0 -1
    outer loop
      vertex 63 -55 0
      vertex 74.0865 -47.5922 0
      vertex 73.7625 -48.3075 0
    endloop
  endfacet
  facet normal 0 0 -1
    outer loop
      vertex 74.5911 46.1058 0
      vertex 63 55 0
      vertex 74.3632 46.8573 0
    endloop
  endfacet
  facet normal 0 0 -1
    outer loop
      vertex 63 -55 0
      vertex 73.7625 -48.3075 0
      vertex 73.3923 -49 0
    endloop
  endfacet
  facet normal 0 0 -1
    outer loop
      vertex 74.3632 46.8573 0
      vertex 63 55 0
      vertex 74.0865 47.5922 0
    endloop
  endfacet
  facet normal 0 0 -1
    outer loop
      vertex 63 -55 0
      vertex 73.3923 -49 0
      vertex 72.9776 -49.6668 0
    endloop
  endfacet
  facet normal 0 0 -1
    outer loop
      vertex 74.0865 47.5922 0
      vertex 63 55 0
      vertex 73.7625 48.3075 0
    endloop
  endfacet
  facet normal 0 0 -1
    outer loop
      vertex 63 -55 0
      vertex 72.9776 -49.6668 0
      vertex 72.5202 -50.3051 0
    endloop
  endfacet
  facet normal 0 0 -1
    outer loop
      vertex 73.7625 48.3075 0
      vertex 63 55 0
      vertex 73.3923 49 0
    endloop
  endfacet
  facet normal 0 0 -1
    outer loop
      vertex 63 -55 0
      vertex 72.5202 -50.3051 0
      vertex 72.0221 -50.9122 0
    endloop
  endfacet
  facet normal 0 0 -1
    outer loop
      vertex 73.3923 49 0
      vertex 63 55 0
      vertex 72.9776 49.6668 0
    endloop
  endfacet
  facet normal 0 0 -1
    outer loop
      vertex 63 -55 0
      vertex 72.0221 -50.9122 0
      vertex 71.4853 -51.4853 0
    endloop
  endfacet
  facet normal 0 0 -1
    outer loop
      vertex 72.9776 49.6668 0
      vertex 63 55 0
      vertex 72.5202 50.3051 0
    endloop
  endfacet
  facet normal 0 0 -1
    outer loop
      vertex 63 -55 0
      vertex 71.4853 -51.4853 0
      vertex 70.9122 -52.0221 0
    endloop
  endfacet
  facet normal 0 0 -1
    outer loop
      vertex 72.5202 50.3051 0
      vertex 63 55 0
      vertex 72.0221 50.9122 0
    endloop
  endfacet
  facet normal 0 0 -1
    outer loop
      vertex 63 -55 0
      vertex 70.9122 -52.0221 0
      vertex 70.3051 -52.5202 0
    endloop
  endfacet
  facet normal 0 0 -1
    outer loop
      vertex 72.0221 50.9122 0
      vertex 63 55 0
      vertex 71.4853 51.4853 0
    endloop
  endfacet
  facet normal 0 0 -1
    outer loop
      vertex 63 -55 0
      vertex 70.3051 -52.5202 0
      vertex 69.6668 -52.9776 0
    endloop
  endfacet
  facet normal 0 0 -1
    outer loop
      vertex 71.4853 51.4853 0
      vertex 63 55 0
      vertex 70.9122 52.0221 0
    endloop
  endfacet
  facet normal 0 0 -1
    outer loop
      vertex 63 -55 0
      vertex 69.6668 -52.9776 0
      vertex 69 -53.3923 0
    endloop
  endfacet
  facet normal 0 0 -1
    outer loop
      vertex 70.9122 52.0221 0
      vertex 63 55 0
      vertex 70.3051 52.5202 0
    endloop
  endfacet
  facet normal 0 0 -1
    outer loop
      vertex 63 -55 0
      vertex 69 -53.3923 0
      vertex 68.3075 -53.7625 0
    endloop
  endfacet
  facet normal 0 0 -1
    outer loop
      vertex 70.3051 52.5202 0
      vertex 63 55 0
      vertex 69.6668 52.9776 0
    endloop
  endfacet
  facet normal 0 0 -1
    outer loop
      vertex 63 -55 0
      vertex 68.3075 -53.7625 0
      vertex 67.5922 -54.0865 0
    endloop
  endfacet
  facet normal 0 0 -1
    outer loop
      vertex 69.6668 52.9776 0
      vertex 63 55 0
      vertex 69 53.3923 0
    endloop
  endfacet
  facet normal 0 0 -1
    outer loop
      vertex 63 -55 0
      vertex 67.5922 -54.0865 0
      vertex 66.8573 -54.3632 0
    endloop
  endfacet
  facet normal 0 0 -1
    outer loop
      vertex 69 53.3923 0
      vertex 63 55 0
      vertex 68.3075 53.7625 0
    endloop
  endfacet
  facet normal 0 0 -1
    outer loop
      vertex 63 -55 0
      vertex 66.8573 -54.3632 0
      vertex 66.1058 -54.5911 0
    endloop
  endfacet
  facet normal 0 0 -1
    outer loop
      vertex 68.3075 53.7625 0
      vertex 63 55 0
      vertex 67.5922 54.0865 0
    endloop
  endfacet
  facet normal 0 0 -1
    outer loop
      vertex 63 -55 0
      vertex 66.1058 -54.5911 0
      vertex 65.3411 -54.7694 0
    endloop
  endfacet
  facet normal 0 0 -1
    outer loop
      vertex 67.5922 54.0865 0
      vertex 63 55 0
      vertex 66.8573 54.3632 0
    endloop
  endfacet
  facet normal 0 0 -1
    outer loop
      vertex 63 -55 0
      vertex 65.3411 -54.7694 0
      vertex 64.5663 -54.8973 0
    endloop
  endfacet
  facet normal 0 0 -1
    outer loop
      vertex 66.8573 54.3632 0
      vertex 63 55 0
      vertex 66.1058 54.5911 0
    endloop
  endfacet
  facet normal 0 0 -1
    outer loop
      vertex 63 -55 0
      vertex 64.5663 -54.8973 0
      vertex 63.7848 -54.9743 0
    endloop
  endfacet
  facet normal 0 0 -1
    outer loop
      vertex 66.1058 54.5911 0
      vertex 63 55 0
      vertex 65.3411 54.7694 0
    endloop
  endfacet
  facet normal 0 0 -1
    outer loop
      vertex 65.3411 54.7694 0
      vertex 63 55 0
      vertex 64.5663 54.8973 0
    endloop
  endfacet
  facet normal 0 0 -1
    outer loop
      vertex 64.5663 54.8973 0
      vertex 63 55 0
      vertex 63.7848 54.9743 0
    endloop
  endfacet
  facet normal 0 0 -1
    outer loop
      vertex -63 -55 0
      vertex 63 55 0
      vertex 63 -55 0
    endloop
  endfacet
  facet normal 0 0 -1
    outer loop
      vertex -63 -55 0
      vertex -63 55 0
      vertex 63 55 0
    endloop
  endfacet
  facet normal 0 0 -1
    outer loop
      vertex -75 -43 0
      vertex -63 -55 0
      vertex -63.7848 -54.9743 0
    endloop
  endfacet
  facet normal 0 0 -1
    outer loop
      vertex -63 -55 0
      vertex -75 -43 0
      vertex -63 55 0
    endloop
  endfacet
  facet normal 0 0 -1
    outer loop
      vertex -75 -43 0
      vertex -63.7848 -54.9743 0
      vertex -64.5663 -54.8973 0
    endloop
  endfacet
  facet normal 0 0 -1
    outer loop
      vertex -75 43 0
      vertex -63 55 0
      vertex -75 -43 0
    endloop
  endfacet
  facet normal 0 0 -1
    outer loop
      vertex -75 -43 0
      vertex -64.5663 -54.8973 0
      vertex -65.3411 -54.7694 0
    endloop
  endfacet
  facet normal 0 0 -1
    outer loop
      vertex -63 55 0
      vertex -75 43 0
      vertex -63.7848 54.9743 0
    endloop
  endfacet
  facet normal 0 0 -1
    outer loop
      vertex -75 -43 0
      vertex -65.3411 -54.7694 0
      vertex -66.1058 -54.5911 0
    endloop
  endfacet
  facet normal 0 0 -1
    outer loop
      vertex -63.7848 54.9743 0
      vertex -75 43 0
      vertex -64.5663 54.8973 0
    endloop
  endfacet
  facet normal 0 0 -1
    outer loop
      vertex -75 -43 0
      vertex -66.1058 -54.5911 0
      vertex -66.8573 -54.3632 0
    endloop
  endfacet
  facet normal 0 0 -1
    outer loop
      vertex -64.5663 54.8973 0
      vertex -75 43 0
      vertex -65.3411 54.7694 0
    endloop
  endfacet
  facet normal 0 0 -1
    outer loop
      vertex -75 -43 0
      vertex -66.8573 -54.3632 0
      vertex -67.5922 -54.0865 0
    endloop
  endfacet
  facet normal 0 0 -1
    outer loop
      vertex -65.3411 54.7694 0
      vertex -75 43 0
      vertex -66.1058 54.5911 0
    endloop
  endfacet
  facet normal 0 0 -1
    outer loop
      vertex -75 -43 0
      vertex -67.5922 -54.0865 0
      vertex -68.3075 -53.7625 0
    endloop
  endfacet
  facet normal 0 0 -1
    outer loop
      vertex -66.1058 54.5911 0
      vertex -75 43 0
      vertex -66.8573 54.3632 0
    endloop
  endfacet
  facet normal 0 0 -1
    outer loop
      vertex -75 -43 0
      vertex -68.3075 -53.7625 0
      vertex -69 -53.3923 0
    endloop
  endfacet
  facet normal 0 0 -1
    outer loop
      vertex -66.8573 54.3632 0
      vertex -75 43 0
      vertex -67.5922 54.0865 0
    endloop
  endfacet
  facet normal 0 0 -1
    outer loop
      vertex -75 -43 0
      vertex -69 -53.3923 0
      vertex -69.6668 -52.9776 0
    endloop
  endfacet
  facet normal 0 0 -1
    outer loop
      vertex -67.5922 54.0865 0
      vertex -75 43 0
      vertex -68.3075 53.7625 0
    endloop
  endfacet
  facet normal 0 0 -1
    outer loop
      vertex -75 -43 0
      vertex -69.6668 -52.9776 0
      vertex -70.3051 -52.5202 0
    endloop
  endfacet
  facet normal 0 0 -1
    outer loop
      vertex -68.3075 53.7625 0
      vertex -75 43 0
      vertex -69 53.3923 0
    endloop
  endfacet
  facet normal 0 0 -1
    outer loop
      vertex -75 -43 0
      vertex -70.3051 -52.5202 0
      vertex -70.9122 -52.0221 0
    endloop
  endfacet
  facet normal 0 0 -1
    outer loop
      vertex -69 53.3923 0
      vertex -75 43 0
      vertex -69.6668 52.9776 0
    endloop
  endfacet
  facet normal 0 0 -1
    outer loop
      vertex -75 -43 0
      vertex -70.9122 -52.0221 0
      vertex -71.4853 -51.4853 0
    endloop
  endfacet
  facet normal 0 0 -1
    outer loop
      vertex -69.6668 52.9776 0
      vertex -75 43 0
      vertex -70.3051 52.5202 0
    endloop
  endfacet
  facet normal 0 0 -1
    outer loop
      vertex -75 -43 0
      vertex -71.4853 -51.4853 0
      vertex -72.0221 -50.9122 0
    endloop
  endfacet
  facet normal 0 0 -1
    outer loop
      vertex -70.3051 52.5202 0
      vertex -75 43 0
      vertex -70.9122 52.0221 0
    endloop
  endfacet
  facet normal 0 0 -1
    outer loop
      vertex -75 -43 0
      vertex -72.0221 -50.9122 0
      vertex -72.5202 -50.3051 0
    endloop
  endfacet
  facet normal 0 0 -1
    outer loop
      vertex -70.9122 52.0221 0
      vertex -75 43 0
      vertex -71.4853 51.4853 0
    endloop
  endfacet
  facet normal 0 0 -1
    outer loop
      vertex -75 -43 0
      vertex -72.5202 -50.3051 0
      vertex -72.9776 -49.6668 0
    endloop
  endfacet
  facet normal 0 0 -1
    outer loop
      vertex -71.4853 51.4853 0
      vertex -75 43 0
      vertex -72.0221 50.9122 0
    endloop
  endfacet
  facet normal 0 0 -1
    outer loop
      vertex -75 -43 0
      vertex -72.9776 -49.6668 0
      vertex -73.3923 -49 0
    endloop
  endfacet
  facet normal 0 0 -1
    outer loop
      vertex -72.0221 50.9122 0
      vertex -75 43 0
      vertex -72.5202 50.3051 0
    endloop
  endfacet
  facet normal 0 0 -1
    outer loop
      vertex -75 -43 0
      vertex -73.3923 -49 0
      vertex -73.7625 -48.3075 0
    endloop
  endfacet
  facet normal 0 0 -1
    outer loop
      vertex -72.5202 50.3051 0
      vertex -75 43 0
      vertex -72.9776 49.6668 0
    endloop
  endfacet
  facet normal 0 0 -1
    outer loop
      vertex -75 -43 0
      vertex -73.7625 -48.3075 0
      vertex -74.0865 -47.5922 0
    endloop
  endfacet
  facet normal 0 0 -1
    outer loop
      vertex -72.9776 49.6668 0
      vertex -75 43 0
      vertex -73.3923 49 0
    endloop
  endfacet
  facet normal 0 0 -1
    outer loop
      vertex -75 -43 0
      vertex -74.0865 -47.5922 0
      vertex -74.3632 -46.8573 0
    endloop
  endfacet
  facet normal 0 0 -1
    outer loop
      vertex -73.3923 49 0
      vertex -75 43 0
      vertex -73.7625 48.3075 0
    endloop
  endfacet
  facet normal 0 0 -1
    outer loop
      vertex -75 -43 0
      vertex -74.3632 -46.8573 0
      vertex -74.5911 -46.1058 0
    endloop
  endfacet
  facet normal 0 0 -1
    outer loop
      vertex -73.7625 48.3075 0
      vertex -75 43 0
      vertex -74.0865 47.5922 0
    endloop
  endfacet
  facet normal 0 0 -1
    outer loop
      vertex -75 -43 0
      vertex -74.5911 -46.1058 0
      vertex -74.7694 -45.3411 0
    endloop
  endfacet
  facet normal 0 0 -1
    outer loop
      vertex -74.0865 47.5922 0
      vertex -75 43 0
      vertex -74.3632 46.8573 0
    endloop
  endfacet
  facet normal 0 0 -1
    outer loop
      vertex -75 -43 0
      vertex -74.7694 -45.3411 0
      vertex -74.8973 -44.5663 0
    endloop
  endfacet
  facet normal 0 0 -1
    outer loop
      vertex -74.3632 46.8573 0
      vertex -75 43 0
      vertex -74.5911 46.1058 0
    endloop
  endfacet
  facet normal 0 0 -1
    outer loop
      vertex -75 -43 0
      vertex -74.8973 -44.5663 0
      vertex -74.9743 -43.7848 0
    endloop
  endfacet
  facet normal 0 0 -1
    outer loop
      vertex -74.5911 46.1058 0
      vertex -75 43 0
      vertex -74.7694 45.3411 0
    endloop
  endfacet
  facet normal 0 0 -1
    outer loop
      vertex -74.7694 45.3411 0
      vertex -75 43 0
      vertex -74.8973 44.5663 0
    endloop
  endfacet
  facet normal 0 0 -1
    outer loop
      vertex -74.8973 44.5663 0
      vertex -75 43 0
      vertex -74.9743 43.7848 0
    endloop
  endfacet
  facet normal -0 0 1
    outer loop
      vertex -63 55 60
      vertex -11.2 52.6 60
      vertex -11.2 55 60
    endloop
  endfacet
  facet normal 0 0 1
    outer loop
      vertex -63 55 60
      vertex -63 52.6 60
      vertex -11.2 52.6 60
    endloop
  endfacet
  facet normal 0 0 1
    outer loop
      vertex -63 55 60
      vertex -63.6279 52.5795 60
      vertex -63 52.6 60
    endloop
  endfacet
  facet normal -0 0 1
    outer loop
      vertex -63.7848 54.9743 60
      vertex -63.6279 52.5795 60
      vertex -63 55 60
    endloop
  endfacet
  facet normal 0 0 1
    outer loop
      vertex -63.7848 54.9743 60
      vertex -64.2531 52.5179 60
      vertex -63.6279 52.5795 60
    endloop
  endfacet
  facet normal -0 0 1
    outer loop
      vertex -64.5663 54.8973 60
      vertex -64.2531 52.5179 60
      vertex -63.7848 54.9743 60
    endloop
  endfacet
  facet normal 0 0 1
    outer loop
      vertex -64.5663 54.8973 60
      vertex -64.8729 52.4155 60
      vertex -64.2531 52.5179 60
    endloop
  endfacet
  facet normal -0 0 1
    outer loop
      vertex -65.3411 54.7694 60
      vertex -64.8729 52.4155 60
      vertex -64.5663 54.8973 60
    endloop
  endfacet
  facet normal 0 0 1
    outer loop
      vertex -65.3411 54.7694 60
      vertex -65.4847 52.2729 60
      vertex -64.8729 52.4155 60
    endloop
  endfacet
  facet normal -0 0 1
    outer loop
      vertex -66.1058 54.5911 60
      vertex -65.4847 52.2729 60
      vertex -65.3411 54.7694 60
    endloop
  endfacet
  facet normal 0 0 1
    outer loop
      vertex -65.4847 52.2729 60
      vertex -66.1058 54.5911 60
      vertex -66.0858 52.0905 60
    endloop
  endfacet
  facet normal -0 0 1
    outer loop
      vertex -66.8573 54.3632 60
      vertex -66.0858 52.0905 60
      vertex -66.1058 54.5911 60
    endloop
  endfacet
  facet normal 0 0 1
    outer loop
      vertex -66.0858 52.0905 60
      vertex -66.8573 54.3632 60
      vertex -66.6738 51.8692 60
    endloop
  endfacet
  facet normal -0 0 1
    outer loop
      vertex -67.5922 54.0865 60
      vertex -66.6738 51.8692 60
      vertex -66.8573 54.3632 60
    endloop
  endfacet
  facet normal 0 0 1
    outer loop
      vertex -66.6738 51.8692 60
      vertex -67.5922 54.0865 60
      vertex -67.246 51.61 60
    endloop
  endfacet
  facet normal -0 0 1
    outer loop
      vertex -68.3075 53.7625 60
      vertex -67.246 51.61 60
      vertex -67.5922 54.0865 60
    endloop
  endfacet
  facet normal 0 0 1
    outer loop
      vertex -67.246 51.61 60
      vertex -68.3075 53.7625 60
      vertex -67.8 51.3138 60
    endloop
  endfacet
  facet normal -0 0 1
    outer loop
      vertex -69 53.3923 60
      vertex -67.8 51.3138 60
      vertex -68.3075 53.7625 60
    endloop
  endfacet
  facet normal 0 0 1
    outer loop
      vertex -67.8 51.3138 60
      vertex -69 53.3923 60
      vertex -68.3335 50.9821 60
    endloop
  endfacet
  facet normal -0 0 1
    outer loop
      vertex -69.6668 52.9776 60
      vertex -68.3335 50.9821 60
      vertex -69 53.3923 60
    endloop
  endfacet
  facet normal 0 0 1
    outer loop
      vertex -68.3335 50.9821 60
      vertex -69.6668 52.9776 60
      vertex -68.8441 50.6162 60
    endloop
  endfacet
  facet normal -0 0 1
    outer loop
      vertex -70.3051 52.5202 60
      vertex -68.8441 50.6162 60
      vertex -69.6668 52.9776 60
    endloop
  endfacet
  facet normal 0 0 1
    outer loop
      vertex -68.8441 50.6162 60
      vertex -70.3051 52.5202 60
      vertex -69.3297 50.2177 60
    endloop
  endfacet
  facet normal -0 0 1
    outer loop
      vertex -70.9122 52.0221 60
      vertex -69.3297 50.2177 60
      vertex -70.3051 52.5202 60
    endloop
  endfacet
  facet normal 0 0 1
    outer loop
      vertex -69.3297 50.2177 60
      vertex -70.9122 52.0221 60
      vertex -69.7882 49.7882 60
    endloop
  endfacet
  facet normal -0 0 1
    outer loop
      vertex -71.4853 51.4853 60
      vertex -69.7882 49.7882 60
      vertex -70.9122 52.0221 60
    endloop
  endfacet
  facet normal 0 0 1
    outer loop
      vertex -69.7882 49.7882 60
      vertex -71.4853 51.4853 60
      vertex -70.2177 49.3297 60
    endloop
  endfacet
  facet normal -0 0 1
    outer loop
      vertex -72.0221 50.9122 60
      vertex -70.2177 49.3297 60
      vertex -71.4853 51.4853 60
    endloop
  endfacet
  facet normal 0 0 1
    outer loop
      vertex -70.2177 49.3297 60
      vertex -72.0221 50.9122 60
      vertex -70.6162 48.8441 60
    endloop
  endfacet
  facet normal -0 0 1
    outer loop
      vertex -72.5202 50.3051 60
      vertex -70.6162 48.8441 60
      vertex -72.0221 50.9122 60
    endloop
  endfacet
  facet normal 0 0 1
    outer loop
      vertex -70.6162 48.8441 60
      vertex -72.5202 50.3051 60
      vertex -70.9821 48.3335 60
    endloop
  endfacet
  facet normal -0 0 1
    outer loop
      vertex -72.9776 49.6668 60
      vertex -70.9821 48.3335 60
      vertex -72.5202 50.3051 60
    endloop
  endfacet
  facet normal 0 0 1
    outer loop
      vertex -70.9821 48.3335 60
      vertex -72.9776 49.6668 60
      vertex -71.3138 47.8 60
    endloop
  endfacet
  facet normal -0 0 1
    outer loop
      vertex -73.3923 49 60
      vertex -71.3138 47.8 60
      vertex -72.9776 49.6668 60
    endloop
  endfacet
  facet normal 0 0 1
    outer loop
      vertex -71.3138 47.8 60
      vertex -73.3923 49 60
      vertex -71.61 47.246 60
    endloop
  endfacet
  facet normal -0 0 1
    outer loop
      vertex -73.7625 48.3075 60
      vertex -71.61 47.246 60
      vertex -73.3923 49 60
    endloop
  endfacet
  facet normal 0 0 1
    outer loop
      vertex -71.61 47.246 60
      vertex -73.7625 48.3075 60
      vertex -71.8692 46.6738 60
    endloop
  endfacet
  facet normal -0 0 1
    outer loop
      vertex -74.0865 47.5922 60
      vertex -71.8692 46.6738 60
      vertex -73.7625 48.3075 60
    endloop
  endfacet
  facet normal 0 0 1
    outer loop
      vertex -71.8692 46.6738 60
      vertex -74.0865 47.5922 60
      vertex -72.0905 46.0858 60
    endloop
  endfacet
  facet normal -0 0 1
    outer loop
      vertex -74.3632 46.8573 60
      vertex -72.0905 46.0858 60
      vertex -74.0865 47.5922 60
    endloop
  endfacet
  facet normal -0 0 1
    outer loop
      vertex -74.5911 46.1058 60
      vertex -72.2729 45.4847 60
      vertex -74.3632 46.8573 60
    endloop
  endfacet
  facet normal 0 0 1
    outer loop
      vertex -72.0905 46.0858 60
      vertex -74.3632 46.8573 60
      vertex -72.2729 45.4847 60
    endloop
  endfacet
  facet normal 0 0 1
    outer loop
      vertex 72.6 43 60
      vertex 75 43 60
      vertex 74.9743 43.7848 60
    endloop
  endfacet
  facet normal 0 0 1
    outer loop
      vertex 75 43 60
      vertex 72.6 43 60
      vertex 75 -43 60
    endloop
  endfacet
  facet normal 0 0 1
    outer loop
      vertex 72.5795 43.6279 60
      vertex 74.9743 43.7848 60
      vertex 74.8973 44.5663 60
    endloop
  endfacet
  facet normal 0 0 1
    outer loop
      vertex 72.6 -43 60
      vertex 75 -43 60
      vertex 72.6 43 60
    endloop
  endfacet
  facet normal 0 0 1
    outer loop
      vertex 72.5179 44.2531 60
      vertex 74.8973 44.5663 60
      vertex 74.7694 45.3411 60
    endloop
  endfacet
  facet normal 0 0 1
    outer loop
      vertex 75 -43 60
      vertex 72.6 -43 60
      vertex 74.9743 -43.7848 60
    endloop
  endfacet
  facet normal 0 0 1
    outer loop
      vertex 72.4155 44.8729 60
      vertex 74.7694 45.3411 60
      vertex 74.5911 46.1058 60
    endloop
  endfacet
  facet normal -0 0 1
    outer loop
      vertex 72.5795 -43.6279 60
      vertex 74.9743 -43.7848 60
      vertex 72.6 -43 60
    endloop
  endfacet
  facet normal 0 0 1
    outer loop
      vertex 72.2729 45.4847 60
      vertex 74.5911 46.1058 60
      vertex 74.3632 46.8573 60
    endloop
  endfacet
  facet normal 0 0 1
    outer loop
      vertex 74.9743 -43.7848 60
      vertex 72.5795 -43.6279 60
      vertex 74.8973 -44.5663 60
    endloop
  endfacet
  facet normal 0 0 1
    outer loop
      vertex 72.0905 46.0858 60
      vertex 74.3632 46.8573 60
      vertex 74.0865 47.5922 60
    endloop
  endfacet
  facet normal -0 0 1
    outer loop
      vertex 72.5179 -44.2531 60
      vertex 74.8973 -44.5663 60
      vertex 72.5795 -43.6279 60
    endloop
  endfacet
  facet normal 0 0 1
    outer loop
      vertex 71.8692 46.6738 60
      vertex 74.0865 47.5922 60
      vertex 73.7625 48.3075 60
    endloop
  endfacet
  facet normal 0 0 1
    outer loop
      vertex 74.8973 -44.5663 60
      vertex 72.5179 -44.2531 60
      vertex 74.7694 -45.3411 60
    endloop
  endfacet
  facet normal 0 0 1
    outer loop
      vertex 71.61 47.246 60
      vertex 73.7625 48.3075 60
      vertex 73.3923 49 60
    endloop
  endfacet
  facet normal -0 0 1
    outer loop
      vertex 72.4155 -44.8729 60
      vertex 74.7694 -45.3411 60
      vertex 72.5179 -44.2531 60
    endloop
  endfacet
  facet normal 0 0 1
    outer loop
      vertex 71.3138 47.8 60
      vertex 73.3923 49 60
      vertex 72.9776 49.6668 60
    endloop
  endfacet
  facet normal 0 0 1
    outer loop
      vertex 74.7694 -45.3411 60
      vertex 72.4155 -44.8729 60
      vertex 74.5911 -46.1058 60
    endloop
  endfacet
  facet normal -0 0 1
    outer loop
      vertex 72.2729 -45.4847 60
      vertex 74.5911 -46.1058 60
      vertex 72.4155 -44.8729 60
    endloop
  endfacet
  facet normal 0 0 1
    outer loop
      vertex 74.9743 43.7848 60
      vertex 72.5795 43.6279 60
      vertex 72.6 43 60
    endloop
  endfacet
  facet normal 0 0 1
    outer loop
      vertex 70.9821 48.3335 60
      vertex 72.9776 49.6668 60
      vertex 72.5202 50.3051 60
    endloop
  endfacet
  facet normal 0 0 1
    outer loop
      vertex 74.8973 44.5663 60
      vertex 72.5179 44.2531 60
      vertex 72.5795 43.6279 60
    endloop
  endfacet
  facet normal 0 0 1
    outer loop
      vertex 74.7694 45.3411 60
      vertex 72.4155 44.8729 60
      vertex 72.5179 44.2531 60
    endloop
  endfacet
  facet normal 0 0 1
    outer loop
      vertex 74.5911 46.1058 60
      vertex 72.2729 45.4847 60
      vertex 72.4155 44.8729 60
    endloop
  endfacet
  facet normal 0 0 1
    outer loop
      vertex 74.3632 46.8573 60
      vertex 72.0905 46.0858 60
      vertex 72.2729 45.4847 60
    endloop
  endfacet
  facet normal 0 0 1
    outer loop
      vertex 70.6162 48.8441 60
      vertex 72.5202 50.3051 60
      vertex 72.0221 50.9122 60
    endloop
  endfacet
  facet normal 0 0 1
    outer loop
      vertex 74.0865 47.5922 60
      vertex 71.8692 46.6738 60
      vertex 72.0905 46.0858 60
    endloop
  endfacet
  facet normal 0 0 1
    outer loop
      vertex 73.7625 48.3075 60
      vertex 71.61 47.246 60
      vertex 71.8692 46.6738 60
    endloop
  endfacet
  facet normal 0 0 1
    outer loop
      vertex 70.2177 49.3297 60
      vertex 72.0221 50.9122 60
      vertex 71.4853 51.4853 60
    endloop
  endfacet
  facet normal 0 0 1
    outer loop
      vertex 73.3923 49 60
      vertex 71.3138 47.8 60
      vertex 71.61 47.246 60
    endloop
  endfacet
  facet normal 0 0 1
    outer loop
      vertex 72.9776 49.6668 60
      vertex 70.9821 48.3335 60
      vertex 71.3138 47.8 60
    endloop
  endfacet
  facet normal 0 0 1
    outer loop
      vertex 69.7882 49.7882 60
      vertex 71.4853 51.4853 60
      vertex 70.9122 52.0221 60
    endloop
  endfacet
  facet normal 0 0 1
    outer loop
      vertex 72.5202 50.3051 60
      vertex 70.6162 48.8441 60
      vertex 70.9821 48.3335 60
    endloop
  endfacet
  facet normal 0 0 1
    outer loop
      vertex 69.3297 50.2177 60
      vertex 70.9122 52.0221 60
      vertex 70.3051 52.5202 60
    endloop
  endfacet
  facet normal 0 0 1
    outer loop
      vertex 72.0221 50.9122 60
      vertex 70.2177 49.3297 60
      vertex 70.6162 48.8441 60
    endloop
  endfacet
  facet normal 0 0 1
    outer loop
      vertex 71.4853 51.4853 60
      vertex 69.7882 49.7882 60
      vertex 70.2177 49.3297 60
    endloop
  endfacet
  facet normal 0 0 1
    outer loop
      vertex 68.8441 50.6162 60
      vertex 70.3051 52.5202 60
      vertex 69.6668 52.9776 60
    endloop
  endfacet
  facet normal 0 0 1
    outer loop
      vertex 70.9122 52.0221 60
      vertex 69.3297 50.2177 60
      vertex 69.7882 49.7882 60
    endloop
  endfacet
  facet normal 0 0 1
    outer loop
      vertex 68.3335 50.9821 60
      vertex 69.6668 52.9776 60
      vertex 69 53.3923 60
    endloop
  endfacet
  facet normal 0 0 1
    outer loop
      vertex 70.3051 52.5202 60
      vertex 68.8441 50.6162 60
      vertex 69.3297 50.2177 60
    endloop
  endfacet
  facet normal 0 0 1
    outer loop
      vertex 69.6668 52.9776 60
      vertex 68.3335 50.9821 60
      vertex 68.8441 50.6162 60
    endloop
  endfacet
  facet normal 0 0 1
    outer loop
      vertex 67.8 51.3138 60
      vertex 69 53.3923 60
      vertex 68.3075 53.7625 60
    endloop
  endfacet
  facet normal 0 0 1
    outer loop
      vertex 69 53.3923 60
      vertex 67.8 51.3138 60
      vertex 68.3335 50.9821 60
    endloop
  endfacet
  facet normal 0 0 1
    outer loop
      vertex 67.246 51.61 60
      vertex 68.3075 53.7625 60
      vertex 67.5922 54.0865 60
    endloop
  endfacet
  facet normal 0 0 1
    outer loop
      vertex 68.3075 53.7625 60
      vertex 67.246 51.61 60
      vertex 67.8 51.3138 60
    endloop
  endfacet
  facet normal 0 0 1
    outer loop
      vertex 66.6738 51.8692 60
      vertex 67.5922 54.0865 60
      vertex 66.8573 54.3632 60
    endloop
  endfacet
  facet normal 0 0 1
    outer loop
      vertex 67.5922 54.0865 60
      vertex 66.6738 51.8692 60
      vertex 67.246 51.61 60
    endloop
  endfacet
  facet normal 0 0 1
    outer loop
      vertex 66.0858 52.0905 60
      vertex 66.8573 54.3632 60
      vertex 66.1058 54.5911 60
    endloop
  endfacet
  facet normal 0 0 1
    outer loop
      vertex 66.8573 54.3632 60
      vertex 66.0858 52.0905 60
      vertex 66.6738 51.8692 60
    endloop
  endfacet
  facet normal 0 0 1
    outer loop
      vertex 66.1058 54.5911 60
      vertex 65.4847 52.2729 60
      vertex 66.0858 52.0905 60
    endloop
  endfacet
  facet normal 0 0 1
    outer loop
      vertex 65.3411 54.7694 60
      vertex 65.4847 52.2729 60
      vertex 66.1058 54.5911 60
    endloop
  endfacet
  facet normal 0 0 1
    outer loop
      vertex 65.3411 54.7694 60
      vertex 64.8729 52.4155 60
      vertex 65.4847 52.2729 60
    endloop
  endfacet
  facet normal 0 0 1
    outer loop
      vertex 64.5663 54.8973 60
      vertex 64.8729 52.4155 60
      vertex 65.3411 54.7694 60
    endloop
  endfacet
  facet normal 0 0 1
    outer loop
      vertex 64.5663 54.8973 60
      vertex 64.2531 52.5179 60
      vertex 64.8729 52.4155 60
    endloop
  endfacet
  facet normal 0 0 1
    outer loop
      vertex 63.7848 54.9743 60
      vertex 64.2531 52.5179 60
      vertex 64.5663 54.8973 60
    endloop
  endfacet
  facet normal 0 0 1
    outer loop
      vertex 63.7848 54.9743 60
      vertex 63.6279 52.5795 60
      vertex 64.2531 52.5179 60
    endloop
  endfacet
  facet normal 0 0 1
    outer loop
      vertex 63 55 60
      vertex 63.6279 52.5795 60
      vertex 63.7848 54.9743 60
    endloop
  endfacet
  facet normal 0 0 1
    outer loop
      vertex 63 55 60
      vertex 63 52.6 60
      vertex 63.6279 52.5795 60
    endloop
  endfacet
  facet normal -0 0 1
    outer loop
      vertex 11.2 55 60
      vertex 63 52.6 60
      vertex 63 55 60
    endloop
  endfacet
  facet normal 0 0 1
    outer loop
      vertex 63 52.6 60
      vertex 11.2 55 60
      vertex 11.2 52.6 60
    endloop
  endfacet
  facet normal 0 0 1
    outer loop
      vertex 74.5911 -46.1058 60
      vertex 72.2729 -45.4847 60
      vertex 74.3632 -46.8573 60
    endloop
  endfacet
  facet normal -0 0 1
    outer loop
      vertex 72.0905 -46.0858 60
      vertex 74.3632 -46.8573 60
      vertex 72.2729 -45.4847 60
    endloop
  endfacet
  facet normal 0 0 1
    outer loop
      vertex 74.3632 -46.8573 60
      vertex 72.0905 -46.0858 60
      vertex 74.0865 -47.5922 60
    endloop
  endfacet
  facet normal -0 0 1
    outer loop
      vertex 71.8692 -46.6738 60
      vertex 74.0865 -47.5922 60
      vertex 72.0905 -46.0858 60
    endloop
  endfacet
  facet normal 0 0 1
    outer loop
      vertex 74.0865 -47.5922 60
      vertex 71.8692 -46.6738 60
      vertex 73.7625 -48.3075 60
    endloop
  endfacet
  facet normal -0 0 1
    outer loop
      vertex 71.61 -47.246 60
      vertex 73.7625 -48.3075 60
      vertex 71.8692 -46.6738 60
    endloop
  endfacet
  facet normal 0 0 1
    outer loop
      vertex 73.7625 -48.3075 60
      vertex 71.61 -47.246 60
      vertex 73.3923 -49 60
    endloop
  endfacet
  facet normal -0 0 1
    outer loop
      vertex 71.3138 -47.8 60
      vertex 73.3923 -49 60
      vertex 71.61 -47.246 60
    endloop
  endfacet
  facet normal 0 0 1
    outer loop
      vertex 73.3923 -49 60
      vertex 71.3138 -47.8 60
      vertex 72.9776 -49.6668 60
    endloop
  endfacet
  facet normal -0 0 1
    outer loop
      vertex 70.9821 -48.3335 60
      vertex 72.9776 -49.6668 60
      vertex 71.3138 -47.8 60
    endloop
  endfacet
  facet normal 0 0 1
    outer loop
      vertex 72.9776 -49.6668 60
      vertex 70.9821 -48.3335 60
      vertex 72.5202 -50.3051 60
    endloop
  endfacet
  facet normal -0 0 1
    outer loop
      vertex 70.6162 -48.8441 60
      vertex 72.5202 -50.3051 60
      vertex 70.9821 -48.3335 60
    endloop
  endfacet
  facet normal 0 0 1
    outer loop
      vertex 72.5202 -50.3051 60
      vertex 70.6162 -48.8441 60
      vertex 72.0221 -50.9122 60
    endloop
  endfacet
  facet normal -0 0 1
    outer loop
      vertex 70.2177 -49.3297 60
      vertex 72.0221 -50.9122 60
      vertex 70.6162 -48.8441 60
    endloop
  endfacet
  facet normal 0 0 1
    outer loop
      vertex 72.0221 -50.9122 60
      vertex 70.2177 -49.3297 60
      vertex 71.4853 -51.4853 60
    endloop
  endfacet
  facet normal -0 0 1
    outer loop
      vertex 69.7882 -49.7882 60
      vertex 71.4853 -51.4853 60
      vertex 70.2177 -49.3297 60
    endloop
  endfacet
  facet normal 0 0 1
    outer loop
      vertex 71.4853 -51.4853 60
      vertex 69.7882 -49.7882 60
      vertex 70.9122 -52.0221 60
    endloop
  endfacet
  facet normal -0 0 1
    outer loop
      vertex 69.3297 -50.2177 60
      vertex 70.9122 -52.0221 60
      vertex 69.7882 -49.7882 60
    endloop
  endfacet
  facet normal 0 0 1
    outer loop
      vertex 70.9122 -52.0221 60
      vertex 69.3297 -50.2177 60
      vertex 70.3051 -52.5202 60
    endloop
  endfacet
  facet normal -0 0 1
    outer loop
      vertex 68.8441 -50.6162 60
      vertex 70.3051 -52.5202 60
      vertex 69.3297 -50.2177 60
    endloop
  endfacet
  facet normal 0 0 1
    outer loop
      vertex 70.3051 -52.5202 60
      vertex 68.8441 -50.6162 60
      vertex 69.6668 -52.9776 60
    endloop
  endfacet
  facet normal -0 0 1
    outer loop
      vertex 68.3335 -50.9821 60
      vertex 69.6668 -52.9776 60
      vertex 68.8441 -50.6162 60
    endloop
  endfacet
  facet normal 0 0 1
    outer loop
      vertex 69.6668 -52.9776 60
      vertex 68.3335 -50.9821 60
      vertex 69 -53.3923 60
    endloop
  endfacet
  facet normal -0 0 1
    outer loop
      vertex 67.8 -51.3138 60
      vertex 69 -53.3923 60
      vertex 68.3335 -50.9821 60
    endloop
  endfacet
  facet normal 0 0 1
    outer loop
      vertex 69 -53.3923 60
      vertex 67.8 -51.3138 60
      vertex 68.3075 -53.7625 60
    endloop
  endfacet
  facet normal -0 0 1
    outer loop
      vertex 67.246 -51.61 60
      vertex 68.3075 -53.7625 60
      vertex 67.8 -51.3138 60
    endloop
  endfacet
  facet normal 0 0 1
    outer loop
      vertex 68.3075 -53.7625 60
      vertex 67.246 -51.61 60
      vertex 67.5922 -54.0865 60
    endloop
  endfacet
  facet normal -0 0 1
    outer loop
      vertex 66.6738 -51.8692 60
      vertex 67.5922 -54.0865 60
      vertex 67.246 -51.61 60
    endloop
  endfacet
  facet normal 0 0 1
    outer loop
      vertex 67.5922 -54.0865 60
      vertex 66.6738 -51.8692 60
      vertex 66.8573 -54.3632 60
    endloop
  endfacet
  facet normal -0 0 1
    outer loop
      vertex 66.0858 -52.0905 60
      vertex 66.8573 -54.3632 60
      vertex 66.6738 -51.8692 60
    endloop
  endfacet
  facet normal 0 0 1
    outer loop
      vertex 66.8573 -54.3632 60
      vertex 66.0858 -52.0905 60
      vertex 66.1058 -54.5911 60
    endloop
  endfacet
  facet normal -0 0 1
    outer loop
      vertex 65.4847 -52.2729 60
      vertex 66.1058 -54.5911 60
      vertex 66.0858 -52.0905 60
    endloop
  endfacet
  facet normal 0 0 1
    outer loop
      vertex 65.4847 -52.2729 60
      vertex 65.3411 -54.7694 60
      vertex 66.1058 -54.5911 60
    endloop
  endfacet
  facet normal -0 0 1
    outer loop
      vertex 64.8729 -52.4155 60
      vertex 65.3411 -54.7694 60
      vertex 65.4847 -52.2729 60
    endloop
  endfacet
  facet normal 0 0 1
    outer loop
      vertex 64.8729 -52.4155 60
      vertex 64.5663 -54.8973 60
      vertex 65.3411 -54.7694 60
    endloop
  endfacet
  facet normal -0 0 1
    outer loop
      vertex 64.2531 -52.5179 60
      vertex 64.5663 -54.8973 60
      vertex 64.8729 -52.4155 60
    endloop
  endfacet
  facet normal 0 0 1
    outer loop
      vertex 64.2531 -52.5179 60
      vertex 63.7848 -54.9743 60
      vertex 64.5663 -54.8973 60
    endloop
  endfacet
  facet normal -0 0 1
    outer loop
      vertex 63.6279 -52.5795 60
      vertex 63.7848 -54.9743 60
      vertex 64.2531 -52.5179 60
    endloop
  endfacet
  facet normal -0 0 1
    outer loop
      vertex 63 -52.6 60
      vertex 63.7848 -54.9743 60
      vertex 63.6279 -52.5795 60
    endloop
  endfacet
  facet normal 0 0 1
    outer loop
      vertex 63 -52.6 60
      vertex 63 -55 60
      vertex 63.7848 -54.9743 60
    endloop
  endfacet
  facet normal -0 0 1
    outer loop
      vertex -63 -52.6 60
      vertex 63 -55 60
      vertex 63 -52.6 60
    endloop
  endfacet
  facet normal 0 0 1
    outer loop
      vertex -63 -52.6 60
      vertex -63 -55 60
      vertex 63 -55 60
    endloop
  endfacet
  facet normal 0 0 1
    outer loop
      vertex -63.6279 -52.5795 60
      vertex -63 -55 60
      vertex -63 -52.6 60
    endloop
  endfacet
  facet normal 0 0 1
    outer loop
      vertex -63.6279 -52.5795 60
      vertex -63.7848 -54.9743 60
      vertex -63 -55 60
    endloop
  endfacet
  facet normal 0 0 1
    outer loop
      vertex -64.2531 -52.5179 60
      vertex -63.7848 -54.9743 60
      vertex -63.6279 -52.5795 60
    endloop
  endfacet
  facet normal 0 0 1
    outer loop
      vertex -64.2531 -52.5179 60
      vertex -64.5663 -54.8973 60
      vertex -63.7848 -54.9743 60
    endloop
  endfacet
  facet normal 0 0 1
    outer loop
      vertex -64.8729 -52.4155 60
      vertex -64.5663 -54.8973 60
      vertex -64.2531 -52.5179 60
    endloop
  endfacet
  facet normal 0 0 1
    outer loop
      vertex -64.8729 -52.4155 60
      vertex -65.3411 -54.7694 60
      vertex -64.5663 -54.8973 60
    endloop
  endfacet
  facet normal 0 0 1
    outer loop
      vertex -65.4847 -52.2729 60
      vertex -65.3411 -54.7694 60
      vertex -64.8729 -52.4155 60
    endloop
  endfacet
  facet normal 0 0 1
    outer loop
      vertex -66.1058 -54.5911 60
      vertex -65.4847 -52.2729 60
      vertex -66.0858 -52.0905 60
    endloop
  endfacet
  facet normal 0 0 1
    outer loop
      vertex -65.4847 -52.2729 60
      vertex -66.1058 -54.5911 60
      vertex -65.3411 -54.7694 60
    endloop
  endfacet
  facet normal 0 0 1
    outer loop
      vertex -66.8573 -54.3632 60
      vertex -66.0858 -52.0905 60
      vertex -66.6738 -51.8692 60
    endloop
  endfacet
  facet normal 0 0 1
    outer loop
      vertex -66.0858 -52.0905 60
      vertex -66.8573 -54.3632 60
      vertex -66.1058 -54.5911 60
    endloop
  endfacet
  facet normal 0 0 1
    outer loop
      vertex -67.5922 -54.0865 60
      vertex -66.6738 -51.8692 60
      vertex -67.246 -51.61 60
    endloop
  endfacet
  facet normal 0 0 1
    outer loop
      vertex -66.6738 -51.8692 60
      vertex -67.5922 -54.0865 60
      vertex -66.8573 -54.3632 60
    endloop
  endfacet
  facet normal 0 0 1
    outer loop
      vertex -68.3075 -53.7625 60
      vertex -67.246 -51.61 60
      vertex -67.8 -51.3138 60
    endloop
  endfacet
  facet normal 0 0 1
    outer loop
      vertex -67.246 -51.61 60
      vertex -68.3075 -53.7625 60
      vertex -67.5922 -54.0865 60
    endloop
  endfacet
  facet normal 0 0 1
    outer loop
      vertex -69 -53.3923 60
      vertex -67.8 -51.3138 60
      vertex -68.3335 -50.9821 60
    endloop
  endfacet
  facet normal 0 0 1
    outer loop
      vertex -69.6668 -52.9776 60
      vertex -68.3335 -50.9821 60
      vertex -68.8441 -50.6162 60
    endloop
  endfacet
  facet normal 0 0 1
    outer loop
      vertex -67.8 -51.3138 60
      vertex -69 -53.3923 60
      vertex -68.3075 -53.7625 60
    endloop
  endfacet
  facet normal 0 0 1
    outer loop
      vertex -70.3051 -52.5202 60
      vertex -68.8441 -50.6162 60
      vertex -69.3297 -50.2177 60
    endloop
  endfacet
  facet normal 0 0 1
    outer loop
      vertex -68.3335 -50.9821 60
      vertex -69.6668 -52.9776 60
      vertex -69 -53.3923 60
    endloop
  endfacet
  facet normal 0 0 1
    outer loop
      vertex -70.9122 -52.0221 60
      vertex -69.3297 -50.2177 60
      vertex -69.7882 -49.7882 60
    endloop
  endfacet
  facet normal 0 0 1
    outer loop
      vertex -71.4853 -51.4853 60
      vertex -69.7882 -49.7882 60
      vertex -70.2177 -49.3297 60
    endloop
  endfacet
  facet normal 0 0 1
    outer loop
      vertex -68.8441 -50.6162 60
      vertex -70.3051 -52.5202 60
      vertex -69.6668 -52.9776 60
    endloop
  endfacet
  facet normal 0 0 1
    outer loop
      vertex -72.0221 -50.9122 60
      vertex -70.2177 -49.3297 60
      vertex -70.6162 -48.8441 60
    endloop
  endfacet
  facet normal 0 0 1
    outer loop
      vertex -69.3297 -50.2177 60
      vertex -70.9122 -52.0221 60
      vertex -70.3051 -52.5202 60
    endloop
  endfacet
  facet normal 0 0 1
    outer loop
      vertex -72.5202 -50.3051 60
      vertex -70.6162 -48.8441 60
      vertex -70.9821 -48.3335 60
    endloop
  endfacet
  facet normal 0 0 1
    outer loop
      vertex -72.9776 -49.6668 60
      vertex -70.9821 -48.3335 60
      vertex -71.3138 -47.8 60
    endloop
  endfacet
  facet normal 0 0 1
    outer loop
      vertex -69.7882 -49.7882 60
      vertex -71.4853 -51.4853 60
      vertex -70.9122 -52.0221 60
    endloop
  endfacet
  facet normal 0 0 1
    outer loop
      vertex -73.3923 -49 60
      vertex -71.3138 -47.8 60
      vertex -71.61 -47.246 60
    endloop
  endfacet
  facet normal 0 0 1
    outer loop
      vertex -73.7625 -48.3075 60
      vertex -71.61 -47.246 60
      vertex -71.8692 -46.6738 60
    endloop
  endfacet
  facet normal 0 0 1
    outer loop
      vertex -70.2177 -49.3297 60
      vertex -72.0221 -50.9122 60
      vertex -71.4853 -51.4853 60
    endloop
  endfacet
  facet normal 0 0 1
    outer loop
      vertex -74.0865 -47.5922 60
      vertex -71.8692 -46.6738 60
      vertex -72.0905 -46.0858 60
    endloop
  endfacet
  facet normal 0 0 1
    outer loop
      vertex -74.3632 -46.8573 60
      vertex -72.0905 -46.0858 60
      vertex -72.2729 -45.4847 60
    endloop
  endfacet
  facet normal 0 0 1
    outer loop
      vertex -74.5911 -46.1058 60
      vertex -72.2729 -45.4847 60
      vertex -72.4155 -44.8729 60
    endloop
  endfacet
  facet normal 0 0 1
    outer loop
      vertex -74.7694 -45.3411 60
      vertex -72.4155 -44.8729 60
      vertex -72.5179 -44.2531 60
    endloop
  endfacet
  facet normal 0 0 1
    outer loop
      vertex -70.6162 -48.8441 60
      vertex -72.5202 -50.3051 60
      vertex -72.0221 -50.9122 60
    endloop
  endfacet
  facet normal 0 0 1
    outer loop
      vertex -74.8973 -44.5663 60
      vertex -72.5179 -44.2531 60
      vertex -72.5795 -43.6279 60
    endloop
  endfacet
  facet normal 0 0 1
    outer loop
      vertex -74.9743 -43.7848 60
      vertex -72.5795 -43.6279 60
      vertex -72.6 -43 60
    endloop
  endfacet
  facet normal 0 0 1
    outer loop
      vertex -70.9821 -48.3335 60
      vertex -72.9776 -49.6668 60
      vertex -72.5202 -50.3051 60
    endloop
  endfacet
  facet normal 0 0 1
    outer loop
      vertex -72.6 43 60
      vertex -75 43 60
      vertex -72.6 -43 60
    endloop
  endfacet
  facet normal 0 0 1
    outer loop
      vertex -72.2729 45.4847 60
      vertex -74.5911 46.1058 60
      vertex -72.4155 44.8729 60
    endloop
  endfacet
  facet normal 0 0 1
    outer loop
      vertex -75 -43 60
      vertex -72.6 -43 60
      vertex -75 43 60
    endloop
  endfacet
  facet normal -0 0 1
    outer loop
      vertex -74.7694 45.3411 60
      vertex -72.4155 44.8729 60
      vertex -74.5911 46.1058 60
    endloop
  endfacet
  facet normal 0 -0 1
    outer loop
      vertex -74.9743 -43.7848 60
      vertex -72.6 -43 60
      vertex -75 -43 60
    endloop
  endfacet
  facet normal 0 0 1
    outer loop
      vertex -72.4155 44.8729 60
      vertex -74.7694 45.3411 60
      vertex -72.5179 44.2531 60
    endloop
  endfacet
  facet normal 0 0 1
    outer loop
      vertex -71.3138 -47.8 60
      vertex -73.3923 -49 60
      vertex -72.9776 -49.6668 60
    endloop
  endfacet
  facet normal -0 0 1
    outer loop
      vertex -74.8973 44.5663 60
      vertex -72.5179 44.2531 60
      vertex -74.7694 45.3411 60
    endloop
  endfacet
  facet normal 0 0 1
    outer loop
      vertex -71.61 -47.246 60
      vertex -73.7625 -48.3075 60
      vertex -73.3923 -49 60
    endloop
  endfacet
  facet normal 0 0 1
    outer loop
      vertex -72.5179 44.2531 60
      vertex -74.8973 44.5663 60
      vertex -72.5795 43.6279 60
    endloop
  endfacet
  facet normal 0 0 1
    outer loop
      vertex -71.8692 -46.6738 60
      vertex -74.0865 -47.5922 60
      vertex -73.7625 -48.3075 60
    endloop
  endfacet
  facet normal -0 0 1
    outer loop
      vertex -74.9743 43.7848 60
      vertex -72.5795 43.6279 60
      vertex -74.8973 44.5663 60
    endloop
  endfacet
  facet normal 0 0 1
    outer loop
      vertex -72.0905 -46.0858 60
      vertex -74.3632 -46.8573 60
      vertex -74.0865 -47.5922 60
    endloop
  endfacet
  facet normal 0 0 1
    outer loop
      vertex -72.5795 43.6279 60
      vertex -74.9743 43.7848 60
      vertex -72.6 43 60
    endloop
  endfacet
  facet normal 0 0 1
    outer loop
      vertex -72.2729 -45.4847 60
      vertex -74.5911 -46.1058 60
      vertex -74.3632 -46.8573 60
    endloop
  endfacet
  facet normal 0 0 1
    outer loop
      vertex -72.6 43 60
      vertex -74.9743 43.7848 60
      vertex -75 43 60
    endloop
  endfacet
  facet normal 0 0 1
    outer loop
      vertex -72.4155 -44.8729 60
      vertex -74.7694 -45.3411 60
      vertex -74.5911 -46.1058 60
    endloop
  endfacet
  facet normal 0 0 1
    outer loop
      vertex -72.5179 -44.2531 60
      vertex -74.8973 -44.5663 60
      vertex -74.7694 -45.3411 60
    endloop
  endfacet
  facet normal 0 0 1
    outer loop
      vertex -72.5795 -43.6279 60
      vertex -74.9743 -43.7848 60
      vertex -74.8973 -44.5663 60
    endloop
  endfacet
  facet normal -0.471447 -0.881894 0
    outer loop
      vertex -69 -53.3923 0
      vertex -68.3075 -53.7625 60
      vertex -69 -53.3923 60
    endloop
  endfacet
  facet normal -0.471447 -0.881894 -0
    outer loop
      vertex -68.3075 -53.7625 60
      vertex -69 -53.3923 0
      vertex -68.3075 -53.7625 0
    endloop
  endfacet
  facet normal -0.162871 -0.986647 0
    outer loop
      vertex -65.3411 -54.7694 0
      vertex -64.5663 -54.8973 60
      vertex -65.3411 -54.7694 60
    endloop
  endfacet
  facet normal -0.162871 -0.986647 -0
    outer loop
      vertex -64.5663 -54.8973 60
      vertex -65.3411 -54.7694 0
      vertex -64.5663 -54.8973 0
    endloop
  endfacet
  facet normal -0.290209 -0.956963 0
    outer loop
      vertex -66.8573 -54.3632 0
      vertex -66.1058 -54.5911 60
      vertex -66.8573 -54.3632 60
    endloop
  endfacet
  facet normal -0.290209 -0.956963 -0
    outer loop
      vertex -66.1058 -54.5911 60
      vertex -66.8573 -54.3632 0
      vertex -66.1058 -54.5911 0
    endloop
  endfacet
  facet normal 0.52812 0.84917 -0
    outer loop
      vertex 69.6668 52.9776 0
      vertex 69 53.3923 60
      vertex 69.6668 52.9776 60
    endloop
  endfacet
  facet normal 0.52812 0.84917 0
    outer loop
      vertex 69 53.3923 60
      vertex 69.6668 52.9776 0
      vertex 69 53.3923 0
    endloop
  endfacet
  facet normal 0.471447 0.881894 -0
    outer loop
      vertex 69 53.3923 0
      vertex 68.3075 53.7625 60
      vertex 69 53.3923 60
    endloop
  endfacet
  facet normal 0.471447 0.881894 0
    outer loop
      vertex 68.3075 53.7625 60
      vertex 69 53.3923 0
      vertex 68.3075 53.7625 0
    endloop
  endfacet
  facet normal 0.227073 0.973878 -0
    outer loop
      vertex 66.1058 54.5911 0
      vertex 65.3411 54.7694 60
      vertex 66.1058 54.5911 60
    endloop
  endfacet
  facet normal 0.227073 0.973878 0
    outer loop
      vertex 65.3411 54.7694 60
      vertex 66.1058 54.5911 0
      vertex 65.3411 54.7694 0
    endloop
  endfacet
  facet normal 0.162871 0.986647 -0
    outer loop
      vertex 65.3411 54.7694 0
      vertex 64.5663 54.8973 60
      vertex 65.3411 54.7694 60
    endloop
  endfacet
  facet normal 0.162871 0.986647 0
    outer loop
      vertex 64.5663 54.8973 60
      vertex 65.3411 54.7694 0
      vertex 64.5663 54.8973 0
    endloop
  endfacet
  facet normal 0.290209 0.956963 -0
    outer loop
      vertex 66.8573 54.3632 0
      vertex 66.1058 54.5911 60
      vertex 66.8573 54.3632 60
    endloop
  endfacet
  facet normal 0.290209 0.956963 0
    outer loop
      vertex 66.1058 54.5911 60
      vertex 66.8573 54.3632 0
      vertex 66.1058 54.5911 0
    endloop
  endfacet
  facet normal 0.910911 0.412603 0
    outer loop
      vertex 74.0865 47.5922 60
      vertex 73.7625 48.3075 0
      vertex 73.7625 48.3075 60
    endloop
  endfacet
  facet normal 0.910911 0.412603 0
    outer loop
      vertex 73.7625 48.3075 0
      vertex 74.0865 47.5922 60
      vertex 74.0865 47.5922 0
    endloop
  endfacet
  facet normal 1 -0 0
    outer loop
      vertex 75 -43 60
      vertex 75 43 0
      vertex 75 43 60
    endloop
  endfacet
  facet normal 1 0 0
    outer loop
      vertex 75 43 0
      vertex 75 -43 60
      vertex 75 -43 0
    endloop
  endfacet
  facet normal -0.290209 0.956963 0
    outer loop
      vertex -66.1058 54.5911 0
      vertex -66.8573 54.3632 60
      vertex -66.1058 54.5911 60
    endloop
  endfacet
  facet normal -0.290209 0.956963 0
    outer loop
      vertex -66.8573 54.3632 60
      vertex -66.1058 54.5911 0
      vertex -66.8573 54.3632 0
    endloop
  endfacet
  facet normal -0.634291 0.773094 0
    outer loop
      vertex -70.3051 52.5202 0
      vertex -70.9122 52.0221 60
      vertex -70.3051 52.5202 60
    endloop
  endfacet
  facet normal -0.634291 0.773094 0
    outer loop
      vertex -70.9122 52.0221 60
      vertex -70.3051 52.5202 0
      vertex -70.9122 52.0221 0
    endloop
  endfacet
  facet normal -0.683615 0.729843 0
    outer loop
      vertex -70.9122 52.0221 0
      vertex -71.4853 51.4853 60
      vertex -70.9122 52.0221 60
    endloop
  endfacet
  facet normal -0.683615 0.729843 0
    outer loop
      vertex -71.4853 51.4853 60
      vertex -70.9122 52.0221 0
      vertex -71.4853 51.4853 0
    endloop
  endfacet
  facet normal -0.52812 0.84917 0
    outer loop
      vertex -69 53.3923 0
      vertex -69.6668 52.9776 60
      vertex -69 53.3923 60
    endloop
  endfacet
  facet normal -0.52812 0.84917 0
    outer loop
      vertex -69.6668 52.9776 60
      vertex -69 53.3923 0
      vertex -69.6668 52.9776 0
    endloop
  endfacet
  facet normal -0.956963 0.290209 0
    outer loop
      vertex -74.5911 46.1058 0
      vertex -74.3632 46.8573 60
      vertex -74.3632 46.8573 0
    endloop
  endfacet
  facet normal -0.956963 0.290209 0
    outer loop
      vertex -74.3632 46.8573 60
      vertex -74.5911 46.1058 0
      vertex -74.5911 46.1058 60
    endloop
  endfacet
  facet normal -0.935863 0.352365 0
    outer loop
      vertex -74.3632 46.8573 0
      vertex -74.0865 47.5922 60
      vertex -74.0865 47.5922 0
    endloop
  endfacet
  facet normal -0.935863 0.352365 0
    outer loop
      vertex -74.0865 47.5922 60
      vertex -74.3632 46.8573 0
      vertex -74.3632 46.8573 60
    endloop
  endfacet
  facet normal -0.881894 0.471447 0
    outer loop
      vertex -73.7625 48.3075 0
      vertex -73.3923 49 60
      vertex -73.3923 49 0
    endloop
  endfacet
  facet normal -0.881894 0.471447 0
    outer loop
      vertex -73.3923 49 60
      vertex -73.7625 48.3075 0
      vertex -73.7625 48.3075 60
    endloop
  endfacet
  facet normal -0.812846 0.582478 0
    outer loop
      vertex -72.9776 49.6668 0
      vertex -72.5202 50.3051 60
      vertex -72.5202 50.3051 0
    endloop
  endfacet
  facet normal -0.812846 0.582478 0
    outer loop
      vertex -72.5202 50.3051 60
      vertex -72.9776 49.6668 0
      vertex -72.9776 49.6668 60
    endloop
  endfacet
  facet normal -0.812846 -0.582478 0
    outer loop
      vertex -72.5202 -50.3051 0
      vertex -72.9776 -49.6668 60
      vertex -72.9776 -49.6668 0
    endloop
  endfacet
  facet normal -0.812846 -0.582478 0
    outer loop
      vertex -72.9776 -49.6668 60
      vertex -72.5202 -50.3051 0
      vertex -72.5202 -50.3051 60
    endloop
  endfacet
  facet normal -0.973878 -0.227073 0
    outer loop
      vertex -74.5911 -46.1058 0
      vertex -74.7694 -45.3411 60
      vertex -74.7694 -45.3411 0
    endloop
  endfacet
  facet normal -0.973878 -0.227073 0
    outer loop
      vertex -74.7694 -45.3411 60
      vertex -74.5911 -46.1058 0
      vertex -74.5911 -46.1058 60
    endloop
  endfacet
  facet normal -0.995181 -0.0980537 0
    outer loop
      vertex -74.8973 -44.5663 0
      vertex -74.9743 -43.7848 60
      vertex -74.9743 -43.7848 0
    endloop
  endfacet
  facet normal -0.995181 -0.0980537 0
    outer loop
      vertex -74.9743 -43.7848 60
      vertex -74.8973 -44.5663 0
      vertex -74.8973 -44.5663 60
    endloop
  endfacet
  facet normal -0.956963 -0.290209 0
    outer loop
      vertex -74.3632 -46.8573 0
      vertex -74.5911 -46.1058 60
      vertex -74.5911 -46.1058 0
    endloop
  endfacet
  facet normal -0.956963 -0.290209 0
    outer loop
      vertex -74.5911 -46.1058 60
      vertex -74.3632 -46.8573 0
      vertex -74.3632 -46.8573 60
    endloop
  endfacet
  facet normal -0.881894 -0.471447 0
    outer loop
      vertex -73.3923 -49 0
      vertex -73.7625 -48.3075 60
      vertex -73.7625 -48.3075 0
    endloop
  endfacet
  facet normal -0.881894 -0.471447 0
    outer loop
      vertex -73.7625 -48.3075 60
      vertex -73.3923 -49 0
      vertex -73.3923 -49 60
    endloop
  endfacet
  facet normal -0.773094 -0.634291 0
    outer loop
      vertex -72.0221 -50.9122 0
      vertex -72.5202 -50.3051 60
      vertex -72.5202 -50.3051 0
    endloop
  endfacet
  facet normal -0.773094 -0.634291 0
    outer loop
      vertex -72.5202 -50.3051 60
      vertex -72.0221 -50.9122 0
      vertex -72.0221 -50.9122 60
    endloop
  endfacet
  facet normal -0.999464 -0.0327297 0
    outer loop
      vertex -74.9743 -43.7848 0
      vertex -75 -43 60
      vertex -75 -43 0
    endloop
  endfacet
  facet normal -0.999464 -0.0327297 0
    outer loop
      vertex -75 -43 60
      vertex -74.9743 -43.7848 0
      vertex -74.9743 -43.7848 60
    endloop
  endfacet
  facet normal -0.634291 -0.773094 0
    outer loop
      vertex -70.9122 -52.0221 0
      vertex -70.3051 -52.5202 60
      vertex -70.9122 -52.0221 60
    endloop
  endfacet
  facet normal -0.634291 -0.773094 -0
    outer loop
      vertex -70.3051 -52.5202 60
      vertex -70.9122 -52.0221 0
      vertex -70.3051 -52.5202 0
    endloop
  endfacet
  facet normal -0.52812 -0.84917 0
    outer loop
      vertex -69.6668 -52.9776 0
      vertex -69 -53.3923 60
      vertex -69.6668 -52.9776 60
    endloop
  endfacet
  facet normal -0.52812 -0.84917 -0
    outer loop
      vertex -69 -53.3923 60
      vertex -69.6668 -52.9776 0
      vertex -69 -53.3923 0
    endloop
  endfacet
  facet normal -0.412603 -0.910911 0
    outer loop
      vertex -68.3075 -53.7625 0
      vertex -67.5922 -54.0865 60
      vertex -68.3075 -53.7625 60
    endloop
  endfacet
  facet normal -0.412603 -0.910911 -0
    outer loop
      vertex -67.5922 -54.0865 60
      vertex -68.3075 -53.7625 0
      vertex -67.5922 -54.0865 0
    endloop
  endfacet
  facet normal -0.0980537 -0.995181 0
    outer loop
      vertex -64.5663 -54.8973 0
      vertex -63.7848 -54.9743 60
      vertex -64.5663 -54.8973 60
    endloop
  endfacet
  facet normal -0.0980537 -0.995181 -0
    outer loop
      vertex -63.7848 -54.9743 60
      vertex -64.5663 -54.8973 0
      vertex -63.7848 -54.9743 0
    endloop
  endfacet
  facet normal -0.227073 -0.973878 0
    outer loop
      vertex -66.1058 -54.5911 0
      vertex -65.3411 -54.7694 60
      vertex -66.1058 -54.5911 60
    endloop
  endfacet
  facet normal -0.227073 -0.973878 -0
    outer loop
      vertex -65.3411 -54.7694 60
      vertex -66.1058 -54.5911 0
      vertex -65.3411 -54.7694 0
    endloop
  endfacet
  facet normal 0.582478 0.812846 -0
    outer loop
      vertex 70.3051 52.5202 0
      vertex 69.6668 52.9776 60
      vertex 70.3051 52.5202 60
    endloop
  endfacet
  facet normal 0.582478 0.812846 0
    outer loop
      vertex 69.6668 52.9776 60
      vertex 70.3051 52.5202 0
      vertex 69.6668 52.9776 0
    endloop
  endfacet
  facet normal 0.634291 0.773094 -0
    outer loop
      vertex 70.9122 52.0221 0
      vertex 70.3051 52.5202 60
      vertex 70.9122 52.0221 60
    endloop
  endfacet
  facet normal 0.634291 0.773094 0
    outer loop
      vertex 70.3051 52.5202 60
      vertex 70.9122 52.0221 0
      vertex 70.3051 52.5202 0
    endloop
  endfacet
  facet normal 0.412603 0.910911 -0
    outer loop
      vertex 68.3075 53.7625 0
      vertex 67.5922 54.0865 60
      vertex 68.3075 53.7625 60
    endloop
  endfacet
  facet normal 0.412603 0.910911 0
    outer loop
      vertex 67.5922 54.0865 60
      vertex 68.3075 53.7625 0
      vertex 67.5922 54.0865 0
    endloop
  endfacet
  facet normal 0.0980537 0.995181 -0
    outer loop
      vertex 64.5663 54.8973 0
      vertex 63.7848 54.9743 60
      vertex 64.5663 54.8973 60
    endloop
  endfacet
  facet normal 0.0980537 0.995181 0
    outer loop
      vertex 63.7848 54.9743 60
      vertex 64.5663 54.8973 0
      vertex 63.7848 54.9743 0
    endloop
  endfacet
  facet normal 0.812846 0.582478 0
    outer loop
      vertex 72.9776 49.6668 60
      vertex 72.5202 50.3051 0
      vertex 72.5202 50.3051 60
    endloop
  endfacet
  facet normal 0.812846 0.582478 0
    outer loop
      vertex 72.5202 50.3051 0
      vertex 72.9776 49.6668 60
      vertex 72.9776 49.6668 0
    endloop
  endfacet
  facet normal 0.973878 0.227073 0
    outer loop
      vertex 74.7694 45.3411 60
      vertex 74.5911 46.1058 0
      vertex 74.5911 46.1058 60
    endloop
  endfacet
  facet normal 0.973878 0.227073 0
    outer loop
      vertex 74.5911 46.1058 0
      vertex 74.7694 45.3411 60
      vertex 74.7694 45.3411 0
    endloop
  endfacet
  facet normal 0.995181 0.0980537 0
    outer loop
      vertex 74.9743 43.7848 60
      vertex 74.8973 44.5663 0
      vertex 74.8973 44.5663 60
    endloop
  endfacet
  facet normal 0.995181 0.0980537 0
    outer loop
      vertex 74.8973 44.5663 0
      vertex 74.9743 43.7848 60
      vertex 74.9743 43.7848 0
    endloop
  endfacet
  facet normal 0.956963 0.290209 0
    outer loop
      vertex 74.5911 46.1058 60
      vertex 74.3632 46.8573 0
      vertex 74.3632 46.8573 60
    endloop
  endfacet
  facet normal 0.956963 0.290209 0
    outer loop
      vertex 74.3632 46.8573 0
      vertex 74.5911 46.1058 60
      vertex 74.5911 46.1058 0
    endloop
  endfacet
  facet normal 0.881894 0.471447 0
    outer loop
      vertex 73.7625 48.3075 60
      vertex 73.3923 49 0
      vertex 73.3923 49 60
    endloop
  endfacet
  facet normal 0.881894 0.471447 0
    outer loop
      vertex 73.3923 49 0
      vertex 73.7625 48.3075 60
      vertex 73.7625 48.3075 0
    endloop
  endfacet
  facet normal 0.773094 0.634291 0
    outer loop
      vertex 72.5202 50.3051 60
      vertex 72.0221 50.9122 0
      vertex 72.0221 50.9122 60
    endloop
  endfacet
  facet normal 0.773094 0.634291 0
    outer loop
      vertex 72.0221 50.9122 0
      vertex 72.5202 50.3051 60
      vertex 72.5202 50.3051 0
    endloop
  endfacet
  facet normal 0.881894 -0.471447 0
    outer loop
      vertex 73.3923 -49 60
      vertex 73.7625 -48.3075 0
      vertex 73.7625 -48.3075 60
    endloop
  endfacet
  facet normal 0.881894 -0.471447 0
    outer loop
      vertex 73.7625 -48.3075 0
      vertex 73.3923 -49 60
      vertex 73.3923 -49 0
    endloop
  endfacet
  facet normal 0.935863 -0.352365 0
    outer loop
      vertex 74.0865 -47.5922 60
      vertex 74.3632 -46.8573 0
      vertex 74.3632 -46.8573 60
    endloop
  endfacet
  facet normal 0.935863 -0.352365 0
    outer loop
      vertex 74.3632 -46.8573 0
      vertex 74.0865 -47.5922 60
      vertex 74.0865 -47.5922 0
    endloop
  endfacet
  facet normal 0.52812 -0.84917 0
    outer loop
      vertex 69 -53.3923 0
      vertex 69.6668 -52.9776 60
      vertex 69 -53.3923 60
    endloop
  endfacet
  facet normal 0.52812 -0.84917 0
    outer loop
      vertex 69.6668 -52.9776 60
      vertex 69 -53.3923 0
      vertex 69.6668 -52.9776 0
    endloop
  endfacet
  facet normal 0.683615 -0.729843 0
    outer loop
      vertex 70.9122 -52.0221 0
      vertex 71.4853 -51.4853 60
      vertex 70.9122 -52.0221 60
    endloop
  endfacet
  facet normal 0.683615 -0.729843 0
    outer loop
      vertex 71.4853 -51.4853 60
      vertex 70.9122 -52.0221 0
      vertex 71.4853 -51.4853 0
    endloop
  endfacet
  facet normal 0.227073 -0.973878 0
    outer loop
      vertex 65.3411 -54.7694 0
      vertex 66.1058 -54.5911 60
      vertex 65.3411 -54.7694 60
    endloop
  endfacet
  facet normal 0.227073 -0.973878 0
    outer loop
      vertex 66.1058 -54.5911 60
      vertex 65.3411 -54.7694 0
      vertex 66.1058 -54.5911 0
    endloop
  endfacet
  facet normal -0.227073 0.973878 0
    outer loop
      vertex -65.3411 54.7694 0
      vertex -66.1058 54.5911 60
      vertex -65.3411 54.7694 60
    endloop
  endfacet
  facet normal -0.227073 0.973878 0
    outer loop
      vertex -66.1058 54.5911 60
      vertex -65.3411 54.7694 0
      vertex -66.1058 54.5911 0
    endloop
  endfacet
  facet normal -0.162871 0.986647 0
    outer loop
      vertex -64.5663 54.8973 0
      vertex -65.3411 54.7694 60
      vertex -64.5663 54.8973 60
    endloop
  endfacet
  facet normal -0.162871 0.986647 0
    outer loop
      vertex -65.3411 54.7694 60
      vertex -64.5663 54.8973 0
      vertex -65.3411 54.7694 0
    endloop
  endfacet
  facet normal -0.412603 0.910911 0
    outer loop
      vertex -67.5922 54.0865 0
      vertex -68.3075 53.7625 60
      vertex -67.5922 54.0865 60
    endloop
  endfacet
  facet normal -0.412603 0.910911 0
    outer loop
      vertex -68.3075 53.7625 60
      vertex -67.5922 54.0865 0
      vertex -68.3075 53.7625 0
    endloop
  endfacet
  facet normal -0.352365 0.935863 0
    outer loop
      vertex -66.8573 54.3632 0
      vertex -67.5922 54.0865 60
      vertex -66.8573 54.3632 60
    endloop
  endfacet
  facet normal -0.352365 0.935863 0
    outer loop
      vertex -67.5922 54.0865 60
      vertex -66.8573 54.3632 0
      vertex -67.5922 54.0865 0
    endloop
  endfacet
  facet normal -0.582478 0.812846 0
    outer loop
      vertex -69.6668 52.9776 0
      vertex -70.3051 52.5202 60
      vertex -69.6668 52.9776 60
    endloop
  endfacet
  facet normal -0.582478 0.812846 0
    outer loop
      vertex -70.3051 52.5202 60
      vertex -69.6668 52.9776 0
      vertex -70.3051 52.5202 0
    endloop
  endfacet
  facet normal -0.973878 0.227073 0
    outer loop
      vertex -74.7694 45.3411 0
      vertex -74.5911 46.1058 60
      vertex -74.5911 46.1058 0
    endloop
  endfacet
  facet normal -0.973878 0.227073 0
    outer loop
      vertex -74.5911 46.1058 60
      vertex -74.7694 45.3411 0
      vertex -74.7694 45.3411 60
    endloop
  endfacet
  facet normal -0.986647 0.162871 0
    outer loop
      vertex -74.8973 44.5663 0
      vertex -74.7694 45.3411 60
      vertex -74.7694 45.3411 0
    endloop
  endfacet
  facet normal -0.986647 0.162871 0
    outer loop
      vertex -74.7694 45.3411 60
      vertex -74.8973 44.5663 0
      vertex -74.8973 44.5663 60
    endloop
  endfacet
  facet normal -0.773094 0.634291 0
    outer loop
      vertex -72.5202 50.3051 0
      vertex -72.0221 50.9122 60
      vertex -72.0221 50.9122 0
    endloop
  endfacet
  facet normal -0.773094 0.634291 0
    outer loop
      vertex -72.0221 50.9122 60
      vertex -72.5202 50.3051 0
      vertex -72.5202 50.3051 60
    endloop
  endfacet
  facet normal -0.986647 -0.162871 0
    outer loop
      vertex -74.7694 -45.3411 0
      vertex -74.8973 -44.5663 60
      vertex -74.8973 -44.5663 0
    endloop
  endfacet
  facet normal -0.986647 -0.162871 0
    outer loop
      vertex -74.8973 -44.5663 60
      vertex -74.7694 -45.3411 0
      vertex -74.7694 -45.3411 60
    endloop
  endfacet
  facet normal -0.935863 -0.352365 0
    outer loop
      vertex -74.0865 -47.5922 0
      vertex -74.3632 -46.8573 60
      vertex -74.3632 -46.8573 0
    endloop
  endfacet
  facet normal -0.935863 -0.352365 0
    outer loop
      vertex -74.3632 -46.8573 60
      vertex -74.0865 -47.5922 0
      vertex -74.0865 -47.5922 60
    endloop
  endfacet
  facet normal -0.84917 -0.52812 0
    outer loop
      vertex -72.9776 -49.6668 0
      vertex -73.3923 -49 60
      vertex -73.3923 -49 0
    endloop
  endfacet
  facet normal -0.84917 -0.52812 0
    outer loop
      vertex -73.3923 -49 60
      vertex -72.9776 -49.6668 0
      vertex -72.9776 -49.6668 60
    endloop
  endfacet
  facet normal -0.729843 -0.683615 0
    outer loop
      vertex -71.4853 -51.4853 0
      vertex -72.0221 -50.9122 60
      vertex -72.0221 -50.9122 0
    endloop
  endfacet
  facet normal -0.729843 -0.683615 0
    outer loop
      vertex -72.0221 -50.9122 60
      vertex -71.4853 -51.4853 0
      vertex -71.4853 -51.4853 60
    endloop
  endfacet
  facet normal -0.582478 -0.812846 0
    outer loop
      vertex -70.3051 -52.5202 0
      vertex -69.6668 -52.9776 60
      vertex -70.3051 -52.5202 60
    endloop
  endfacet
  facet normal -0.582478 -0.812846 -0
    outer loop
      vertex -69.6668 -52.9776 60
      vertex -70.3051 -52.5202 0
      vertex -69.6668 -52.9776 0
    endloop
  endfacet
  facet normal -0.352365 -0.935863 0
    outer loop
      vertex -67.5922 -54.0865 0
      vertex -66.8573 -54.3632 60
      vertex -67.5922 -54.0865 60
    endloop
  endfacet
  facet normal -0.352365 -0.935863 -0
    outer loop
      vertex -66.8573 -54.3632 60
      vertex -67.5922 -54.0865 0
      vertex -66.8573 -54.3632 0
    endloop
  endfacet
  facet normal -0.0327297 -0.999464 0
    outer loop
      vertex -63.7848 -54.9743 0
      vertex -63 -55 60
      vertex -63.7848 -54.9743 60
    endloop
  endfacet
  facet normal -0.0327297 -0.999464 -0
    outer loop
      vertex -63 -55 60
      vertex -63.7848 -54.9743 0
      vertex -63 -55 0
    endloop
  endfacet
  facet normal 0.986647 0.162871 0
    outer loop
      vertex 74.8973 44.5663 60
      vertex 74.7694 45.3411 0
      vertex 74.7694 45.3411 60
    endloop
  endfacet
  facet normal 0.986647 0.162871 0
    outer loop
      vertex 74.7694 45.3411 0
      vertex 74.8973 44.5663 60
      vertex 74.8973 44.5663 0
    endloop
  endfacet
  facet normal 0.935863 0.352365 0
    outer loop
      vertex 74.3632 46.8573 60
      vertex 74.0865 47.5922 0
      vertex 74.0865 47.5922 60
    endloop
  endfacet
  facet normal 0.935863 0.352365 0
    outer loop
      vertex 74.0865 47.5922 0
      vertex 74.3632 46.8573 60
      vertex 74.3632 46.8573 0
    endloop
  endfacet
  facet normal 0.84917 0.52812 0
    outer loop
      vertex 73.3923 49 60
      vertex 72.9776 49.6668 0
      vertex 72.9776 49.6668 60
    endloop
  endfacet
  facet normal 0.84917 0.52812 0
    outer loop
      vertex 72.9776 49.6668 0
      vertex 73.3923 49 60
      vertex 73.3923 49 0
    endloop
  endfacet
  facet normal 0.729843 0.683615 0
    outer loop
      vertex 72.0221 50.9122 60
      vertex 71.4853 51.4853 0
      vertex 71.4853 51.4853 60
    endloop
  endfacet
  facet normal 0.729843 0.683615 0
    outer loop
      vertex 71.4853 51.4853 0
      vertex 72.0221 50.9122 60
      vertex 72.0221 50.9122 0
    endloop
  endfacet
  facet normal 0.773094 -0.634291 0
    outer loop
      vertex 72.0221 -50.9122 60
      vertex 72.5202 -50.3051 0
      vertex 72.5202 -50.3051 60
    endloop
  endfacet
  facet normal 0.773094 -0.634291 0
    outer loop
      vertex 72.5202 -50.3051 0
      vertex 72.0221 -50.9122 60
      vertex 72.0221 -50.9122 0
    endloop
  endfacet
  facet normal 0.84917 -0.52812 0
    outer loop
      vertex 72.9776 -49.6668 60
      vertex 73.3923 -49 0
      vertex 73.3923 -49 60
    endloop
  endfacet
  facet normal 0.84917 -0.52812 0
    outer loop
      vertex 73.3923 -49 0
      vertex 72.9776 -49.6668 60
      vertex 72.9776 -49.6668 0
    endloop
  endfacet
  facet normal 0.910911 -0.412603 0
    outer loop
      vertex 73.7625 -48.3075 60
      vertex 74.0865 -47.5922 0
      vertex 74.0865 -47.5922 60
    endloop
  endfacet
  facet normal 0.910911 -0.412603 0
    outer loop
      vertex 74.0865 -47.5922 0
      vertex 73.7625 -48.3075 60
      vertex 73.7625 -48.3075 0
    endloop
  endfacet
  facet normal 0.956963 -0.290209 0
    outer loop
      vertex 74.3632 -46.8573 60
      vertex 74.5911 -46.1058 0
      vertex 74.5911 -46.1058 60
    endloop
  endfacet
  facet normal 0.956963 -0.290209 0
    outer loop
      vertex 74.5911 -46.1058 0
      vertex 74.3632 -46.8573 60
      vertex 74.3632 -46.8573 0
    endloop
  endfacet
  facet normal 0.973878 -0.227073 0
    outer loop
      vertex 74.5911 -46.1058 60
      vertex 74.7694 -45.3411 0
      vertex 74.7694 -45.3411 60
    endloop
  endfacet
  facet normal 0.973878 -0.227073 0
    outer loop
      vertex 74.7694 -45.3411 0
      vertex 74.5911 -46.1058 60
      vertex 74.5911 -46.1058 0
    endloop
  endfacet
  facet normal 0.995181 -0.0980537 0
    outer loop
      vertex 74.8973 -44.5663 60
      vertex 74.9743 -43.7848 0
      vertex 74.9743 -43.7848 60
    endloop
  endfacet
  facet normal 0.995181 -0.0980537 0
    outer loop
      vertex 74.9743 -43.7848 0
      vertex 74.8973 -44.5663 60
      vertex 74.8973 -44.5663 0
    endloop
  endfacet
  facet normal 0.582478 -0.812846 0
    outer loop
      vertex 69.6668 -52.9776 0
      vertex 70.3051 -52.5202 60
      vertex 69.6668 -52.9776 60
    endloop
  endfacet
  facet normal 0.582478 -0.812846 0
    outer loop
      vertex 70.3051 -52.5202 60
      vertex 69.6668 -52.9776 0
      vertex 70.3051 -52.5202 0
    endloop
  endfacet
  facet normal 0.729843 -0.683615 0
    outer loop
      vertex 71.4853 -51.4853 60
      vertex 72.0221 -50.9122 0
      vertex 72.0221 -50.9122 60
    endloop
  endfacet
  facet normal 0.729843 -0.683615 0
    outer loop
      vertex 72.0221 -50.9122 0
      vertex 71.4853 -51.4853 60
      vertex 71.4853 -51.4853 0
    endloop
  endfacet
  facet normal 0.352365 -0.935863 0
    outer loop
      vertex 66.8573 -54.3632 0
      vertex 67.5922 -54.0865 60
      vertex 66.8573 -54.3632 60
    endloop
  endfacet
  facet normal 0.352365 -0.935863 0
    outer loop
      vertex 67.5922 -54.0865 60
      vertex 66.8573 -54.3632 0
      vertex 67.5922 -54.0865 0
    endloop
  endfacet
  facet normal 0.471447 -0.881894 0
    outer loop
      vertex 68.3075 -53.7625 0
      vertex 69 -53.3923 60
      vertex 68.3075 -53.7625 60
    endloop
  endfacet
  facet normal 0.471447 -0.881894 0
    outer loop
      vertex 69 -53.3923 60
      vertex 68.3075 -53.7625 0
      vertex 69 -53.3923 0
    endloop
  endfacet
  facet normal 0.290209 -0.956963 0
    outer loop
      vertex 66.1058 -54.5911 0
      vertex 66.8573 -54.3632 60
      vertex 66.1058 -54.5911 60
    endloop
  endfacet
  facet normal 0.290209 -0.956963 0
    outer loop
      vertex 66.8573 -54.3632 60
      vertex 66.1058 -54.5911 0
      vertex 66.8573 -54.3632 0
    endloop
  endfacet
  facet normal -0.910911 -0.412603 0
    outer loop
      vertex -73.7625 -48.3075 0
      vertex -74.0865 -47.5922 60
      vertex -74.0865 -47.5922 0
    endloop
  endfacet
  facet normal -0.910911 -0.412603 0
    outer loop
      vertex -74.0865 -47.5922 60
      vertex -73.7625 -48.3075 0
      vertex -73.7625 -48.3075 60
    endloop
  endfacet
  facet normal -0.683615 -0.729843 0
    outer loop
      vertex -71.4853 -51.4853 0
      vertex -70.9122 -52.0221 60
      vertex -71.4853 -51.4853 60
    endloop
  endfacet
  facet normal -0.683615 -0.729843 -0
    outer loop
      vertex -70.9122 -52.0221 60
      vertex -71.4853 -51.4853 0
      vertex -70.9122 -52.0221 0
    endloop
  endfacet
  facet normal 0.812846 -0.582478 0
    outer loop
      vertex 72.5202 -50.3051 60
      vertex 72.9776 -49.6668 0
      vertex 72.9776 -49.6668 60
    endloop
  endfacet
  facet normal 0.812846 -0.582478 0
    outer loop
      vertex 72.9776 -49.6668 0
      vertex 72.5202 -50.3051 60
      vertex 72.5202 -50.3051 0
    endloop
  endfacet
  facet normal 0.986647 -0.162871 0
    outer loop
      vertex 74.7694 -45.3411 60
      vertex 74.8973 -44.5663 0
      vertex 74.8973 -44.5663 60
    endloop
  endfacet
  facet normal 0.986647 -0.162871 0
    outer loop
      vertex 74.8973 -44.5663 0
      vertex 74.7694 -45.3411 60
      vertex 74.7694 -45.3411 0
    endloop
  endfacet
  facet normal 0.634291 -0.773094 0
    outer loop
      vertex 70.3051 -52.5202 0
      vertex 70.9122 -52.0221 60
      vertex 70.3051 -52.5202 60
    endloop
  endfacet
  facet normal 0.634291 -0.773094 0
    outer loop
      vertex 70.9122 -52.0221 60
      vertex 70.3051 -52.5202 0
      vertex 70.9122 -52.0221 0
    endloop
  endfacet
  facet normal 0.412603 -0.910911 0
    outer loop
      vertex 67.5922 -54.0865 0
      vertex 68.3075 -53.7625 60
      vertex 67.5922 -54.0865 60
    endloop
  endfacet
  facet normal 0.412603 -0.910911 0
    outer loop
      vertex 68.3075 -53.7625 60
      vertex 67.5922 -54.0865 0
      vertex 68.3075 -53.7625 0
    endloop
  endfacet
  facet normal 0 1 -0
    outer loop
      vertex 63 -52.6 3
      vertex -63 -52.6 60
      vertex 63 -52.6 60
    endloop
  endfacet
  facet normal 0 1 0
    outer loop
      vertex -63 -52.6 60
      vertex 63 -52.6 3
      vertex -63 -52.6 3
    endloop
  endfacet
  facet normal -0.0326311 0.999467 0
    outer loop
      vertex 63.6279 -52.5795 3
      vertex 63 -52.6 60
      vertex 63.6279 -52.5795 60
    endloop
  endfacet
  facet normal -0.0326311 0.999467 0
    outer loop
      vertex 63 -52.6 60
      vertex 63.6279 -52.5795 3
      vertex 63 -52.6 3
    endloop
  endfacet
  facet normal -0.0980537 0.995181 0
    outer loop
      vertex 64.2531 -52.5179 3
      vertex 63.6279 -52.5795 60
      vertex 64.2531 -52.5179 60
    endloop
  endfacet
  facet normal -0.0980537 0.995181 0
    outer loop
      vertex 63.6279 -52.5795 60
      vertex 64.2531 -52.5179 3
      vertex 63.6279 -52.5795 3
    endloop
  endfacet
  facet normal 0.0326311 -0.999467 0
    outer loop
      vertex -63.6279 52.5795 3
      vertex -63 52.6 60
      vertex -63.6279 52.5795 60
    endloop
  endfacet
  facet normal 0.0326311 -0.999467 0
    outer loop
      vertex -63 52.6 60
      vertex -63.6279 52.5795 3
      vertex -63 52.6 3
    endloop
  endfacet
  facet normal -0.0326311 -0.999467 0
    outer loop
      vertex 63 52.6 3
      vertex 63.6279 52.5795 60
      vertex 63 52.6 60
    endloop
  endfacet
  facet normal -0.0326311 -0.999467 -0
    outer loop
      vertex 63.6279 52.5795 60
      vertex 63 52.6 3
      vertex 63.6279 52.5795 3
    endloop
  endfacet
  facet normal 0.68365 0.72981 -0
    outer loop
      vertex -69.3297 -50.2177 3
      vertex -69.7882 -49.7882 60
      vertex -69.3297 -50.2177 60
    endloop
  endfacet
  facet normal 0.68365 0.72981 0
    outer loop
      vertex -69.7882 -49.7882 60
      vertex -69.3297 -50.2177 3
      vertex -69.7882 -49.7882 3
    endloop
  endfacet
  facet normal 0.0326311 0.999467 -0
    outer loop
      vertex -63 -52.6 3
      vertex -63.6279 -52.5795 60
      vertex -63 -52.6 60
    endloop
  endfacet
  facet normal 0.0326311 0.999467 0
    outer loop
      vertex -63.6279 -52.5795 60
      vertex -63 -52.6 3
      vertex -63.6279 -52.5795 3
    endloop
  endfacet
  facet normal 0 -1 0
    outer loop
      vertex 11 52.6 55
      vertex 11 52.6 3
      vertex 11.2 52.6 55
    endloop
  endfacet
  facet normal 0 -1 0
    outer loop
      vertex 11.2 52.6 55
      vertex 63 52.6 60
      vertex 11.2 52.6 60
    endloop
  endfacet
  facet normal 0 -1 0
    outer loop
      vertex 63 52.6 3
      vertex 11.2 52.6 55
      vertex 11 52.6 3
    endloop
  endfacet
  facet normal 0 -1 0
    outer loop
      vertex 11.2 52.6 55
      vertex 63 52.6 3
      vertex 63 52.6 60
    endloop
  endfacet
  facet normal 0 -1 0
    outer loop
      vertex -63 52.6 60
      vertex -11.2 52.6 55
      vertex -11.2 52.6 60
    endloop
  endfacet
  facet normal 0 -1 0
    outer loop
      vertex -63 52.6 3
      vertex -11.2 52.6 55
      vertex -63 52.6 60
    endloop
  endfacet
  facet normal 0 -1 0
    outer loop
      vertex -11 52.6 3
      vertex -11.2 52.6 55
      vertex -63 52.6 3
    endloop
  endfacet
  facet normal 0 -1 0
    outer loop
      vertex -11.2 52.6 55
      vertex -11 52.6 3
      vertex -11 52.6 55
    endloop
  endfacet
  facet normal 0.35224 0.93591 -0
    outer loop
      vertex -66.0858 -52.0905 3
      vertex -66.6738 -51.8692 60
      vertex -66.0858 -52.0905 60
    endloop
  endfacet
  facet normal 0.35224 0.93591 0
    outer loop
      vertex -66.6738 -51.8692 60
      vertex -66.0858 -52.0905 3
      vertex -66.6738 -51.8692 3
    endloop
  endfacet
  facet normal -0.999467 0.0326311 0
    outer loop
      vertex 72.5795 -43.6279 3
      vertex 72.6 -43 60
      vertex 72.6 -43 3
    endloop
  endfacet
  facet normal -0.999467 0.0326311 0
    outer loop
      vertex 72.6 -43 60
      vertex 72.5795 -43.6279 3
      vertex 72.5795 -43.6279 60
    endloop
  endfacet
  facet normal -0.68365 -0.72981 0
    outer loop
      vertex 69.3297 50.2177 3
      vertex 69.7882 49.7882 60
      vertex 69.3297 50.2177 60
    endloop
  endfacet
  facet normal -0.68365 -0.72981 -0
    outer loop
      vertex 69.7882 49.7882 60
      vertex 69.3297 50.2177 3
      vertex 69.7882 49.7882 3
    endloop
  endfacet
  facet normal 0.226998 -0.973895 0
    outer loop
      vertex -65.4847 52.2729 3
      vertex -64.8729 52.4155 60
      vertex -65.4847 52.2729 60
    endloop
  endfacet
  facet normal 0.226998 -0.973895 0
    outer loop
      vertex -64.8729 52.4155 60
      vertex -65.4847 52.2729 3
      vertex -64.8729 52.4155 3
    endloop
  endfacet
  facet normal 0.956915 -0.29037 0
    outer loop
      vertex -72.2729 45.4847 60
      vertex -72.0905 46.0858 3
      vertex -72.0905 46.0858 60
    endloop
  endfacet
  facet normal 0.956915 -0.29037 0
    outer loop
      vertex -72.0905 46.0858 3
      vertex -72.2729 45.4847 60
      vertex -72.2729 45.4847 3
    endloop
  endfacet
  facet normal 0.634373 0.773027 -0
    outer loop
      vertex -68.8441 -50.6162 3
      vertex -69.3297 -50.2177 60
      vertex -68.8441 -50.6162 60
    endloop
  endfacet
  facet normal 0.634373 0.773027 0
    outer loop
      vertex -69.3297 -50.2177 60
      vertex -68.8441 -50.6162 3
      vertex -69.3297 -50.2177 3
    endloop
  endfacet
  facet normal 0.999467 0.0326311 0
    outer loop
      vertex -72.5795 -43.6279 60
      vertex -72.6 -43 3
      vertex -72.6 -43 60
    endloop
  endfacet
  facet normal 0.999467 0.0326311 0
    outer loop
      vertex -72.6 -43 3
      vertex -72.5795 -43.6279 60
      vertex -72.5795 -43.6279 3
    endloop
  endfacet
  facet normal 0.999467 -0.0326311 0
    outer loop
      vertex -72.6 43 60
      vertex -72.5795 43.6279 3
      vertex -72.5795 43.6279 60
    endloop
  endfacet
  facet normal 0.999467 -0.0326311 0
    outer loop
      vertex -72.5795 43.6279 3
      vertex -72.6 43 60
      vertex -72.6 43 3
    endloop
  endfacet
  facet normal -0.35224 -0.93591 0
    outer loop
      vertex 66.0858 52.0905 3
      vertex 66.6738 51.8692 60
      vertex 66.0858 52.0905 60
    endloop
  endfacet
  facet normal -0.35224 -0.93591 -0
    outer loop
      vertex 66.6738 51.8692 60
      vertex 66.0858 52.0905 3
      vertex 66.6738 51.8692 3
    endloop
  endfacet
  facet normal -0.412627 -0.9109 0
    outer loop
      vertex 66.6738 51.8692 3
      vertex 67.246 51.61 60
      vertex 66.6738 51.8692 60
    endloop
  endfacet
  facet normal -0.412627 -0.9109 -0
    outer loop
      vertex 67.246 51.61 60
      vertex 66.6738 51.8692 3
      vertex 67.246 51.61 3
    endloop
  endfacet
  facet normal -0.528009 -0.849239 0
    outer loop
      vertex 67.8 51.3138 3
      vertex 68.3335 50.9821 60
      vertex 67.8 51.3138 60
    endloop
  endfacet
  facet normal -0.528009 -0.849239 -0
    outer loop
      vertex 68.3335 50.9821 60
      vertex 67.8 51.3138 3
      vertex 68.3335 50.9821 3
    endloop
  endfacet
  facet normal 0.471497 -0.881868 0
    outer loop
      vertex -67.8 51.3138 3
      vertex -67.246 51.61 60
      vertex -67.8 51.3138 60
    endloop
  endfacet
  facet normal 0.471497 -0.881868 0
    outer loop
      vertex -67.246 51.61 60
      vertex -67.8 51.3138 3
      vertex -67.246 51.61 3
    endloop
  endfacet
  facet normal 0.9109 -0.412627 0
    outer loop
      vertex -71.8692 46.6738 60
      vertex -71.61 47.246 3
      vertex -71.61 47.246 60
    endloop
  endfacet
  facet normal 0.9109 -0.412627 0
    outer loop
      vertex -71.61 47.246 3
      vertex -71.8692 46.6738 60
      vertex -71.8692 46.6738 3
    endloop
  endfacet
  facet normal 0.973895 -0.226998 0
    outer loop
      vertex -72.4155 44.8729 60
      vertex -72.2729 45.4847 3
      vertex -72.2729 45.4847 60
    endloop
  endfacet
  facet normal 0.973895 -0.226998 0
    outer loop
      vertex -72.2729 45.4847 3
      vertex -72.4155 44.8729 60
      vertex -72.4155 44.8729 3
    endloop
  endfacet
  facet normal 0.471497 0.881868 -0
    outer loop
      vertex -67.246 -51.61 3
      vertex -67.8 -51.3138 60
      vertex -67.246 -51.61 60
    endloop
  endfacet
  facet normal 0.471497 0.881868 0
    outer loop
      vertex -67.8 -51.3138 60
      vertex -67.246 -51.61 3
      vertex -67.8 -51.3138 3
    endloop
  endfacet
  facet normal 0.881868 0.471497 0
    outer loop
      vertex -71.3138 -47.8 60
      vertex -71.61 -47.246 3
      vertex -71.61 -47.246 60
    endloop
  endfacet
  facet normal 0.881868 0.471497 0
    outer loop
      vertex -71.61 -47.246 3
      vertex -71.3138 -47.8 60
      vertex -71.3138 -47.8 3
    endloop
  endfacet
  facet normal 1 -0 0
    outer loop
      vertex -72.6 -43 60
      vertex -72.6 43 3
      vertex -72.6 43 60
    endloop
  endfacet
  facet normal 1 0 0
    outer loop
      vertex -72.6 43 3
      vertex -72.6 -43 60
      vertex -72.6 -43 3
    endloop
  endfacet
  facet normal -0 0 1
    outer loop
      vertex -60.0428 44.3474 3
      vertex -11 43 3
      vertex -60.0107 44.673 3
    endloop
  endfacet
  facet normal 0 0 1
    outer loop
      vertex -11 43 3
      vertex -60.0107 -44.673 3
      vertex -60 -45 3
    endloop
  endfacet
  facet normal -0 0 1
    outer loop
      vertex -60.0961 44.0245 3
      vertex -11 43 3
      vertex -60.0428 44.3474 3
    endloop
  endfacet
  facet normal 0 0 1
    outer loop
      vertex -11 43 3
      vertex -60.0428 -44.3474 3
      vertex -60.0107 -44.673 3
    endloop
  endfacet
  facet normal -0 0 1
    outer loop
      vertex -60.1704 43.7059 3
      vertex -11 43 3
      vertex -60.0961 44.0245 3
    endloop
  endfacet
  facet normal 0 0 1
    outer loop
      vertex -11 43 3
      vertex -60.0961 -44.0245 3
      vertex -60.0428 -44.3474 3
    endloop
  endfacet
  facet normal -0 0 1
    outer loop
      vertex -60.2654 43.3928 3
      vertex -11 43 3
      vertex -60.1704 43.7059 3
    endloop
  endfacet
  facet normal 0 0 1
    outer loop
      vertex -11 43 3
      vertex -60.1704 -43.7059 3
      vertex -60.0961 -44.0245 3
    endloop
  endfacet
  facet normal -0 0 1
    outer loop
      vertex -60.3806 43.0866 3
      vertex -11 43 3
      vertex -60.2654 43.3928 3
    endloop
  endfacet
  facet normal 0 0 1
    outer loop
      vertex -11 43 3
      vertex -60.2654 -43.3928 3
      vertex -60.1704 -43.7059 3
    endloop
  endfacet
  facet normal 0 0 1
    outer loop
      vertex -60.5156 42.7886 3
      vertex -11 43 3
      vertex -60.3806 43.0866 3
    endloop
  endfacet
  facet normal 0 0 1
    outer loop
      vertex -11 43 3
      vertex -60.3806 -43.0866 3
      vertex -60.2654 -43.3928 3
    endloop
  endfacet
  facet normal 0 0 1
    outer loop
      vertex -60.6699 42.5 3
      vertex -11 43 3
      vertex -60.5156 42.7886 3
    endloop
  endfacet
  facet normal 0 0 1
    outer loop
      vertex -11 43 3
      vertex -60.5156 -42.7886 3
      vertex -60.3806 -43.0866 3
    endloop
  endfacet
  facet normal 0 0 1
    outer loop
      vertex -60.8427 42.2221 3
      vertex -11 43 3
      vertex -60.6699 42.5 3
    endloop
  endfacet
  facet normal 0 0 1
    outer loop
      vertex -11 43 3
      vertex -60.6699 -42.5 3
      vertex -60.5156 -42.7886 3
    endloop
  endfacet
  facet normal 0 0 1
    outer loop
      vertex -61.0332 41.9562 3
      vertex -11 43 3
      vertex -60.8427 42.2221 3
    endloop
  endfacet
  facet normal 0 0 1
    outer loop
      vertex -11 43 3
      vertex -60.8427 -42.2221 3
      vertex -60.6699 -42.5 3
    endloop
  endfacet
  facet normal 0 0 1
    outer loop
      vertex -61.2408 41.7033 3
      vertex -11 43 3
      vertex -61.0332 41.9562 3
    endloop
  endfacet
  facet normal 0 0 1
    outer loop
      vertex -11 43 3
      vertex -61.0332 -41.9562 3
      vertex -60.8427 -42.2221 3
    endloop
  endfacet
  facet normal 0 0 1
    outer loop
      vertex -61.4645 41.4645 3
      vertex -11 43 3
      vertex -61.2408 41.7033 3
    endloop
  endfacet
  facet normal 0 0 1
    outer loop
      vertex -11 43 3
      vertex -61.2408 -41.7033 3
      vertex -61.0332 -41.9562 3
    endloop
  endfacet
  facet normal 0 0 1
    outer loop
      vertex -61.7033 41.2408 3
      vertex -11 43 3
      vertex -61.4645 41.4645 3
    endloop
  endfacet
  facet normal 0 0 1
    outer loop
      vertex -11 43 3
      vertex -61.4645 -41.4645 3
      vertex -61.2408 -41.7033 3
    endloop
  endfacet
  facet normal 0 0 1
    outer loop
      vertex -61.9562 41.0332 3
      vertex -11 43 3
      vertex -61.7033 41.2408 3
    endloop
  endfacet
  facet normal 0 0 1
    outer loop
      vertex -11 43 3
      vertex -61.7033 -41.2408 3
      vertex -61.4645 -41.4645 3
    endloop
  endfacet
  facet normal 0 0 1
    outer loop
      vertex -62.2221 40.8427 3
      vertex -11 43 3
      vertex -61.9562 41.0332 3
    endloop
  endfacet
  facet normal 0 0 1
    outer loop
      vertex -11 43 3
      vertex -61.9562 -41.0332 3
      vertex -61.7033 -41.2408 3
    endloop
  endfacet
  facet normal 0 0 1
    outer loop
      vertex -62.2221 -40.8427 3
      vertex -11 43 3
      vertex -62.2221 40.8427 3
    endloop
  endfacet
  facet normal 0 0 1
    outer loop
      vertex -11 43 3
      vertex -62.2221 -40.8427 3
      vertex -61.9562 -41.0332 3
    endloop
  endfacet
  facet normal -0 0 1
    outer loop
      vertex -62.5 40.6699 3
      vertex -62.2221 -40.8427 3
      vertex -62.2221 40.8427 3
    endloop
  endfacet
  facet normal 0 0 1
    outer loop
      vertex -62.5 40.6699 3
      vertex -62.5 -40.6699 3
      vertex -62.2221 -40.8427 3
    endloop
  endfacet
  facet normal -0 0 1
    outer loop
      vertex -62.7886 40.5156 3
      vertex -62.5 -40.6699 3
      vertex -62.5 40.6699 3
    endloop
  endfacet
  facet normal 0 0 1
    outer loop
      vertex -62.7886 40.5156 3
      vertex -62.7886 -40.5156 3
      vertex -62.5 -40.6699 3
    endloop
  endfacet
  facet normal -0 0 1
    outer loop
      vertex -63.0866 40.3806 3
      vertex -62.7886 -40.5156 3
      vertex -62.7886 40.5156 3
    endloop
  endfacet
  facet normal 0 0 1
    outer loop
      vertex -63.0866 40.3806 3
      vertex -63.0866 -40.3806 3
      vertex -62.7886 -40.5156 3
    endloop
  endfacet
  facet normal -0 0 1
    outer loop
      vertex -63.3928 40.2654 3
      vertex -63.0866 -40.3806 3
      vertex -63.0866 40.3806 3
    endloop
  endfacet
  facet normal 0 0 1
    outer loop
      vertex -63.3928 40.2654 3
      vertex -63.3928 -40.2654 3
      vertex -63.0866 -40.3806 3
    endloop
  endfacet
  facet normal -0 0 1
    outer loop
      vertex -63.7059 40.1704 3
      vertex -63.3928 -40.2654 3
      vertex -63.3928 40.2654 3
    endloop
  endfacet
  facet normal 0 0 1
    outer loop
      vertex -63.7059 40.1704 3
      vertex -63.7059 -40.1704 3
      vertex -63.3928 -40.2654 3
    endloop
  endfacet
  facet normal -0 0 1
    outer loop
      vertex -64.0246 40.0961 3
      vertex -63.7059 -40.1704 3
      vertex -63.7059 40.1704 3
    endloop
  endfacet
  facet normal 0 0 1
    outer loop
      vertex -64.0246 40.0961 3
      vertex -64.0246 -40.0961 3
      vertex -63.7059 -40.1704 3
    endloop
  endfacet
  facet normal -0 0 1
    outer loop
      vertex -64.3474 40.0428 3
      vertex -64.0246 -40.0961 3
      vertex -64.0246 40.0961 3
    endloop
  endfacet
  facet normal 0 0 1
    outer loop
      vertex -64.3474 40.0428 3
      vertex -64.3474 -40.0428 3
      vertex -64.0246 -40.0961 3
    endloop
  endfacet
  facet normal -0 0 1
    outer loop
      vertex -64.673 40.0107 3
      vertex -64.3474 -40.0428 3
      vertex -64.3474 40.0428 3
    endloop
  endfacet
  facet normal 0 0 1
    outer loop
      vertex -64.673 40.0107 3
      vertex -64.673 -40.0107 3
      vertex -64.3474 -40.0428 3
    endloop
  endfacet
  facet normal -0 0 1
    outer loop
      vertex -65 40 3
      vertex -64.673 -40.0107 3
      vertex -64.673 40.0107 3
    endloop
  endfacet
  facet normal 0 0 1
    outer loop
      vertex -65 40 3
      vertex -65 -40 3
      vertex -64.673 -40.0107 3
    endloop
  endfacet
  facet normal 0 0 1
    outer loop
      vertex -65.327 40.0107 3
      vertex -65 -40 3
      vertex -65 40 3
    endloop
  endfacet
  facet normal 0 0 1
    outer loop
      vertex -65.327 40.0107 3
      vertex -65.327 -40.0107 3
      vertex -65 -40 3
    endloop
  endfacet
  facet normal 0 0 1
    outer loop
      vertex -65.6526 40.0428 3
      vertex -65.327 -40.0107 3
      vertex -65.327 40.0107 3
    endloop
  endfacet
  facet normal 0 0 1
    outer loop
      vertex -65.6526 40.0428 3
      vertex -65.6526 -40.0428 3
      vertex -65.327 -40.0107 3
    endloop
  endfacet
  facet normal 0 0 1
    outer loop
      vertex -65.9754 40.0961 3
      vertex -65.6526 -40.0428 3
      vertex -65.6526 40.0428 3
    endloop
  endfacet
  facet normal 0 0 1
    outer loop
      vertex -65.9754 40.0961 3
      vertex -65.9754 -40.0961 3
      vertex -65.6526 -40.0428 3
    endloop
  endfacet
  facet normal 0 0 1
    outer loop
      vertex -66.2941 40.1704 3
      vertex -65.9754 -40.0961 3
      vertex -65.9754 40.0961 3
    endloop
  endfacet
  facet normal 0 0 1
    outer loop
      vertex -66.2941 40.1704 3
      vertex -66.2941 -40.1704 3
      vertex -65.9754 -40.0961 3
    endloop
  endfacet
  facet normal 0 0 1
    outer loop
      vertex -66.6072 40.2654 3
      vertex -66.2941 -40.1704 3
      vertex -66.2941 40.1704 3
    endloop
  endfacet
  facet normal 0 0 1
    outer loop
      vertex -66.6072 40.2654 3
      vertex -66.6072 -40.2654 3
      vertex -66.2941 -40.1704 3
    endloop
  endfacet
  facet normal 0 0 1
    outer loop
      vertex -66.9134 40.3806 3
      vertex -66.6072 -40.2654 3
      vertex -66.6072 40.2654 3
    endloop
  endfacet
  facet normal 0 0 1
    outer loop
      vertex -66.9134 40.3806 3
      vertex -66.9134 -40.3806 3
      vertex -66.6072 -40.2654 3
    endloop
  endfacet
  facet normal 0 0 1
    outer loop
      vertex -67.2114 40.5156 3
      vertex -66.9134 -40.3806 3
      vertex -66.9134 40.3806 3
    endloop
  endfacet
  facet normal 0 0 1
    outer loop
      vertex -67.2114 40.5156 3
      vertex -67.2114 -40.5156 3
      vertex -66.9134 -40.3806 3
    endloop
  endfacet
  facet normal 0 0 1
    outer loop
      vertex -67.5 40.6699 3
      vertex -67.2114 -40.5156 3
      vertex -67.2114 40.5156 3
    endloop
  endfacet
  facet normal 0 0 1
    outer loop
      vertex -67.5 40.6699 3
      vertex -67.5 -40.6699 3
      vertex -67.2114 -40.5156 3
    endloop
  endfacet
  facet normal 0 0 1
    outer loop
      vertex -72.6 43 3
      vertex -67.5 40.6699 3
      vertex -67.7778 40.8427 3
    endloop
  endfacet
  facet normal 0 0 1
    outer loop
      vertex -67.5 40.6699 3
      vertex -72.6 43 3
      vertex -67.5 -40.6699 3
    endloop
  endfacet
  facet normal 0 0 1
    outer loop
      vertex -72.6 43 3
      vertex -67.7778 40.8427 3
      vertex -68.0438 41.0332 3
    endloop
  endfacet
  facet normal 0 0 1
    outer loop
      vertex -72.6 -43 3
      vertex -67.5 -40.6699 3
      vertex -72.6 43 3
    endloop
  endfacet
  facet normal 0 0 1
    outer loop
      vertex -72.6 43 3
      vertex -68.0438 41.0332 3
      vertex -68.2967 41.2408 3
    endloop
  endfacet
  facet normal 0 0 1
    outer loop
      vertex -67.5 -40.6699 3
      vertex -72.6 -43 3
      vertex -67.7778 -40.8427 3
    endloop
  endfacet
  facet normal 0 0 1
    outer loop
      vertex -72.6 43 3
      vertex -68.2967 41.2408 3
      vertex -68.5355 41.4645 3
    endloop
  endfacet
  facet normal 0 0 1
    outer loop
      vertex -67.7778 -40.8427 3
      vertex -72.6 -43 3
      vertex -68.0438 -41.0332 3
    endloop
  endfacet
  facet normal 0 0 1
    outer loop
      vertex -72.6 43 3
      vertex -68.5355 41.4645 3
      vertex -68.7592 41.7033 3
    endloop
  endfacet
  facet normal 0 0 1
    outer loop
      vertex -68.0438 -41.0332 3
      vertex -72.6 -43 3
      vertex -68.2967 -41.2408 3
    endloop
  endfacet
  facet normal 0 0 1
    outer loop
      vertex -72.6 43 3
      vertex -68.7592 41.7033 3
      vertex -68.9668 41.9562 3
    endloop
  endfacet
  facet normal 0 0 1
    outer loop
      vertex -68.2967 -41.2408 3
      vertex -72.6 -43 3
      vertex -68.5355 -41.4645 3
    endloop
  endfacet
  facet normal 0 0 1
    outer loop
      vertex -72.6 43 3
      vertex -68.9668 41.9562 3
      vertex -69.1573 42.2221 3
    endloop
  endfacet
  facet normal 0 0 1
    outer loop
      vertex -68.5355 -41.4645 3
      vertex -72.6 -43 3
      vertex -68.7592 -41.7033 3
    endloop
  endfacet
  facet normal 0 0 1
    outer loop
      vertex -72.6 43 3
      vertex -69.1573 42.2221 3
      vertex -69.3301 42.5 3
    endloop
  endfacet
  facet normal 0 0 1
    outer loop
      vertex -68.7592 -41.7033 3
      vertex -72.6 -43 3
      vertex -68.9668 -41.9562 3
    endloop
  endfacet
  facet normal 0 0 1
    outer loop
      vertex -72.6 43 3
      vertex -69.3301 42.5 3
      vertex -69.4844 42.7886 3
    endloop
  endfacet
  facet normal 0 0 1
    outer loop
      vertex -68.9668 -41.9562 3
      vertex -72.6 -43 3
      vertex -69.1573 -42.2221 3
    endloop
  endfacet
  facet normal -0 0 1
    outer loop
      vertex -72.6 43 3
      vertex -69.4844 42.7886 3
      vertex -69.6194 43.0866 3
    endloop
  endfacet
  facet normal 0 0 1
    outer loop
      vertex -69.1573 -42.2221 3
      vertex -72.6 -43 3
      vertex -69.3301 -42.5 3
    endloop
  endfacet
  facet normal 0 0 1
    outer loop
      vertex -72.6 43 3
      vertex -69.6194 43.0866 3
      vertex -69.7346 43.3928 3
    endloop
  endfacet
  facet normal 0 0 1
    outer loop
      vertex -69.3301 -42.5 3
      vertex -72.6 -43 3
      vertex -69.4844 -42.7886 3
    endloop
  endfacet
  facet normal 0 0 1
    outer loop
      vertex -72.6 43 3
      vertex -69.7346 43.3928 3
      vertex -69.8296 43.7059 3
    endloop
  endfacet
  facet normal 0 0 1
    outer loop
      vertex -69.4844 -42.7886 3
      vertex -72.6 -43 3
      vertex -69.6194 -43.0866 3
    endloop
  endfacet
  facet normal 0 0 1
    outer loop
      vertex -72.5795 43.6279 3
      vertex -69.8296 43.7059 3
      vertex -69.9039 44.0245 3
    endloop
  endfacet
  facet normal 0 0 1
    outer loop
      vertex -69.6194 -43.0866 3
      vertex -72.6 -43 3
      vertex -69.7346 -43.3928 3
    endloop
  endfacet
  facet normal -0 0 1
    outer loop
      vertex -72.5179 44.2531 3
      vertex -69.9039 44.0245 3
      vertex -69.9572 44.3474 3
    endloop
  endfacet
  facet normal 0 0 1
    outer loop
      vertex -69.7346 -43.3928 3
      vertex -72.6 -43 3
      vertex -69.8296 -43.7059 3
    endloop
  endfacet
  facet normal 0 0 1
    outer loop
      vertex -72.4155 44.8729 3
      vertex -69.9572 44.3474 3
      vertex -69.9893 44.673 3
    endloop
  endfacet
  facet normal -0 -0 1
    outer loop
      vertex -72.5795 -43.6279 3
      vertex -69.8296 -43.7059 3
      vertex -72.6 -43 3
    endloop
  endfacet
  facet normal -0 0 1
    outer loop
      vertex -72.4155 44.8729 3
      vertex -69.9893 44.673 3
      vertex -70 45 3
    endloop
  endfacet
  facet normal 0 0 1
    outer loop
      vertex -69.8296 -43.7059 3
      vertex -72.5795 -43.6279 3
      vertex -69.9039 -44.0245 3
    endloop
  endfacet
  facet normal -0 0 1
    outer loop
      vertex -60.0107 45.327 3
      vertex -11 43 3
      vertex -11 52.6 3
    endloop
  endfacet
  facet normal 0 0 1
    outer loop
      vertex -11 43 3
      vertex -60.0107 45.327 3
      vertex -60 45 3
    endloop
  endfacet
  facet normal 0 0 1
    outer loop
      vertex -11 52.6 3
      vertex -60.0428 45.6526 3
      vertex -60.0107 45.327 3
    endloop
  endfacet
  facet normal 0 0 1
    outer loop
      vertex -11 52.6 3
      vertex -60.0961 45.9755 3
      vertex -60.0428 45.6526 3
    endloop
  endfacet
  facet normal 0 0 1
    outer loop
      vertex -11 52.6 3
      vertex -60.1704 46.2941 3
      vertex -60.0961 45.9755 3
    endloop
  endfacet
  facet normal 0 0 1
    outer loop
      vertex -11 52.6 3
      vertex -60.2654 46.6072 3
      vertex -60.1704 46.2941 3
    endloop
  endfacet
  facet normal 0 0 1
    outer loop
      vertex -11 52.6 3
      vertex -60.3806 46.9134 3
      vertex -60.2654 46.6072 3
    endloop
  endfacet
  facet normal 0 0 1
    outer loop
      vertex -11 52.6 3
      vertex -60.5156 47.2114 3
      vertex -60.3806 46.9134 3
    endloop
  endfacet
  facet normal 0 0 1
    outer loop
      vertex -11 52.6 3
      vertex -60.6699 47.5 3
      vertex -60.5156 47.2114 3
    endloop
  endfacet
  facet normal -0 0 1
    outer loop
      vertex -63 52.6 3
      vertex -60.6699 47.5 3
      vertex -11 52.6 3
    endloop
  endfacet
  facet normal 0 0 1
    outer loop
      vertex -60.6699 47.5 3
      vertex -63 52.6 3
      vertex -60.8427 47.7779 3
    endloop
  endfacet
  facet normal 0 0 1
    outer loop
      vertex -60.8427 47.7779 3
      vertex -63 52.6 3
      vertex -61.0332 48.0438 3
    endloop
  endfacet
  facet normal 0 0 1
    outer loop
      vertex -61.0332 48.0438 3
      vertex -63 52.6 3
      vertex -61.2408 48.2967 3
    endloop
  endfacet
  facet normal 0 0 1
    outer loop
      vertex -61.2408 48.2967 3
      vertex -63 52.6 3
      vertex -61.4645 48.5355 3
    endloop
  endfacet
  facet normal 0 0 1
    outer loop
      vertex -61.4645 48.5355 3
      vertex -63 52.6 3
      vertex -61.7033 48.7592 3
    endloop
  endfacet
  facet normal 0 0 1
    outer loop
      vertex -61.7033 48.7592 3
      vertex -63 52.6 3
      vertex -61.9562 48.9668 3
    endloop
  endfacet
  facet normal 0 0 1
    outer loop
      vertex -61.9562 48.9668 3
      vertex -63 52.6 3
      vertex -62.2221 49.1573 3
    endloop
  endfacet
  facet normal 0 0 1
    outer loop
      vertex -62.2221 49.1573 3
      vertex -63 52.6 3
      vertex -62.5 49.3301 3
    endloop
  endfacet
  facet normal 0 0 1
    outer loop
      vertex -62.5 49.3301 3
      vertex -63 52.6 3
      vertex -62.7886 49.4844 3
    endloop
  endfacet
  facet normal 0 0 1
    outer loop
      vertex -63 52.6 3
      vertex -63.0866 49.6194 3
      vertex -62.7886 49.4844 3
    endloop
  endfacet
  facet normal 0 0 1
    outer loop
      vertex -63 52.6 3
      vertex -63.3928 49.7346 3
      vertex -63.0866 49.6194 3
    endloop
  endfacet
  facet normal 0 0 1
    outer loop
      vertex -63.7059 49.8296 3
      vertex -63 52.6 3
      vertex -63.6279 52.5795 3
    endloop
  endfacet
  facet normal 0 0 1
    outer loop
      vertex -63 52.6 3
      vertex -63.7059 49.8296 3
      vertex -63.3928 49.7346 3
    endloop
  endfacet
  facet normal 0 0 1
    outer loop
      vertex -63.6279 52.5795 3
      vertex -64.0246 49.9039 3
      vertex -63.7059 49.8296 3
    endloop
  endfacet
  facet normal -0 0 1
    outer loop
      vertex -64.2531 52.5179 3
      vertex -64.0246 49.9039 3
      vertex -63.6279 52.5795 3
    endloop
  endfacet
  facet normal 0 0 1
    outer loop
      vertex -64.2531 52.5179 3
      vertex -64.3474 49.9572 3
      vertex -64.0246 49.9039 3
    endloop
  endfacet
  facet normal -0 0 1
    outer loop
      vertex -64.8729 52.4155 3
      vertex -64.3474 49.9572 3
      vertex -64.2531 52.5179 3
    endloop
  endfacet
  facet normal 0 0 1
    outer loop
      vertex -64.3474 49.9572 3
      vertex -64.8729 52.4155 3
      vertex -64.673 49.9893 3
    endloop
  endfacet
  facet normal 0 0 1
    outer loop
      vertex -64.8729 52.4155 3
      vertex -65 50 3
      vertex -64.673 49.9893 3
    endloop
  endfacet
  facet normal -0 0 1
    outer loop
      vertex -65.4847 52.2729 3
      vertex -65 50 3
      vertex -64.8729 52.4155 3
    endloop
  endfacet
  facet normal 0 0 1
    outer loop
      vertex -65 50 3
      vertex -65.4847 52.2729 3
      vertex -65.327 49.9893 3
    endloop
  endfacet
  facet normal -0 0 1
    outer loop
      vertex -66.0858 52.0905 3
      vertex -65.327 49.9893 3
      vertex -65.4847 52.2729 3
    endloop
  endfacet
  facet normal 0 0 1
    outer loop
      vertex -65.327 49.9893 3
      vertex -66.0858 52.0905 3
      vertex -65.6526 49.9572 3
    endloop
  endfacet
  facet normal 0 0 1
    outer loop
      vertex -65.6526 49.9572 3
      vertex -66.0858 52.0905 3
      vertex -65.9754 49.9039 3
    endloop
  endfacet
  facet normal -0 0 1
    outer loop
      vertex -66.6738 51.8692 3
      vertex -65.9754 49.9039 3
      vertex -66.0858 52.0905 3
    endloop
  endfacet
  facet normal 0 0 1
    outer loop
      vertex -65.9754 49.9039 3
      vertex -66.6738 51.8692 3
      vertex -66.2941 49.8296 3
    endloop
  endfacet
  facet normal -0 0 1
    outer loop
      vertex -67.246 51.61 3
      vertex -66.2941 49.8296 3
      vertex -66.6738 51.8692 3
    endloop
  endfacet
  facet normal 0 0 1
    outer loop
      vertex -66.2941 49.8296 3
      vertex -67.246 51.61 3
      vertex -66.6072 49.7346 3
    endloop
  endfacet
  facet normal -0 0 1
    outer loop
      vertex -67.8 51.3138 3
      vertex -66.6072 49.7346 3
      vertex -67.246 51.61 3
    endloop
  endfacet
  facet normal 0 0 1
    outer loop
      vertex -66.6072 49.7346 3
      vertex -67.8 51.3138 3
      vertex -66.9134 49.6194 3
    endloop
  endfacet
  facet normal 0 0 1
    outer loop
      vertex -66.9134 49.6194 3
      vertex -67.8 51.3138 3
      vertex -67.2114 49.4844 3
    endloop
  endfacet
  facet normal -0 0 1
    outer loop
      vertex -68.3335 50.9821 3
      vertex -67.2114 49.4844 3
      vertex -67.8 51.3138 3
    endloop
  endfacet
  facet normal 0 0 1
    outer loop
      vertex -67.2114 49.4844 3
      vertex -68.3335 50.9821 3
      vertex -67.5 49.3301 3
    endloop
  endfacet
  facet normal -0 0 1
    outer loop
      vertex -68.8441 50.6162 3
      vertex -67.5 49.3301 3
      vertex -68.3335 50.9821 3
    endloop
  endfacet
  facet normal 0 0 1
    outer loop
      vertex -67.5 49.3301 3
      vertex -68.8441 50.6162 3
      vertex -67.7778 49.1573 3
    endloop
  endfacet
  facet normal 0 0 1
    outer loop
      vertex -67.7778 49.1573 3
      vertex -68.8441 50.6162 3
      vertex -68.0438 48.9668 3
    endloop
  endfacet
  facet normal -0 0 1
    outer loop
      vertex -69.3297 50.2177 3
      vertex -68.0438 48.9668 3
      vertex -68.8441 50.6162 3
    endloop
  endfacet
  facet normal 0 0 1
    outer loop
      vertex -68.0438 48.9668 3
      vertex -69.3297 50.2177 3
      vertex -68.2967 48.7592 3
    endloop
  endfacet
  facet normal -0 0 1
    outer loop
      vertex -69.7882 49.7882 3
      vertex -68.2967 48.7592 3
      vertex -69.3297 50.2177 3
    endloop
  endfacet
  facet normal 0 0 1
    outer loop
      vertex -68.2967 48.7592 3
      vertex -69.7882 49.7882 3
      vertex -68.5355 48.5355 3
    endloop
  endfacet
  facet normal 0 0 1
    outer loop
      vertex -68.5355 48.5355 3
      vertex -69.7882 49.7882 3
      vertex -68.7592 48.2967 3
    endloop
  endfacet
  facet normal -0 0 1
    outer loop
      vertex -70.2177 49.3297 3
      vertex -68.7592 48.2967 3
      vertex -69.7882 49.7882 3
    endloop
  endfacet
  facet normal 0 0 1
    outer loop
      vertex -68.7592 48.2967 3
      vertex -70.2177 49.3297 3
      vertex -68.9668 48.0438 3
    endloop
  endfacet
  facet normal -0 0 1
    outer loop
      vertex -70.6162 48.8441 3
      vertex -68.9668 48.0438 3
      vertex -70.2177 49.3297 3
    endloop
  endfacet
  facet normal 0 0 1
    outer loop
      vertex -68.9668 48.0438 3
      vertex -70.6162 48.8441 3
      vertex -69.1573 47.7779 3
    endloop
  endfacet
  facet normal 0 0 1
    outer loop
      vertex -69.1573 47.7779 3
      vertex -70.6162 48.8441 3
      vertex -69.3301 47.5 3
    endloop
  endfacet
  facet normal -0 0 1
    outer loop
      vertex -70.9821 48.3335 3
      vertex -69.3301 47.5 3
      vertex -70.6162 48.8441 3
    endloop
  endfacet
  facet normal 0 0 1
    outer loop
      vertex -69.3301 47.5 3
      vertex -70.9821 48.3335 3
      vertex -69.4844 47.2114 3
    endloop
  endfacet
  facet normal -0 0 1
    outer loop
      vertex -71.3138 47.8 3
      vertex -69.4844 47.2114 3
      vertex -70.9821 48.3335 3
    endloop
  endfacet
  facet normal 0 0 1
    outer loop
      vertex -69.4844 47.2114 3
      vertex -71.3138 47.8 3
      vertex -69.6194 46.9134 3
    endloop
  endfacet
  facet normal 0 0 1
    outer loop
      vertex -69.6194 46.9134 3
      vertex -71.3138 47.8 3
      vertex -69.7346 46.6072 3
    endloop
  endfacet
  facet normal -0 0 1
    outer loop
      vertex -71.8692 46.6738 3
      vertex -69.8296 46.2941 3
      vertex -71.61 47.246 3
    endloop
  endfacet
  facet normal 0 0 1
    outer loop
      vertex -69.7346 46.6072 3
      vertex -71.61 47.246 3
      vertex -69.8296 46.2941 3
    endloop
  endfacet
  facet normal -0 0 1
    outer loop
      vertex -71.61 47.246 3
      vertex -69.7346 46.6072 3
      vertex -71.3138 47.8 3
    endloop
  endfacet
  facet normal -0 0 1
    outer loop
      vertex 69.8296 43.7059 3
      vertex 72.5795 43.6279 3
      vertex 69.9039 44.0245 3
    endloop
  endfacet
  facet normal 0 0 1
    outer loop
      vertex 72.6 -43 3
      vertex 69.9893 -44.673 3
      vertex 70 -45 3
    endloop
  endfacet
  facet normal 0 0 1
    outer loop
      vertex 72.5795 43.6279 3
      vertex 69.8296 43.7059 3
      vertex 72.6 43 3
    endloop
  endfacet
  facet normal 0 0 1
    outer loop
      vertex 72.6 -43 3
      vertex 69.9572 -44.3474 3
      vertex 69.9893 -44.673 3
    endloop
  endfacet
  facet normal -0 0 1
    outer loop
      vertex 69.7346 43.3928 3
      vertex 72.6 43 3
      vertex 69.8296 43.7059 3
    endloop
  endfacet
  facet normal 0 0 1
    outer loop
      vertex 72.6 -43 3
      vertex 69.9039 -44.0245 3
      vertex 69.9572 -44.3474 3
    endloop
  endfacet
  facet normal -0 0 1
    outer loop
      vertex 69.6194 43.0866 3
      vertex 72.6 43 3
      vertex 69.7346 43.3928 3
    endloop
  endfacet
  facet normal 0 0 1
    outer loop
      vertex 72.6 -43 3
      vertex 69.8296 -43.7059 3
      vertex 69.9039 -44.0245 3
    endloop
  endfacet
  facet normal 0 0 1
    outer loop
      vertex 69.4844 42.7886 3
      vertex 72.6 43 3
      vertex 69.6194 43.0866 3
    endloop
  endfacet
  facet normal 0 0 1
    outer loop
      vertex 72.6 -43 3
      vertex 69.7346 -43.3928 3
      vertex 69.8296 -43.7059 3
    endloop
  endfacet
  facet normal 0 0 1
    outer loop
      vertex 69.3301 42.5 3
      vertex 72.6 43 3
      vertex 69.4844 42.7886 3
    endloop
  endfacet
  facet normal 0 0 1
    outer loop
      vertex 72.6 -43 3
      vertex 69.6194 -43.0866 3
      vertex 69.7346 -43.3928 3
    endloop
  endfacet
  facet normal 0 0 1
    outer loop
      vertex 69.1573 42.2221 3
      vertex 72.6 43 3
      vertex 69.3301 42.5 3
    endloop
  endfacet
  facet normal 0 0 1
    outer loop
      vertex 72.6 -43 3
      vertex 69.4844 -42.7886 3
      vertex 69.6194 -43.0866 3
    endloop
  endfacet
  facet normal 0 0 1
    outer loop
      vertex 68.9668 41.9562 3
      vertex 72.6 43 3
      vertex 69.1573 42.2221 3
    endloop
  endfacet
  facet normal 0 0 1
    outer loop
      vertex 72.6 -43 3
      vertex 69.3301 -42.5 3
      vertex 69.4844 -42.7886 3
    endloop
  endfacet
  facet normal 0 0 1
    outer loop
      vertex 68.7592 41.7033 3
      vertex 72.6 43 3
      vertex 68.9668 41.9562 3
    endloop
  endfacet
  facet normal 0 0 1
    outer loop
      vertex 72.6 -43 3
      vertex 69.1573 -42.2221 3
      vertex 69.3301 -42.5 3
    endloop
  endfacet
  facet normal 0 0 1
    outer loop
      vertex 68.5355 41.4645 3
      vertex 72.6 43 3
      vertex 68.7592 41.7033 3
    endloop
  endfacet
  facet normal 0 0 1
    outer loop
      vertex 72.6 -43 3
      vertex 68.9668 -41.9562 3
      vertex 69.1573 -42.2221 3
    endloop
  endfacet
  facet normal 0 0 1
    outer loop
      vertex 68.2967 41.2408 3
      vertex 72.6 43 3
      vertex 68.5355 41.4645 3
    endloop
  endfacet
  facet normal 0 0 1
    outer loop
      vertex 72.6 -43 3
      vertex 68.7592 -41.7033 3
      vertex 68.9668 -41.9562 3
    endloop
  endfacet
  facet normal 0 0 1
    outer loop
      vertex 68.0438 41.0332 3
      vertex 72.6 43 3
      vertex 68.2967 41.2408 3
    endloop
  endfacet
  facet normal 0 0 1
    outer loop
      vertex 72.6 -43 3
      vertex 68.5355 -41.4645 3
      vertex 68.7592 -41.7033 3
    endloop
  endfacet
  facet normal 0 0 1
    outer loop
      vertex 67.7778 40.8427 3
      vertex 72.6 43 3
      vertex 68.0438 41.0332 3
    endloop
  endfacet
  facet normal 0 0 1
    outer loop
      vertex 72.6 -43 3
      vertex 68.2967 -41.2408 3
      vertex 68.5355 -41.4645 3
    endloop
  endfacet
  facet normal 0 0 1
    outer loop
      vertex 67.5 40.6699 3
      vertex 72.6 43 3
      vertex 67.7778 40.8427 3
    endloop
  endfacet
  facet normal 0 0 1
    outer loop
      vertex 72.6 -43 3
      vertex 68.0438 -41.0332 3
      vertex 68.2967 -41.2408 3
    endloop
  endfacet
  facet normal 0 0 1
    outer loop
      vertex 72.6 43 3
      vertex 67.5 40.6699 3
      vertex 72.6 -43 3
    endloop
  endfacet
  facet normal 0 0 1
    outer loop
      vertex 72.6 -43 3
      vertex 67.7778 -40.8427 3
      vertex 68.0438 -41.0332 3
    endloop
  endfacet
  facet normal -0 0 1
    outer loop
      vertex 67.5 -40.6699 3
      vertex 72.6 -43 3
      vertex 67.5 40.6699 3
    endloop
  endfacet
  facet normal 0 0 1
    outer loop
      vertex 72.6 -43 3
      vertex 67.5 -40.6699 3
      vertex 67.7778 -40.8427 3
    endloop
  endfacet
  facet normal -0 0 1
    outer loop
      vertex 67.2114 40.5156 3
      vertex 67.5 -40.6699 3
      vertex 67.5 40.6699 3
    endloop
  endfacet
  facet normal 0 0 1
    outer loop
      vertex 67.2114 40.5156 3
      vertex 67.2114 -40.5156 3
      vertex 67.5 -40.6699 3
    endloop
  endfacet
  facet normal -0 0 1
    outer loop
      vertex 66.9134 40.3806 3
      vertex 67.2114 -40.5156 3
      vertex 67.2114 40.5156 3
    endloop
  endfacet
  facet normal 0 0 1
    outer loop
      vertex 66.9134 40.3806 3
      vertex 66.9134 -40.3806 3
      vertex 67.2114 -40.5156 3
    endloop
  endfacet
  facet normal -0 0 1
    outer loop
      vertex 66.6072 40.2654 3
      vertex 66.9134 -40.3806 3
      vertex 66.9134 40.3806 3
    endloop
  endfacet
  facet normal 0 0 1
    outer loop
      vertex 66.6072 40.2654 3
      vertex 66.6072 -40.2654 3
      vertex 66.9134 -40.3806 3
    endloop
  endfacet
  facet normal -0 0 1
    outer loop
      vertex 66.2941 40.1704 3
      vertex 66.6072 -40.2654 3
      vertex 66.6072 40.2654 3
    endloop
  endfacet
  facet normal 0 0 1
    outer loop
      vertex 66.2941 40.1704 3
      vertex 66.2941 -40.1704 3
      vertex 66.6072 -40.2654 3
    endloop
  endfacet
  facet normal -0 0 1
    outer loop
      vertex 65.9754 40.0961 3
      vertex 66.2941 -40.1704 3
      vertex 66.2941 40.1704 3
    endloop
  endfacet
  facet normal 0 0 1
    outer loop
      vertex 65.9754 40.0961 3
      vertex 65.9754 -40.0961 3
      vertex 66.2941 -40.1704 3
    endloop
  endfacet
  facet normal -0 0 1
    outer loop
      vertex 65.6526 40.0428 3
      vertex 65.9754 -40.0961 3
      vertex 65.9754 40.0961 3
    endloop
  endfacet
  facet normal 0 0 1
    outer loop
      vertex 65.6526 40.0428 3
      vertex 65.6526 -40.0428 3
      vertex 65.9754 -40.0961 3
    endloop
  endfacet
  facet normal -0 0 1
    outer loop
      vertex 65.327 40.0107 3
      vertex 65.6526 -40.0428 3
      vertex 65.6526 40.0428 3
    endloop
  endfacet
  facet normal 0 0 1
    outer loop
      vertex 65.327 40.0107 3
      vertex 65.327 -40.0107 3
      vertex 65.6526 -40.0428 3
    endloop
  endfacet
  facet normal -0 0 1
    outer loop
      vertex 65 40 3
      vertex 65.327 -40.0107 3
      vertex 65.327 40.0107 3
    endloop
  endfacet
  facet normal 0 0 1
    outer loop
      vertex 65 40 3
      vertex 65 -40 3
      vertex 65.327 -40.0107 3
    endloop
  endfacet
  facet normal 0 0 1
    outer loop
      vertex 64.673 40.0107 3
      vertex 65 -40 3
      vertex 65 40 3
    endloop
  endfacet
  facet normal 0 0 1
    outer loop
      vertex 64.673 40.0107 3
      vertex 64.673 -40.0107 3
      vertex 65 -40 3
    endloop
  endfacet
  facet normal 0 0 1
    outer loop
      vertex 64.3474 40.0428 3
      vertex 64.673 -40.0107 3
      vertex 64.673 40.0107 3
    endloop
  endfacet
  facet normal 0 0 1
    outer loop
      vertex 64.3474 40.0428 3
      vertex 64.3474 -40.0428 3
      vertex 64.673 -40.0107 3
    endloop
  endfacet
  facet normal 0 0 1
    outer loop
      vertex 64.0246 40.0961 3
      vertex 64.3474 -40.0428 3
      vertex 64.3474 40.0428 3
    endloop
  endfacet
  facet normal 0 0 1
    outer loop
      vertex 64.0246 40.0961 3
      vertex 64.0246 -40.0961 3
      vertex 64.3474 -40.0428 3
    endloop
  endfacet
  facet normal 0 0 1
    outer loop
      vertex 63.7059 40.1704 3
      vertex 64.0246 -40.0961 3
      vertex 64.0246 40.0961 3
    endloop
  endfacet
  facet normal 0 0 1
    outer loop
      vertex 63.7059 40.1704 3
      vertex 63.7059 -40.1704 3
      vertex 64.0246 -40.0961 3
    endloop
  endfacet
  facet normal 0 0 1
    outer loop
      vertex 63.3928 40.2654 3
      vertex 63.7059 -40.1704 3
      vertex 63.7059 40.1704 3
    endloop
  endfacet
  facet normal 0 0 1
    outer loop
      vertex 63.3928 40.2654 3
      vertex 63.3928 -40.2654 3
      vertex 63.7059 -40.1704 3
    endloop
  endfacet
  facet normal 0 0 1
    outer loop
      vertex 63.0866 40.3806 3
      vertex 63.3928 -40.2654 3
      vertex 63.3928 40.2654 3
    endloop
  endfacet
  facet normal 0 0 1
    outer loop
      vertex 63.0866 40.3806 3
      vertex 63.0866 -40.3806 3
      vertex 63.3928 -40.2654 3
    endloop
  endfacet
  facet normal 0 0 1
    outer loop
      vertex 62.7886 40.5156 3
      vertex 63.0866 -40.3806 3
      vertex 63.0866 40.3806 3
    endloop
  endfacet
  facet normal 0 0 1
    outer loop
      vertex 62.7886 40.5156 3
      vertex 62.7886 -40.5156 3
      vertex 63.0866 -40.3806 3
    endloop
  endfacet
  facet normal 0 0 1
    outer loop
      vertex 62.5 40.6699 3
      vertex 62.7886 -40.5156 3
      vertex 62.7886 40.5156 3
    endloop
  endfacet
  facet normal 0 0 1
    outer loop
      vertex 62.5 40.6699 3
      vertex 62.5 -40.6699 3
      vertex 62.7886 -40.5156 3
    endloop
  endfacet
  facet normal 0 0 1
    outer loop
      vertex 62.2221 40.8427 3
      vertex 62.5 -40.6699 3
      vertex 62.5 40.6699 3
    endloop
  endfacet
  facet normal 0 0 1
    outer loop
      vertex 62.2221 40.8427 3
      vertex 62.2221 -40.8427 3
      vertex 62.5 -40.6699 3
    endloop
  endfacet
  facet normal 0 0 1
    outer loop
      vertex 11 43 3
      vertex 62.2221 40.8427 3
      vertex 61.9562 41.0332 3
    endloop
  endfacet
  facet normal 0 0 1
    outer loop
      vertex 62.2221 40.8427 3
      vertex 11 43 3
      vertex 62.2221 -40.8427 3
    endloop
  endfacet
  facet normal 0 0 1
    outer loop
      vertex 11 43 3
      vertex 61.9562 41.0332 3
      vertex 61.7033 41.2408 3
    endloop
  endfacet
  facet normal 0 0 1
    outer loop
      vertex 62.2221 -40.8427 3
      vertex 11 43 3
      vertex 61.9562 -41.0332 3
    endloop
  endfacet
  facet normal 0 0 1
    outer loop
      vertex 11 43 3
      vertex 61.7033 41.2408 3
      vertex 61.4645 41.4645 3
    endloop
  endfacet
  facet normal 0 0 1
    outer loop
      vertex 61.9562 -41.0332 3
      vertex 11 43 3
      vertex 61.7033 -41.2408 3
    endloop
  endfacet
  facet normal 0 0 1
    outer loop
      vertex 11 43 3
      vertex 61.4645 41.4645 3
      vertex 61.2408 41.7033 3
    endloop
  endfacet
  facet normal 0 0 1
    outer loop
      vertex 61.7033 -41.2408 3
      vertex 11 43 3
      vertex 61.4645 -41.4645 3
    endloop
  endfacet
  facet normal 0 0 1
    outer loop
      vertex 11 43 3
      vertex 61.2408 41.7033 3
      vertex 61.0332 41.9562 3
    endloop
  endfacet
  facet normal 0 0 1
    outer loop
      vertex 61.4645 -41.4645 3
      vertex 11 43 3
      vertex 61.2408 -41.7033 3
    endloop
  endfacet
  facet normal 0 0 1
    outer loop
      vertex 11 43 3
      vertex 61.0332 41.9562 3
      vertex 60.8427 42.2221 3
    endloop
  endfacet
  facet normal 0 0 1
    outer loop
      vertex 61.2408 -41.7033 3
      vertex 11 43 3
      vertex 61.0332 -41.9562 3
    endloop
  endfacet
  facet normal 0 0 1
    outer loop
      vertex 11 43 3
      vertex 60.8427 42.2221 3
      vertex 60.6699 42.5 3
    endloop
  endfacet
  facet normal 0 0 1
    outer loop
      vertex 61.0332 -41.9562 3
      vertex 11 43 3
      vertex 60.8427 -42.2221 3
    endloop
  endfacet
  facet normal 0 0 1
    outer loop
      vertex 11 43 3
      vertex 60.6699 42.5 3
      vertex 60.5156 42.7886 3
    endloop
  endfacet
  facet normal 0 0 1
    outer loop
      vertex 60.8427 -42.2221 3
      vertex 11 43 3
      vertex 60.6699 -42.5 3
    endloop
  endfacet
  facet normal -0 0 1
    outer loop
      vertex 11 43 3
      vertex 60.5156 42.7886 3
      vertex 60.3806 43.0866 3
    endloop
  endfacet
  facet normal 0 0 1
    outer loop
      vertex 60.6699 -42.5 3
      vertex 11 43 3
      vertex 60.5156 -42.7886 3
    endloop
  endfacet
  facet normal 0 0 1
    outer loop
      vertex 11 43 3
      vertex 60.3806 43.0866 3
      vertex 60.2654 43.3928 3
    endloop
  endfacet
  facet normal 0 0 1
    outer loop
      vertex 60.5156 -42.7886 3
      vertex 11 43 3
      vertex 60.3806 -43.0866 3
    endloop
  endfacet
  facet normal 0 0 1
    outer loop
      vertex 11 43 3
      vertex 60.2654 43.3928 3
      vertex 60.1704 43.7059 3
    endloop
  endfacet
  facet normal 0 0 1
    outer loop
      vertex 60.3806 -43.0866 3
      vertex 11 43 3
      vertex 60.2654 -43.3928 3
    endloop
  endfacet
  facet normal 0 0 1
    outer loop
      vertex 11 43 3
      vertex 60.1704 43.7059 3
      vertex 60.0961 44.0245 3
    endloop
  endfacet
  facet normal 0 0 1
    outer loop
      vertex -60 -45 3
      vertex 60.2654 -43.3928 3
      vertex 11 43 3
    endloop
  endfacet
  facet normal 0 0 1
    outer loop
      vertex 11 43 3
      vertex 60.0961 44.0245 3
      vertex 60.0428 44.3474 3
    endloop
  endfacet
  facet normal 0 0 1
    outer loop
      vertex 60.2654 -43.3928 3
      vertex -60 -45 3
      vertex 60.1704 -43.7059 3
    endloop
  endfacet
  facet normal 0 0 1
    outer loop
      vertex 11 43 3
      vertex 60.0428 44.3474 3
      vertex 60.0107 44.673 3
    endloop
  endfacet
  facet normal 0 0 1
    outer loop
      vertex 60.1704 -43.7059 3
      vertex -60 -45 3
      vertex 60.0961 -44.0245 3
    endloop
  endfacet
  facet normal 0 0 1
    outer loop
      vertex 11 43 3
      vertex 60.0107 44.673 3
      vertex 60 45 3
    endloop
  endfacet
  facet normal 0 0 1
    outer loop
      vertex 60.0961 -44.0245 3
      vertex -60 -45 3
      vertex 60.0428 -44.3474 3
    endloop
  endfacet
  facet normal 0 0 1
    outer loop
      vertex 72.4155 44.8729 3
      vertex 69.9572 44.3474 3
      vertex 72.5179 44.2531 3
    endloop
  endfacet
  facet normal 0 0 1
    outer loop
      vertex 69.9039 44.0245 3
      vertex 72.5179 44.2531 3
      vertex 69.9572 44.3474 3
    endloop
  endfacet
  facet normal 0 0 1
    outer loop
      vertex 69.9572 44.3474 3
      vertex 72.4155 44.8729 3
      vertex 69.9893 44.673 3
    endloop
  endfacet
  facet normal 0 0 1
    outer loop
      vertex 72.5179 44.2531 3
      vertex 69.9039 44.0245 3
      vertex 72.5795 43.6279 3
    endloop
  endfacet
  facet normal 0 0 1
    outer loop
      vertex 69.9893 44.673 3
      vertex 72.4155 44.8729 3
      vertex 70 45 3
    endloop
  endfacet
  facet normal 0 0 1
    outer loop
      vertex 72.6 -43 3
      vertex 70 -45 3
      vertex 72.5795 -43.6279 3
    endloop
  endfacet
  facet normal -0 0 1
    outer loop
      vertex 70 45 3
      vertex 72.4155 44.8729 3
      vertex 72.2729 45.4847 3
    endloop
  endfacet
  facet normal 0 0 1
    outer loop
      vertex 72.5795 -43.6279 3
      vertex 70 -45 3
      vertex 72.5179 -44.2531 3
    endloop
  endfacet
  facet normal 0 0 1
    outer loop
      vertex 69.9893 45.327 3
      vertex 72.2729 45.4847 3
      vertex 72.0905 46.0858 3
    endloop
  endfacet
  facet normal 0 0 1
    outer loop
      vertex 72.5179 -44.2531 3
      vertex 70 -45 3
      vertex 72.4155 -44.8729 3
    endloop
  endfacet
  facet normal 0 0 1
    outer loop
      vertex 69.9039 45.9755 3
      vertex 72.0905 46.0858 3
      vertex 71.8692 46.6738 3
    endloop
  endfacet
  facet normal 0 0 1
    outer loop
      vertex 72.4155 -44.8729 3
      vertex 70 -45 3
      vertex 72.2729 -45.4847 3
    endloop
  endfacet
  facet normal 0 0 1
    outer loop
      vertex 69.8296 46.2941 3
      vertex 71.8692 46.6738 3
      vertex 71.61 47.246 3
    endloop
  endfacet
  facet normal -0 0 1
    outer loop
      vertex 69.9893 -45.327 3
      vertex 72.2729 -45.4847 3
      vertex 70 -45 3
    endloop
  endfacet
  facet normal 0 0 1
    outer loop
      vertex 69.7346 46.6072 3
      vertex 71.61 47.246 3
      vertex 71.3138 47.8 3
    endloop
  endfacet
  facet normal 0 0 1
    outer loop
      vertex 72.2729 -45.4847 3
      vertex 69.9893 -45.327 3
      vertex 72.0905 -46.0858 3
    endloop
  endfacet
  facet normal 0 0 1
    outer loop
      vertex 69.4844 47.2114 3
      vertex 71.3138 47.8 3
      vertex 70.9821 48.3335 3
    endloop
  endfacet
  facet normal -0 0 1
    outer loop
      vertex 69.9572 -45.6526 3
      vertex 72.0905 -46.0858 3
      vertex 69.9893 -45.327 3
    endloop
  endfacet
  facet normal 0 0 1
    outer loop
      vertex 69.3301 47.5 3
      vertex 70.9821 48.3335 3
      vertex 70.6162 48.8441 3
    endloop
  endfacet
  facet normal -0 0 1
    outer loop
      vertex 69.9039 -45.9755 3
      vertex 72.0905 -46.0858 3
      vertex 69.9572 -45.6526 3
    endloop
  endfacet
  facet normal 0 0 1
    outer loop
      vertex 68.9668 48.0438 3
      vertex 70.6162 48.8441 3
      vertex 70.2177 49.3297 3
    endloop
  endfacet
  facet normal 0 0 1
    outer loop
      vertex 72.0905 -46.0858 3
      vertex 69.9039 -45.9755 3
      vertex 71.8692 -46.6738 3
    endloop
  endfacet
  facet normal -0 0 1
    outer loop
      vertex 69.8296 -46.2941 3
      vertex 71.8692 -46.6738 3
      vertex 69.9039 -45.9755 3
    endloop
  endfacet
  facet normal 0 0 1
    outer loop
      vertex 72.2729 45.4847 3
      vertex 69.9893 45.327 3
      vertex 70 45 3
    endloop
  endfacet
  facet normal 0 0 1
    outer loop
      vertex 72.0905 46.0858 3
      vertex 69.9572 45.6526 3
      vertex 69.9893 45.327 3
    endloop
  endfacet
  facet normal 0 0 1
    outer loop
      vertex 72.0905 46.0858 3
      vertex 69.9039 45.9755 3
      vertex 69.9572 45.6526 3
    endloop
  endfacet
  facet normal 0 0 1
    outer loop
      vertex 71.8692 46.6738 3
      vertex 69.8296 46.2941 3
      vertex 69.9039 45.9755 3
    endloop
  endfacet
  facet normal 0 0 1
    outer loop
      vertex 68.7592 48.2967 3
      vertex 70.2177 49.3297 3
      vertex 69.7882 49.7882 3
    endloop
  endfacet
  facet normal 0 0 1
    outer loop
      vertex 71.61 47.246 3
      vertex 69.7346 46.6072 3
      vertex 69.8296 46.2941 3
    endloop
  endfacet
  facet normal 0 0 1
    outer loop
      vertex 71.3138 47.8 3
      vertex 69.6194 46.9134 3
      vertex 69.7346 46.6072 3
    endloop
  endfacet
  facet normal 0 0 1
    outer loop
      vertex 71.3138 47.8 3
      vertex 69.4844 47.2114 3
      vertex 69.6194 46.9134 3
    endloop
  endfacet
  facet normal 0 0 1
    outer loop
      vertex 70.9821 48.3335 3
      vertex 69.3301 47.5 3
      vertex 69.4844 47.2114 3
    endloop
  endfacet
  facet normal 0 0 1
    outer loop
      vertex 68.2967 48.7592 3
      vertex 69.7882 49.7882 3
      vertex 69.3297 50.2177 3
    endloop
  endfacet
  facet normal 0 0 1
    outer loop
      vertex 70.6162 48.8441 3
      vertex 69.1573 47.7779 3
      vertex 69.3301 47.5 3
    endloop
  endfacet
  facet normal 0 0 1
    outer loop
      vertex 70.6162 48.8441 3
      vertex 68.9668 48.0438 3
      vertex 69.1573 47.7779 3
    endloop
  endfacet
  facet normal 0 0 1
    outer loop
      vertex 68.0438 48.9668 3
      vertex 69.3297 50.2177 3
      vertex 68.8441 50.6162 3
    endloop
  endfacet
  facet normal 0 0 1
    outer loop
      vertex 70.2177 49.3297 3
      vertex 68.7592 48.2967 3
      vertex 68.9668 48.0438 3
    endloop
  endfacet
  facet normal 0 0 1
    outer loop
      vertex 69.7882 49.7882 3
      vertex 68.5355 48.5355 3
      vertex 68.7592 48.2967 3
    endloop
  endfacet
  facet normal 0 0 1
    outer loop
      vertex 67.5 49.3301 3
      vertex 68.8441 50.6162 3
      vertex 68.3335 50.9821 3
    endloop
  endfacet
  facet normal 0 0 1
    outer loop
      vertex 69.7882 49.7882 3
      vertex 68.2967 48.7592 3
      vertex 68.5355 48.5355 3
    endloop
  endfacet
  facet normal 0 0 1
    outer loop
      vertex 69.3297 50.2177 3
      vertex 68.0438 48.9668 3
      vertex 68.2967 48.7592 3
    endloop
  endfacet
  facet normal 0 0 1
    outer loop
      vertex 67.2114 49.4844 3
      vertex 68.3335 50.9821 3
      vertex 67.8 51.3138 3
    endloop
  endfacet
  facet normal 0 0 1
    outer loop
      vertex 68.8441 50.6162 3
      vertex 67.7778 49.1573 3
      vertex 68.0438 48.9668 3
    endloop
  endfacet
  facet normal 0 0 1
    outer loop
      vertex 68.8441 50.6162 3
      vertex 67.5 49.3301 3
      vertex 67.7778 49.1573 3
    endloop
  endfacet
  facet normal 0 0 1
    outer loop
      vertex 66.6072 49.7346 3
      vertex 67.8 51.3138 3
      vertex 67.246 51.61 3
    endloop
  endfacet
  facet normal 0 0 1
    outer loop
      vertex 68.3335 50.9821 3
      vertex 67.2114 49.4844 3
      vertex 67.5 49.3301 3
    endloop
  endfacet
  facet normal 0 0 1
    outer loop
      vertex 67.8 51.3138 3
      vertex 66.9134 49.6194 3
      vertex 67.2114 49.4844 3
    endloop
  endfacet
  facet normal 0 0 1
    outer loop
      vertex 66.2941 49.8296 3
      vertex 67.246 51.61 3
      vertex 66.6738 51.8692 3
    endloop
  endfacet
  facet normal 0 0 1
    outer loop
      vertex 67.8 51.3138 3
      vertex 66.6072 49.7346 3
      vertex 66.9134 49.6194 3
    endloop
  endfacet
  facet normal 0 0 1
    outer loop
      vertex 67.246 51.61 3
      vertex 66.2941 49.8296 3
      vertex 66.6072 49.7346 3
    endloop
  endfacet
  facet normal 0 0 1
    outer loop
      vertex 65.9754 49.9039 3
      vertex 66.6738 51.8692 3
      vertex 66.0858 52.0905 3
    endloop
  endfacet
  facet normal 0 0 1
    outer loop
      vertex 66.6738 51.8692 3
      vertex 65.9754 49.9039 3
      vertex 66.2941 49.8296 3
    endloop
  endfacet
  facet normal 0 0 1
    outer loop
      vertex 66.0858 52.0905 3
      vertex 65.6526 49.9572 3
      vertex 65.9754 49.9039 3
    endloop
  endfacet
  facet normal 0 0 1
    outer loop
      vertex 65.327 49.9893 3
      vertex 66.0858 52.0905 3
      vertex 65.4847 52.2729 3
    endloop
  endfacet
  facet normal 0 0 1
    outer loop
      vertex 66.0858 52.0905 3
      vertex 65.327 49.9893 3
      vertex 65.6526 49.9572 3
    endloop
  endfacet
  facet normal 0 0 1
    outer loop
      vertex 65.4847 52.2729 3
      vertex 65 50 3
      vertex 65.327 49.9893 3
    endloop
  endfacet
  facet normal 0 0 1
    outer loop
      vertex 64.8729 52.4155 3
      vertex 65 50 3
      vertex 65.4847 52.2729 3
    endloop
  endfacet
  facet normal 0 0 1
    outer loop
      vertex 64.8729 52.4155 3
      vertex 64.673 49.9893 3
      vertex 65 50 3
    endloop
  endfacet
  facet normal 0 0 1
    outer loop
      vertex 64.8729 52.4155 3
      vertex 64.3474 49.9572 3
      vertex 64.673 49.9893 3
    endloop
  endfacet
  facet normal 0 0 1
    outer loop
      vertex 64.2531 52.5179 3
      vertex 64.3474 49.9572 3
      vertex 64.8729 52.4155 3
    endloop
  endfacet
  facet normal 0 0 1
    outer loop
      vertex 64.2531 52.5179 3
      vertex 64.0246 49.9039 3
      vertex 64.3474 49.9572 3
    endloop
  endfacet
  facet normal 0 0 1
    outer loop
      vertex 63.6279 52.5795 3
      vertex 64.0246 49.9039 3
      vertex 64.2531 52.5179 3
    endloop
  endfacet
  facet normal 0 0 1
    outer loop
      vertex 64.0246 49.9039 3
      vertex 63.6279 52.5795 3
      vertex 63.7059 49.8296 3
    endloop
  endfacet
  facet normal 0 0 1
    outer loop
      vertex 63 52.6 3
      vertex 63.7059 49.8296 3
      vertex 63.6279 52.5795 3
    endloop
  endfacet
  facet normal 0 0 1
    outer loop
      vertex 63.7059 49.8296 3
      vertex 63 52.6 3
      vertex 63.3928 49.7346 3
    endloop
  endfacet
  facet normal 0 0 1
    outer loop
      vertex 63.3928 49.7346 3
      vertex 63 52.6 3
      vertex 63.0866 49.6194 3
    endloop
  endfacet
  facet normal 0 0 1
    outer loop
      vertex 63 52.6 3
      vertex 62.7886 49.4844 3
      vertex 63.0866 49.6194 3
    endloop
  endfacet
  facet normal 0 0 1
    outer loop
      vertex 63 52.6 3
      vertex 62.5 49.3301 3
      vertex 62.7886 49.4844 3
    endloop
  endfacet
  facet normal 0 0 1
    outer loop
      vertex 63 52.6 3
      vertex 62.2221 49.1573 3
      vertex 62.5 49.3301 3
    endloop
  endfacet
  facet normal 0 0 1
    outer loop
      vertex 63 52.6 3
      vertex 61.9562 48.9668 3
      vertex 62.2221 49.1573 3
    endloop
  endfacet
  facet normal 0 0 1
    outer loop
      vertex 63 52.6 3
      vertex 61.7033 48.7592 3
      vertex 61.9562 48.9668 3
    endloop
  endfacet
  facet normal 0 0 1
    outer loop
      vertex 63 52.6 3
      vertex 61.4645 48.5355 3
      vertex 61.7033 48.7592 3
    endloop
  endfacet
  facet normal 0 0 1
    outer loop
      vertex 63 52.6 3
      vertex 61.2408 48.2967 3
      vertex 61.4645 48.5355 3
    endloop
  endfacet
  facet normal 0 0 1
    outer loop
      vertex 63 52.6 3
      vertex 61.0332 48.0438 3
      vertex 61.2408 48.2967 3
    endloop
  endfacet
  facet normal 0 0 1
    outer loop
      vertex 63 52.6 3
      vertex 60.8427 47.7779 3
      vertex 61.0332 48.0438 3
    endloop
  endfacet
  facet normal 0 0 1
    outer loop
      vertex 63 52.6 3
      vertex 60.6699 47.5 3
      vertex 60.8427 47.7779 3
    endloop
  endfacet
  facet normal -0 0 1
    outer loop
      vertex 11 52.6 3
      vertex 60.6699 47.5 3
      vertex 63 52.6 3
    endloop
  endfacet
  facet normal 0 0 1
    outer loop
      vertex 60.0107 45.327 3
      vertex 11 43 3
      vertex 60 45 3
    endloop
  endfacet
  facet normal 0 0 1
    outer loop
      vertex 11 43 3
      vertex 60.0107 45.327 3
      vertex 11 52.6 3
    endloop
  endfacet
  facet normal 0 0 1
    outer loop
      vertex 60.0428 45.6526 3
      vertex 11 52.6 3
      vertex 60.0107 45.327 3
    endloop
  endfacet
  facet normal 0 0 1
    outer loop
      vertex 60.0961 45.9755 3
      vertex 11 52.6 3
      vertex 60.0428 45.6526 3
    endloop
  endfacet
  facet normal 0 0 1
    outer loop
      vertex 60.1704 46.2941 3
      vertex 11 52.6 3
      vertex 60.0961 45.9755 3
    endloop
  endfacet
  facet normal 0 0 1
    outer loop
      vertex 60.2654 46.6072 3
      vertex 11 52.6 3
      vertex 60.1704 46.2941 3
    endloop
  endfacet
  facet normal 0 0 1
    outer loop
      vertex 60.3806 46.9134 3
      vertex 11 52.6 3
      vertex 60.2654 46.6072 3
    endloop
  endfacet
  facet normal 0 0 1
    outer loop
      vertex 60.5156 47.2114 3
      vertex 11 52.6 3
      vertex 60.3806 46.9134 3
    endloop
  endfacet
  facet normal 0 0 1
    outer loop
      vertex 60.6699 47.5 3
      vertex 11 52.6 3
      vertex 60.5156 47.2114 3
    endloop
  endfacet
  facet normal 0 0 1
    outer loop
      vertex 71.8692 -46.6738 3
      vertex 69.8296 -46.2941 3
      vertex 71.61 -47.246 3
    endloop
  endfacet
  facet normal -0 0 1
    outer loop
      vertex 69.7346 -46.6072 3
      vertex 71.61 -47.246 3
      vertex 69.8296 -46.2941 3
    endloop
  endfacet
  facet normal 0 0 1
    outer loop
      vertex 71.61 -47.246 3
      vertex 69.7346 -46.6072 3
      vertex 71.3138 -47.8 3
    endloop
  endfacet
  facet normal -0 0 1
    outer loop
      vertex 69.6194 -46.9134 3
      vertex 71.3138 -47.8 3
      vertex 69.7346 -46.6072 3
    endloop
  endfacet
  facet normal -0 0 1
    outer loop
      vertex 69.4844 -47.2114 3
      vertex 71.3138 -47.8 3
      vertex 69.6194 -46.9134 3
    endloop
  endfacet
  facet normal 0 0 1
    outer loop
      vertex 71.3138 -47.8 3
      vertex 69.4844 -47.2114 3
      vertex 70.9821 -48.3335 3
    endloop
  endfacet
  facet normal -0 0 1
    outer loop
      vertex 69.3301 -47.5 3
      vertex 70.9821 -48.3335 3
      vertex 69.4844 -47.2114 3
    endloop
  endfacet
  facet normal 0 0 1
    outer loop
      vertex 70.9821 -48.3335 3
      vertex 69.3301 -47.5 3
      vertex 70.6162 -48.8441 3
    endloop
  endfacet
  facet normal -0 0 1
    outer loop
      vertex 69.1573 -47.7779 3
      vertex 70.6162 -48.8441 3
      vertex 69.3301 -47.5 3
    endloop
  endfacet
  facet normal -0 0 1
    outer loop
      vertex 68.9668 -48.0438 3
      vertex 70.6162 -48.8441 3
      vertex 69.1573 -47.7779 3
    endloop
  endfacet
  facet normal 0 0 1
    outer loop
      vertex 70.6162 -48.8441 3
      vertex 68.9668 -48.0438 3
      vertex 70.2177 -49.3297 3
    endloop
  endfacet
  facet normal -0 0 1
    outer loop
      vertex 68.7592 -48.2967 3
      vertex 70.2177 -49.3297 3
      vertex 68.9668 -48.0438 3
    endloop
  endfacet
  facet normal 0 0 1
    outer loop
      vertex 70.2177 -49.3297 3
      vertex 68.7592 -48.2967 3
      vertex 69.7882 -49.7882 3
    endloop
  endfacet
  facet normal -0 0 1
    outer loop
      vertex 68.5355 -48.5355 3
      vertex 69.7882 -49.7882 3
      vertex 68.7592 -48.2967 3
    endloop
  endfacet
  facet normal -0 0 1
    outer loop
      vertex 68.2967 -48.7592 3
      vertex 69.7882 -49.7882 3
      vertex 68.5355 -48.5355 3
    endloop
  endfacet
  facet normal 0 0 1
    outer loop
      vertex 69.7882 -49.7882 3
      vertex 68.2967 -48.7592 3
      vertex 69.3297 -50.2177 3
    endloop
  endfacet
  facet normal -0 0 1
    outer loop
      vertex 68.0438 -48.9668 3
      vertex 69.3297 -50.2177 3
      vertex 68.2967 -48.7592 3
    endloop
  endfacet
  facet normal 0 0 1
    outer loop
      vertex 69.3297 -50.2177 3
      vertex 68.0438 -48.9668 3
      vertex 68.8441 -50.6162 3
    endloop
  endfacet
  facet normal -0 0 1
    outer loop
      vertex 67.7778 -49.1573 3
      vertex 68.8441 -50.6162 3
      vertex 68.0438 -48.9668 3
    endloop
  endfacet
  facet normal -0 0 1
    outer loop
      vertex 67.5 -49.3301 3
      vertex 68.8441 -50.6162 3
      vertex 67.7778 -49.1573 3
    endloop
  endfacet
  facet normal 0 0 1
    outer loop
      vertex 68.8441 -50.6162 3
      vertex 67.5 -49.3301 3
      vertex 68.3335 -50.9821 3
    endloop
  endfacet
  facet normal -0 0 1
    outer loop
      vertex 67.2114 -49.4844 3
      vertex 68.3335 -50.9821 3
      vertex 67.5 -49.3301 3
    endloop
  endfacet
  facet normal 0 0 1
    outer loop
      vertex 68.3335 -50.9821 3
      vertex 67.2114 -49.4844 3
      vertex 67.8 -51.3138 3
    endloop
  endfacet
  facet normal -0 0 1
    outer loop
      vertex 66.9134 -49.6194 3
      vertex 67.8 -51.3138 3
      vertex 67.2114 -49.4844 3
    endloop
  endfacet
  facet normal -0 0 1
    outer loop
      vertex 66.6072 -49.7346 3
      vertex 67.8 -51.3138 3
      vertex 66.9134 -49.6194 3
    endloop
  endfacet
  facet normal 0 0 1
    outer loop
      vertex 67.8 -51.3138 3
      vertex 66.6072 -49.7346 3
      vertex 67.246 -51.61 3
    endloop
  endfacet
  facet normal -0 0 1
    outer loop
      vertex 66.2941 -49.8296 3
      vertex 67.246 -51.61 3
      vertex 66.6072 -49.7346 3
    endloop
  endfacet
  facet normal 0 0 1
    outer loop
      vertex 67.246 -51.61 3
      vertex 66.2941 -49.8296 3
      vertex 66.6738 -51.8692 3
    endloop
  endfacet
  facet normal -0 0 1
    outer loop
      vertex 65.9754 -49.9039 3
      vertex 66.6738 -51.8692 3
      vertex 66.2941 -49.8296 3
    endloop
  endfacet
  facet normal 0 0 1
    outer loop
      vertex 66.6738 -51.8692 3
      vertex 65.9754 -49.9039 3
      vertex 66.0858 -52.0905 3
    endloop
  endfacet
  facet normal -0 0 1
    outer loop
      vertex 65.6526 -49.9572 3
      vertex 66.0858 -52.0905 3
      vertex 65.9754 -49.9039 3
    endloop
  endfacet
  facet normal -0 0 1
    outer loop
      vertex 65.327 -49.9893 3
      vertex 66.0858 -52.0905 3
      vertex 65.6526 -49.9572 3
    endloop
  endfacet
  facet normal 0 0 1
    outer loop
      vertex 66.0858 -52.0905 3
      vertex 65.327 -49.9893 3
      vertex 65.4847 -52.2729 3
    endloop
  endfacet
  facet normal -0 0 1
    outer loop
      vertex 65 -50 3
      vertex 65.4847 -52.2729 3
      vertex 65.327 -49.9893 3
    endloop
  endfacet
  facet normal 0 0 1
    outer loop
      vertex 65 -50 3
      vertex 64.8729 -52.4155 3
      vertex 65.4847 -52.2729 3
    endloop
  endfacet
  facet normal 0 0 1
    outer loop
      vertex 64.673 -49.9893 3
      vertex 64.8729 -52.4155 3
      vertex 65 -50 3
    endloop
  endfacet
  facet normal 0 0 1
    outer loop
      vertex 64.3474 -49.9572 3
      vertex 64.8729 -52.4155 3
      vertex 64.673 -49.9893 3
    endloop
  endfacet
  facet normal 0 0 1
    outer loop
      vertex 64.3474 -49.9572 3
      vertex 64.2531 -52.5179 3
      vertex 64.8729 -52.4155 3
    endloop
  endfacet
  facet normal 0 0 1
    outer loop
      vertex 64.0246 -49.9039 3
      vertex 64.2531 -52.5179 3
      vertex 64.3474 -49.9572 3
    endloop
  endfacet
  facet normal 0 0 1
    outer loop
      vertex 63.6279 -52.5795 3
      vertex 64.0246 -49.9039 3
      vertex 63.7059 -49.8296 3
    endloop
  endfacet
  facet normal 0 0 1
    outer loop
      vertex 64.0246 -49.9039 3
      vertex 63.6279 -52.5795 3
      vertex 64.2531 -52.5179 3
    endloop
  endfacet
  facet normal 0 0 1
    outer loop
      vertex 63 -52.6 3
      vertex 63.7059 -49.8296 3
      vertex 63.3928 -49.7346 3
    endloop
  endfacet
  facet normal 0 0 1
    outer loop
      vertex 63 -52.6 3
      vertex 63.3928 -49.7346 3
      vertex 63.0866 -49.6194 3
    endloop
  endfacet
  facet normal 0 0 1
    outer loop
      vertex 63.7059 -49.8296 3
      vertex 63 -52.6 3
      vertex 63.6279 -52.5795 3
    endloop
  endfacet
  facet normal 0 0 1
    outer loop
      vertex 62.7886 -49.4844 3
      vertex 63 -52.6 3
      vertex 63.0866 -49.6194 3
    endloop
  endfacet
  facet normal 0 0 1
    outer loop
      vertex 62.5 -49.3301 3
      vertex 63 -52.6 3
      vertex 62.7886 -49.4844 3
    endloop
  endfacet
  facet normal 0 0 1
    outer loop
      vertex 62.2221 -49.1573 3
      vertex 63 -52.6 3
      vertex 62.5 -49.3301 3
    endloop
  endfacet
  facet normal 0 0 1
    outer loop
      vertex 61.9562 -48.9668 3
      vertex 63 -52.6 3
      vertex 62.2221 -49.1573 3
    endloop
  endfacet
  facet normal 0 0 1
    outer loop
      vertex 61.7033 -48.7592 3
      vertex 63 -52.6 3
      vertex 61.9562 -48.9668 3
    endloop
  endfacet
  facet normal 0 0 1
    outer loop
      vertex 61.4645 -48.5355 3
      vertex 63 -52.6 3
      vertex 61.7033 -48.7592 3
    endloop
  endfacet
  facet normal 0 0 1
    outer loop
      vertex 61.2408 -48.2967 3
      vertex 63 -52.6 3
      vertex 61.4645 -48.5355 3
    endloop
  endfacet
  facet normal 0 0 1
    outer loop
      vertex 61.0332 -48.0438 3
      vertex 63 -52.6 3
      vertex 61.2408 -48.2967 3
    endloop
  endfacet
  facet normal 0 0 1
    outer loop
      vertex 60.8427 -47.7779 3
      vertex 63 -52.6 3
      vertex 61.0332 -48.0438 3
    endloop
  endfacet
  facet normal 0 0 1
    outer loop
      vertex 60.6699 -47.5 3
      vertex 63 -52.6 3
      vertex 60.8427 -47.7779 3
    endloop
  endfacet
  facet normal 0 0 1
    outer loop
      vertex 60.5156 -47.2114 3
      vertex 63 -52.6 3
      vertex 60.6699 -47.5 3
    endloop
  endfacet
  facet normal 0 0 1
    outer loop
      vertex 60.0428 -44.3474 3
      vertex -60 -45 3
      vertex 60.0107 -44.673 3
    endloop
  endfacet
  facet normal 0 0 1
    outer loop
      vertex 60.0107 -44.673 3
      vertex -60 -45 3
      vertex 60 -45 3
    endloop
  endfacet
  facet normal 0 0 1
    outer loop
      vertex 60 -45 3
      vertex -60 -45 3
      vertex 60.0107 -45.327 3
    endloop
  endfacet
  facet normal 0 0 1
    outer loop
      vertex -60.0107 -45.327 3
      vertex 60.0107 -45.327 3
      vertex -60 -45 3
    endloop
  endfacet
  facet normal 0 0 1
    outer loop
      vertex 60.0107 -45.327 3
      vertex -60.0107 -45.327 3
      vertex 60.0428 -45.6526 3
    endloop
  endfacet
  facet normal 0 0 1
    outer loop
      vertex -60.0428 -45.6526 3
      vertex 60.0428 -45.6526 3
      vertex -60.0107 -45.327 3
    endloop
  endfacet
  facet normal 0 0 1
    outer loop
      vertex 60.0428 -45.6526 3
      vertex -60.0428 -45.6526 3
      vertex 60.0961 -45.9755 3
    endloop
  endfacet
  facet normal 0 0 1
    outer loop
      vertex -60.0961 -45.9755 3
      vertex 60.0961 -45.9755 3
      vertex -60.0428 -45.6526 3
    endloop
  endfacet
  facet normal 0 0 1
    outer loop
      vertex 60.0961 -45.9755 3
      vertex -60.0961 -45.9755 3
      vertex 60.1704 -46.2941 3
    endloop
  endfacet
  facet normal 0 0 1
    outer loop
      vertex -60 -45 3
      vertex 11 43 3
      vertex -11 43 3
    endloop
  endfacet
  facet normal -0 0 1
    outer loop
      vertex -60.0107 44.673 3
      vertex -11 43 3
      vertex -60 45 3
    endloop
  endfacet
  facet normal 0 0 1
    outer loop
      vertex -60.1704 -46.2941 3
      vertex 60.1704 -46.2941 3
      vertex -60.0961 -45.9755 3
    endloop
  endfacet
  facet normal 0 0 1
    outer loop
      vertex 60.1704 -46.2941 3
      vertex -60.1704 -46.2941 3
      vertex 60.2654 -46.6072 3
    endloop
  endfacet
  facet normal 0 0 1
    outer loop
      vertex -60.2654 -46.6072 3
      vertex 60.2654 -46.6072 3
      vertex -60.1704 -46.2941 3
    endloop
  endfacet
  facet normal 0 0 1
    outer loop
      vertex 60.2654 -46.6072 3
      vertex -60.2654 -46.6072 3
      vertex 60.3806 -46.9134 3
    endloop
  endfacet
  facet normal 0 0 1
    outer loop
      vertex -60.3806 -46.9134 3
      vertex 60.3806 -46.9134 3
      vertex -60.2654 -46.6072 3
    endloop
  endfacet
  facet normal 0 0 1
    outer loop
      vertex 60.3806 -46.9134 3
      vertex -60.3806 -46.9134 3
      vertex 60.5156 -47.2114 3
    endloop
  endfacet
  facet normal 0 0 1
    outer loop
      vertex -60.5156 -47.2114 3
      vertex 60.5156 -47.2114 3
      vertex -60.3806 -46.9134 3
    endloop
  endfacet
  facet normal 0 0 1
    outer loop
      vertex 60.5156 -47.2114 3
      vertex -60.5156 -47.2114 3
      vertex 63 -52.6 3
    endloop
  endfacet
  facet normal 0 0 1
    outer loop
      vertex -63 -52.6 3
      vertex -60.5156 -47.2114 3
      vertex -60.6699 -47.5 3
    endloop
  endfacet
  facet normal 0 0 1
    outer loop
      vertex -63 -52.6 3
      vertex -60.6699 -47.5 3
      vertex -60.8427 -47.7779 3
    endloop
  endfacet
  facet normal 0 0 1
    outer loop
      vertex -63 -52.6 3
      vertex -60.8427 -47.7779 3
      vertex -61.0332 -48.0438 3
    endloop
  endfacet
  facet normal 0 0 1
    outer loop
      vertex -63 -52.6 3
      vertex -61.0332 -48.0438 3
      vertex -61.2408 -48.2967 3
    endloop
  endfacet
  facet normal 0 0 1
    outer loop
      vertex -63 -52.6 3
      vertex -61.2408 -48.2967 3
      vertex -61.4645 -48.5355 3
    endloop
  endfacet
  facet normal 0 0 1
    outer loop
      vertex -63 -52.6 3
      vertex -61.4645 -48.5355 3
      vertex -61.7033 -48.7592 3
    endloop
  endfacet
  facet normal 0 0 1
    outer loop
      vertex -63 -52.6 3
      vertex -61.7033 -48.7592 3
      vertex -61.9562 -48.9668 3
    endloop
  endfacet
  facet normal 0 0 1
    outer loop
      vertex -63 -52.6 3
      vertex -61.9562 -48.9668 3
      vertex -62.2221 -49.1573 3
    endloop
  endfacet
  facet normal 0 0 1
    outer loop
      vertex -63 -52.6 3
      vertex -62.2221 -49.1573 3
      vertex -62.5 -49.3301 3
    endloop
  endfacet
  facet normal 0 0 1
    outer loop
      vertex -63 -52.6 3
      vertex -62.5 -49.3301 3
      vertex -62.7886 -49.4844 3
    endloop
  endfacet
  facet normal 0 0 1
    outer loop
      vertex -60.5156 -47.2114 3
      vertex -63 -52.6 3
      vertex 63 -52.6 3
    endloop
  endfacet
  facet normal -0 0 1
    outer loop
      vertex -63.0866 -49.6194 3
      vertex -63 -52.6 3
      vertex -62.7886 -49.4844 3
    endloop
  endfacet
  facet normal -0 0 1
    outer loop
      vertex -63.3928 -49.7346 3
      vertex -63 -52.6 3
      vertex -63.0866 -49.6194 3
    endloop
  endfacet
  facet normal -0 0 1
    outer loop
      vertex -63.7059 -49.8296 3
      vertex -63 -52.6 3
      vertex -63.3928 -49.7346 3
    endloop
  endfacet
  facet normal 0 0 1
    outer loop
      vertex -63 -52.6 3
      vertex -63.7059 -49.8296 3
      vertex -63.6279 -52.5795 3
    endloop
  endfacet
  facet normal -0 0 1
    outer loop
      vertex -64.0246 -49.9039 3
      vertex -63.6279 -52.5795 3
      vertex -63.7059 -49.8296 3
    endloop
  endfacet
  facet normal 0 0 1
    outer loop
      vertex -64.0246 -49.9039 3
      vertex -64.2531 -52.5179 3
      vertex -63.6279 -52.5795 3
    endloop
  endfacet
  facet normal -0 0 1
    outer loop
      vertex -64.3474 -49.9572 3
      vertex -64.2531 -52.5179 3
      vertex -64.0246 -49.9039 3
    endloop
  endfacet
  facet normal 0 0 1
    outer loop
      vertex -64.8729 -52.4155 3
      vertex -64.3474 -49.9572 3
      vertex -64.673 -49.9893 3
    endloop
  endfacet
  facet normal 0 0 1
    outer loop
      vertex -64.3474 -49.9572 3
      vertex -64.8729 -52.4155 3
      vertex -64.2531 -52.5179 3
    endloop
  endfacet
  facet normal -0 0 1
    outer loop
      vertex -65 -50 3
      vertex -64.8729 -52.4155 3
      vertex -64.673 -49.9893 3
    endloop
  endfacet
  facet normal 0 0 1
    outer loop
      vertex -65.4847 -52.2729 3
      vertex -65 -50 3
      vertex -65.327 -49.9893 3
    endloop
  endfacet
  facet normal 0 0 1
    outer loop
      vertex -65 -50 3
      vertex -65.4847 -52.2729 3
      vertex -64.8729 -52.4155 3
    endloop
  endfacet
  facet normal 0 0 1
    outer loop
      vertex -66.0858 -52.0905 3
      vertex -65.327 -49.9893 3
      vertex -65.6526 -49.9572 3
    endloop
  endfacet
  facet normal 0 0 1
    outer loop
      vertex -66.0858 -52.0905 3
      vertex -65.6526 -49.9572 3
      vertex -65.9754 -49.9039 3
    endloop
  endfacet
  facet normal 0 0 1
    outer loop
      vertex -65.327 -49.9893 3
      vertex -66.0858 -52.0905 3
      vertex -65.4847 -52.2729 3
    endloop
  endfacet
  facet normal 0 0 1
    outer loop
      vertex -66.6738 -51.8692 3
      vertex -65.9754 -49.9039 3
      vertex -66.2941 -49.8296 3
    endloop
  endfacet
  facet normal 0 0 1
    outer loop
      vertex -67.246 -51.61 3
      vertex -66.2941 -49.8296 3
      vertex -66.6072 -49.7346 3
    endloop
  endfacet
  facet normal 0 0 1
    outer loop
      vertex -65.9754 -49.9039 3
      vertex -66.6738 -51.8692 3
      vertex -66.0858 -52.0905 3
    endloop
  endfacet
  facet normal 0 0 1
    outer loop
      vertex -67.8 -51.3138 3
      vertex -66.6072 -49.7346 3
      vertex -66.9134 -49.6194 3
    endloop
  endfacet
  facet normal 0 0 1
    outer loop
      vertex -67.8 -51.3138 3
      vertex -66.9134 -49.6194 3
      vertex -67.2114 -49.4844 3
    endloop
  endfacet
  facet normal 0 0 1
    outer loop
      vertex -66.2941 -49.8296 3
      vertex -67.246 -51.61 3
      vertex -66.6738 -51.8692 3
    endloop
  endfacet
  facet normal 0 0 1
    outer loop
      vertex -68.3335 -50.9821 3
      vertex -67.2114 -49.4844 3
      vertex -67.5 -49.3301 3
    endloop
  endfacet
  facet normal 0 0 1
    outer loop
      vertex -68.8441 -50.6162 3
      vertex -67.5 -49.3301 3
      vertex -67.7778 -49.1573 3
    endloop
  endfacet
  facet normal 0 0 1
    outer loop
      vertex -66.6072 -49.7346 3
      vertex -67.8 -51.3138 3
      vertex -67.246 -51.61 3
    endloop
  endfacet
  facet normal 0 0 1
    outer loop
      vertex -68.8441 -50.6162 3
      vertex -67.7778 -49.1573 3
      vertex -68.0438 -48.9668 3
    endloop
  endfacet
  facet normal 0 0 1
    outer loop
      vertex -69.3297 -50.2177 3
      vertex -68.0438 -48.9668 3
      vertex -68.2967 -48.7592 3
    endloop
  endfacet
  facet normal 0 0 1
    outer loop
      vertex -67.2114 -49.4844 3
      vertex -68.3335 -50.9821 3
      vertex -67.8 -51.3138 3
    endloop
  endfacet
  facet normal 0 0 1
    outer loop
      vertex -69.7882 -49.7882 3
      vertex -68.2967 -48.7592 3
      vertex -68.5355 -48.5355 3
    endloop
  endfacet
  facet normal 0 0 1
    outer loop
      vertex -69.7882 -49.7882 3
      vertex -68.5355 -48.5355 3
      vertex -68.7592 -48.2967 3
    endloop
  endfacet
  facet normal 0 0 1
    outer loop
      vertex -67.5 -49.3301 3
      vertex -68.8441 -50.6162 3
      vertex -68.3335 -50.9821 3
    endloop
  endfacet
  facet normal 0 0 1
    outer loop
      vertex -70.2177 -49.3297 3
      vertex -68.7592 -48.2967 3
      vertex -68.9668 -48.0438 3
    endloop
  endfacet
  facet normal 0 0 1
    outer loop
      vertex -70.6162 -48.8441 3
      vertex -68.9668 -48.0438 3
      vertex -69.1573 -47.7779 3
    endloop
  endfacet
  facet normal 0 0 1
    outer loop
      vertex -68.0438 -48.9668 3
      vertex -69.3297 -50.2177 3
      vertex -68.8441 -50.6162 3
    endloop
  endfacet
  facet normal 0 0 1
    outer loop
      vertex -70.6162 -48.8441 3
      vertex -69.1573 -47.7779 3
      vertex -69.3301 -47.5 3
    endloop
  endfacet
  facet normal 0 0 1
    outer loop
      vertex -70.9821 -48.3335 3
      vertex -69.3301 -47.5 3
      vertex -69.4844 -47.2114 3
    endloop
  endfacet
  facet normal 0 0 1
    outer loop
      vertex -71.3138 -47.8 3
      vertex -69.4844 -47.2114 3
      vertex -69.6194 -46.9134 3
    endloop
  endfacet
  facet normal 0 0 1
    outer loop
      vertex -71.3138 -47.8 3
      vertex -69.6194 -46.9134 3
      vertex -69.7346 -46.6072 3
    endloop
  endfacet
  facet normal 0 0 1
    outer loop
      vertex -68.2967 -48.7592 3
      vertex -69.7882 -49.7882 3
      vertex -69.3297 -50.2177 3
    endloop
  endfacet
  facet normal 0 0 1
    outer loop
      vertex -71.61 -47.246 3
      vertex -69.7346 -46.6072 3
      vertex -69.8296 -46.2941 3
    endloop
  endfacet
  facet normal 0 0 1
    outer loop
      vertex -71.8692 -46.6738 3
      vertex -69.8296 -46.2941 3
      vertex -69.9039 -45.9755 3
    endloop
  endfacet
  facet normal 0 0 1
    outer loop
      vertex -72.0905 -46.0858 3
      vertex -69.9039 -45.9755 3
      vertex -69.9572 -45.6526 3
    endloop
  endfacet
  facet normal 0 0 1
    outer loop
      vertex -72.0905 -46.0858 3
      vertex -69.9572 -45.6526 3
      vertex -69.9893 -45.327 3
    endloop
  endfacet
  facet normal 0 0 1
    outer loop
      vertex -68.7592 -48.2967 3
      vertex -70.2177 -49.3297 3
      vertex -69.7882 -49.7882 3
    endloop
  endfacet
  facet normal 0 0 1
    outer loop
      vertex -72.2729 -45.4847 3
      vertex -69.9893 -45.327 3
      vertex -70 -45 3
    endloop
  endfacet
  facet normal 0 -0 1
    outer loop
      vertex -72.5179 -44.2531 3
      vertex -69.9039 -44.0245 3
      vertex -72.5795 -43.6279 3
    endloop
  endfacet
  facet normal 0 0 1
    outer loop
      vertex -69.8296 46.2941 3
      vertex -71.8692 46.6738 3
      vertex -69.9039 45.9755 3
    endloop
  endfacet
  facet normal 0 0 1
    outer loop
      vertex -69.9039 -44.0245 3
      vertex -72.5179 -44.2531 3
      vertex -69.9572 -44.3474 3
    endloop
  endfacet
  facet normal -0 0 1
    outer loop
      vertex -72.0905 46.0858 3
      vertex -69.9039 45.9755 3
      vertex -71.8692 46.6738 3
    endloop
  endfacet
  facet normal 0 -0 1
    outer loop
      vertex -72.4155 -44.8729 3
      vertex -69.9572 -44.3474 3
      vertex -72.5179 -44.2531 3
    endloop
  endfacet
  facet normal 0 0 1
    outer loop
      vertex -69.9039 45.9755 3
      vertex -72.0905 46.0858 3
      vertex -69.9572 45.6526 3
    endloop
  endfacet
  facet normal 0 0 1
    outer loop
      vertex -68.9668 -48.0438 3
      vertex -70.6162 -48.8441 3
      vertex -70.2177 -49.3297 3
    endloop
  endfacet
  facet normal 0 0 1
    outer loop
      vertex -69.9572 45.6526 3
      vertex -72.0905 46.0858 3
      vertex -69.9893 45.327 3
    endloop
  endfacet
  facet normal 0 0 1
    outer loop
      vertex -69.3301 -47.5 3
      vertex -70.9821 -48.3335 3
      vertex -70.6162 -48.8441 3
    endloop
  endfacet
  facet normal -0 0 1
    outer loop
      vertex -72.2729 45.4847 3
      vertex -69.9893 45.327 3
      vertex -72.0905 46.0858 3
    endloop
  endfacet
  facet normal 0 0 1
    outer loop
      vertex -69.4844 -47.2114 3
      vertex -71.3138 -47.8 3
      vertex -70.9821 -48.3335 3
    endloop
  endfacet
  facet normal 0 0 1
    outer loop
      vertex -69.9893 45.327 3
      vertex -72.2729 45.4847 3
      vertex -70 45 3
    endloop
  endfacet
  facet normal 0 0 1
    outer loop
      vertex -69.7346 -46.6072 3
      vertex -71.61 -47.246 3
      vertex -71.3138 -47.8 3
    endloop
  endfacet
  facet normal 0 0 1
    outer loop
      vertex -72.4155 44.8729 3
      vertex -70 45 3
      vertex -72.2729 45.4847 3
    endloop
  endfacet
  facet normal 0 0 1
    outer loop
      vertex -69.8296 -46.2941 3
      vertex -71.8692 -46.6738 3
      vertex -71.61 -47.246 3
    endloop
  endfacet
  facet normal 0 0 1
    outer loop
      vertex -69.9572 44.3474 3
      vertex -72.4155 44.8729 3
      vertex -72.5179 44.2531 3
    endloop
  endfacet
  facet normal 0 0 1
    outer loop
      vertex -69.9039 -45.9755 3
      vertex -72.0905 -46.0858 3
      vertex -71.8692 -46.6738 3
    endloop
  endfacet
  facet normal 0 0 1
    outer loop
      vertex -69.9039 44.0245 3
      vertex -72.5179 44.2531 3
      vertex -72.5795 43.6279 3
    endloop
  endfacet
  facet normal 0 0 1
    outer loop
      vertex -69.9893 -45.327 3
      vertex -72.2729 -45.4847 3
      vertex -72.0905 -46.0858 3
    endloop
  endfacet
  facet normal 0 0 1
    outer loop
      vertex -69.8296 43.7059 3
      vertex -72.5795 43.6279 3
      vertex -72.6 43 3
    endloop
  endfacet
  facet normal 0 0 1
    outer loop
      vertex -70 -45 3
      vertex -72.4155 -44.8729 3
      vertex -72.2729 -45.4847 3
    endloop
  endfacet
  facet normal 0 0 1
    outer loop
      vertex -69.9893 -44.673 3
      vertex -72.4155 -44.8729 3
      vertex -70 -45 3
    endloop
  endfacet
  facet normal 0 0 1
    outer loop
      vertex -69.9572 -44.3474 3
      vertex -72.4155 -44.8729 3
      vertex -69.9893 -44.673 3
    endloop
  endfacet
  facet normal 0.163005 0.986625 -0
    outer loop
      vertex -64.2531 -52.5179 3
      vertex -64.8729 -52.4155 60
      vertex -64.2531 -52.5179 60
    endloop
  endfacet
  facet normal 0.163005 0.986625 0
    outer loop
      vertex -64.8729 -52.4155 60
      vertex -64.2531 -52.5179 3
      vertex -64.8729 -52.4155 3
    endloop
  endfacet
  facet normal 0.226998 0.973895 -0
    outer loop
      vertex -64.8729 -52.4155 3
      vertex -65.4847 -52.2729 60
      vertex -64.8729 -52.4155 60
    endloop
  endfacet
  facet normal 0.226998 0.973895 0
    outer loop
      vertex -65.4847 -52.2729 60
      vertex -64.8729 -52.4155 3
      vertex -65.4847 -52.2729 3
    endloop
  endfacet
  facet normal -0.986625 -0.163005 0
    outer loop
      vertex 72.5179 44.2531 3
      vertex 72.4155 44.8729 60
      vertex 72.4155 44.8729 3
    endloop
  endfacet
  facet normal -0.986625 -0.163005 0
    outer loop
      vertex 72.4155 44.8729 60
      vertex 72.5179 44.2531 3
      vertex 72.5179 44.2531 60
    endloop
  endfacet
  facet normal -0.999467 -0.0326311 0
    outer loop
      vertex 72.6 43 3
      vertex 72.5795 43.6279 60
      vertex 72.5795 43.6279 3
    endloop
  endfacet
  facet normal -0.999467 -0.0326311 0
    outer loop
      vertex 72.5795 43.6279 60
      vertex 72.6 43 3
      vertex 72.6 43 60
    endloop
  endfacet
  facet normal -1 0 0
    outer loop
      vertex 72.6 -43 3
      vertex 72.6 43 60
      vertex 72.6 43 3
    endloop
  endfacet
  facet normal -1 -0 0
    outer loop
      vertex 72.6 43 60
      vertex 72.6 -43 3
      vertex 72.6 -43 60
    endloop
  endfacet
  facet normal -0.226998 -0.973895 0
    outer loop
      vertex 64.8729 52.4155 3
      vertex 65.4847 52.2729 60
      vertex 64.8729 52.4155 60
    endloop
  endfacet
  facet normal -0.226998 -0.973895 -0
    outer loop
      vertex 65.4847 52.2729 60
      vertex 64.8729 52.4155 3
      vertex 65.4847 52.2729 3
    endloop
  endfacet
  facet normal -0.471497 -0.881868 0
    outer loop
      vertex 67.246 51.61 3
      vertex 67.8 51.3138 60
      vertex 67.246 51.61 60
    endloop
  endfacet
  facet normal -0.471497 -0.881868 -0
    outer loop
      vertex 67.8 51.3138 60
      vertex 67.246 51.61 3
      vertex 67.8 51.3138 3
    endloop
  endfacet
  facet normal 0.634373 -0.773027 0
    outer loop
      vertex -69.3297 50.2177 3
      vertex -68.8441 50.6162 60
      vertex -69.3297 50.2177 60
    endloop
  endfacet
  facet normal 0.634373 -0.773027 0
    outer loop
      vertex -68.8441 50.6162 60
      vertex -69.3297 50.2177 3
      vertex -68.8441 50.6162 3
    endloop
  endfacet
  facet normal 0.35224 -0.93591 0
    outer loop
      vertex -66.6738 51.8692 3
      vertex -66.0858 52.0905 60
      vertex -66.6738 51.8692 60
    endloop
  endfacet
  facet normal 0.35224 -0.93591 0
    outer loop
      vertex -66.0858 52.0905 60
      vertex -66.6738 51.8692 3
      vertex -66.0858 52.0905 3
    endloop
  endfacet
  facet normal 0.995181 -0.0980537 0
    outer loop
      vertex -72.5795 43.6279 60
      vertex -72.5179 44.2531 3
      vertex -72.5179 44.2531 60
    endloop
  endfacet
  facet normal 0.995181 -0.0980537 0
    outer loop
      vertex -72.5179 44.2531 3
      vertex -72.5795 43.6279 60
      vertex -72.5795 43.6279 3
    endloop
  endfacet
  facet normal 0.881868 -0.471497 0
    outer loop
      vertex -71.61 47.246 60
      vertex -71.3138 47.8 3
      vertex -71.3138 47.8 60
    endloop
  endfacet
  facet normal 0.881868 -0.471497 0
    outer loop
      vertex -71.3138 47.8 3
      vertex -71.61 47.246 60
      vertex -71.61 47.246 3
    endloop
  endfacet
  facet normal 0.93591 -0.35224 0
    outer loop
      vertex -72.0905 46.0858 60
      vertex -71.8692 46.6738 3
      vertex -71.8692 46.6738 60
    endloop
  endfacet
  facet normal 0.93591 -0.35224 0
    outer loop
      vertex -71.8692 46.6738 3
      vertex -72.0905 46.0858 60
      vertex -72.0905 46.0858 3
    endloop
  endfacet
  facet normal 0.986625 -0.163005 0
    outer loop
      vertex -72.5179 44.2531 60
      vertex -72.4155 44.8729 3
      vertex -72.4155 44.8729 60
    endloop
  endfacet
  facet normal 0.986625 -0.163005 0
    outer loop
      vertex -72.4155 44.8729 3
      vertex -72.5179 44.2531 60
      vertex -72.5179 44.2531 3
    endloop
  endfacet
  facet normal 0.582487 0.81284 -0
    outer loop
      vertex -68.3335 -50.9821 3
      vertex -68.8441 -50.6162 60
      vertex -68.3335 -50.9821 60
    endloop
  endfacet
  facet normal 0.582487 0.81284 0
    outer loop
      vertex -68.8441 -50.6162 60
      vertex -68.3335 -50.9821 3
      vertex -68.8441 -50.6162 3
    endloop
  endfacet
  facet normal 0.412627 0.9109 -0
    outer loop
      vertex -66.6738 -51.8692 3
      vertex -67.246 -51.61 60
      vertex -66.6738 -51.8692 60
    endloop
  endfacet
  facet normal 0.412627 0.9109 0
    outer loop
      vertex -67.246 -51.61 60
      vertex -66.6738 -51.8692 3
      vertex -67.246 -51.61 3
    endloop
  endfacet
  facet normal 0.773027 0.634373 0
    outer loop
      vertex -70.2177 -49.3297 60
      vertex -70.6162 -48.8441 3
      vertex -70.6162 -48.8441 60
    endloop
  endfacet
  facet normal 0.773027 0.634373 0
    outer loop
      vertex -70.6162 -48.8441 3
      vertex -70.2177 -49.3297 60
      vertex -70.2177 -49.3297 3
    endloop
  endfacet
  facet normal 0.9109 0.412627 0
    outer loop
      vertex -71.61 -47.246 60
      vertex -71.8692 -46.6738 3
      vertex -71.8692 -46.6738 60
    endloop
  endfacet
  facet normal 0.9109 0.412627 0
    outer loop
      vertex -71.8692 -46.6738 3
      vertex -71.61 -47.246 60
      vertex -71.61 -47.246 3
    endloop
  endfacet
  facet normal 0.0980537 0.995181 -0
    outer loop
      vertex -63.6279 -52.5795 3
      vertex -64.2531 -52.5179 60
      vertex -63.6279 -52.5795 60
    endloop
  endfacet
  facet normal 0.0980537 0.995181 0
    outer loop
      vertex -64.2531 -52.5179 60
      vertex -63.6279 -52.5795 3
      vertex -64.2531 -52.5179 3
    endloop
  endfacet
  facet normal 0.29037 0.956915 -0
    outer loop
      vertex -65.4847 -52.2729 3
      vertex -66.0858 -52.0905 60
      vertex -65.4847 -52.2729 60
    endloop
  endfacet
  facet normal 0.29037 0.956915 0
    outer loop
      vertex -66.0858 -52.0905 60
      vertex -65.4847 -52.2729 3
      vertex -66.0858 -52.0905 3
    endloop
  endfacet
  facet normal -0.81284 -0.582487 0
    outer loop
      vertex 70.9821 48.3335 3
      vertex 70.6162 48.8441 60
      vertex 70.6162 48.8441 3
    endloop
  endfacet
  facet normal -0.81284 -0.582487 0
    outer loop
      vertex 70.6162 48.8441 60
      vertex 70.9821 48.3335 3
      vertex 70.9821 48.3335 60
    endloop
  endfacet
  facet normal -0.163005 0.986625 0
    outer loop
      vertex 64.8729 -52.4155 3
      vertex 64.2531 -52.5179 60
      vertex 64.8729 -52.4155 60
    endloop
  endfacet
  facet normal -0.163005 0.986625 0
    outer loop
      vertex 64.2531 -52.5179 60
      vertex 64.8729 -52.4155 3
      vertex 64.2531 -52.5179 3
    endloop
  endfacet
  facet normal -0.0980537 -0.995181 0
    outer loop
      vertex 63.6279 52.5795 3
      vertex 64.2531 52.5179 60
      vertex 63.6279 52.5795 60
    endloop
  endfacet
  facet normal -0.0980537 -0.995181 -0
    outer loop
      vertex 64.2531 52.5179 60
      vertex 63.6279 52.5795 3
      vertex 64.2531 52.5179 3
    endloop
  endfacet
  facet normal -0.29037 -0.956915 0
    outer loop
      vertex 65.4847 52.2729 3
      vertex 66.0858 52.0905 60
      vertex 65.4847 52.2729 60
    endloop
  endfacet
  facet normal -0.29037 -0.956915 -0
    outer loop
      vertex 66.0858 52.0905 60
      vertex 65.4847 52.2729 3
      vertex 66.0858 52.0905 3
    endloop
  endfacet
  facet normal -0.582487 -0.81284 0
    outer loop
      vertex 68.3335 50.9821 3
      vertex 68.8441 50.6162 60
      vertex 68.3335 50.9821 60
    endloop
  endfacet
  facet normal -0.582487 -0.81284 -0
    outer loop
      vertex 68.8441 50.6162 60
      vertex 68.3335 50.9821 3
      vertex 68.8441 50.6162 3
    endloop
  endfacet
  facet normal -0.634373 -0.773027 0
    outer loop
      vertex 68.8441 50.6162 3
      vertex 69.3297 50.2177 60
      vertex 68.8441 50.6162 60
    endloop
  endfacet
  facet normal -0.634373 -0.773027 -0
    outer loop
      vertex 69.3297 50.2177 60
      vertex 68.8441 50.6162 3
      vertex 69.3297 50.2177 3
    endloop
  endfacet
  facet normal 0.528009 -0.849239 0
    outer loop
      vertex -68.3335 50.9821 3
      vertex -67.8 51.3138 60
      vertex -68.3335 50.9821 60
    endloop
  endfacet
  facet normal 0.528009 -0.849239 0
    outer loop
      vertex -67.8 51.3138 60
      vertex -68.3335 50.9821 3
      vertex -67.8 51.3138 3
    endloop
  endfacet
  facet normal 0.29037 -0.956915 0
    outer loop
      vertex -66.0858 52.0905 3
      vertex -65.4847 52.2729 60
      vertex -66.0858 52.0905 60
    endloop
  endfacet
  facet normal 0.29037 -0.956915 0
    outer loop
      vertex -65.4847 52.2729 60
      vertex -66.0858 52.0905 3
      vertex -65.4847 52.2729 3
    endloop
  endfacet
  facet normal 0.68365 -0.72981 0
    outer loop
      vertex -69.7882 49.7882 3
      vertex -69.3297 50.2177 60
      vertex -69.7882 49.7882 60
    endloop
  endfacet
  facet normal 0.68365 -0.72981 0
    outer loop
      vertex -69.3297 50.2177 60
      vertex -69.7882 49.7882 3
      vertex -69.3297 50.2177 3
    endloop
  endfacet
  facet normal 0.528009 0.849239 -0
    outer loop
      vertex -67.8 -51.3138 3
      vertex -68.3335 -50.9821 60
      vertex -67.8 -51.3138 60
    endloop
  endfacet
  facet normal 0.528009 0.849239 0
    outer loop
      vertex -68.3335 -50.9821 60
      vertex -67.8 -51.3138 3
      vertex -68.3335 -50.9821 3
    endloop
  endfacet
  facet normal 0.72981 0.68365 0
    outer loop
      vertex -69.7882 -49.7882 60
      vertex -70.2177 -49.3297 3
      vertex -70.2177 -49.3297 60
    endloop
  endfacet
  facet normal 0.72981 0.68365 0
    outer loop
      vertex -70.2177 -49.3297 3
      vertex -69.7882 -49.7882 60
      vertex -69.7882 -49.7882 3
    endloop
  endfacet
  facet normal 0.849239 0.528009 0
    outer loop
      vertex -70.9821 -48.3335 60
      vertex -71.3138 -47.8 3
      vertex -71.3138 -47.8 60
    endloop
  endfacet
  facet normal 0.849239 0.528009 0
    outer loop
      vertex -71.3138 -47.8 3
      vertex -70.9821 -48.3335 60
      vertex -70.9821 -48.3335 3
    endloop
  endfacet
  facet normal -0.773027 -0.634373 0
    outer loop
      vertex 70.6162 48.8441 3
      vertex 70.2177 49.3297 60
      vertex 70.2177 49.3297 3
    endloop
  endfacet
  facet normal -0.773027 -0.634373 0
    outer loop
      vertex 70.2177 49.3297 60
      vertex 70.6162 48.8441 3
      vertex 70.6162 48.8441 60
    endloop
  endfacet
  facet normal -0.881868 -0.471497 0
    outer loop
      vertex 71.61 47.246 3
      vertex 71.3138 47.8 60
      vertex 71.3138 47.8 3
    endloop
  endfacet
  facet normal -0.881868 -0.471497 0
    outer loop
      vertex 71.3138 47.8 60
      vertex 71.61 47.246 3
      vertex 71.61 47.246 60
    endloop
  endfacet
  facet normal -0.995181 -0.0980537 0
    outer loop
      vertex 72.5795 43.6279 3
      vertex 72.5179 44.2531 60
      vertex 72.5179 44.2531 3
    endloop
  endfacet
  facet normal -0.995181 -0.0980537 0
    outer loop
      vertex 72.5179 44.2531 60
      vertex 72.5795 43.6279 3
      vertex 72.5795 43.6279 60
    endloop
  endfacet
  facet normal -0.973895 -0.226998 0
    outer loop
      vertex 72.4155 44.8729 3
      vertex 72.2729 45.4847 60
      vertex 72.2729 45.4847 3
    endloop
  endfacet
  facet normal -0.973895 -0.226998 0
    outer loop
      vertex 72.2729 45.4847 60
      vertex 72.4155 44.8729 3
      vertex 72.4155 44.8729 60
    endloop
  endfacet
  facet normal -0.9109 -0.412627 0
    outer loop
      vertex 71.8692 46.6738 3
      vertex 71.61 47.246 60
      vertex 71.61 47.246 3
    endloop
  endfacet
  facet normal -0.9109 -0.412627 0
    outer loop
      vertex 71.61 47.246 60
      vertex 71.8692 46.6738 3
      vertex 71.8692 46.6738 60
    endloop
  endfacet
  facet normal -0.973895 0.226998 0
    outer loop
      vertex 72.2729 -45.4847 3
      vertex 72.4155 -44.8729 60
      vertex 72.4155 -44.8729 3
    endloop
  endfacet
  facet normal -0.973895 0.226998 0
    outer loop
      vertex 72.4155 -44.8729 60
      vertex 72.2729 -45.4847 3
      vertex 72.2729 -45.4847 60
    endloop
  endfacet
  facet normal -0.634373 0.773027 0
    outer loop
      vertex 69.3297 -50.2177 3
      vertex 68.8441 -50.6162 60
      vertex 69.3297 -50.2177 60
    endloop
  endfacet
  facet normal -0.634373 0.773027 0
    outer loop
      vertex 68.8441 -50.6162 60
      vertex 69.3297 -50.2177 3
      vertex 68.8441 -50.6162 3
    endloop
  endfacet
  facet normal -0.471497 0.881868 0
    outer loop
      vertex 67.8 -51.3138 3
      vertex 67.246 -51.61 60
      vertex 67.8 -51.3138 60
    endloop
  endfacet
  facet normal -0.471497 0.881868 0
    outer loop
      vertex 67.246 -51.61 60
      vertex 67.8 -51.3138 3
      vertex 67.246 -51.61 3
    endloop
  endfacet
  facet normal -0.412627 0.9109 0
    outer loop
      vertex 67.246 -51.61 3
      vertex 66.6738 -51.8692 60
      vertex 67.246 -51.61 60
    endloop
  endfacet
  facet normal -0.412627 0.9109 0
    outer loop
      vertex 66.6738 -51.8692 60
      vertex 67.246 -51.61 3
      vertex 66.6738 -51.8692 3
    endloop
  endfacet
  facet normal -0.226998 0.973895 0
    outer loop
      vertex 65.4847 -52.2729 3
      vertex 64.8729 -52.4155 60
      vertex 65.4847 -52.2729 60
    endloop
  endfacet
  facet normal -0.226998 0.973895 0
    outer loop
      vertex 64.8729 -52.4155 60
      vertex 65.4847 -52.2729 3
      vertex 64.8729 -52.4155 3
    endloop
  endfacet
  facet normal -0.163005 -0.986625 0
    outer loop
      vertex 64.2531 52.5179 3
      vertex 64.8729 52.4155 60
      vertex 64.2531 52.5179 60
    endloop
  endfacet
  facet normal -0.163005 -0.986625 -0
    outer loop
      vertex 64.8729 52.4155 60
      vertex 64.2531 52.5179 3
      vertex 64.8729 52.4155 3
    endloop
  endfacet
  facet normal 0.412627 -0.9109 0
    outer loop
      vertex -67.246 51.61 3
      vertex -66.6738 51.8692 60
      vertex -67.246 51.61 60
    endloop
  endfacet
  facet normal 0.412627 -0.9109 0
    outer loop
      vertex -66.6738 51.8692 60
      vertex -67.246 51.61 3
      vertex -66.6738 51.8692 3
    endloop
  endfacet
  facet normal 0.582487 -0.81284 0
    outer loop
      vertex -68.8441 50.6162 3
      vertex -68.3335 50.9821 60
      vertex -68.8441 50.6162 60
    endloop
  endfacet
  facet normal 0.582487 -0.81284 0
    outer loop
      vertex -68.3335 50.9821 60
      vertex -68.8441 50.6162 3
      vertex -68.3335 50.9821 3
    endloop
  endfacet
  facet normal 0.72981 -0.68365 0
    outer loop
      vertex -70.2177 49.3297 60
      vertex -69.7882 49.7882 3
      vertex -69.7882 49.7882 60
    endloop
  endfacet
  facet normal 0.72981 -0.68365 0
    outer loop
      vertex -69.7882 49.7882 3
      vertex -70.2177 49.3297 60
      vertex -70.2177 49.3297 3
    endloop
  endfacet
  facet normal 0.849239 -0.528009 0
    outer loop
      vertex -71.3138 47.8 60
      vertex -70.9821 48.3335 3
      vertex -70.9821 48.3335 60
    endloop
  endfacet
  facet normal 0.849239 -0.528009 0
    outer loop
      vertex -70.9821 48.3335 3
      vertex -71.3138 47.8 60
      vertex -71.3138 47.8 3
    endloop
  endfacet
  facet normal 0.81284 -0.582487 0
    outer loop
      vertex -70.9821 48.3335 60
      vertex -70.6162 48.8441 3
      vertex -70.6162 48.8441 60
    endloop
  endfacet
  facet normal 0.81284 -0.582487 0
    outer loop
      vertex -70.6162 48.8441 3
      vertex -70.9821 48.3335 60
      vertex -70.9821 48.3335 3
    endloop
  endfacet
  facet normal 0.773027 -0.634373 0
    outer loop
      vertex -70.6162 48.8441 60
      vertex -70.2177 49.3297 3
      vertex -70.2177 49.3297 60
    endloop
  endfacet
  facet normal 0.773027 -0.634373 0
    outer loop
      vertex -70.2177 49.3297 3
      vertex -70.6162 48.8441 60
      vertex -70.6162 48.8441 3
    endloop
  endfacet
  facet normal 0.81284 0.582487 0
    outer loop
      vertex -70.6162 -48.8441 60
      vertex -70.9821 -48.3335 3
      vertex -70.9821 -48.3335 60
    endloop
  endfacet
  facet normal 0.81284 0.582487 0
    outer loop
      vertex -70.9821 -48.3335 3
      vertex -70.6162 -48.8441 60
      vertex -70.6162 -48.8441 3
    endloop
  endfacet
  facet normal 0.986625 0.163005 0
    outer loop
      vertex -72.4155 -44.8729 60
      vertex -72.5179 -44.2531 3
      vertex -72.5179 -44.2531 60
    endloop
  endfacet
  facet normal 0.986625 0.163005 0
    outer loop
      vertex -72.5179 -44.2531 3
      vertex -72.4155 -44.8729 60
      vertex -72.4155 -44.8729 3
    endloop
  endfacet
  facet normal 0.995181 0.0980537 0
    outer loop
      vertex -72.5179 -44.2531 60
      vertex -72.5795 -43.6279 3
      vertex -72.5795 -43.6279 60
    endloop
  endfacet
  facet normal 0.995181 0.0980537 0
    outer loop
      vertex -72.5795 -43.6279 3
      vertex -72.5179 -44.2531 60
      vertex -72.5179 -44.2531 3
    endloop
  endfacet
  facet normal -0.72981 -0.68365 0
    outer loop
      vertex 70.2177 49.3297 3
      vertex 69.7882 49.7882 60
      vertex 69.7882 49.7882 3
    endloop
  endfacet
  facet normal -0.72981 -0.68365 0
    outer loop
      vertex 69.7882 49.7882 60
      vertex 70.2177 49.3297 3
      vertex 70.2177 49.3297 60
    endloop
  endfacet
  facet normal -0.849239 -0.528009 0
    outer loop
      vertex 71.3138 47.8 3
      vertex 70.9821 48.3335 60
      vertex 70.9821 48.3335 3
    endloop
  endfacet
  facet normal -0.849239 -0.528009 0
    outer loop
      vertex 70.9821 48.3335 60
      vertex 71.3138 47.8 3
      vertex 71.3138 47.8 60
    endloop
  endfacet
  facet normal -0.93591 -0.35224 0
    outer loop
      vertex 72.0905 46.0858 3
      vertex 71.8692 46.6738 60
      vertex 71.8692 46.6738 3
    endloop
  endfacet
  facet normal -0.93591 -0.35224 0
    outer loop
      vertex 71.8692 46.6738 60
      vertex 72.0905 46.0858 3
      vertex 72.0905 46.0858 60
    endloop
  endfacet
  facet normal -0.956915 -0.29037 0
    outer loop
      vertex 72.2729 45.4847 3
      vertex 72.0905 46.0858 60
      vertex 72.0905 46.0858 3
    endloop
  endfacet
  facet normal -0.956915 -0.29037 0
    outer loop
      vertex 72.0905 46.0858 60
      vertex 72.2729 45.4847 3
      vertex 72.2729 45.4847 60
    endloop
  endfacet
  facet normal -0.773027 0.634373 0
    outer loop
      vertex 70.2177 -49.3297 3
      vertex 70.6162 -48.8441 60
      vertex 70.6162 -48.8441 3
    endloop
  endfacet
  facet normal -0.773027 0.634373 0
    outer loop
      vertex 70.6162 -48.8441 60
      vertex 70.2177 -49.3297 3
      vertex 70.2177 -49.3297 60
    endloop
  endfacet
  facet normal -0.81284 0.582487 0
    outer loop
      vertex 70.6162 -48.8441 3
      vertex 70.9821 -48.3335 60
      vertex 70.9821 -48.3335 3
    endloop
  endfacet
  facet normal -0.81284 0.582487 0
    outer loop
      vertex 70.9821 -48.3335 60
      vertex 70.6162 -48.8441 3
      vertex 70.6162 -48.8441 60
    endloop
  endfacet
  facet normal -0.881868 0.471497 0
    outer loop
      vertex 71.3138 -47.8 3
      vertex 71.61 -47.246 60
      vertex 71.61 -47.246 3
    endloop
  endfacet
  facet normal -0.881868 0.471497 0
    outer loop
      vertex 71.61 -47.246 60
      vertex 71.3138 -47.8 3
      vertex 71.3138 -47.8 60
    endloop
  endfacet
  facet normal -0.849239 0.528009 0
    outer loop
      vertex 70.9821 -48.3335 3
      vertex 71.3138 -47.8 60
      vertex 71.3138 -47.8 3
    endloop
  endfacet
  facet normal -0.849239 0.528009 0
    outer loop
      vertex 71.3138 -47.8 60
      vertex 70.9821 -48.3335 3
      vertex 70.9821 -48.3335 60
    endloop
  endfacet
  facet normal -0.9109 0.412627 0
    outer loop
      vertex 71.61 -47.246 3
      vertex 71.8692 -46.6738 60
      vertex 71.8692 -46.6738 3
    endloop
  endfacet
  facet normal -0.9109 0.412627 0
    outer loop
      vertex 71.8692 -46.6738 60
      vertex 71.61 -47.246 3
      vertex 71.61 -47.246 60
    endloop
  endfacet
  facet normal -0.93591 0.35224 0
    outer loop
      vertex 71.8692 -46.6738 3
      vertex 72.0905 -46.0858 60
      vertex 72.0905 -46.0858 3
    endloop
  endfacet
  facet normal -0.93591 0.35224 0
    outer loop
      vertex 72.0905 -46.0858 60
      vertex 71.8692 -46.6738 3
      vertex 71.8692 -46.6738 60
    endloop
  endfacet
  facet normal -0.986625 0.163005 0
    outer loop
      vertex 72.4155 -44.8729 3
      vertex 72.5179 -44.2531 60
      vertex 72.5179 -44.2531 3
    endloop
  endfacet
  facet normal -0.986625 0.163005 0
    outer loop
      vertex 72.5179 -44.2531 60
      vertex 72.4155 -44.8729 3
      vertex 72.4155 -44.8729 60
    endloop
  endfacet
  facet normal -0.528009 0.849239 0
    outer loop
      vertex 68.3335 -50.9821 3
      vertex 67.8 -51.3138 60
      vertex 68.3335 -50.9821 60
    endloop
  endfacet
  facet normal -0.528009 0.849239 0
    outer loop
      vertex 67.8 -51.3138 60
      vertex 68.3335 -50.9821 3
      vertex 67.8 -51.3138 3
    endloop
  endfacet
  facet normal -0.68365 0.72981 0
    outer loop
      vertex 69.7882 -49.7882 3
      vertex 69.3297 -50.2177 60
      vertex 69.7882 -49.7882 60
    endloop
  endfacet
  facet normal -0.68365 0.72981 0
    outer loop
      vertex 69.3297 -50.2177 60
      vertex 69.7882 -49.7882 3
      vertex 69.3297 -50.2177 3
    endloop
  endfacet
  facet normal -0.72981 0.68365 0
    outer loop
      vertex 69.7882 -49.7882 3
      vertex 70.2177 -49.3297 60
      vertex 70.2177 -49.3297 3
    endloop
  endfacet
  facet normal -0.72981 0.68365 0
    outer loop
      vertex 70.2177 -49.3297 60
      vertex 69.7882 -49.7882 3
      vertex 69.7882 -49.7882 60
    endloop
  endfacet
  facet normal -0.35224 0.93591 0
    outer loop
      vertex 66.6738 -51.8692 3
      vertex 66.0858 -52.0905 60
      vertex 66.6738 -51.8692 60
    endloop
  endfacet
  facet normal -0.35224 0.93591 0
    outer loop
      vertex 66.0858 -52.0905 60
      vertex 66.6738 -51.8692 3
      vertex 66.0858 -52.0905 3
    endloop
  endfacet
  facet normal -0.29037 0.956915 0
    outer loop
      vertex 66.0858 -52.0905 3
      vertex 65.4847 -52.2729 60
      vertex 66.0858 -52.0905 60
    endloop
  endfacet
  facet normal -0.29037 0.956915 0
    outer loop
      vertex 65.4847 -52.2729 60
      vertex 66.0858 -52.0905 3
      vertex 65.4847 -52.2729 3
    endloop
  endfacet
  facet normal 0.973895 0.226998 0
    outer loop
      vertex -72.2729 -45.4847 60
      vertex -72.4155 -44.8729 3
      vertex -72.4155 -44.8729 60
    endloop
  endfacet
  facet normal 0.973895 0.226998 0
    outer loop
      vertex -72.4155 -44.8729 3
      vertex -72.2729 -45.4847 60
      vertex -72.2729 -45.4847 3
    endloop
  endfacet
  facet normal 0.956915 0.29037 0
    outer loop
      vertex -72.0905 -46.0858 60
      vertex -72.2729 -45.4847 3
      vertex -72.2729 -45.4847 60
    endloop
  endfacet
  facet normal 0.956915 0.29037 0
    outer loop
      vertex -72.2729 -45.4847 3
      vertex -72.0905 -46.0858 60
      vertex -72.0905 -46.0858 3
    endloop
  endfacet
  facet normal -0.956915 0.29037 0
    outer loop
      vertex 72.0905 -46.0858 3
      vertex 72.2729 -45.4847 60
      vertex 72.2729 -45.4847 3
    endloop
  endfacet
  facet normal -0.956915 0.29037 0
    outer loop
      vertex 72.2729 -45.4847 60
      vertex 72.0905 -46.0858 3
      vertex 72.0905 -46.0858 60
    endloop
  endfacet
  facet normal -0.995181 0.0980537 0
    outer loop
      vertex 72.5179 -44.2531 3
      vertex 72.5795 -43.6279 60
      vertex 72.5795 -43.6279 3
    endloop
  endfacet
  facet normal -0.995181 0.0980537 0
    outer loop
      vertex 72.5795 -43.6279 60
      vertex 72.5179 -44.2531 3
      vertex 72.5179 -44.2531 60
    endloop
  endfacet
  facet normal -0.582487 0.81284 0
    outer loop
      vertex 68.8441 -50.6162 3
      vertex 68.3335 -50.9821 60
      vertex 68.8441 -50.6162 60
    endloop
  endfacet
  facet normal -0.582487 0.81284 0
    outer loop
      vertex 68.3335 -50.9821 60
      vertex 68.8441 -50.6162 3
      vertex 68.3335 -50.9821 3
    endloop
  endfacet
  facet normal 0.163005 -0.986625 0
    outer loop
      vertex -64.8729 52.4155 3
      vertex -64.2531 52.5179 60
      vertex -64.8729 52.4155 60
    endloop
  endfacet
  facet normal 0.163005 -0.986625 0
    outer loop
      vertex -64.2531 52.5179 60
      vertex -64.8729 52.4155 3
      vertex -64.2531 52.5179 3
    endloop
  endfacet
  facet normal 0.0980537 -0.995181 0
    outer loop
      vertex -64.2531 52.5179 3
      vertex -63.6279 52.5795 60
      vertex -64.2531 52.5179 60
    endloop
  endfacet
  facet normal 0.0980537 -0.995181 0
    outer loop
      vertex -63.6279 52.5795 60
      vertex -64.2531 52.5179 3
      vertex -63.6279 52.5795 3
    endloop
  endfacet
  facet normal 0.93591 0.35224 0
    outer loop
      vertex -71.8692 -46.6738 60
      vertex -72.0905 -46.0858 3
      vertex -72.0905 -46.0858 60
    endloop
  endfacet
  facet normal 0.93591 0.35224 0
    outer loop
      vertex -72.0905 -46.0858 3
      vertex -71.8692 -46.6738 60
      vertex -71.8692 -46.6738 3
    endloop
  endfacet
  facet normal 0.683656 0.729804 -0
    outer loop
      vertex -61.4645 -41.4645 3
      vertex -61.7033 -41.2408 60
      vertex -61.4645 -41.4645 60
    endloop
  endfacet
  facet normal 0.683656 0.729804 0
    outer loop
      vertex -61.7033 -41.2408 60
      vertex -61.4645 -41.4645 3
      vertex -61.7033 -41.2408 3
    endloop
  endfacet
  facet normal -0.812906 -0.582394 0
    outer loop
      vertex -68.9668 -48.0438 3
      vertex -69.1573 -47.7779 60
      vertex -69.1573 -47.7779 3
    endloop
  endfacet
  facet normal -0.812906 -0.582394 0
    outer loop
      vertex -69.1573 -47.7779 60
      vertex -68.9668 -48.0438 3
      vertex -68.9668 -48.0438 60
    endloop
  endfacet
  facet normal 0.956922 0.290347 0
    outer loop
      vertex -60.1704 -43.7059 60
      vertex -60.2654 -43.3928 3
      vertex -60.2654 -43.3928 60
    endloop
  endfacet
  facet normal 0.956922 0.290347 0
    outer loop
      vertex -60.2654 -43.3928 3
      vertex -60.1704 -43.7059 60
      vertex -60.1704 -43.7059 3
    endloop
  endfacet
  facet normal 0.0327042 0.999465 -0
    outer loop
      vertex -64.673 -40.0107 3
      vertex -65 -40 60
      vertex -64.673 -40.0107 60
    endloop
  endfacet
  facet normal 0.0327042 0.999465 0
    outer loop
      vertex -65 -40 60
      vertex -64.673 -40.0107 3
      vertex -65 -40 3
    endloop
  endfacet
  facet normal 0.412651 0.910889 -0
    outer loop
      vertex -62.7886 -40.5156 3
      vertex -63.0866 -40.3806 60
      vertex -62.7886 -40.5156 60
    endloop
  endfacet
  facet normal 0.412651 0.910889 0
    outer loop
      vertex -63.0866 -40.3806 60
      vertex -62.7886 -40.5156 3
      vertex -63.0866 -40.3806 3
    endloop
  endfacet
  facet normal -0.849215 0.528047 0
    outer loop
      vertex -69.3301 -42.5 3
      vertex -69.1573 -42.2221 60
      vertex -69.1573 -42.2221 3
    endloop
  endfacet
  facet normal -0.849215 0.528047 0
    outer loop
      vertex -69.1573 -42.2221 60
      vertex -69.3301 -42.5 3
      vertex -69.3301 -42.5 60
    endloop
  endfacet
  facet normal -0.812906 0.582394 0
    outer loop
      vertex -69.1573 -42.2221 3
      vertex -68.9668 -41.9562 60
      vertex -68.9668 -41.9562 3
    endloop
  endfacet
  facet normal -0.812906 0.582394 0
    outer loop
      vertex -68.9668 -41.9562 60
      vertex -69.1573 -42.2221 3
      vertex -69.1573 -42.2221 60
    endloop
  endfacet
  facet normal -0.995175 0.0981116 0
    outer loop
      vertex -69.9893 -44.673 3
      vertex -69.9572 -44.3474 60
      vertex -69.9572 -44.3474 3
    endloop
  endfacet
  facet normal -0.995175 0.0981116 0
    outer loop
      vertex -69.9572 -44.3474 60
      vertex -69.9893 -44.673 3
      vertex -69.9893 -44.673 60
    endloop
  endfacet
  facet normal -0.634485 0.772935 0
    outer loop
      vertex -68.0438 -41.0332 3
      vertex -68.2967 -41.2408 60
      vertex -68.0438 -41.0332 60
    endloop
  endfacet
  facet normal -0.634485 0.772935 0
    outer loop
      vertex -68.2967 -41.2408 60
      vertex -68.0438 -41.0332 3
      vertex -68.2967 -41.2408 3
    endloop
  endfacet
  facet normal -0.352128 0.935952 0
    outer loop
      vertex -66.6072 -40.2654 3
      vertex -66.9134 -40.3806 60
      vertex -66.6072 -40.2654 60
    endloop
  endfacet
  facet normal -0.352128 0.935952 0
    outer loop
      vertex -66.9134 -40.3806 60
      vertex -66.6072 -40.2654 3
      vertex -66.9134 -40.3806 3
    endloop
  endfacet
  facet normal 0.88187 -0.471492 0
    outer loop
      vertex -60.6699 -47.5 60
      vertex -60.5156 -47.2114 3
      vertex -60.5156 -47.2114 60
    endloop
  endfacet
  facet normal 0.88187 -0.471492 0
    outer loop
      vertex -60.5156 -47.2114 3
      vertex -60.6699 -47.5 60
      vertex -60.6699 -47.5 3
    endloop
  endfacet
  facet normal 0.227046 -0.973884 0
    outer loop
      vertex -64.0246 -49.9039 3
      vertex -63.7059 -49.8296 60
      vertex -64.0246 -49.9039 60
    endloop
  endfacet
  facet normal 0.227046 -0.973884 0
    outer loop
      vertex -63.7059 -49.8296 60
      vertex -64.0246 -49.9039 3
      vertex -63.7059 -49.8296 3
    endloop
  endfacet
  facet normal 0.634485 -0.772935 0
    outer loop
      vertex -61.9562 -48.9668 3
      vertex -61.7033 -48.7592 60
      vertex -61.9562 -48.9668 60
    endloop
  endfacet
  facet normal 0.634485 -0.772935 0
    outer loop
      vertex -61.7033 -48.7592 60
      vertex -61.9562 -48.9668 3
      vertex -61.7033 -48.7592 3
    endloop
  endfacet
  facet normal 0.999465 -0.0327042 0
    outer loop
      vertex -60.0107 -45.327 60
      vertex -60 -45 3
      vertex -60 -45 60
    endloop
  endfacet
  facet normal 0.999465 -0.0327042 0
    outer loop
      vertex -60 -45 3
      vertex -60.0107 -45.327 60
      vertex -60.0107 -45.327 3
    endloop
  endfacet
  facet normal -0.352128 -0.935952 0
    outer loop
      vertex -66.9134 -49.6194 3
      vertex -66.6072 -49.7346 60
      vertex -66.9134 -49.6194 60
    endloop
  endfacet
  facet normal -0.352128 -0.935952 -0
    outer loop
      vertex -66.6072 -49.7346 60
      vertex -66.9134 -49.6194 3
      vertex -66.6072 -49.7346 3
    endloop
  endfacet
  facet normal -0.528184 -0.84913 0
    outer loop
      vertex -67.7778 -49.1573 3
      vertex -67.5 -49.3301 60
      vertex -67.7778 -49.1573 60
    endloop
  endfacet
  facet normal -0.528184 -0.84913 -0
    outer loop
      vertex -67.5 -49.3301 60
      vertex -67.7778 -49.1573 3
      vertex -67.5 -49.3301 3
    endloop
  endfacet
  facet normal 0.995175 0.0981116 0
    outer loop
      vertex -60.0107 -44.673 60
      vertex -60.0428 -44.3474 3
      vertex -60.0428 -44.3474 60
    endloop
  endfacet
  facet normal 0.995175 0.0981116 0
    outer loop
      vertex -60.0428 -44.3474 3
      vertex -60.0107 -44.673 60
      vertex -60.0107 -44.673 3
    endloop
  endfacet
  facet normal 0.849215 0.528047 0
    outer loop
      vertex -60.6699 -42.5 60
      vertex -60.8427 -42.2221 3
      vertex -60.8427 -42.2221 60
    endloop
  endfacet
  facet normal 0.849215 0.528047 0
    outer loop
      vertex -60.8427 -42.2221 3
      vertex -60.6699 -42.5 60
      vertex -60.6699 -42.5 3
    endloop
  endfacet
  facet normal 0.729804 0.683656 0
    outer loop
      vertex -61.2408 -41.7033 60
      vertex -61.4645 -41.4645 3
      vertex -61.4645 -41.4645 60
    endloop
  endfacet
  facet normal 0.729804 0.683656 0
    outer loop
      vertex -61.4645 -41.4645 3
      vertex -61.2408 -41.7033 60
      vertex -61.2408 -41.7033 3
    endloop
  endfacet
  facet normal 0.812906 0.582394 0
    outer loop
      vertex -60.8427 -42.2221 60
      vertex -61.0332 -41.9562 3
      vertex -61.0332 -41.9562 60
    endloop
  endfacet
  facet normal 0.812906 0.582394 0
    outer loop
      vertex -61.0332 -41.9562 3
      vertex -60.8427 -42.2221 60
      vertex -60.8427 -42.2221 3
    endloop
  endfacet
  facet normal 0.162912 0.986641 -0
    outer loop
      vertex -64.0246 -40.0961 3
      vertex -64.3474 -40.0428 60
      vertex -64.0246 -40.0961 60
    endloop
  endfacet
  facet normal 0.162912 0.986641 0
    outer loop
      vertex -64.3474 -40.0428 60
      vertex -64.0246 -40.0961 3
      vertex -64.3474 -40.0428 3
    endloop
  endfacet
  facet normal 0.290347 0.956922 -0
    outer loop
      vertex -63.3928 -40.2654 3
      vertex -63.7059 -40.1704 60
      vertex -63.3928 -40.2654 60
    endloop
  endfacet
  facet normal 0.290347 0.956922 0
    outer loop
      vertex -63.7059 -40.1704 60
      vertex -63.3928 -40.2654 3
      vertex -63.7059 -40.1704 3
    endloop
  endfacet
  facet normal 0.0981116 0.995175 -0
    outer loop
      vertex -64.3474 -40.0428 3
      vertex -64.673 -40.0107 60
      vertex -64.3474 -40.0428 60
    endloop
  endfacet
  facet normal 0.0981116 0.995175 0
    outer loop
      vertex -64.673 -40.0107 60
      vertex -64.3474 -40.0428 3
      vertex -64.673 -40.0107 3
    endloop
  endfacet
  facet normal 0.634485 0.772935 -0
    outer loop
      vertex -61.7033 -41.2408 3
      vertex -61.9562 -41.0332 60
      vertex -61.7033 -41.2408 60
    endloop
  endfacet
  facet normal 0.634485 0.772935 0
    outer loop
      vertex -61.9562 -41.0332 60
      vertex -61.7033 -41.2408 3
      vertex -61.9562 -41.0332 3
    endloop
  endfacet
  facet normal -0.973868 0.227114 0
    outer loop
      vertex -69.9039 -44.0245 3
      vertex -69.8296 -43.7059 60
      vertex -69.8296 -43.7059 3
    endloop
  endfacet
  facet normal -0.973868 0.227114 0
    outer loop
      vertex -69.8296 -43.7059 60
      vertex -69.9039 -44.0245 3
      vertex -69.9039 -44.0245 60
    endloop
  endfacet
  facet normal -0.910889 0.412651 0
    outer loop
      vertex -69.6194 -43.0866 3
      vertex -69.4844 -42.7886 60
      vertex -69.4844 -42.7886 3
    endloop
  endfacet
  facet normal -0.910889 0.412651 0
    outer loop
      vertex -69.4844 -42.7886 60
      vertex -69.6194 -43.0866 3
      vertex -69.6194 -43.0866 60
    endloop
  endfacet
  facet normal -0.935952 0.352128 0
    outer loop
      vertex -69.7346 -43.3928 3
      vertex -69.6194 -43.0866 60
      vertex -69.6194 -43.0866 3
    endloop
  endfacet
  facet normal -0.935952 0.352128 0
    outer loop
      vertex -69.6194 -43.0866 60
      vertex -69.7346 -43.3928 3
      vertex -69.7346 -43.3928 60
    endloop
  endfacet
  facet normal -0.986649 0.162863 0
    outer loop
      vertex -69.9572 -44.3474 3
      vertex -69.9039 -44.0245 60
      vertex -69.9039 -44.0245 3
    endloop
  endfacet
  facet normal -0.986649 0.162863 0
    outer loop
      vertex -69.9039 -44.0245 60
      vertex -69.9572 -44.3474 3
      vertex -69.9572 -44.3474 60
    endloop
  endfacet
  facet normal -0.471492 0.88187 0
    outer loop
      vertex -67.2114 -40.5156 3
      vertex -67.5 -40.6699 60
      vertex -67.2114 -40.5156 60
    endloop
  endfacet
  facet normal -0.471492 0.88187 0
    outer loop
      vertex -67.5 -40.6699 60
      vertex -67.2114 -40.5156 3
      vertex -67.5 -40.6699 3
    endloop
  endfacet
  facet normal -0.528184 0.84913 0
    outer loop
      vertex -67.5 -40.6699 3
      vertex -67.7778 -40.8427 60
      vertex -67.5 -40.6699 60
    endloop
  endfacet
  facet normal -0.528184 0.84913 0
    outer loop
      vertex -67.7778 -40.8427 60
      vertex -67.5 -40.6699 3
      vertex -67.7778 -40.8427 3
    endloop
  endfacet
  facet normal -0.58225 0.81301 0
    outer loop
      vertex -67.7778 -40.8427 3
      vertex -68.0438 -41.0332 60
      vertex -67.7778 -40.8427 60
    endloop
  endfacet
  facet normal -0.58225 0.81301 0
    outer loop
      vertex -68.0438 -41.0332 60
      vertex -67.7778 -40.8427 3
      vertex -68.0438 -41.0332 3
    endloop
  endfacet
  facet normal -0.0981116 0.995175 0
    outer loop
      vertex -65.327 -40.0107 3
      vertex -65.6526 -40.0428 60
      vertex -65.327 -40.0107 60
    endloop
  endfacet
  facet normal -0.0981116 0.995175 0
    outer loop
      vertex -65.6526 -40.0428 60
      vertex -65.327 -40.0107 3
      vertex -65.6526 -40.0428 3
    endloop
  endfacet
  facet normal -0.290347 0.956922 0
    outer loop
      vertex -66.2941 -40.1704 3
      vertex -66.6072 -40.2654 60
      vertex -66.2941 -40.1704 60
    endloop
  endfacet
  facet normal -0.290347 0.956922 0
    outer loop
      vertex -66.6072 -40.2654 60
      vertex -66.2941 -40.1704 3
      vertex -66.6072 -40.2654 3
    endloop
  endfacet
  facet normal 0.162912 -0.986641 0
    outer loop
      vertex -64.3474 -49.9572 3
      vertex -64.0246 -49.9039 60
      vertex -64.3474 -49.9572 60
    endloop
  endfacet
  facet normal 0.162912 -0.986641 0
    outer loop
      vertex -64.0246 -49.9039 60
      vertex -64.3474 -49.9572 3
      vertex -64.0246 -49.9039 3
    endloop
  endfacet
  facet normal 0.412651 -0.910889 0
    outer loop
      vertex -63.0866 -49.6194 3
      vertex -62.7886 -49.4844 60
      vertex -63.0866 -49.6194 60
    endloop
  endfacet
  facet normal 0.412651 -0.910889 0
    outer loop
      vertex -62.7886 -49.4844 60
      vertex -63.0866 -49.6194 3
      vertex -62.7886 -49.4844 3
    endloop
  endfacet
  facet normal 0.582394 -0.812906 0
    outer loop
      vertex -62.2221 -49.1573 3
      vertex -61.9562 -48.9668 60
      vertex -62.2221 -49.1573 60
    endloop
  endfacet
  facet normal 0.582394 -0.812906 0
    outer loop
      vertex -61.9562 -48.9668 60
      vertex -62.2221 -49.1573 3
      vertex -61.9562 -48.9668 3
    endloop
  endfacet
  facet normal 0.956922 -0.290347 0
    outer loop
      vertex -60.2654 -46.6072 60
      vertex -60.1704 -46.2941 3
      vertex -60.1704 -46.2941 60
    endloop
  endfacet
  facet normal 0.956922 -0.290347 0
    outer loop
      vertex -60.1704 -46.2941 3
      vertex -60.2654 -46.6072 60
      vertex -60.2654 -46.6072 3
    endloop
  endfacet
  facet normal 0.995175 -0.0981116 0
    outer loop
      vertex -60.0428 -45.6526 60
      vertex -60.0107 -45.327 3
      vertex -60.0107 -45.327 60
    endloop
  endfacet
  facet normal 0.995175 -0.0981116 0
    outer loop
      vertex -60.0107 -45.327 3
      vertex -60.0428 -45.6526 60
      vertex -60.0428 -45.6526 3
    endloop
  endfacet
  facet normal -0.162912 -0.986641 0
    outer loop
      vertex -65.9754 -49.9039 3
      vertex -65.6526 -49.9572 60
      vertex -65.9754 -49.9039 60
    endloop
  endfacet
  facet normal -0.162912 -0.986641 -0
    outer loop
      vertex -65.6526 -49.9572 60
      vertex -65.9754 -49.9039 3
      vertex -65.6526 -49.9572 3
    endloop
  endfacet
  facet normal -0.0981116 -0.995175 0
    outer loop
      vertex -65.6526 -49.9572 3
      vertex -65.327 -49.9893 60
      vertex -65.6526 -49.9572 60
    endloop
  endfacet
  facet normal -0.0981116 -0.995175 -0
    outer loop
      vertex -65.327 -49.9893 60
      vertex -65.6526 -49.9572 3
      vertex -65.327 -49.9893 3
    endloop
  endfacet
  facet normal -0.58225 -0.81301 0
    outer loop
      vertex -68.0438 -48.9668 3
      vertex -67.7778 -49.1573 60
      vertex -68.0438 -48.9668 60
    endloop
  endfacet
  facet normal -0.58225 -0.81301 -0
    outer loop
      vertex -67.7778 -49.1573 60
      vertex -68.0438 -48.9668 3
      vertex -67.7778 -49.1573 3
    endloop
  endfacet
  facet normal -0.910889 -0.412651 0
    outer loop
      vertex -69.4844 -47.2114 3
      vertex -69.6194 -46.9134 60
      vertex -69.6194 -46.9134 3
    endloop
  endfacet
  facet normal -0.910889 -0.412651 0
    outer loop
      vertex -69.6194 -46.9134 60
      vertex -69.4844 -47.2114 3
      vertex -69.4844 -47.2114 60
    endloop
  endfacet
  facet normal -0.999465 -0.0327042 0
    outer loop
      vertex -69.9893 -45.327 3
      vertex -70 -45 60
      vertex -70 -45 3
    endloop
  endfacet
  facet normal -0.999465 -0.0327042 0
    outer loop
      vertex -70 -45 60
      vertex -69.9893 -45.327 3
      vertex -69.9893 -45.327 60
    endloop
  endfacet
  facet normal 0.910889 0.412651 0
    outer loop
      vertex -60.3806 -43.0866 60
      vertex -60.5156 -42.7886 3
      vertex -60.5156 -42.7886 60
    endloop
  endfacet
  facet normal 0.910889 0.412651 0
    outer loop
      vertex -60.5156 -42.7886 3
      vertex -60.3806 -43.0866 60
      vertex -60.3806 -43.0866 3
    endloop
  endfacet
  facet normal 0.935952 0.352128 0
    outer loop
      vertex -60.2654 -43.3928 60
      vertex -60.3806 -43.0866 3
      vertex -60.3806 -43.0866 60
    endloop
  endfacet
  facet normal 0.935952 0.352128 0
    outer loop
      vertex -60.3806 -43.0866 3
      vertex -60.2654 -43.3928 60
      vertex -60.2654 -43.3928 3
    endloop
  endfacet
  facet normal 0.772935 0.634485 0
    outer loop
      vertex -61.0332 -41.9562 60
      vertex -61.2408 -41.7033 3
      vertex -61.2408 -41.7033 60
    endloop
  endfacet
  facet normal 0.772935 0.634485 0
    outer loop
      vertex -61.2408 -41.7033 3
      vertex -61.0332 -41.9562 60
      vertex -61.0332 -41.9562 3
    endloop
  endfacet
  facet normal 0.88187 0.471492 0
    outer loop
      vertex -60.5156 -42.7886 60
      vertex -60.6699 -42.5 3
      vertex -60.6699 -42.5 60
    endloop
  endfacet
  facet normal 0.88187 0.471492 0
    outer loop
      vertex -60.6699 -42.5 3
      vertex -60.5156 -42.7886 60
      vertex -60.5156 -42.7886 3
    endloop
  endfacet
  facet normal -0.0327042 0.999465 0
    outer loop
      vertex -65 -40 3
      vertex -65.327 -40.0107 60
      vertex -65 -40 60
    endloop
  endfacet
  facet normal -0.0327042 0.999465 0
    outer loop
      vertex -65.327 -40.0107 60
      vertex -65 -40 3
      vertex -65.327 -40.0107 3
    endloop
  endfacet
  facet normal 0.227046 0.973884 -0
    outer loop
      vertex -63.7059 -40.1704 3
      vertex -64.0246 -40.0961 60
      vertex -63.7059 -40.1704 60
    endloop
  endfacet
  facet normal 0.227046 0.973884 0
    outer loop
      vertex -64.0246 -40.0961 60
      vertex -63.7059 -40.1704 3
      vertex -64.0246 -40.0961 3
    endloop
  endfacet
  facet normal 0.352128 0.935952 -0
    outer loop
      vertex -63.0866 -40.3806 3
      vertex -63.3928 -40.2654 60
      vertex -63.0866 -40.3806 60
    endloop
  endfacet
  facet normal 0.352128 0.935952 0
    outer loop
      vertex -63.3928 -40.2654 60
      vertex -63.0866 -40.3806 3
      vertex -63.3928 -40.2654 3
    endloop
  endfacet
  facet normal 0.471492 0.88187 -0
    outer loop
      vertex -62.5 -40.6699 3
      vertex -62.7886 -40.5156 60
      vertex -62.5 -40.6699 60
    endloop
  endfacet
  facet normal 0.471492 0.88187 0
    outer loop
      vertex -62.7886 -40.5156 60
      vertex -62.5 -40.6699 3
      vertex -62.7886 -40.5156 3
    endloop
  endfacet
  facet normal 0.582394 0.812906 -0
    outer loop
      vertex -61.9562 -41.0332 3
      vertex -62.2221 -40.8427 60
      vertex -61.9562 -41.0332 60
    endloop
  endfacet
  facet normal 0.582394 0.812906 0
    outer loop
      vertex -62.2221 -40.8427 60
      vertex -61.9562 -41.0332 3
      vertex -62.2221 -40.8427 3
    endloop
  endfacet
  facet normal 0.528047 0.849215 -0
    outer loop
      vertex -62.2221 -40.8427 3
      vertex -62.5 -40.6699 60
      vertex -62.2221 -40.8427 60
    endloop
  endfacet
  facet normal 0.528047 0.849215 0
    outer loop
      vertex -62.5 -40.6699 60
      vertex -62.2221 -40.8427 3
      vertex -62.5 -40.6699 3
    endloop
  endfacet
  facet normal -0.999465 0.0327042 0
    outer loop
      vertex -70 -45 3
      vertex -69.9893 -44.673 60
      vertex -69.9893 -44.673 3
    endloop
  endfacet
  facet normal -0.999465 0.0327042 0
    outer loop
      vertex -69.9893 -44.673 60
      vertex -70 -45 3
      vertex -70 -45 60
    endloop
  endfacet
  facet normal 0 0 1
    outer loop
      vertex -63.75 -45 60
      vertex -60 -45 60
      vertex -60.0107 -44.673 60
    endloop
  endfacet
  facet normal 0 0 1
    outer loop
      vertex -63.7527 -44.9182 60
      vertex -60.0107 -44.673 60
      vertex -60.0428 -44.3474 60
    endloop
  endfacet
  facet normal 0 0 1
    outer loop
      vertex -60 -45 60
      vertex -63.75 -45 60
      vertex -60.0107 -45.327 60
    endloop
  endfacet
  facet normal 0 0 1
    outer loop
      vertex -63.7607 -44.8368 60
      vertex -60.0428 -44.3474 60
      vertex -60.0961 -44.0245 60
    endloop
  endfacet
  facet normal -0 0 1
    outer loop
      vertex -63.7527 -45.0818 60
      vertex -60.0107 -45.327 60
      vertex -63.75 -45 60
    endloop
  endfacet
  facet normal 0 0 1
    outer loop
      vertex -63.774 -44.7561 60
      vertex -60.0961 -44.0245 60
      vertex -60.1704 -43.7059 60
    endloop
  endfacet
  facet normal 0 0 1
    outer loop
      vertex -60.0107 -45.327 60
      vertex -63.7527 -45.0818 60
      vertex -60.0428 -45.6526 60
    endloop
  endfacet
  facet normal 0 0 1
    outer loop
      vertex -63.7926 -44.6765 60
      vertex -60.1704 -43.7059 60
      vertex -60.2654 -43.3928 60
    endloop
  endfacet
  facet normal -0 0 1
    outer loop
      vertex -63.7607 -45.1632 60
      vertex -60.0428 -45.6526 60
      vertex -63.7527 -45.0818 60
    endloop
  endfacet
  facet normal 0 0 1
    outer loop
      vertex -63.8163 -44.5982 60
      vertex -60.2654 -43.3928 60
      vertex -60.3806 -43.0866 60
    endloop
  endfacet
  facet normal 0 0 1
    outer loop
      vertex -60.0428 -45.6526 60
      vertex -63.7607 -45.1632 60
      vertex -60.0961 -45.9755 60
    endloop
  endfacet
  facet normal 0 0 1
    outer loop
      vertex -63.8451 -44.5216 60
      vertex -60.3806 -43.0866 60
      vertex -60.5156 -42.7886 60
    endloop
  endfacet
  facet normal -0 0 1
    outer loop
      vertex -63.774 -45.2439 60
      vertex -60.0961 -45.9755 60
      vertex -63.7607 -45.1632 60
    endloop
  endfacet
  facet normal 0 0 1
    outer loop
      vertex -63.8789 -44.4471 60
      vertex -60.5156 -42.7886 60
      vertex -60.6699 -42.5 60
    endloop
  endfacet
  facet normal 0 0 1
    outer loop
      vertex -60.0961 -45.9755 60
      vertex -63.774 -45.2439 60
      vertex -60.1704 -46.2941 60
    endloop
  endfacet
  facet normal 0 0 1
    outer loop
      vertex -63.9175 -44.375 60
      vertex -60.6699 -42.5 60
      vertex -60.8427 -42.2221 60
    endloop
  endfacet
  facet normal -0 0 1
    outer loop
      vertex -63.7926 -45.3235 60
      vertex -60.1704 -46.2941 60
      vertex -63.774 -45.2439 60
    endloop
  endfacet
  facet normal 0 0 1
    outer loop
      vertex -63.9607 -44.3055 60
      vertex -60.8427 -42.2221 60
      vertex -61.0332 -41.9562 60
    endloop
  endfacet
  facet normal 0 0 1
    outer loop
      vertex -60.1704 -46.2941 60
      vertex -63.7926 -45.3235 60
      vertex -60.2654 -46.6072 60
    endloop
  endfacet
  facet normal 0 0 1
    outer loop
      vertex -64.0083 -44.239 60
      vertex -61.0332 -41.9562 60
      vertex -61.2408 -41.7033 60
    endloop
  endfacet
  facet normal -0 0 1
    outer loop
      vertex -63.8163 -45.4018 60
      vertex -60.2654 -46.6072 60
      vertex -63.7926 -45.3235 60
    endloop
  endfacet
  facet normal 0 0 1
    outer loop
      vertex -64.0602 -44.1758 60
      vertex -61.2408 -41.7033 60
      vertex -61.4645 -41.4645 60
    endloop
  endfacet
  facet normal 0 0 1
    outer loop
      vertex -60.2654 -46.6072 60
      vertex -63.8163 -45.4018 60
      vertex -60.3806 -46.9134 60
    endloop
  endfacet
  facet normal 0 0 1
    outer loop
      vertex -64.1161 -44.1161 60
      vertex -61.4645 -41.4645 60
      vertex -61.7033 -41.2408 60
    endloop
  endfacet
  facet normal -0 0 1
    outer loop
      vertex -63.8451 -45.4784 60
      vertex -60.3806 -46.9134 60
      vertex -63.8163 -45.4018 60
    endloop
  endfacet
  facet normal 0 0 1
    outer loop
      vertex -64.1758 -44.0602 60
      vertex -61.7033 -41.2408 60
      vertex -61.9562 -41.0332 60
    endloop
  endfacet
  facet normal 0 0 1
    outer loop
      vertex -60.3806 -46.9134 60
      vertex -63.8451 -45.4784 60
      vertex -60.5156 -47.2114 60
    endloop
  endfacet
  facet normal 0 0 1
    outer loop
      vertex -64.239 -44.0083 60
      vertex -61.9562 -41.0332 60
      vertex -62.2221 -40.8427 60
    endloop
  endfacet
  facet normal -0 0 1
    outer loop
      vertex -63.8789 -45.5529 60
      vertex -60.5156 -47.2114 60
      vertex -63.8451 -45.4784 60
    endloop
  endfacet
  facet normal 0 0 1
    outer loop
      vertex -64.3055 -43.9607 60
      vertex -62.2221 -40.8427 60
      vertex -62.5 -40.6699 60
    endloop
  endfacet
  facet normal 0 0 1
    outer loop
      vertex -60.5156 -47.2114 60
      vertex -63.8789 -45.5529 60
      vertex -60.6699 -47.5 60
    endloop
  endfacet
  facet normal 0 0 1
    outer loop
      vertex -64.375 -43.9175 60
      vertex -62.5 -40.6699 60
      vertex -62.7886 -40.5156 60
    endloop
  endfacet
  facet normal -0 0 1
    outer loop
      vertex -63.9175 -45.625 60
      vertex -60.6699 -47.5 60
      vertex -63.8789 -45.5529 60
    endloop
  endfacet
  facet normal 0 0 1
    outer loop
      vertex -64.4471 -43.8789 60
      vertex -62.7886 -40.5156 60
      vertex -63.0866 -40.3806 60
    endloop
  endfacet
  facet normal 0 0 1
    outer loop
      vertex -60.6699 -47.5 60
      vertex -63.9175 -45.625 60
      vertex -60.8427 -47.7779 60
    endloop
  endfacet
  facet normal 0 0 1
    outer loop
      vertex -64.5216 -43.8451 60
      vertex -63.0866 -40.3806 60
      vertex -63.3928 -40.2654 60
    endloop
  endfacet
  facet normal -0 0 1
    outer loop
      vertex -63.9607 -45.6945 60
      vertex -60.8427 -47.7779 60
      vertex -63.9175 -45.625 60
    endloop
  endfacet
  facet normal 0 0 1
    outer loop
      vertex -64.5982 -43.8163 60
      vertex -63.3928 -40.2654 60
      vertex -63.7059 -40.1704 60
    endloop
  endfacet
  facet normal 0 0 1
    outer loop
      vertex -60.8427 -47.7779 60
      vertex -63.9607 -45.6945 60
      vertex -61.0332 -48.0438 60
    endloop
  endfacet
  facet normal -0 0 1
    outer loop
      vertex -64.0083 -45.761 60
      vertex -61.0332 -48.0438 60
      vertex -63.9607 -45.6945 60
    endloop
  endfacet
  facet normal 0 0 1
    outer loop
      vertex -60.0107 -44.673 60
      vertex -63.7527 -44.9182 60
      vertex -63.75 -45 60
    endloop
  endfacet
  facet normal 0 0 1
    outer loop
      vertex -60.0428 -44.3474 60
      vertex -63.7607 -44.8368 60
      vertex -63.7527 -44.9182 60
    endloop
  endfacet
  facet normal 0 0 1
    outer loop
      vertex -60.0961 -44.0245 60
      vertex -63.774 -44.7561 60
      vertex -63.7607 -44.8368 60
    endloop
  endfacet
  facet normal 0 0 1
    outer loop
      vertex -60.1704 -43.7059 60
      vertex -63.7926 -44.6765 60
      vertex -63.774 -44.7561 60
    endloop
  endfacet
  facet normal 0 0 1
    outer loop
      vertex -60.2654 -43.3928 60
      vertex -63.8163 -44.5982 60
      vertex -63.7926 -44.6765 60
    endloop
  endfacet
  facet normal 0 0 1
    outer loop
      vertex -60.3806 -43.0866 60
      vertex -63.8451 -44.5216 60
      vertex -63.8163 -44.5982 60
    endloop
  endfacet
  facet normal 0 0 1
    outer loop
      vertex -60.5156 -42.7886 60
      vertex -63.8789 -44.4471 60
      vertex -63.8451 -44.5216 60
    endloop
  endfacet
  facet normal 0 0 1
    outer loop
      vertex -60.6699 -42.5 60
      vertex -63.9175 -44.375 60
      vertex -63.8789 -44.4471 60
    endloop
  endfacet
  facet normal 0 0 1
    outer loop
      vertex -60.8427 -42.2221 60
      vertex -63.9607 -44.3055 60
      vertex -63.9175 -44.375 60
    endloop
  endfacet
  facet normal 0 0 1
    outer loop
      vertex -61.0332 -41.9562 60
      vertex -64.0083 -44.239 60
      vertex -63.9607 -44.3055 60
    endloop
  endfacet
  facet normal 0 0 1
    outer loop
      vertex -64.6765 -43.7926 60
      vertex -63.7059 -40.1704 60
      vertex -64.0246 -40.0961 60
    endloop
  endfacet
  facet normal 0 0 1
    outer loop
      vertex -61.2408 -41.7033 60
      vertex -64.0602 -44.1758 60
      vertex -64.0083 -44.239 60
    endloop
  endfacet
  facet normal 0 0 1
    outer loop
      vertex -61.4645 -41.4645 60
      vertex -64.1161 -44.1161 60
      vertex -64.0602 -44.1758 60
    endloop
  endfacet
  facet normal 0 0 1
    outer loop
      vertex -61.7033 -41.2408 60
      vertex -64.1758 -44.0602 60
      vertex -64.1161 -44.1161 60
    endloop
  endfacet
  facet normal 0 0 1
    outer loop
      vertex -61.9562 -41.0332 60
      vertex -64.239 -44.0083 60
      vertex -64.1758 -44.0602 60
    endloop
  endfacet
  facet normal 0 0 1
    outer loop
      vertex -62.2221 -40.8427 60
      vertex -64.3055 -43.9607 60
      vertex -64.239 -44.0083 60
    endloop
  endfacet
  facet normal 0 0 1
    outer loop
      vertex -64.7561 -43.774 60
      vertex -64.0246 -40.0961 60
      vertex -64.3474 -40.0428 60
    endloop
  endfacet
  facet normal 0 0 1
    outer loop
      vertex -62.5 -40.6699 60
      vertex -64.375 -43.9175 60
      vertex -64.3055 -43.9607 60
    endloop
  endfacet
  facet normal 0 0 1
    outer loop
      vertex -62.7886 -40.5156 60
      vertex -64.4471 -43.8789 60
      vertex -64.375 -43.9175 60
    endloop
  endfacet
  facet normal 0 0 1
    outer loop
      vertex -63.0866 -40.3806 60
      vertex -64.5216 -43.8451 60
      vertex -64.4471 -43.8789 60
    endloop
  endfacet
  facet normal 0 0 1
    outer loop
      vertex -63.3928 -40.2654 60
      vertex -64.5982 -43.8163 60
      vertex -64.5216 -43.8451 60
    endloop
  endfacet
  facet normal 0 0 1
    outer loop
      vertex -64.8368 -43.7607 60
      vertex -64.3474 -40.0428 60
      vertex -64.673 -40.0107 60
    endloop
  endfacet
  facet normal 0 0 1
    outer loop
      vertex -63.7059 -40.1704 60
      vertex -64.6765 -43.7926 60
      vertex -64.5982 -43.8163 60
    endloop
  endfacet
  facet normal 0 0 1
    outer loop
      vertex -64.0246 -40.0961 60
      vertex -64.7561 -43.774 60
      vertex -64.6765 -43.7926 60
    endloop
  endfacet
  facet normal 0 0 1
    outer loop
      vertex -64.3474 -40.0428 60
      vertex -64.8368 -43.7607 60
      vertex -64.7561 -43.774 60
    endloop
  endfacet
  facet normal 0 0 1
    outer loop
      vertex -64.673 -40.0107 60
      vertex -64.9182 -43.7527 60
      vertex -64.8368 -43.7607 60
    endloop
  endfacet
  facet normal 0 0 1
    outer loop
      vertex -65 -40 60
      vertex -64.9182 -43.7527 60
      vertex -64.673 -40.0107 60
    endloop
  endfacet
  facet normal 0 0 1
    outer loop
      vertex -65 -40 60
      vertex -65 -43.75 60
      vertex -64.9182 -43.7527 60
    endloop
  endfacet
  facet normal 0 0 1
    outer loop
      vertex -65 -40 60
      vertex -65.0818 -43.7527 60
      vertex -65 -43.75 60
    endloop
  endfacet
  facet normal -0 0 1
    outer loop
      vertex -65.327 -40.0107 60
      vertex -65.0818 -43.7527 60
      vertex -65 -40 60
    endloop
  endfacet
  facet normal 0 0 1
    outer loop
      vertex -65.0818 -43.7527 60
      vertex -65.327 -40.0107 60
      vertex -65.1632 -43.7607 60
    endloop
  endfacet
  facet normal -0 0 1
    outer loop
      vertex -65.6526 -40.0428 60
      vertex -65.1632 -43.7607 60
      vertex -65.327 -40.0107 60
    endloop
  endfacet
  facet normal 0 0 1
    outer loop
      vertex -65.1632 -43.7607 60
      vertex -65.6526 -40.0428 60
      vertex -65.2439 -43.774 60
    endloop
  endfacet
  facet normal -0 0 1
    outer loop
      vertex -65.9754 -40.0961 60
      vertex -65.2439 -43.774 60
      vertex -65.6526 -40.0428 60
    endloop
  endfacet
  facet normal 0 0 1
    outer loop
      vertex -65.2439 -43.774 60
      vertex -65.9754 -40.0961 60
      vertex -65.3235 -43.7926 60
    endloop
  endfacet
  facet normal -0 0 1
    outer loop
      vertex -66.2941 -40.1704 60
      vertex -65.3235 -43.7926 60
      vertex -65.9754 -40.0961 60
    endloop
  endfacet
  facet normal 0 0 1
    outer loop
      vertex -65.3235 -43.7926 60
      vertex -66.2941 -40.1704 60
      vertex -65.4018 -43.8163 60
    endloop
  endfacet
  facet normal -0 0 1
    outer loop
      vertex -66.6072 -40.2654 60
      vertex -65.4018 -43.8163 60
      vertex -66.2941 -40.1704 60
    endloop
  endfacet
  facet normal 0 0 1
    outer loop
      vertex -65.4018 -43.8163 60
      vertex -66.6072 -40.2654 60
      vertex -65.4784 -43.8451 60
    endloop
  endfacet
  facet normal -0 0 1
    outer loop
      vertex -66.9134 -40.3806 60
      vertex -65.4784 -43.8451 60
      vertex -66.6072 -40.2654 60
    endloop
  endfacet
  facet normal 0 0 1
    outer loop
      vertex -65.4784 -43.8451 60
      vertex -66.9134 -40.3806 60
      vertex -65.5529 -43.8789 60
    endloop
  endfacet
  facet normal -0 0 1
    outer loop
      vertex -67.2114 -40.5156 60
      vertex -65.5529 -43.8789 60
      vertex -66.9134 -40.3806 60
    endloop
  endfacet
  facet normal 0 0 1
    outer loop
      vertex -65.5529 -43.8789 60
      vertex -67.2114 -40.5156 60
      vertex -65.625 -43.9175 60
    endloop
  endfacet
  facet normal -0 0 1
    outer loop
      vertex -67.5 -40.6699 60
      vertex -65.625 -43.9175 60
      vertex -67.2114 -40.5156 60
    endloop
  endfacet
  facet normal 0 0 1
    outer loop
      vertex -65.625 -43.9175 60
      vertex -67.5 -40.6699 60
      vertex -65.6945 -43.9607 60
    endloop
  endfacet
  facet normal -0 0 1
    outer loop
      vertex -67.7778 -40.8427 60
      vertex -65.6945 -43.9607 60
      vertex -67.5 -40.6699 60
    endloop
  endfacet
  facet normal 0 0 1
    outer loop
      vertex -65.6945 -43.9607 60
      vertex -67.7778 -40.8427 60
      vertex -65.7609 -44.0083 60
    endloop
  endfacet
  facet normal -0 0 1
    outer loop
      vertex -68.0438 -41.0332 60
      vertex -65.7609 -44.0083 60
      vertex -67.7778 -40.8427 60
    endloop
  endfacet
  facet normal 0 0 1
    outer loop
      vertex -65.7609 -44.0083 60
      vertex -68.0438 -41.0332 60
      vertex -65.8242 -44.0602 60
    endloop
  endfacet
  facet normal -0 0 1
    outer loop
      vertex -68.2967 -41.2408 60
      vertex -65.8242 -44.0602 60
      vertex -68.0438 -41.0332 60
    endloop
  endfacet
  facet normal 0 0 1
    outer loop
      vertex -65.8242 -44.0602 60
      vertex -68.2967 -41.2408 60
      vertex -65.8839 -44.1161 60
    endloop
  endfacet
  facet normal -0 0 1
    outer loop
      vertex -68.5355 -41.4645 60
      vertex -65.8839 -44.1161 60
      vertex -68.2967 -41.2408 60
    endloop
  endfacet
  facet normal 0 0 1
    outer loop
      vertex -65.8839 -44.1161 60
      vertex -68.5355 -41.4645 60
      vertex -65.9398 -44.1758 60
    endloop
  endfacet
  facet normal -0 0 1
    outer loop
      vertex -68.7592 -41.7033 60
      vertex -65.9398 -44.1758 60
      vertex -68.5355 -41.4645 60
    endloop
  endfacet
  facet normal -0 0 1
    outer loop
      vertex -68.9668 -41.9562 60
      vertex -65.9917 -44.239 60
      vertex -68.7592 -41.7033 60
    endloop
  endfacet
  facet normal 0 0 1
    outer loop
      vertex -65.9398 -44.1758 60
      vertex -68.7592 -41.7033 60
      vertex -65.9917 -44.239 60
    endloop
  endfacet
  facet normal 0 0 1
    outer loop
      vertex -61.0332 -48.0438 60
      vertex -64.0083 -45.761 60
      vertex -61.2408 -48.2967 60
    endloop
  endfacet
  facet normal -0 0 1
    outer loop
      vertex -64.0602 -45.8242 60
      vertex -61.2408 -48.2967 60
      vertex -64.0083 -45.761 60
    endloop
  endfacet
  facet normal 0 0 1
    outer loop
      vertex -61.2408 -48.2967 60
      vertex -64.0602 -45.8242 60
      vertex -61.4645 -48.5355 60
    endloop
  endfacet
  facet normal -0 0 1
    outer loop
      vertex -64.1161 -45.8839 60
      vertex -61.4645 -48.5355 60
      vertex -64.0602 -45.8242 60
    endloop
  endfacet
  facet normal 0 0 1
    outer loop
      vertex -61.4645 -48.5355 60
      vertex -64.1161 -45.8839 60
      vertex -61.7033 -48.7592 60
    endloop
  endfacet
  facet normal -0 0 1
    outer loop
      vertex -64.1758 -45.9398 60
      vertex -61.7033 -48.7592 60
      vertex -64.1161 -45.8839 60
    endloop
  endfacet
  facet normal 0 0 1
    outer loop
      vertex -61.7033 -48.7592 60
      vertex -64.1758 -45.9398 60
      vertex -61.9562 -48.9668 60
    endloop
  endfacet
  facet normal -0 0 1
    outer loop
      vertex -64.239 -45.9917 60
      vertex -61.9562 -48.9668 60
      vertex -64.1758 -45.9398 60
    endloop
  endfacet
  facet normal 0 0 1
    outer loop
      vertex -61.9562 -48.9668 60
      vertex -64.239 -45.9917 60
      vertex -62.2221 -49.1573 60
    endloop
  endfacet
  facet normal -0 0 1
    outer loop
      vertex -64.3055 -46.0393 60
      vertex -62.2221 -49.1573 60
      vertex -64.239 -45.9917 60
    endloop
  endfacet
  facet normal 0 0 1
    outer loop
      vertex -62.2221 -49.1573 60
      vertex -64.3055 -46.0393 60
      vertex -62.5 -49.3301 60
    endloop
  endfacet
  facet normal -0 0 1
    outer loop
      vertex -64.375 -46.0825 60
      vertex -62.5 -49.3301 60
      vertex -64.3055 -46.0393 60
    endloop
  endfacet
  facet normal 0 0 1
    outer loop
      vertex -62.5 -49.3301 60
      vertex -64.375 -46.0825 60
      vertex -62.7886 -49.4844 60
    endloop
  endfacet
  facet normal -0 0 1
    outer loop
      vertex -64.4471 -46.1211 60
      vertex -62.7886 -49.4844 60
      vertex -64.375 -46.0825 60
    endloop
  endfacet
  facet normal 0 0 1
    outer loop
      vertex -62.7886 -49.4844 60
      vertex -64.4471 -46.1211 60
      vertex -63.0866 -49.6194 60
    endloop
  endfacet
  facet normal -0 0 1
    outer loop
      vertex -64.5216 -46.1549 60
      vertex -63.0866 -49.6194 60
      vertex -64.4471 -46.1211 60
    endloop
  endfacet
  facet normal 0 0 1
    outer loop
      vertex -63.0866 -49.6194 60
      vertex -64.5216 -46.1549 60
      vertex -63.3928 -49.7346 60
    endloop
  endfacet
  facet normal -0 0 1
    outer loop
      vertex -64.5982 -46.1837 60
      vertex -63.3928 -49.7346 60
      vertex -64.5216 -46.1549 60
    endloop
  endfacet
  facet normal 0 0 1
    outer loop
      vertex -63.3928 -49.7346 60
      vertex -64.5982 -46.1837 60
      vertex -63.7059 -49.8296 60
    endloop
  endfacet
  facet normal -0 0 1
    outer loop
      vertex -64.6765 -46.2074 60
      vertex -63.7059 -49.8296 60
      vertex -64.5982 -46.1837 60
    endloop
  endfacet
  facet normal 0 0 1
    outer loop
      vertex -63.7059 -49.8296 60
      vertex -64.6765 -46.2074 60
      vertex -64.0246 -49.9039 60
    endloop
  endfacet
  facet normal -0 0 1
    outer loop
      vertex -64.7561 -46.226 60
      vertex -64.0246 -49.9039 60
      vertex -64.6765 -46.2074 60
    endloop
  endfacet
  facet normal 0 0 1
    outer loop
      vertex -64.0246 -49.9039 60
      vertex -64.7561 -46.226 60
      vertex -64.3474 -49.9572 60
    endloop
  endfacet
  facet normal -0 0 1
    outer loop
      vertex -64.8368 -46.2393 60
      vertex -64.3474 -49.9572 60
      vertex -64.7561 -46.226 60
    endloop
  endfacet
  facet normal 0 0 1
    outer loop
      vertex -64.3474 -49.9572 60
      vertex -64.8368 -46.2393 60
      vertex -64.673 -49.9893 60
    endloop
  endfacet
  facet normal -0 0 1
    outer loop
      vertex -64.9182 -46.2473 60
      vertex -64.673 -49.9893 60
      vertex -64.8368 -46.2393 60
    endloop
  endfacet
  facet normal -0 0 1
    outer loop
      vertex -65 -46.25 60
      vertex -64.673 -49.9893 60
      vertex -64.9182 -46.2473 60
    endloop
  endfacet
  facet normal 0 0 1
    outer loop
      vertex -65 -46.25 60
      vertex -65 -50 60
      vertex -64.673 -49.9893 60
    endloop
  endfacet
  facet normal 0 0 1
    outer loop
      vertex -65.0818 -46.2473 60
      vertex -65 -50 60
      vertex -65 -46.25 60
    endloop
  endfacet
  facet normal 0 0 1
    outer loop
      vertex -65.327 -49.9893 60
      vertex -65.0818 -46.2473 60
      vertex -65.1632 -46.2393 60
    endloop
  endfacet
  facet normal 0 0 1
    outer loop
      vertex -65.6526 -49.9572 60
      vertex -65.1632 -46.2393 60
      vertex -65.2439 -46.226 60
    endloop
  endfacet
  facet normal 0 0 1
    outer loop
      vertex -65.9754 -49.9039 60
      vertex -65.2439 -46.226 60
      vertex -65.3235 -46.2074 60
    endloop
  endfacet
  facet normal 0 0 1
    outer loop
      vertex -65.0818 -46.2473 60
      vertex -65.327 -49.9893 60
      vertex -65 -50 60
    endloop
  endfacet
  facet normal 0 0 1
    outer loop
      vertex -66.2941 -49.8296 60
      vertex -65.3235 -46.2074 60
      vertex -65.4018 -46.1837 60
    endloop
  endfacet
  facet normal 0 0 1
    outer loop
      vertex -66.6072 -49.7346 60
      vertex -65.4018 -46.1837 60
      vertex -65.4784 -46.1549 60
    endloop
  endfacet
  facet normal 0 0 1
    outer loop
      vertex -66.9134 -49.6194 60
      vertex -65.4784 -46.1549 60
      vertex -65.5529 -46.1211 60
    endloop
  endfacet
  facet normal 0 0 1
    outer loop
      vertex -67.2114 -49.4844 60
      vertex -65.5529 -46.1211 60
      vertex -65.625 -46.0825 60
    endloop
  endfacet
  facet normal 0 0 1
    outer loop
      vertex -65.1632 -46.2393 60
      vertex -65.6526 -49.9572 60
      vertex -65.327 -49.9893 60
    endloop
  endfacet
  facet normal 0 0 1
    outer loop
      vertex -67.5 -49.3301 60
      vertex -65.625 -46.0825 60
      vertex -65.6945 -46.0393 60
    endloop
  endfacet
  facet normal 0 0 1
    outer loop
      vertex -67.7778 -49.1573 60
      vertex -65.6945 -46.0393 60
      vertex -65.7609 -45.9917 60
    endloop
  endfacet
  facet normal 0 0 1
    outer loop
      vertex -68.0438 -48.9668 60
      vertex -65.7609 -45.9917 60
      vertex -65.8242 -45.9398 60
    endloop
  endfacet
  facet normal 0 0 1
    outer loop
      vertex -68.2967 -48.7592 60
      vertex -65.8242 -45.9398 60
      vertex -65.8839 -45.8839 60
    endloop
  endfacet
  facet normal 0 0 1
    outer loop
      vertex -68.5355 -48.5355 60
      vertex -65.8839 -45.8839 60
      vertex -65.9398 -45.8242 60
    endloop
  endfacet
  facet normal 0 0 1
    outer loop
      vertex -65.2439 -46.226 60
      vertex -65.9754 -49.9039 60
      vertex -65.6526 -49.9572 60
    endloop
  endfacet
  facet normal 0 0 1
    outer loop
      vertex -68.7592 -48.2967 60
      vertex -65.9398 -45.8242 60
      vertex -65.9917 -45.761 60
    endloop
  endfacet
  facet normal 0 0 1
    outer loop
      vertex -68.9668 -48.0438 60
      vertex -65.9917 -45.761 60
      vertex -66.0393 -45.6945 60
    endloop
  endfacet
  facet normal 0 0 1
    outer loop
      vertex -69.1573 -47.7779 60
      vertex -66.0393 -45.6945 60
      vertex -66.0825 -45.625 60
    endloop
  endfacet
  facet normal 0 0 1
    outer loop
      vertex -69.3301 -47.5 60
      vertex -66.0825 -45.625 60
      vertex -66.1211 -45.5529 60
    endloop
  endfacet
  facet normal 0 0 1
    outer loop
      vertex -69.4844 -47.2114 60
      vertex -66.1211 -45.5529 60
      vertex -66.1548 -45.4784 60
    endloop
  endfacet
  facet normal 0 0 1
    outer loop
      vertex -69.6194 -46.9134 60
      vertex -66.1548 -45.4784 60
      vertex -66.1837 -45.4018 60
    endloop
  endfacet
  facet normal 0 0 1
    outer loop
      vertex -69.7346 -46.6072 60
      vertex -66.1837 -45.4018 60
      vertex -66.2074 -45.3235 60
    endloop
  endfacet
  facet normal 0 0 1
    outer loop
      vertex -69.8296 -46.2941 60
      vertex -66.2074 -45.3235 60
      vertex -66.226 -45.2439 60
    endloop
  endfacet
  facet normal 0 0 1
    outer loop
      vertex -69.9039 -45.9755 60
      vertex -66.226 -45.2439 60
      vertex -66.2393 -45.1632 60
    endloop
  endfacet
  facet normal 0 0 1
    outer loop
      vertex -69.9572 -45.6526 60
      vertex -66.2393 -45.1632 60
      vertex -66.2473 -45.0818 60
    endloop
  endfacet
  facet normal 0 0 1
    outer loop
      vertex -65.3235 -46.2074 60
      vertex -66.2941 -49.8296 60
      vertex -65.9754 -49.9039 60
    endloop
  endfacet
  facet normal 0 0 1
    outer loop
      vertex -69.9893 -45.327 60
      vertex -66.2473 -45.0818 60
      vertex -66.25 -45 60
    endloop
  endfacet
  facet normal 0 0 1
    outer loop
      vertex -65.9917 -44.239 60
      vertex -68.9668 -41.9562 60
      vertex -66.0393 -44.3055 60
    endloop
  endfacet
  facet normal -0 0 1
    outer loop
      vertex -69.1573 -42.2221 60
      vertex -66.0393 -44.3055 60
      vertex -68.9668 -41.9562 60
    endloop
  endfacet
  facet normal 0 0 1
    outer loop
      vertex -65.4018 -46.1837 60
      vertex -66.6072 -49.7346 60
      vertex -66.2941 -49.8296 60
    endloop
  endfacet
  facet normal 0 0 1
    outer loop
      vertex -66.0393 -44.3055 60
      vertex -69.1573 -42.2221 60
      vertex -66.0825 -44.375 60
    endloop
  endfacet
  facet normal 0 0 1
    outer loop
      vertex -65.4784 -46.1549 60
      vertex -66.9134 -49.6194 60
      vertex -66.6072 -49.7346 60
    endloop
  endfacet
  facet normal -0 0 1
    outer loop
      vertex -69.3301 -42.5 60
      vertex -66.0825 -44.375 60
      vertex -69.1573 -42.2221 60
    endloop
  endfacet
  facet normal 0 0 1
    outer loop
      vertex -65.5529 -46.1211 60
      vertex -67.2114 -49.4844 60
      vertex -66.9134 -49.6194 60
    endloop
  endfacet
  facet normal 0 0 1
    outer loop
      vertex -66.0825 -44.375 60
      vertex -69.3301 -42.5 60
      vertex -66.1211 -44.4471 60
    endloop
  endfacet
  facet normal 0 0 1
    outer loop
      vertex -65.625 -46.0825 60
      vertex -67.5 -49.3301 60
      vertex -67.2114 -49.4844 60
    endloop
  endfacet
  facet normal -0 0 1
    outer loop
      vertex -69.4844 -42.7886 60
      vertex -66.1211 -44.4471 60
      vertex -69.3301 -42.5 60
    endloop
  endfacet
  facet normal 0 0 1
    outer loop
      vertex -65.6945 -46.0393 60
      vertex -67.7778 -49.1573 60
      vertex -67.5 -49.3301 60
    endloop
  endfacet
  facet normal 0 0 1
    outer loop
      vertex -66.1211 -44.4471 60
      vertex -69.4844 -42.7886 60
      vertex -66.1548 -44.5216 60
    endloop
  endfacet
  facet normal 0 0 1
    outer loop
      vertex -65.7609 -45.9917 60
      vertex -68.0438 -48.9668 60
      vertex -67.7778 -49.1573 60
    endloop
  endfacet
  facet normal -0 0 1
    outer loop
      vertex -69.6194 -43.0866 60
      vertex -66.1548 -44.5216 60
      vertex -69.4844 -42.7886 60
    endloop
  endfacet
  facet normal 0 0 1
    outer loop
      vertex -65.8242 -45.9398 60
      vertex -68.2967 -48.7592 60
      vertex -68.0438 -48.9668 60
    endloop
  endfacet
  facet normal 0 0 1
    outer loop
      vertex -66.1548 -44.5216 60
      vertex -69.6194 -43.0866 60
      vertex -66.1837 -44.5982 60
    endloop
  endfacet
  facet normal 0 0 1
    outer loop
      vertex -65.8839 -45.8839 60
      vertex -68.5355 -48.5355 60
      vertex -68.2967 -48.7592 60
    endloop
  endfacet
  facet normal -0 0 1
    outer loop
      vertex -69.7346 -43.3928 60
      vertex -66.1837 -44.5982 60
      vertex -69.6194 -43.0866 60
    endloop
  endfacet
  facet normal 0 0 1
    outer loop
      vertex -65.9398 -45.8242 60
      vertex -68.7592 -48.2967 60
      vertex -68.5355 -48.5355 60
    endloop
  endfacet
  facet normal 0 0 1
    outer loop
      vertex -66.1837 -44.5982 60
      vertex -69.7346 -43.3928 60
      vertex -66.2074 -44.6765 60
    endloop
  endfacet
  facet normal 0 0 1
    outer loop
      vertex -65.9917 -45.761 60
      vertex -68.9668 -48.0438 60
      vertex -68.7592 -48.2967 60
    endloop
  endfacet
  facet normal -0 0 1
    outer loop
      vertex -69.8296 -43.7059 60
      vertex -66.2074 -44.6765 60
      vertex -69.7346 -43.3928 60
    endloop
  endfacet
  facet normal 0 0 1
    outer loop
      vertex -66.0393 -45.6945 60
      vertex -69.1573 -47.7779 60
      vertex -68.9668 -48.0438 60
    endloop
  endfacet
  facet normal 0 0 1
    outer loop
      vertex -66.2074 -44.6765 60
      vertex -69.8296 -43.7059 60
      vertex -66.226 -44.7561 60
    endloop
  endfacet
  facet normal 0 0 1
    outer loop
      vertex -66.0825 -45.625 60
      vertex -69.3301 -47.5 60
      vertex -69.1573 -47.7779 60
    endloop
  endfacet
  facet normal -0 0 1
    outer loop
      vertex -69.9039 -44.0245 60
      vertex -66.226 -44.7561 60
      vertex -69.8296 -43.7059 60
    endloop
  endfacet
  facet normal 0 0 1
    outer loop
      vertex -66.1211 -45.5529 60
      vertex -69.4844 -47.2114 60
      vertex -69.3301 -47.5 60
    endloop
  endfacet
  facet normal 0 0 1
    outer loop
      vertex -66.226 -44.7561 60
      vertex -69.9039 -44.0245 60
      vertex -66.2393 -44.8368 60
    endloop
  endfacet
  facet normal 0 0 1
    outer loop
      vertex -66.1548 -45.4784 60
      vertex -69.6194 -46.9134 60
      vertex -69.4844 -47.2114 60
    endloop
  endfacet
  facet normal -0 0 1
    outer loop
      vertex -69.9572 -44.3474 60
      vertex -66.2393 -44.8368 60
      vertex -69.9039 -44.0245 60
    endloop
  endfacet
  facet normal 0 0 1
    outer loop
      vertex -66.1837 -45.4018 60
      vertex -69.7346 -46.6072 60
      vertex -69.6194 -46.9134 60
    endloop
  endfacet
  facet normal 0 0 1
    outer loop
      vertex -66.2393 -44.8368 60
      vertex -69.9572 -44.3474 60
      vertex -66.2473 -44.9182 60
    endloop
  endfacet
  facet normal 0 0 1
    outer loop
      vertex -66.2074 -45.3235 60
      vertex -69.8296 -46.2941 60
      vertex -69.7346 -46.6072 60
    endloop
  endfacet
  facet normal -0 0 1
    outer loop
      vertex -69.9893 -44.673 60
      vertex -66.2473 -44.9182 60
      vertex -69.9572 -44.3474 60
    endloop
  endfacet
  facet normal 0 0 1
    outer loop
      vertex -66.226 -45.2439 60
      vertex -69.9039 -45.9755 60
      vertex -69.8296 -46.2941 60
    endloop
  endfacet
  facet normal 0 0 1
    outer loop
      vertex -66.2473 -44.9182 60
      vertex -69.9893 -44.673 60
      vertex -66.25 -45 60
    endloop
  endfacet
  facet normal 0 0 1
    outer loop
      vertex -66.2393 -45.1632 60
      vertex -69.9572 -45.6526 60
      vertex -69.9039 -45.9755 60
    endloop
  endfacet
  facet normal 0 0 1
    outer loop
      vertex -70 -45 60
      vertex -66.25 -45 60
      vertex -69.9893 -44.673 60
    endloop
  endfacet
  facet normal 0 0 1
    outer loop
      vertex -66.2473 -45.0818 60
      vertex -69.9893 -45.327 60
      vertex -69.9572 -45.6526 60
    endloop
  endfacet
  facet normal 0 0 1
    outer loop
      vertex -66.25 -45 60
      vertex -70 -45 60
      vertex -69.9893 -45.327 60
    endloop
  endfacet
  facet normal -0.729804 0.683656 0
    outer loop
      vertex -68.7592 -41.7033 3
      vertex -68.5355 -41.4645 60
      vertex -68.5355 -41.4645 3
    endloop
  endfacet
  facet normal -0.729804 0.683656 0
    outer loop
      vertex -68.5355 -41.4645 60
      vertex -68.7592 -41.7033 3
      vertex -68.7592 -41.7033 60
    endloop
  endfacet
  facet normal -0.772935 0.634485 0
    outer loop
      vertex -68.9668 -41.9562 3
      vertex -68.7592 -41.7033 60
      vertex -68.7592 -41.7033 3
    endloop
  endfacet
  facet normal -0.772935 0.634485 0
    outer loop
      vertex -68.7592 -41.7033 60
      vertex -68.9668 -41.9562 3
      vertex -68.9668 -41.9562 60
    endloop
  endfacet
  facet normal -0.88187 0.471492 0
    outer loop
      vertex -69.4844 -42.7886 3
      vertex -69.3301 -42.5 60
      vertex -69.3301 -42.5 3
    endloop
  endfacet
  facet normal -0.88187 0.471492 0
    outer loop
      vertex -69.3301 -42.5 60
      vertex -69.4844 -42.7886 3
      vertex -69.4844 -42.7886 60
    endloop
  endfacet
  facet normal -0.956922 0.290347 0
    outer loop
      vertex -69.8296 -43.7059 3
      vertex -69.7346 -43.3928 60
      vertex -69.7346 -43.3928 3
    endloop
  endfacet
  facet normal -0.956922 0.290347 0
    outer loop
      vertex -69.7346 -43.3928 60
      vertex -69.8296 -43.7059 3
      vertex -69.8296 -43.7059 60
    endloop
  endfacet
  facet normal -0.683656 0.729804 0
    outer loop
      vertex -68.2967 -41.2408 3
      vertex -68.5355 -41.4645 60
      vertex -68.2967 -41.2408 60
    endloop
  endfacet
  facet normal -0.683656 0.729804 0
    outer loop
      vertex -68.5355 -41.4645 60
      vertex -68.2967 -41.2408 3
      vertex -68.5355 -41.4645 3
    endloop
  endfacet
  facet normal -0.412651 0.910889 0
    outer loop
      vertex -66.9134 -40.3806 3
      vertex -67.2114 -40.5156 60
      vertex -66.9134 -40.3806 60
    endloop
  endfacet
  facet normal -0.412651 0.910889 0
    outer loop
      vertex -67.2114 -40.5156 60
      vertex -66.9134 -40.3806 3
      vertex -67.2114 -40.5156 3
    endloop
  endfacet
  facet normal -0.162912 0.986641 0
    outer loop
      vertex -65.6526 -40.0428 3
      vertex -65.9754 -40.0961 60
      vertex -65.6526 -40.0428 60
    endloop
  endfacet
  facet normal -0.162912 0.986641 0
    outer loop
      vertex -65.9754 -40.0961 60
      vertex -65.6526 -40.0428 3
      vertex -65.9754 -40.0961 3
    endloop
  endfacet
  facet normal -0.227046 0.973884 0
    outer loop
      vertex -65.9754 -40.0961 3
      vertex -66.2941 -40.1704 60
      vertex -65.9754 -40.0961 60
    endloop
  endfacet
  facet normal -0.227046 0.973884 0
    outer loop
      vertex -66.2941 -40.1704 60
      vertex -65.9754 -40.0961 3
      vertex -66.2941 -40.1704 3
    endloop
  endfacet
  facet normal 0.999465 0.0327042 0
    outer loop
      vertex -60 -45 60
      vertex -60.0107 -44.673 3
      vertex -60.0107 -44.673 60
    endloop
  endfacet
  facet normal 0.999465 0.0327042 0
    outer loop
      vertex -60.0107 -44.673 3
      vertex -60 -45 60
      vertex -60 -45 3
    endloop
  endfacet
  facet normal 0.0327042 -0.999465 0
    outer loop
      vertex -65 -50 3
      vertex -64.673 -49.9893 60
      vertex -65 -50 60
    endloop
  endfacet
  facet normal 0.0327042 -0.999465 0
    outer loop
      vertex -64.673 -49.9893 60
      vertex -65 -50 3
      vertex -64.673 -49.9893 3
    endloop
  endfacet
  facet normal 0.352128 -0.935952 0
    outer loop
      vertex -63.3928 -49.7346 3
      vertex -63.0866 -49.6194 60
      vertex -63.3928 -49.7346 60
    endloop
  endfacet
  facet normal 0.352128 -0.935952 0
    outer loop
      vertex -63.0866 -49.6194 60
      vertex -63.3928 -49.7346 3
      vertex -63.0866 -49.6194 3
    endloop
  endfacet
  facet normal 0.471492 -0.88187 0
    outer loop
      vertex -62.7886 -49.4844 3
      vertex -62.5 -49.3301 60
      vertex -62.7886 -49.4844 60
    endloop
  endfacet
  facet normal 0.471492 -0.88187 0
    outer loop
      vertex -62.5 -49.3301 60
      vertex -62.7886 -49.4844 3
      vertex -62.5 -49.3301 3
    endloop
  endfacet
  facet normal 0.729804 -0.683656 0
    outer loop
      vertex -61.4645 -48.5355 60
      vertex -61.2408 -48.2967 3
      vertex -61.2408 -48.2967 60
    endloop
  endfacet
  facet normal 0.729804 -0.683656 0
    outer loop
      vertex -61.2408 -48.2967 3
      vertex -61.4645 -48.5355 60
      vertex -61.4645 -48.5355 3
    endloop
  endfacet
  facet normal 0.812906 -0.582394 0
    outer loop
      vertex -61.0332 -48.0438 60
      vertex -60.8427 -47.7779 3
      vertex -60.8427 -47.7779 60
    endloop
  endfacet
  facet normal 0.812906 -0.582394 0
    outer loop
      vertex -60.8427 -47.7779 3
      vertex -61.0332 -48.0438 60
      vertex -61.0332 -48.0438 3
    endloop
  endfacet
  facet normal 0.935952 -0.352128 0
    outer loop
      vertex -60.3806 -46.9134 60
      vertex -60.2654 -46.6072 3
      vertex -60.2654 -46.6072 60
    endloop
  endfacet
  facet normal 0.935952 -0.352128 0
    outer loop
      vertex -60.2654 -46.6072 3
      vertex -60.3806 -46.9134 60
      vertex -60.3806 -46.9134 3
    endloop
  endfacet
  facet normal 0.910889 -0.412651 0
    outer loop
      vertex -60.5156 -47.2114 60
      vertex -60.3806 -46.9134 3
      vertex -60.3806 -46.9134 60
    endloop
  endfacet
  facet normal 0.910889 -0.412651 0
    outer loop
      vertex -60.3806 -46.9134 3
      vertex -60.5156 -47.2114 60
      vertex -60.5156 -47.2114 3
    endloop
  endfacet
  facet normal 0.973868 -0.227114 0
    outer loop
      vertex -60.1704 -46.2941 60
      vertex -60.0961 -45.9755 3
      vertex -60.0961 -45.9755 60
    endloop
  endfacet
  facet normal 0.973868 -0.227114 0
    outer loop
      vertex -60.0961 -45.9755 3
      vertex -60.1704 -46.2941 60
      vertex -60.1704 -46.2941 3
    endloop
  endfacet
  facet normal -0.683656 -0.729804 0
    outer loop
      vertex -68.5355 -48.5355 3
      vertex -68.2967 -48.7592 60
      vertex -68.5355 -48.5355 60
    endloop
  endfacet
  facet normal -0.683656 -0.729804 -0
    outer loop
      vertex -68.2967 -48.7592 60
      vertex -68.5355 -48.5355 3
      vertex -68.2967 -48.7592 3
    endloop
  endfacet
  facet normal -0.412651 -0.910889 0
    outer loop
      vertex -67.2114 -49.4844 3
      vertex -66.9134 -49.6194 60
      vertex -67.2114 -49.4844 60
    endloop
  endfacet
  facet normal -0.412651 -0.910889 -0
    outer loop
      vertex -66.9134 -49.6194 60
      vertex -67.2114 -49.4844 3
      vertex -66.9134 -49.6194 3
    endloop
  endfacet
  facet normal -0.290347 -0.956922 0
    outer loop
      vertex -66.6072 -49.7346 3
      vertex -66.2941 -49.8296 60
      vertex -66.6072 -49.7346 60
    endloop
  endfacet
  facet normal -0.290347 -0.956922 -0
    outer loop
      vertex -66.2941 -49.8296 60
      vertex -66.6072 -49.7346 3
      vertex -66.2941 -49.8296 3
    endloop
  endfacet
  facet normal -0.471492 -0.88187 0
    outer loop
      vertex -67.5 -49.3301 3
      vertex -67.2114 -49.4844 60
      vertex -67.5 -49.3301 60
    endloop
  endfacet
  facet normal -0.471492 -0.88187 -0
    outer loop
      vertex -67.2114 -49.4844 60
      vertex -67.5 -49.3301 3
      vertex -67.2114 -49.4844 3
    endloop
  endfacet
  facet normal -0.772935 -0.634485 0
    outer loop
      vertex -68.7592 -48.2967 3
      vertex -68.9668 -48.0438 60
      vertex -68.9668 -48.0438 3
    endloop
  endfacet
  facet normal -0.772935 -0.634485 0
    outer loop
      vertex -68.9668 -48.0438 60
      vertex -68.7592 -48.2967 3
      vertex -68.7592 -48.2967 60
    endloop
  endfacet
  facet normal -0.849215 -0.528047 0
    outer loop
      vertex -69.1573 -47.7779 3
      vertex -69.3301 -47.5 60
      vertex -69.3301 -47.5 3
    endloop
  endfacet
  facet normal -0.849215 -0.528047 0
    outer loop
      vertex -69.3301 -47.5 60
      vertex -69.1573 -47.7779 3
      vertex -69.1573 -47.7779 60
    endloop
  endfacet
  facet normal -0.986649 -0.162863 0
    outer loop
      vertex -69.9039 -45.9755 3
      vertex -69.9572 -45.6526 60
      vertex -69.9572 -45.6526 3
    endloop
  endfacet
  facet normal -0.986649 -0.162863 0
    outer loop
      vertex -69.9572 -45.6526 60
      vertex -69.9039 -45.9755 3
      vertex -69.9039 -45.9755 60
    endloop
  endfacet
  facet normal -0.995175 -0.0981116 0
    outer loop
      vertex -69.9572 -45.6526 3
      vertex -69.9893 -45.327 60
      vertex -69.9893 -45.327 3
    endloop
  endfacet
  facet normal -0.995175 -0.0981116 0
    outer loop
      vertex -69.9893 -45.327 60
      vertex -69.9572 -45.6526 3
      vertex -69.9572 -45.6526 60
    endloop
  endfacet
  facet normal -0.973868 -0.227114 0
    outer loop
      vertex -69.8296 -46.2941 3
      vertex -69.9039 -45.9755 60
      vertex -69.9039 -45.9755 3
    endloop
  endfacet
  facet normal -0.973868 -0.227114 0
    outer loop
      vertex -69.9039 -45.9755 60
      vertex -69.8296 -46.2941 3
      vertex -69.8296 -46.2941 60
    endloop
  endfacet
  facet normal -0.935952 -0.352128 0
    outer loop
      vertex -69.6194 -46.9134 3
      vertex -69.7346 -46.6072 60
      vertex -69.7346 -46.6072 3
    endloop
  endfacet
  facet normal -0.935952 -0.352128 0
    outer loop
      vertex -69.7346 -46.6072 60
      vertex -69.6194 -46.9134 3
      vertex -69.6194 -46.9134 60
    endloop
  endfacet
  facet normal 0.973868 0.227114 0
    outer loop
      vertex -60.0961 -44.0245 60
      vertex -60.1704 -43.7059 3
      vertex -60.1704 -43.7059 60
    endloop
  endfacet
  facet normal 0.973868 0.227114 0
    outer loop
      vertex -60.1704 -43.7059 3
      vertex -60.0961 -44.0245 60
      vertex -60.0961 -44.0245 3
    endloop
  endfacet
  facet normal 0.986649 0.162863 0
    outer loop
      vertex -60.0428 -44.3474 60
      vertex -60.0961 -44.0245 3
      vertex -60.0961 -44.0245 60
    endloop
  endfacet
  facet normal 0.986649 0.162863 0
    outer loop
      vertex -60.0961 -44.0245 3
      vertex -60.0428 -44.3474 60
      vertex -60.0428 -44.3474 3
    endloop
  endfacet
  facet normal 0.0981116 -0.995175 0
    outer loop
      vertex -64.673 -49.9893 3
      vertex -64.3474 -49.9572 60
      vertex -64.673 -49.9893 60
    endloop
  endfacet
  facet normal 0.0981116 -0.995175 0
    outer loop
      vertex -64.3474 -49.9572 60
      vertex -64.673 -49.9893 3
      vertex -64.3474 -49.9572 3
    endloop
  endfacet
  facet normal 0.290347 -0.956922 0
    outer loop
      vertex -63.7059 -49.8296 3
      vertex -63.3928 -49.7346 60
      vertex -63.7059 -49.8296 60
    endloop
  endfacet
  facet normal 0.290347 -0.956922 0
    outer loop
      vertex -63.3928 -49.7346 60
      vertex -63.7059 -49.8296 3
      vertex -63.3928 -49.7346 3
    endloop
  endfacet
  facet normal 0.683656 -0.729804 0
    outer loop
      vertex -61.7033 -48.7592 3
      vertex -61.4645 -48.5355 60
      vertex -61.7033 -48.7592 60
    endloop
  endfacet
  facet normal 0.683656 -0.729804 0
    outer loop
      vertex -61.4645 -48.5355 60
      vertex -61.7033 -48.7592 3
      vertex -61.4645 -48.5355 3
    endloop
  endfacet
  facet normal 0.528047 -0.849215 0
    outer loop
      vertex -62.5 -49.3301 3
      vertex -62.2221 -49.1573 60
      vertex -62.5 -49.3301 60
    endloop
  endfacet
  facet normal 0.528047 -0.849215 0
    outer loop
      vertex -62.2221 -49.1573 60
      vertex -62.5 -49.3301 3
      vertex -62.2221 -49.1573 3
    endloop
  endfacet
  facet normal 0.849215 -0.528047 0
    outer loop
      vertex -60.8427 -47.7779 60
      vertex -60.6699 -47.5 3
      vertex -60.6699 -47.5 60
    endloop
  endfacet
  facet normal 0.849215 -0.528047 0
    outer loop
      vertex -60.6699 -47.5 3
      vertex -60.8427 -47.7779 60
      vertex -60.8427 -47.7779 3
    endloop
  endfacet
  facet normal 0.986649 -0.162863 0
    outer loop
      vertex -60.0961 -45.9755 60
      vertex -60.0428 -45.6526 3
      vertex -60.0428 -45.6526 60
    endloop
  endfacet
  facet normal 0.986649 -0.162863 0
    outer loop
      vertex -60.0428 -45.6526 3
      vertex -60.0961 -45.9755 60
      vertex -60.0961 -45.9755 3
    endloop
  endfacet
  facet normal -0.227046 -0.973884 0
    outer loop
      vertex -66.2941 -49.8296 3
      vertex -65.9754 -49.9039 60
      vertex -66.2941 -49.8296 60
    endloop
  endfacet
  facet normal -0.227046 -0.973884 -0
    outer loop
      vertex -65.9754 -49.9039 60
      vertex -66.2941 -49.8296 3
      vertex -65.9754 -49.9039 3
    endloop
  endfacet
  facet normal -0.0327042 -0.999465 0
    outer loop
      vertex -65.327 -49.9893 3
      vertex -65 -50 60
      vertex -65.327 -49.9893 60
    endloop
  endfacet
  facet normal -0.0327042 -0.999465 -0
    outer loop
      vertex -65 -50 60
      vertex -65.327 -49.9893 3
      vertex -65 -50 3
    endloop
  endfacet
  facet normal -0.634485 -0.772935 0
    outer loop
      vertex -68.2967 -48.7592 3
      vertex -68.0438 -48.9668 60
      vertex -68.2967 -48.7592 60
    endloop
  endfacet
  facet normal -0.634485 -0.772935 -0
    outer loop
      vertex -68.0438 -48.9668 60
      vertex -68.2967 -48.7592 3
      vertex -68.0438 -48.9668 3
    endloop
  endfacet
  facet normal -0.729804 -0.683656 0
    outer loop
      vertex -68.5355 -48.5355 3
      vertex -68.7592 -48.2967 60
      vertex -68.7592 -48.2967 3
    endloop
  endfacet
  facet normal -0.729804 -0.683656 0
    outer loop
      vertex -68.7592 -48.2967 60
      vertex -68.5355 -48.5355 3
      vertex -68.5355 -48.5355 60
    endloop
  endfacet
  facet normal -0.88187 -0.471492 0
    outer loop
      vertex -69.3301 -47.5 3
      vertex -69.4844 -47.2114 60
      vertex -69.4844 -47.2114 3
    endloop
  endfacet
  facet normal -0.88187 -0.471492 0
    outer loop
      vertex -69.4844 -47.2114 60
      vertex -69.3301 -47.5 3
      vertex -69.3301 -47.5 60
    endloop
  endfacet
  facet normal -0.956922 -0.290347 0
    outer loop
      vertex -69.7346 -46.6072 3
      vertex -69.8296 -46.2941 60
      vertex -69.8296 -46.2941 3
    endloop
  endfacet
  facet normal -0.956922 -0.290347 0
    outer loop
      vertex -69.8296 -46.2941 60
      vertex -69.7346 -46.6072 3
      vertex -69.7346 -46.6072 60
    endloop
  endfacet
  facet normal 0.772935 -0.634485 0
    outer loop
      vertex -61.2408 -48.2967 60
      vertex -61.0332 -48.0438 3
      vertex -61.0332 -48.0438 60
    endloop
  endfacet
  facet normal 0.772935 -0.634485 0
    outer loop
      vertex -61.0332 -48.0438 3
      vertex -61.2408 -48.2967 60
      vertex -61.2408 -48.2967 3
    endloop
  endfacet
  facet normal 0.88187 0.471492 0
    outer loop
      vertex -60.5156 47.2114 60
      vertex -60.6699 47.5 3
      vertex -60.6699 47.5 60
    endloop
  endfacet
  facet normal 0.88187 0.471492 0
    outer loop
      vertex -60.6699 47.5 3
      vertex -60.5156 47.2114 60
      vertex -60.5156 47.2114 3
    endloop
  endfacet
  facet normal 0.412651 0.910889 -0
    outer loop
      vertex -62.7886 49.4844 3
      vertex -63.0866 49.6194 60
      vertex -62.7886 49.4844 60
    endloop
  endfacet
  facet normal 0.412651 0.910889 0
    outer loop
      vertex -63.0866 49.6194 60
      vertex -62.7886 49.4844 3
      vertex -63.0866 49.6194 3
    endloop
  endfacet
  facet normal -0.352128 0.935952 0
    outer loop
      vertex -66.6072 49.7346 3
      vertex -66.9134 49.6194 60
      vertex -66.6072 49.7346 60
    endloop
  endfacet
  facet normal -0.352128 0.935952 0
    outer loop
      vertex -66.9134 49.6194 60
      vertex -66.6072 49.7346 3
      vertex -66.9134 49.6194 3
    endloop
  endfacet
  facet normal 0.0981116 0.995175 -0
    outer loop
      vertex -64.3474 49.9572 3
      vertex -64.673 49.9893 60
      vertex -64.3474 49.9572 60
    endloop
  endfacet
  facet normal 0.0981116 0.995175 0
    outer loop
      vertex -64.673 49.9893 60
      vertex -64.3474 49.9572 3
      vertex -64.673 49.9893 3
    endloop
  endfacet
  facet normal -0.995175 0.0981116 0
    outer loop
      vertex -69.9893 45.327 3
      vertex -69.9572 45.6526 60
      vertex -69.9572 45.6526 3
    endloop
  endfacet
  facet normal -0.995175 0.0981116 0
    outer loop
      vertex -69.9572 45.6526 60
      vertex -69.9893 45.327 3
      vertex -69.9893 45.327 60
    endloop
  endfacet
  facet normal -0.88187 0.471492 0
    outer loop
      vertex -69.4844 47.2114 3
      vertex -69.3301 47.5 60
      vertex -69.3301 47.5 3
    endloop
  endfacet
  facet normal -0.88187 0.471492 0
    outer loop
      vertex -69.3301 47.5 60
      vertex -69.4844 47.2114 3
      vertex -69.4844 47.2114 60
    endloop
  endfacet
  facet normal -0.58225 0.81301 0
    outer loop
      vertex -67.7778 49.1573 3
      vertex -68.0438 48.9668 60
      vertex -67.7778 49.1573 60
    endloop
  endfacet
  facet normal -0.58225 0.81301 0
    outer loop
      vertex -68.0438 48.9668 60
      vertex -67.7778 49.1573 3
      vertex -68.0438 48.9668 3
    endloop
  endfacet
  facet normal 0.471492 -0.88187 0
    outer loop
      vertex -62.7886 40.5156 3
      vertex -62.5 40.6699 60
      vertex -62.7886 40.5156 60
    endloop
  endfacet
  facet normal 0.471492 -0.88187 0
    outer loop
      vertex -62.5 40.6699 60
      vertex -62.7886 40.5156 3
      vertex -62.5 40.6699 3
    endloop
  endfacet
  facet normal 0.995175 0.0981116 0
    outer loop
      vertex -60.0107 45.327 60
      vertex -60.0428 45.6526 3
      vertex -60.0428 45.6526 60
    endloop
  endfacet
  facet normal 0.995175 0.0981116 0
    outer loop
      vertex -60.0428 45.6526 3
      vertex -60.0107 45.327 60
      vertex -60.0107 45.327 3
    endloop
  endfacet
  facet normal 0.973868 0.227114 0
    outer loop
      vertex -60.0961 45.9755 60
      vertex -60.1704 46.2941 3
      vertex -60.1704 46.2941 60
    endloop
  endfacet
  facet normal 0.973868 0.227114 0
    outer loop
      vertex -60.1704 46.2941 3
      vertex -60.0961 45.9755 60
      vertex -60.0961 45.9755 3
    endloop
  endfacet
  facet normal 0.849215 0.528047 0
    outer loop
      vertex -60.6699 47.5 60
      vertex -60.8427 47.7779 3
      vertex -60.8427 47.7779 60
    endloop
  endfacet
  facet normal 0.849215 0.528047 0
    outer loop
      vertex -60.8427 47.7779 3
      vertex -60.6699 47.5 60
      vertex -60.6699 47.5 3
    endloop
  endfacet
  facet normal 0.812906 0.582394 0
    outer loop
      vertex -60.8427 47.7779 60
      vertex -61.0332 48.0438 3
      vertex -61.0332 48.0438 60
    endloop
  endfacet
  facet normal 0.812906 0.582394 0
    outer loop
      vertex -61.0332 48.0438 3
      vertex -60.8427 47.7779 60
      vertex -60.8427 47.7779 3
    endloop
  endfacet
  facet normal 0.227046 0.973884 -0
    outer loop
      vertex -63.7059 49.8296 3
      vertex -64.0246 49.9039 60
      vertex -63.7059 49.8296 60
    endloop
  endfacet
  facet normal 0.227046 0.973884 0
    outer loop
      vertex -64.0246 49.9039 60
      vertex -63.7059 49.8296 3
      vertex -64.0246 49.9039 3
    endloop
  endfacet
  facet normal 0.352128 0.935952 -0
    outer loop
      vertex -63.0866 49.6194 3
      vertex -63.3928 49.7346 60
      vertex -63.0866 49.6194 60
    endloop
  endfacet
  facet normal 0.352128 0.935952 0
    outer loop
      vertex -63.3928 49.7346 60
      vertex -63.0866 49.6194 3
      vertex -63.3928 49.7346 3
    endloop
  endfacet
  facet normal 0.634485 0.772935 -0
    outer loop
      vertex -61.7033 48.7592 3
      vertex -61.9562 48.9668 60
      vertex -61.7033 48.7592 60
    endloop
  endfacet
  facet normal 0.634485 0.772935 0
    outer loop
      vertex -61.9562 48.9668 60
      vertex -61.7033 48.7592 3
      vertex -61.9562 48.9668 3
    endloop
  endfacet
  facet normal 0.471492 0.88187 -0
    outer loop
      vertex -62.5 49.3301 3
      vertex -62.7886 49.4844 60
      vertex -62.5 49.3301 60
    endloop
  endfacet
  facet normal 0.471492 0.88187 0
    outer loop
      vertex -62.7886 49.4844 60
      vertex -62.5 49.3301 3
      vertex -62.7886 49.4844 3
    endloop
  endfacet
  facet normal 0.582394 0.812906 -0
    outer loop
      vertex -61.9562 48.9668 3
      vertex -62.2221 49.1573 60
      vertex -61.9562 48.9668 60
    endloop
  endfacet
  facet normal 0.582394 0.812906 0
    outer loop
      vertex -62.2221 49.1573 60
      vertex -61.9562 48.9668 3
      vertex -62.2221 49.1573 3
    endloop
  endfacet
  facet normal -0.973868 0.227114 0
    outer loop
      vertex -69.9039 45.9755 3
      vertex -69.8296 46.2941 60
      vertex -69.8296 46.2941 3
    endloop
  endfacet
  facet normal -0.973868 0.227114 0
    outer loop
      vertex -69.8296 46.2941 60
      vertex -69.9039 45.9755 3
      vertex -69.9039 45.9755 60
    endloop
  endfacet
  facet normal -0.935952 0.352128 0
    outer loop
      vertex -69.7346 46.6072 3
      vertex -69.6194 46.9134 60
      vertex -69.6194 46.9134 3
    endloop
  endfacet
  facet normal -0.935952 0.352128 0
    outer loop
      vertex -69.6194 46.9134 60
      vertex -69.7346 46.6072 3
      vertex -69.7346 46.6072 60
    endloop
  endfacet
  facet normal -0.986649 0.162863 0
    outer loop
      vertex -69.9572 45.6526 3
      vertex -69.9039 45.9755 60
      vertex -69.9039 45.9755 3
    endloop
  endfacet
  facet normal -0.986649 0.162863 0
    outer loop
      vertex -69.9039 45.9755 60
      vertex -69.9572 45.6526 3
      vertex -69.9572 45.6526 60
    endloop
  endfacet
  facet normal -0.772935 0.634485 0
    outer loop
      vertex -68.9668 48.0438 3
      vertex -68.7592 48.2967 60
      vertex -68.7592 48.2967 3
    endloop
  endfacet
  facet normal -0.772935 0.634485 0
    outer loop
      vertex -68.7592 48.2967 60
      vertex -68.9668 48.0438 3
      vertex -68.9668 48.0438 60
    endloop
  endfacet
  facet normal -0.849215 0.528047 0
    outer loop
      vertex -69.3301 47.5 3
      vertex -69.1573 47.7779 60
      vertex -69.1573 47.7779 3
    endloop
  endfacet
  facet normal -0.849215 0.528047 0
    outer loop
      vertex -69.1573 47.7779 60
      vertex -69.3301 47.5 3
      vertex -69.3301 47.5 60
    endloop
  endfacet
  facet normal -0.812906 0.582394 0
    outer loop
      vertex -69.1573 47.7779 3
      vertex -68.9668 48.0438 60
      vertex -68.9668 48.0438 3
    endloop
  endfacet
  facet normal -0.812906 0.582394 0
    outer loop
      vertex -68.9668 48.0438 60
      vertex -69.1573 47.7779 3
      vertex -69.1573 47.7779 60
    endloop
  endfacet
  facet normal -0.0981116 0.995175 0
    outer loop
      vertex -65.327 49.9893 3
      vertex -65.6526 49.9572 60
      vertex -65.327 49.9893 60
    endloop
  endfacet
  facet normal -0.0981116 0.995175 0
    outer loop
      vertex -65.6526 49.9572 60
      vertex -65.327 49.9893 3
      vertex -65.6526 49.9572 3
    endloop
  endfacet
  facet normal -0.290347 0.956922 0
    outer loop
      vertex -66.2941 49.8296 3
      vertex -66.6072 49.7346 60
      vertex -66.2941 49.8296 60
    endloop
  endfacet
  facet normal -0.290347 0.956922 0
    outer loop
      vertex -66.6072 49.7346 60
      vertex -66.2941 49.8296 3
      vertex -66.6072 49.7346 3
    endloop
  endfacet
  facet normal -0.162912 0.986641 0
    outer loop
      vertex -65.6526 49.9572 3
      vertex -65.9754 49.9039 60
      vertex -65.6526 49.9572 60
    endloop
  endfacet
  facet normal -0.162912 0.986641 0
    outer loop
      vertex -65.9754 49.9039 60
      vertex -65.6526 49.9572 3
      vertex -65.9754 49.9039 3
    endloop
  endfacet
  facet normal -0.471492 0.88187 0
    outer loop
      vertex -67.2114 49.4844 3
      vertex -67.5 49.3301 60
      vertex -67.2114 49.4844 60
    endloop
  endfacet
  facet normal -0.471492 0.88187 0
    outer loop
      vertex -67.5 49.3301 60
      vertex -67.2114 49.4844 3
      vertex -67.5 49.3301 3
    endloop
  endfacet
  facet normal -0.528184 0.84913 0
    outer loop
      vertex -67.5 49.3301 3
      vertex -67.7778 49.1573 60
      vertex -67.5 49.3301 60
    endloop
  endfacet
  facet normal -0.528184 0.84913 0
    outer loop
      vertex -67.7778 49.1573 60
      vertex -67.5 49.3301 3
      vertex -67.7778 49.1573 3
    endloop
  endfacet
  facet normal 0.999465 -0.0327042 0
    outer loop
      vertex -60.0107 44.673 60
      vertex -60 45 3
      vertex -60 45 60
    endloop
  endfacet
  facet normal 0.999465 -0.0327042 0
    outer loop
      vertex -60 45 3
      vertex -60.0107 44.673 60
      vertex -60.0107 44.673 3
    endloop
  endfacet
  facet normal -0.812906 -0.582394 0
    outer loop
      vertex -68.9668 41.9562 3
      vertex -69.1573 42.2221 60
      vertex -69.1573 42.2221 3
    endloop
  endfacet
  facet normal -0.812906 -0.582394 0
    outer loop
      vertex -69.1573 42.2221 60
      vertex -68.9668 41.9562 3
      vertex -68.9668 41.9562 60
    endloop
  endfacet
  facet normal -0.973868 -0.227114 0
    outer loop
      vertex -69.8296 43.7059 3
      vertex -69.9039 44.0245 60
      vertex -69.9039 44.0245 3
    endloop
  endfacet
  facet normal -0.973868 -0.227114 0
    outer loop
      vertex -69.9039 44.0245 60
      vertex -69.8296 43.7059 3
      vertex -69.8296 43.7059 60
    endloop
  endfacet
  facet normal 0.352128 -0.935952 0
    outer loop
      vertex -63.3928 40.2654 3
      vertex -63.0866 40.3806 60
      vertex -63.3928 40.2654 60
    endloop
  endfacet
  facet normal 0.352128 -0.935952 0
    outer loop
      vertex -63.0866 40.3806 60
      vertex -63.3928 40.2654 3
      vertex -63.0866 40.3806 3
    endloop
  endfacet
  facet normal 0.956922 0.290347 0
    outer loop
      vertex -60.1704 46.2941 60
      vertex -60.2654 46.6072 3
      vertex -60.2654 46.6072 60
    endloop
  endfacet
  facet normal 0.956922 0.290347 0
    outer loop
      vertex -60.2654 46.6072 3
      vertex -60.1704 46.2941 60
      vertex -60.1704 46.2941 3
    endloop
  endfacet
  facet normal 0.986649 0.162863 0
    outer loop
      vertex -60.0428 45.6526 60
      vertex -60.0961 45.9755 3
      vertex -60.0961 45.9755 60
    endloop
  endfacet
  facet normal 0.986649 0.162863 0
    outer loop
      vertex -60.0961 45.9755 3
      vertex -60.0428 45.6526 60
      vertex -60.0428 45.6526 3
    endloop
  endfacet
  facet normal 0.729804 0.683656 0
    outer loop
      vertex -61.2408 48.2967 60
      vertex -61.4645 48.5355 3
      vertex -61.4645 48.5355 60
    endloop
  endfacet
  facet normal 0.729804 0.683656 0
    outer loop
      vertex -61.4645 48.5355 3
      vertex -61.2408 48.2967 60
      vertex -61.2408 48.2967 3
    endloop
  endfacet
  facet normal 0.772935 0.634485 0
    outer loop
      vertex -61.0332 48.0438 60
      vertex -61.2408 48.2967 3
      vertex -61.2408 48.2967 60
    endloop
  endfacet
  facet normal 0.772935 0.634485 0
    outer loop
      vertex -61.2408 48.2967 3
      vertex -61.0332 48.0438 60
      vertex -61.0332 48.0438 3
    endloop
  endfacet
  facet normal 0.0327042 0.999465 -0
    outer loop
      vertex -64.673 49.9893 3
      vertex -65 50 60
      vertex -64.673 49.9893 60
    endloop
  endfacet
  facet normal 0.0327042 0.999465 0
    outer loop
      vertex -65 50 60
      vertex -64.673 49.9893 3
      vertex -65 50 3
    endloop
  endfacet
  facet normal 0.162912 0.986641 -0
    outer loop
      vertex -64.0246 49.9039 3
      vertex -64.3474 49.9572 60
      vertex -64.0246 49.9039 60
    endloop
  endfacet
  facet normal 0.162912 0.986641 0
    outer loop
      vertex -64.3474 49.9572 60
      vertex -64.0246 49.9039 3
      vertex -64.3474 49.9572 3
    endloop
  endfacet
  facet normal 0.290347 0.956922 -0
    outer loop
      vertex -63.3928 49.7346 3
      vertex -63.7059 49.8296 60
      vertex -63.3928 49.7346 60
    endloop
  endfacet
  facet normal 0.290347 0.956922 0
    outer loop
      vertex -63.7059 49.8296 60
      vertex -63.3928 49.7346 3
      vertex -63.7059 49.8296 3
    endloop
  endfacet
  facet normal 0.528047 0.849215 -0
    outer loop
      vertex -62.2221 49.1573 3
      vertex -62.5 49.3301 60
      vertex -62.2221 49.1573 60
    endloop
  endfacet
  facet normal 0.528047 0.849215 0
    outer loop
      vertex -62.5 49.3301 60
      vertex -62.2221 49.1573 3
      vertex -62.5 49.3301 3
    endloop
  endfacet
  facet normal 0.683656 0.729804 -0
    outer loop
      vertex -61.4645 48.5355 3
      vertex -61.7033 48.7592 60
      vertex -61.4645 48.5355 60
    endloop
  endfacet
  facet normal 0.683656 0.729804 0
    outer loop
      vertex -61.7033 48.7592 60
      vertex -61.4645 48.5355 3
      vertex -61.7033 48.7592 3
    endloop
  endfacet
  facet normal -0.999465 0.0327042 0
    outer loop
      vertex -70 45 3
      vertex -69.9893 45.327 60
      vertex -69.9893 45.327 3
    endloop
  endfacet
  facet normal -0.999465 0.0327042 0
    outer loop
      vertex -69.9893 45.327 60
      vertex -70 45 3
      vertex -70 45 60
    endloop
  endfacet
  facet normal -0.956922 0.290347 0
    outer loop
      vertex -69.8296 46.2941 3
      vertex -69.7346 46.6072 60
      vertex -69.7346 46.6072 3
    endloop
  endfacet
  facet normal -0.956922 0.290347 0
    outer loop
      vertex -69.7346 46.6072 60
      vertex -69.8296 46.2941 3
      vertex -69.8296 46.2941 60
    endloop
  endfacet
  facet normal -0.910889 0.412651 0
    outer loop
      vertex -69.6194 46.9134 3
      vertex -69.4844 47.2114 60
      vertex -69.4844 47.2114 3
    endloop
  endfacet
  facet normal -0.910889 0.412651 0
    outer loop
      vertex -69.4844 47.2114 60
      vertex -69.6194 46.9134 3
      vertex -69.6194 46.9134 60
    endloop
  endfacet
  facet normal -0.729804 0.683656 0
    outer loop
      vertex -68.7592 48.2967 3
      vertex -68.5355 48.5355 60
      vertex -68.5355 48.5355 3
    endloop
  endfacet
  facet normal -0.729804 0.683656 0
    outer loop
      vertex -68.5355 48.5355 60
      vertex -68.7592 48.2967 3
      vertex -68.7592 48.2967 60
    endloop
  endfacet
  facet normal -0.227046 0.973884 0
    outer loop
      vertex -65.9754 49.9039 3
      vertex -66.2941 49.8296 60
      vertex -65.9754 49.9039 60
    endloop
  endfacet
  facet normal -0.227046 0.973884 0
    outer loop
      vertex -66.2941 49.8296 60
      vertex -65.9754 49.9039 3
      vertex -66.2941 49.8296 3
    endloop
  endfacet
  facet normal -0.0327042 0.999465 0
    outer loop
      vertex -65 50 3
      vertex -65.327 49.9893 60
      vertex -65 50 60
    endloop
  endfacet
  facet normal -0.0327042 0.999465 0
    outer loop
      vertex -65.327 49.9893 60
      vertex -65 50 3
      vertex -65.327 49.9893 3
    endloop
  endfacet
  facet normal -0.412651 0.910889 0
    outer loop
      vertex -66.9134 49.6194 3
      vertex -67.2114 49.4844 60
      vertex -66.9134 49.6194 60
    endloop
  endfacet
  facet normal -0.412651 0.910889 0
    outer loop
      vertex -67.2114 49.4844 60
      vertex -66.9134 49.6194 3
      vertex -67.2114 49.4844 3
    endloop
  endfacet
  facet normal -0.683656 0.729804 0
    outer loop
      vertex -68.2967 48.7592 3
      vertex -68.5355 48.5355 60
      vertex -68.2967 48.7592 60
    endloop
  endfacet
  facet normal -0.683656 0.729804 0
    outer loop
      vertex -68.5355 48.5355 60
      vertex -68.2967 48.7592 3
      vertex -68.5355 48.5355 3
    endloop
  endfacet
  facet normal -0.634485 0.772935 0
    outer loop
      vertex -68.0438 48.9668 3
      vertex -68.2967 48.7592 60
      vertex -68.0438 48.9668 60
    endloop
  endfacet
  facet normal -0.634485 0.772935 0
    outer loop
      vertex -68.2967 48.7592 60
      vertex -68.0438 48.9668 3
      vertex -68.2967 48.7592 3
    endloop
  endfacet
  facet normal 0.999465 0.0327042 0
    outer loop
      vertex -60 45 60
      vertex -60.0107 45.327 3
      vertex -60.0107 45.327 60
    endloop
  endfacet
  facet normal 0.999465 0.0327042 0
    outer loop
      vertex -60.0107 45.327 3
      vertex -60 45 60
      vertex -60 45 3
    endloop
  endfacet
  facet normal 0.973868 -0.227114 0
    outer loop
      vertex -60.1704 43.7059 60
      vertex -60.0961 44.0245 3
      vertex -60.0961 44.0245 60
    endloop
  endfacet
  facet normal 0.973868 -0.227114 0
    outer loop
      vertex -60.0961 44.0245 3
      vertex -60.1704 43.7059 60
      vertex -60.1704 43.7059 3
    endloop
  endfacet
  facet normal -0.683656 -0.729804 0
    outer loop
      vertex -68.5355 41.4645 3
      vertex -68.2967 41.2408 60
      vertex -68.5355 41.4645 60
    endloop
  endfacet
  facet normal -0.683656 -0.729804 -0
    outer loop
      vertex -68.2967 41.2408 60
      vertex -68.5355 41.4645 3
      vertex -68.2967 41.2408 3
    endloop
  endfacet
  facet normal 0.0327042 -0.999465 0
    outer loop
      vertex -65 40 3
      vertex -64.673 40.0107 60
      vertex -65 40 60
    endloop
  endfacet
  facet normal 0.0327042 -0.999465 0
    outer loop
      vertex -64.673 40.0107 60
      vertex -65 40 3
      vertex -64.673 40.0107 3
    endloop
  endfacet
  facet normal -0.935952 -0.352128 0
    outer loop
      vertex -69.6194 43.0866 3
      vertex -69.7346 43.3928 60
      vertex -69.7346 43.3928 3
    endloop
  endfacet
  facet normal -0.935952 -0.352128 0
    outer loop
      vertex -69.7346 43.3928 60
      vertex -69.6194 43.0866 3
      vertex -69.6194 43.0866 60
    endloop
  endfacet
  facet normal -0.910889 -0.412651 0
    outer loop
      vertex -69.4844 42.7886 3
      vertex -69.6194 43.0866 60
      vertex -69.6194 43.0866 3
    endloop
  endfacet
  facet normal -0.910889 -0.412651 0
    outer loop
      vertex -69.6194 43.0866 60
      vertex -69.4844 42.7886 3
      vertex -69.4844 42.7886 60
    endloop
  endfacet
  facet normal 0.0981116 -0.995175 0
    outer loop
      vertex -64.673 40.0107 3
      vertex -64.3474 40.0428 60
      vertex -64.673 40.0107 60
    endloop
  endfacet
  facet normal 0.0981116 -0.995175 0
    outer loop
      vertex -64.3474 40.0428 60
      vertex -64.673 40.0107 3
      vertex -64.3474 40.0428 3
    endloop
  endfacet
  facet normal 0.290347 -0.956922 0
    outer loop
      vertex -63.7059 40.1704 3
      vertex -63.3928 40.2654 60
      vertex -63.7059 40.1704 60
    endloop
  endfacet
  facet normal 0.290347 -0.956922 0
    outer loop
      vertex -63.3928 40.2654 60
      vertex -63.7059 40.1704 3
      vertex -63.3928 40.2654 3
    endloop
  endfacet
  facet normal 0.910889 0.412651 0
    outer loop
      vertex -60.3806 46.9134 60
      vertex -60.5156 47.2114 3
      vertex -60.5156 47.2114 60
    endloop
  endfacet
  facet normal 0.910889 0.412651 0
    outer loop
      vertex -60.5156 47.2114 3
      vertex -60.3806 46.9134 60
      vertex -60.3806 46.9134 3
    endloop
  endfacet
  facet normal 0.935952 0.352128 0
    outer loop
      vertex -60.2654 46.6072 60
      vertex -60.3806 46.9134 3
      vertex -60.3806 46.9134 60
    endloop
  endfacet
  facet normal 0.935952 0.352128 0
    outer loop
      vertex -60.3806 46.9134 3
      vertex -60.2654 46.6072 60
      vertex -60.2654 46.6072 3
    endloop
  endfacet
  facet normal 0 0 1
    outer loop
      vertex -63.75 45 60
      vertex -60 45 60
      vertex -60.0107 45.327 60
    endloop
  endfacet
  facet normal 0 0 1
    outer loop
      vertex -63.7527 45.0818 60
      vertex -60.0107 45.327 60
      vertex -60.0428 45.6526 60
    endloop
  endfacet
  facet normal 0 0 1
    outer loop
      vertex -60 45 60
      vertex -63.75 45 60
      vertex -60.0107 44.673 60
    endloop
  endfacet
  facet normal 0 0 1
    outer loop
      vertex -63.7607 45.1632 60
      vertex -60.0428 45.6526 60
      vertex -60.0961 45.9755 60
    endloop
  endfacet
  facet normal -0 0 1
    outer loop
      vertex -63.7527 44.9182 60
      vertex -60.0107 44.673 60
      vertex -63.75 45 60
    endloop
  endfacet
  facet normal 0 0 1
    outer loop
      vertex -63.774 45.2439 60
      vertex -60.0961 45.9755 60
      vertex -60.1704 46.2941 60
    endloop
  endfacet
  facet normal 0 0 1
    outer loop
      vertex -60.0107 44.673 60
      vertex -63.7527 44.9182 60
      vertex -60.0428 44.3474 60
    endloop
  endfacet
  facet normal 0 0 1
    outer loop
      vertex -63.7926 45.3235 60
      vertex -60.1704 46.2941 60
      vertex -60.2654 46.6072 60
    endloop
  endfacet
  facet normal -0 0 1
    outer loop
      vertex -63.7607 44.8368 60
      vertex -60.0428 44.3474 60
      vertex -63.7527 44.9182 60
    endloop
  endfacet
  facet normal 0 0 1
    outer loop
      vertex -63.8163 45.4018 60
      vertex -60.2654 46.6072 60
      vertex -60.3806 46.9134 60
    endloop
  endfacet
  facet normal 0 0 1
    outer loop
      vertex -60.0428 44.3474 60
      vertex -63.7607 44.8368 60
      vertex -60.0961 44.0245 60
    endloop
  endfacet
  facet normal 0 0 1
    outer loop
      vertex -63.8451 45.4784 60
      vertex -60.3806 46.9134 60
      vertex -60.5156 47.2114 60
    endloop
  endfacet
  facet normal -0 0 1
    outer loop
      vertex -63.774 44.7561 60
      vertex -60.0961 44.0245 60
      vertex -63.7607 44.8368 60
    endloop
  endfacet
  facet normal 0 0 1
    outer loop
      vertex -63.8789 45.5529 60
      vertex -60.5156 47.2114 60
      vertex -60.6699 47.5 60
    endloop
  endfacet
  facet normal 0 0 1
    outer loop
      vertex -60.0961 44.0245 60
      vertex -63.774 44.7561 60
      vertex -60.1704 43.7059 60
    endloop
  endfacet
  facet normal 0 0 1
    outer loop
      vertex -63.9175 45.625 60
      vertex -60.6699 47.5 60
      vertex -60.8427 47.7779 60
    endloop
  endfacet
  facet normal -0 0 1
    outer loop
      vertex -63.7926 44.6765 60
      vertex -60.1704 43.7059 60
      vertex -63.774 44.7561 60
    endloop
  endfacet
  facet normal 0 0 1
    outer loop
      vertex -63.9607 45.6945 60
      vertex -60.8427 47.7779 60
      vertex -61.0332 48.0438 60
    endloop
  endfacet
  facet normal 0 0 1
    outer loop
      vertex -60.1704 43.7059 60
      vertex -63.7926 44.6765 60
      vertex -60.2654 43.3928 60
    endloop
  endfacet
  facet normal 0 0 1
    outer loop
      vertex -64.0083 45.761 60
      vertex -61.0332 48.0438 60
      vertex -61.2408 48.2967 60
    endloop
  endfacet
  facet normal -0 0 1
    outer loop
      vertex -63.8163 44.5982 60
      vertex -60.2654 43.3928 60
      vertex -63.7926 44.6765 60
    endloop
  endfacet
  facet normal 0 0 1
    outer loop
      vertex -64.0602 45.8242 60
      vertex -61.2408 48.2967 60
      vertex -61.4645 48.5355 60
    endloop
  endfacet
  facet normal 0 0 1
    outer loop
      vertex -60.2654 43.3928 60
      vertex -63.8163 44.5982 60
      vertex -60.3806 43.0866 60
    endloop
  endfacet
  facet normal 0 0 1
    outer loop
      vertex -64.1161 45.8839 60
      vertex -61.4645 48.5355 60
      vertex -61.7033 48.7592 60
    endloop
  endfacet
  facet normal -0 0 1
    outer loop
      vertex -63.8451 44.5216 60
      vertex -60.3806 43.0866 60
      vertex -63.8163 44.5982 60
    endloop
  endfacet
  facet normal 0 0 1
    outer loop
      vertex -64.1758 45.9398 60
      vertex -61.7033 48.7592 60
      vertex -61.9562 48.9668 60
    endloop
  endfacet
  facet normal 0 0 1
    outer loop
      vertex -60.3806 43.0866 60
      vertex -63.8451 44.5216 60
      vertex -60.5156 42.7886 60
    endloop
  endfacet
  facet normal 0 0 1
    outer loop
      vertex -64.239 45.9917 60
      vertex -61.9562 48.9668 60
      vertex -62.2221 49.1573 60
    endloop
  endfacet
  facet normal -0 0 1
    outer loop
      vertex -63.8789 44.4471 60
      vertex -60.5156 42.7886 60
      vertex -63.8451 44.5216 60
    endloop
  endfacet
  facet normal 0 0 1
    outer loop
      vertex -64.3055 46.0393 60
      vertex -62.2221 49.1573 60
      vertex -62.5 49.3301 60
    endloop
  endfacet
  facet normal 0 0 1
    outer loop
      vertex -60.5156 42.7886 60
      vertex -63.8789 44.4471 60
      vertex -60.6699 42.5 60
    endloop
  endfacet
  facet normal 0 0 1
    outer loop
      vertex -64.375 46.0825 60
      vertex -62.5 49.3301 60
      vertex -62.7886 49.4844 60
    endloop
  endfacet
  facet normal -0 0 1
    outer loop
      vertex -63.9175 44.375 60
      vertex -60.6699 42.5 60
      vertex -63.8789 44.4471 60
    endloop
  endfacet
  facet normal 0 0 1
    outer loop
      vertex -64.4471 46.1211 60
      vertex -62.7886 49.4844 60
      vertex -63.0866 49.6194 60
    endloop
  endfacet
  facet normal 0 0 1
    outer loop
      vertex -60.6699 42.5 60
      vertex -63.9175 44.375 60
      vertex -60.8427 42.2221 60
    endloop
  endfacet
  facet normal 0 0 1
    outer loop
      vertex -64.5216 46.1549 60
      vertex -63.0866 49.6194 60
      vertex -63.3928 49.7346 60
    endloop
  endfacet
  facet normal -0 0 1
    outer loop
      vertex -63.9607 44.3055 60
      vertex -60.8427 42.2221 60
      vertex -63.9175 44.375 60
    endloop
  endfacet
  facet normal 0 0 1
    outer loop
      vertex -64.5982 46.1837 60
      vertex -63.3928 49.7346 60
      vertex -63.7059 49.8296 60
    endloop
  endfacet
  facet normal 0 0 1
    outer loop
      vertex -60.8427 42.2221 60
      vertex -63.9607 44.3055 60
      vertex -61.0332 41.9562 60
    endloop
  endfacet
  facet normal -0 0 1
    outer loop
      vertex -64.0083 44.239 60
      vertex -61.0332 41.9562 60
      vertex -63.9607 44.3055 60
    endloop
  endfacet
  facet normal 0 0 1
    outer loop
      vertex -60.0107 45.327 60
      vertex -63.7527 45.0818 60
      vertex -63.75 45 60
    endloop
  endfacet
  facet normal 0 0 1
    outer loop
      vertex -60.0428 45.6526 60
      vertex -63.7607 45.1632 60
      vertex -63.7527 45.0818 60
    endloop
  endfacet
  facet normal 0 0 1
    outer loop
      vertex -60.0961 45.9755 60
      vertex -63.774 45.2439 60
      vertex -63.7607 45.1632 60
    endloop
  endfacet
  facet normal 0 0 1
    outer loop
      vertex -60.1704 46.2941 60
      vertex -63.7926 45.3235 60
      vertex -63.774 45.2439 60
    endloop
  endfacet
  facet normal 0 0 1
    outer loop
      vertex -60.2654 46.6072 60
      vertex -63.8163 45.4018 60
      vertex -63.7926 45.3235 60
    endloop
  endfacet
  facet normal 0 0 1
    outer loop
      vertex -60.3806 46.9134 60
      vertex -63.8451 45.4784 60
      vertex -63.8163 45.4018 60
    endloop
  endfacet
  facet normal 0 0 1
    outer loop
      vertex -60.5156 47.2114 60
      vertex -63.8789 45.5529 60
      vertex -63.8451 45.4784 60
    endloop
  endfacet
  facet normal 0 0 1
    outer loop
      vertex -60.6699 47.5 60
      vertex -63.9175 45.625 60
      vertex -63.8789 45.5529 60
    endloop
  endfacet
  facet normal 0 0 1
    outer loop
      vertex -60.8427 47.7779 60
      vertex -63.9607 45.6945 60
      vertex -63.9175 45.625 60
    endloop
  endfacet
  facet normal 0 0 1
    outer loop
      vertex -61.0332 48.0438 60
      vertex -64.0083 45.761 60
      vertex -63.9607 45.6945 60
    endloop
  endfacet
  facet normal 0 0 1
    outer loop
      vertex -64.6765 46.2074 60
      vertex -63.7059 49.8296 60
      vertex -64.0246 49.9039 60
    endloop
  endfacet
  facet normal 0 0 1
    outer loop
      vertex -61.2408 48.2967 60
      vertex -64.0602 45.8242 60
      vertex -64.0083 45.761 60
    endloop
  endfacet
  facet normal 0 0 1
    outer loop
      vertex -61.4645 48.5355 60
      vertex -64.1161 45.8839 60
      vertex -64.0602 45.8242 60
    endloop
  endfacet
  facet normal 0 0 1
    outer loop
      vertex -61.7033 48.7592 60
      vertex -64.1758 45.9398 60
      vertex -64.1161 45.8839 60
    endloop
  endfacet
  facet normal 0 0 1
    outer loop
      vertex -61.9562 48.9668 60
      vertex -64.239 45.9917 60
      vertex -64.1758 45.9398 60
    endloop
  endfacet
  facet normal 0 0 1
    outer loop
      vertex -62.2221 49.1573 60
      vertex -64.3055 46.0393 60
      vertex -64.239 45.9917 60
    endloop
  endfacet
  facet normal 0 0 1
    outer loop
      vertex -64.7561 46.226 60
      vertex -64.0246 49.9039 60
      vertex -64.3474 49.9572 60
    endloop
  endfacet
  facet normal 0 0 1
    outer loop
      vertex -62.5 49.3301 60
      vertex -64.375 46.0825 60
      vertex -64.3055 46.0393 60
    endloop
  endfacet
  facet normal 0 0 1
    outer loop
      vertex -62.7886 49.4844 60
      vertex -64.4471 46.1211 60
      vertex -64.375 46.0825 60
    endloop
  endfacet
  facet normal 0 0 1
    outer loop
      vertex -63.0866 49.6194 60
      vertex -64.5216 46.1549 60
      vertex -64.4471 46.1211 60
    endloop
  endfacet
  facet normal 0 0 1
    outer loop
      vertex -63.3928 49.7346 60
      vertex -64.5982 46.1837 60
      vertex -64.5216 46.1549 60
    endloop
  endfacet
  facet normal 0 0 1
    outer loop
      vertex -64.8368 46.2393 60
      vertex -64.3474 49.9572 60
      vertex -64.673 49.9893 60
    endloop
  endfacet
  facet normal 0 0 1
    outer loop
      vertex -63.7059 49.8296 60
      vertex -64.6765 46.2074 60
      vertex -64.5982 46.1837 60
    endloop
  endfacet
  facet normal 0 0 1
    outer loop
      vertex -64.0246 49.9039 60
      vertex -64.7561 46.226 60
      vertex -64.6765 46.2074 60
    endloop
  endfacet
  facet normal 0 0 1
    outer loop
      vertex -64.3474 49.9572 60
      vertex -64.8368 46.2393 60
      vertex -64.7561 46.226 60
    endloop
  endfacet
  facet normal 0 0 1
    outer loop
      vertex -64.673 49.9893 60
      vertex -64.9182 46.2473 60
      vertex -64.8368 46.2393 60
    endloop
  endfacet
  facet normal 0 0 1
    outer loop
      vertex -65 50 60
      vertex -64.9182 46.2473 60
      vertex -64.673 49.9893 60
    endloop
  endfacet
  facet normal 0 0 1
    outer loop
      vertex -65 50 60
      vertex -65 46.25 60
      vertex -64.9182 46.2473 60
    endloop
  endfacet
  facet normal 0 0 1
    outer loop
      vertex -65 50 60
      vertex -65.0818 46.2473 60
      vertex -65 46.25 60
    endloop
  endfacet
  facet normal -0 0 1
    outer loop
      vertex -65.327 49.9893 60
      vertex -65.0818 46.2473 60
      vertex -65 50 60
    endloop
  endfacet
  facet normal 0 0 1
    outer loop
      vertex -65.0818 46.2473 60
      vertex -65.327 49.9893 60
      vertex -65.1632 46.2393 60
    endloop
  endfacet
  facet normal -0 0 1
    outer loop
      vertex -65.6526 49.9572 60
      vertex -65.1632 46.2393 60
      vertex -65.327 49.9893 60
    endloop
  endfacet
  facet normal 0 0 1
    outer loop
      vertex -65.1632 46.2393 60
      vertex -65.6526 49.9572 60
      vertex -65.2439 46.226 60
    endloop
  endfacet
  facet normal -0 0 1
    outer loop
      vertex -65.9754 49.9039 60
      vertex -65.2439 46.226 60
      vertex -65.6526 49.9572 60
    endloop
  endfacet
  facet normal 0 0 1
    outer loop
      vertex -65.2439 46.226 60
      vertex -65.9754 49.9039 60
      vertex -65.3235 46.2074 60
    endloop
  endfacet
  facet normal -0 0 1
    outer loop
      vertex -66.2941 49.8296 60
      vertex -65.3235 46.2074 60
      vertex -65.9754 49.9039 60
    endloop
  endfacet
  facet normal 0 0 1
    outer loop
      vertex -65.3235 46.2074 60
      vertex -66.2941 49.8296 60
      vertex -65.4018 46.1837 60
    endloop
  endfacet
  facet normal -0 0 1
    outer loop
      vertex -66.6072 49.7346 60
      vertex -65.4018 46.1837 60
      vertex -66.2941 49.8296 60
    endloop
  endfacet
  facet normal 0 0 1
    outer loop
      vertex -65.4018 46.1837 60
      vertex -66.6072 49.7346 60
      vertex -65.4784 46.1549 60
    endloop
  endfacet
  facet normal -0 0 1
    outer loop
      vertex -66.9134 49.6194 60
      vertex -65.4784 46.1549 60
      vertex -66.6072 49.7346 60
    endloop
  endfacet
  facet normal 0 0 1
    outer loop
      vertex -65.4784 46.1549 60
      vertex -66.9134 49.6194 60
      vertex -65.5529 46.1211 60
    endloop
  endfacet
  facet normal -0 0 1
    outer loop
      vertex -67.2114 49.4844 60
      vertex -65.5529 46.1211 60
      vertex -66.9134 49.6194 60
    endloop
  endfacet
  facet normal 0 0 1
    outer loop
      vertex -65.5529 46.1211 60
      vertex -67.2114 49.4844 60
      vertex -65.625 46.0825 60
    endloop
  endfacet
  facet normal -0 0 1
    outer loop
      vertex -67.5 49.3301 60
      vertex -65.625 46.0825 60
      vertex -67.2114 49.4844 60
    endloop
  endfacet
  facet normal 0 0 1
    outer loop
      vertex -65.625 46.0825 60
      vertex -67.5 49.3301 60
      vertex -65.6945 46.0393 60
    endloop
  endfacet
  facet normal -0 0 1
    outer loop
      vertex -67.7778 49.1573 60
      vertex -65.6945 46.0393 60
      vertex -67.5 49.3301 60
    endloop
  endfacet
  facet normal 0 0 1
    outer loop
      vertex -65.6945 46.0393 60
      vertex -67.7778 49.1573 60
      vertex -65.7609 45.9917 60
    endloop
  endfacet
  facet normal -0 0 1
    outer loop
      vertex -68.0438 48.9668 60
      vertex -65.7609 45.9917 60
      vertex -67.7778 49.1573 60
    endloop
  endfacet
  facet normal 0 0 1
    outer loop
      vertex -65.7609 45.9917 60
      vertex -68.0438 48.9668 60
      vertex -65.8242 45.9398 60
    endloop
  endfacet
  facet normal -0 0 1
    outer loop
      vertex -68.2967 48.7592 60
      vertex -65.8242 45.9398 60
      vertex -68.0438 48.9668 60
    endloop
  endfacet
  facet normal 0 0 1
    outer loop
      vertex -65.8242 45.9398 60
      vertex -68.2967 48.7592 60
      vertex -65.8839 45.8839 60
    endloop
  endfacet
  facet normal -0 0 1
    outer loop
      vertex -68.5355 48.5355 60
      vertex -65.8839 45.8839 60
      vertex -68.2967 48.7592 60
    endloop
  endfacet
  facet normal 0 0 1
    outer loop
      vertex -65.8839 45.8839 60
      vertex -68.5355 48.5355 60
      vertex -65.9398 45.8242 60
    endloop
  endfacet
  facet normal -0 0 1
    outer loop
      vertex -68.7592 48.2967 60
      vertex -65.9398 45.8242 60
      vertex -68.5355 48.5355 60
    endloop
  endfacet
  facet normal -0 0 1
    outer loop
      vertex -68.9668 48.0438 60
      vertex -65.9917 45.761 60
      vertex -68.7592 48.2967 60
    endloop
  endfacet
  facet normal 0 0 1
    outer loop
      vertex -65.9398 45.8242 60
      vertex -68.7592 48.2967 60
      vertex -65.9917 45.761 60
    endloop
  endfacet
  facet normal 0 0 1
    outer loop
      vertex -61.0332 41.9562 60
      vertex -64.0083 44.239 60
      vertex -61.2408 41.7033 60
    endloop
  endfacet
  facet normal -0 0 1
    outer loop
      vertex -64.0602 44.1758 60
      vertex -61.2408 41.7033 60
      vertex -64.0083 44.239 60
    endloop
  endfacet
  facet normal 0 0 1
    outer loop
      vertex -61.2408 41.7033 60
      vertex -64.0602 44.1758 60
      vertex -61.4645 41.4645 60
    endloop
  endfacet
  facet normal -0 0 1
    outer loop
      vertex -64.1161 44.1161 60
      vertex -61.4645 41.4645 60
      vertex -64.0602 44.1758 60
    endloop
  endfacet
  facet normal 0 0 1
    outer loop
      vertex -61.4645 41.4645 60
      vertex -64.1161 44.1161 60
      vertex -61.7033 41.2408 60
    endloop
  endfacet
  facet normal -0 0 1
    outer loop
      vertex -64.1758 44.0602 60
      vertex -61.7033 41.2408 60
      vertex -64.1161 44.1161 60
    endloop
  endfacet
  facet normal 0 0 1
    outer loop
      vertex -61.7033 41.2408 60
      vertex -64.1758 44.0602 60
      vertex -61.9562 41.0332 60
    endloop
  endfacet
  facet normal -0 0 1
    outer loop
      vertex -64.239 44.0083 60
      vertex -61.9562 41.0332 60
      vertex -64.1758 44.0602 60
    endloop
  endfacet
  facet normal 0 0 1
    outer loop
      vertex -61.9562 41.0332 60
      vertex -64.239 44.0083 60
      vertex -62.2221 40.8427 60
    endloop
  endfacet
  facet normal -0 0 1
    outer loop
      vertex -64.3055 43.9607 60
      vertex -62.2221 40.8427 60
      vertex -64.239 44.0083 60
    endloop
  endfacet
  facet normal 0 0 1
    outer loop
      vertex -62.2221 40.8427 60
      vertex -64.3055 43.9607 60
      vertex -62.5 40.6699 60
    endloop
  endfacet
  facet normal -0 0 1
    outer loop
      vertex -64.375 43.9175 60
      vertex -62.5 40.6699 60
      vertex -64.3055 43.9607 60
    endloop
  endfacet
  facet normal 0 0 1
    outer loop
      vertex -62.5 40.6699 60
      vertex -64.375 43.9175 60
      vertex -62.7886 40.5156 60
    endloop
  endfacet
  facet normal -0 0 1
    outer loop
      vertex -64.4471 43.8789 60
      vertex -62.7886 40.5156 60
      vertex -64.375 43.9175 60
    endloop
  endfacet
  facet normal 0 0 1
    outer loop
      vertex -62.7886 40.5156 60
      vertex -64.4471 43.8789 60
      vertex -63.0866 40.3806 60
    endloop
  endfacet
  facet normal -0 0 1
    outer loop
      vertex -64.5216 43.8451 60
      vertex -63.0866 40.3806 60
      vertex -64.4471 43.8789 60
    endloop
  endfacet
  facet normal 0 0 1
    outer loop
      vertex -63.0866 40.3806 60
      vertex -64.5216 43.8451 60
      vertex -63.3928 40.2654 60
    endloop
  endfacet
  facet normal -0 0 1
    outer loop
      vertex -64.5982 43.8163 60
      vertex -63.3928 40.2654 60
      vertex -64.5216 43.8451 60
    endloop
  endfacet
  facet normal 0 0 1
    outer loop
      vertex -63.3928 40.2654 60
      vertex -64.5982 43.8163 60
      vertex -63.7059 40.1704 60
    endloop
  endfacet
  facet normal -0 0 1
    outer loop
      vertex -64.6765 43.7926 60
      vertex -63.7059 40.1704 60
      vertex -64.5982 43.8163 60
    endloop
  endfacet
  facet normal 0 0 1
    outer loop
      vertex -63.7059 40.1704 60
      vertex -64.6765 43.7926 60
      vertex -64.0246 40.0961 60
    endloop
  endfacet
  facet normal -0 0 1
    outer loop
      vertex -64.7561 43.774 60
      vertex -64.0246 40.0961 60
      vertex -64.6765 43.7926 60
    endloop
  endfacet
  facet normal 0 0 1
    outer loop
      vertex -64.0246 40.0961 60
      vertex -64.7561 43.774 60
      vertex -64.3474 40.0428 60
    endloop
  endfacet
  facet normal -0 0 1
    outer loop
      vertex -64.8368 43.7607 60
      vertex -64.3474 40.0428 60
      vertex -64.7561 43.774 60
    endloop
  endfacet
  facet normal 0 0 1
    outer loop
      vertex -64.3474 40.0428 60
      vertex -64.8368 43.7607 60
      vertex -64.673 40.0107 60
    endloop
  endfacet
  facet normal -0 0 1
    outer loop
      vertex -64.9182 43.7527 60
      vertex -64.673 40.0107 60
      vertex -64.8368 43.7607 60
    endloop
  endfacet
  facet normal -0 0 1
    outer loop
      vertex -65 43.75 60
      vertex -64.673 40.0107 60
      vertex -64.9182 43.7527 60
    endloop
  endfacet
  facet normal 0 0 1
    outer loop
      vertex -65 43.75 60
      vertex -65 40 60
      vertex -64.673 40.0107 60
    endloop
  endfacet
  facet normal 0 0 1
    outer loop
      vertex -65.0818 43.7527 60
      vertex -65 40 60
      vertex -65 43.75 60
    endloop
  endfacet
  facet normal 0 0 1
    outer loop
      vertex -65.327 40.0107 60
      vertex -65.0818 43.7527 60
      vertex -65.1632 43.7607 60
    endloop
  endfacet
  facet normal 0 0 1
    outer loop
      vertex -65.6526 40.0428 60
      vertex -65.1632 43.7607 60
      vertex -65.2439 43.774 60
    endloop
  endfacet
  facet normal 0 0 1
    outer loop
      vertex -65.9754 40.0961 60
      vertex -65.2439 43.774 60
      vertex -65.3235 43.7926 60
    endloop
  endfacet
  facet normal 0 0 1
    outer loop
      vertex -65.0818 43.7527 60
      vertex -65.327 40.0107 60
      vertex -65 40 60
    endloop
  endfacet
  facet normal 0 0 1
    outer loop
      vertex -66.2941 40.1704 60
      vertex -65.3235 43.7926 60
      vertex -65.4018 43.8163 60
    endloop
  endfacet
  facet normal 0 0 1
    outer loop
      vertex -66.6072 40.2654 60
      vertex -65.4018 43.8163 60
      vertex -65.4784 43.8451 60
    endloop
  endfacet
  facet normal 0 0 1
    outer loop
      vertex -66.9134 40.3806 60
      vertex -65.4784 43.8451 60
      vertex -65.5529 43.8789 60
    endloop
  endfacet
  facet normal 0 0 1
    outer loop
      vertex -67.2114 40.5156 60
      vertex -65.5529 43.8789 60
      vertex -65.625 43.9175 60
    endloop
  endfacet
  facet normal 0 0 1
    outer loop
      vertex -65.1632 43.7607 60
      vertex -65.6526 40.0428 60
      vertex -65.327 40.0107 60
    endloop
  endfacet
  facet normal 0 0 1
    outer loop
      vertex -67.5 40.6699 60
      vertex -65.625 43.9175 60
      vertex -65.6945 43.9607 60
    endloop
  endfacet
  facet normal 0 0 1
    outer loop
      vertex -67.7778 40.8427 60
      vertex -65.6945 43.9607 60
      vertex -65.7609 44.0083 60
    endloop
  endfacet
  facet normal 0 0 1
    outer loop
      vertex -68.0438 41.0332 60
      vertex -65.7609 44.0083 60
      vertex -65.8242 44.0602 60
    endloop
  endfacet
  facet normal 0 0 1
    outer loop
      vertex -68.2967 41.2408 60
      vertex -65.8242 44.0602 60
      vertex -65.8839 44.1161 60
    endloop
  endfacet
  facet normal 0 0 1
    outer loop
      vertex -68.5355 41.4645 60
      vertex -65.8839 44.1161 60
      vertex -65.9398 44.1758 60
    endloop
  endfacet
  facet normal 0 0 1
    outer loop
      vertex -65.2439 43.774 60
      vertex -65.9754 40.0961 60
      vertex -65.6526 40.0428 60
    endloop
  endfacet
  facet normal 0 0 1
    outer loop
      vertex -68.7592 41.7033 60
      vertex -65.9398 44.1758 60
      vertex -65.9917 44.239 60
    endloop
  endfacet
  facet normal 0 0 1
    outer loop
      vertex -68.9668 41.9562 60
      vertex -65.9917 44.239 60
      vertex -66.0393 44.3055 60
    endloop
  endfacet
  facet normal 0 0 1
    outer loop
      vertex -69.1573 42.2221 60
      vertex -66.0393 44.3055 60
      vertex -66.0825 44.375 60
    endloop
  endfacet
  facet normal 0 0 1
    outer loop
      vertex -69.3301 42.5 60
      vertex -66.0825 44.375 60
      vertex -66.1211 44.4471 60
    endloop
  endfacet
  facet normal 0 0 1
    outer loop
      vertex -69.4844 42.7886 60
      vertex -66.1211 44.4471 60
      vertex -66.1548 44.5216 60
    endloop
  endfacet
  facet normal 0 0 1
    outer loop
      vertex -69.6194 43.0866 60
      vertex -66.1548 44.5216 60
      vertex -66.1837 44.5982 60
    endloop
  endfacet
  facet normal 0 0 1
    outer loop
      vertex -69.7346 43.3928 60
      vertex -66.1837 44.5982 60
      vertex -66.2074 44.6765 60
    endloop
  endfacet
  facet normal 0 0 1
    outer loop
      vertex -69.8296 43.7059 60
      vertex -66.2074 44.6765 60
      vertex -66.226 44.7561 60
    endloop
  endfacet
  facet normal 0 0 1
    outer loop
      vertex -69.9039 44.0245 60
      vertex -66.226 44.7561 60
      vertex -66.2393 44.8368 60
    endloop
  endfacet
  facet normal 0 0 1
    outer loop
      vertex -69.9572 44.3474 60
      vertex -66.2393 44.8368 60
      vertex -66.2473 44.9182 60
    endloop
  endfacet
  facet normal 0 0 1
    outer loop
      vertex -65.3235 43.7926 60
      vertex -66.2941 40.1704 60
      vertex -65.9754 40.0961 60
    endloop
  endfacet
  facet normal 0 0 1
    outer loop
      vertex -69.9893 44.673 60
      vertex -66.2473 44.9182 60
      vertex -66.25 45 60
    endloop
  endfacet
  facet normal 0 0 1
    outer loop
      vertex -65.9917 45.761 60
      vertex -68.9668 48.0438 60
      vertex -66.0393 45.6945 60
    endloop
  endfacet
  facet normal -0 0 1
    outer loop
      vertex -69.1573 47.7779 60
      vertex -66.0393 45.6945 60
      vertex -68.9668 48.0438 60
    endloop
  endfacet
  facet normal 0 0 1
    outer loop
      vertex -65.4018 43.8163 60
      vertex -66.6072 40.2654 60
      vertex -66.2941 40.1704 60
    endloop
  endfacet
  facet normal 0 0 1
    outer loop
      vertex -66.0393 45.6945 60
      vertex -69.1573 47.7779 60
      vertex -66.0825 45.625 60
    endloop
  endfacet
  facet normal 0 0 1
    outer loop
      vertex -65.4784 43.8451 60
      vertex -66.9134 40.3806 60
      vertex -66.6072 40.2654 60
    endloop
  endfacet
  facet normal -0 0 1
    outer loop
      vertex -69.3301 47.5 60
      vertex -66.0825 45.625 60
      vertex -69.1573 47.7779 60
    endloop
  endfacet
  facet normal 0 0 1
    outer loop
      vertex -65.5529 43.8789 60
      vertex -67.2114 40.5156 60
      vertex -66.9134 40.3806 60
    endloop
  endfacet
  facet normal 0 0 1
    outer loop
      vertex -66.0825 45.625 60
      vertex -69.3301 47.5 60
      vertex -66.1211 45.5529 60
    endloop
  endfacet
  facet normal 0 0 1
    outer loop
      vertex -65.625 43.9175 60
      vertex -67.5 40.6699 60
      vertex -67.2114 40.5156 60
    endloop
  endfacet
  facet normal -0 0 1
    outer loop
      vertex -69.4844 47.2114 60
      vertex -66.1211 45.5529 60
      vertex -69.3301 47.5 60
    endloop
  endfacet
  facet normal 0 0 1
    outer loop
      vertex -65.6945 43.9607 60
      vertex -67.7778 40.8427 60
      vertex -67.5 40.6699 60
    endloop
  endfacet
  facet normal 0 0 1
    outer loop
      vertex -66.1211 45.5529 60
      vertex -69.4844 47.2114 60
      vertex -66.1548 45.4784 60
    endloop
  endfacet
  facet normal 0 0 1
    outer loop
      vertex -65.7609 44.0083 60
      vertex -68.0438 41.0332 60
      vertex -67.7778 40.8427 60
    endloop
  endfacet
  facet normal -0 0 1
    outer loop
      vertex -69.6194 46.9134 60
      vertex -66.1548 45.4784 60
      vertex -69.4844 47.2114 60
    endloop
  endfacet
  facet normal 0 0 1
    outer loop
      vertex -65.8242 44.0602 60
      vertex -68.2967 41.2408 60
      vertex -68.0438 41.0332 60
    endloop
  endfacet
  facet normal 0 0 1
    outer loop
      vertex -66.1548 45.4784 60
      vertex -69.6194 46.9134 60
      vertex -66.1837 45.4018 60
    endloop
  endfacet
  facet normal 0 0 1
    outer loop
      vertex -65.8839 44.1161 60
      vertex -68.5355 41.4645 60
      vertex -68.2967 41.2408 60
    endloop
  endfacet
  facet normal -0 0 1
    outer loop
      vertex -69.7346 46.6072 60
      vertex -66.1837 45.4018 60
      vertex -69.6194 46.9134 60
    endloop
  endfacet
  facet normal 0 0 1
    outer loop
      vertex -65.9398 44.1758 60
      vertex -68.7592 41.7033 60
      vertex -68.5355 41.4645 60
    endloop
  endfacet
  facet normal 0 0 1
    outer loop
      vertex -66.1837 45.4018 60
      vertex -69.7346 46.6072 60
      vertex -66.2074 45.3235 60
    endloop
  endfacet
  facet normal 0 0 1
    outer loop
      vertex -65.9917 44.239 60
      vertex -68.9668 41.9562 60
      vertex -68.7592 41.7033 60
    endloop
  endfacet
  facet normal -0 0 1
    outer loop
      vertex -69.8296 46.2941 60
      vertex -66.2074 45.3235 60
      vertex -69.7346 46.6072 60
    endloop
  endfacet
  facet normal 0 0 1
    outer loop
      vertex -66.0393 44.3055 60
      vertex -69.1573 42.2221 60
      vertex -68.9668 41.9562 60
    endloop
  endfacet
  facet normal 0 0 1
    outer loop
      vertex -66.2074 45.3235 60
      vertex -69.8296 46.2941 60
      vertex -66.226 45.2439 60
    endloop
  endfacet
  facet normal 0 0 1
    outer loop
      vertex -66.0825 44.375 60
      vertex -69.3301 42.5 60
      vertex -69.1573 42.2221 60
    endloop
  endfacet
  facet normal -0 0 1
    outer loop
      vertex -69.9039 45.9755 60
      vertex -66.226 45.2439 60
      vertex -69.8296 46.2941 60
    endloop
  endfacet
  facet normal 0 0 1
    outer loop
      vertex -66.1211 44.4471 60
      vertex -69.4844 42.7886 60
      vertex -69.3301 42.5 60
    endloop
  endfacet
  facet normal 0 0 1
    outer loop
      vertex -66.226 45.2439 60
      vertex -69.9039 45.9755 60
      vertex -66.2393 45.1632 60
    endloop
  endfacet
  facet normal 0 0 1
    outer loop
      vertex -66.1548 44.5216 60
      vertex -69.6194 43.0866 60
      vertex -69.4844 42.7886 60
    endloop
  endfacet
  facet normal -0 0 1
    outer loop
      vertex -69.9572 45.6526 60
      vertex -66.2393 45.1632 60
      vertex -69.9039 45.9755 60
    endloop
  endfacet
  facet normal 0 0 1
    outer loop
      vertex -66.1837 44.5982 60
      vertex -69.7346 43.3928 60
      vertex -69.6194 43.0866 60
    endloop
  endfacet
  facet normal 0 0 1
    outer loop
      vertex -66.2393 45.1632 60
      vertex -69.9572 45.6526 60
      vertex -66.2473 45.0818 60
    endloop
  endfacet
  facet normal 0 0 1
    outer loop
      vertex -66.2074 44.6765 60
      vertex -69.8296 43.7059 60
      vertex -69.7346 43.3928 60
    endloop
  endfacet
  facet normal -0 0 1
    outer loop
      vertex -69.9893 45.327 60
      vertex -66.2473 45.0818 60
      vertex -69.9572 45.6526 60
    endloop
  endfacet
  facet normal 0 0 1
    outer loop
      vertex -66.226 44.7561 60
      vertex -69.9039 44.0245 60
      vertex -69.8296 43.7059 60
    endloop
  endfacet
  facet normal 0 0 1
    outer loop
      vertex -66.2473 45.0818 60
      vertex -69.9893 45.327 60
      vertex -66.25 45 60
    endloop
  endfacet
  facet normal 0 0 1
    outer loop
      vertex -66.2393 44.8368 60
      vertex -69.9572 44.3474 60
      vertex -69.9039 44.0245 60
    endloop
  endfacet
  facet normal 0 0 1
    outer loop
      vertex -70 45 60
      vertex -66.25 45 60
      vertex -69.9893 45.327 60
    endloop
  endfacet
  facet normal 0 0 1
    outer loop
      vertex -66.2473 44.9182 60
      vertex -69.9893 44.673 60
      vertex -69.9572 44.3474 60
    endloop
  endfacet
  facet normal 0 0 1
    outer loop
      vertex -66.25 45 60
      vertex -70 45 60
      vertex -69.9893 44.673 60
    endloop
  endfacet
  facet normal 0.995175 -0.0981116 0
    outer loop
      vertex -60.0428 44.3474 60
      vertex -60.0107 44.673 3
      vertex -60.0107 44.673 60
    endloop
  endfacet
  facet normal 0.995175 -0.0981116 0
    outer loop
      vertex -60.0107 44.673 3
      vertex -60.0428 44.3474 60
      vertex -60.0428 44.3474 3
    endloop
  endfacet
  facet normal 0.88187 -0.471492 0
    outer loop
      vertex -60.6699 42.5 60
      vertex -60.5156 42.7886 3
      vertex -60.5156 42.7886 60
    endloop
  endfacet
  facet normal 0.88187 -0.471492 0
    outer loop
      vertex -60.5156 42.7886 3
      vertex -60.6699 42.5 60
      vertex -60.6699 42.5 3
    endloop
  endfacet
  facet normal 0.956922 -0.290347 0
    outer loop
      vertex -60.2654 43.3928 60
      vertex -60.1704 43.7059 3
      vertex -60.1704 43.7059 60
    endloop
  endfacet
  facet normal 0.956922 -0.290347 0
    outer loop
      vertex -60.1704 43.7059 3
      vertex -60.2654 43.3928 60
      vertex -60.2654 43.3928 3
    endloop
  endfacet
  facet normal 0.634485 -0.772935 0
    outer loop
      vertex -61.9562 41.0332 3
      vertex -61.7033 41.2408 60
      vertex -61.9562 41.0332 60
    endloop
  endfacet
  facet normal 0.634485 -0.772935 0
    outer loop
      vertex -61.7033 41.2408 60
      vertex -61.9562 41.0332 3
      vertex -61.7033 41.2408 3
    endloop
  endfacet
  facet normal 0.772935 -0.634485 0
    outer loop
      vertex -61.2408 41.7033 60
      vertex -61.0332 41.9562 3
      vertex -61.0332 41.9562 60
    endloop
  endfacet
  facet normal 0.772935 -0.634485 0
    outer loop
      vertex -61.0332 41.9562 3
      vertex -61.2408 41.7033 60
      vertex -61.2408 41.7033 3
    endloop
  endfacet
  facet normal 0.812906 -0.582394 0
    outer loop
      vertex -61.0332 41.9562 60
      vertex -60.8427 42.2221 3
      vertex -60.8427 42.2221 60
    endloop
  endfacet
  facet normal 0.812906 -0.582394 0
    outer loop
      vertex -60.8427 42.2221 3
      vertex -61.0332 41.9562 60
      vertex -61.0332 41.9562 3
    endloop
  endfacet
  facet normal 0.849215 -0.528047 0
    outer loop
      vertex -60.8427 42.2221 60
      vertex -60.6699 42.5 3
      vertex -60.6699 42.5 60
    endloop
  endfacet
  facet normal 0.849215 -0.528047 0
    outer loop
      vertex -60.6699 42.5 3
      vertex -60.8427 42.2221 60
      vertex -60.8427 42.2221 3
    endloop
  endfacet
  facet normal -0.58225 -0.81301 0
    outer loop
      vertex -68.0438 41.0332 3
      vertex -67.7778 40.8427 60
      vertex -68.0438 41.0332 60
    endloop
  endfacet
  facet normal -0.58225 -0.81301 -0
    outer loop
      vertex -67.7778 40.8427 60
      vertex -68.0438 41.0332 3
      vertex -67.7778 40.8427 3
    endloop
  endfacet
  facet normal -0.227046 -0.973884 0
    outer loop
      vertex -66.2941 40.1704 3
      vertex -65.9754 40.0961 60
      vertex -66.2941 40.1704 60
    endloop
  endfacet
  facet normal -0.227046 -0.973884 -0
    outer loop
      vertex -65.9754 40.0961 60
      vertex -66.2941 40.1704 3
      vertex -65.9754 40.0961 3
    endloop
  endfacet
  facet normal -0.290347 -0.956922 0
    outer loop
      vertex -66.6072 40.2654 3
      vertex -66.2941 40.1704 60
      vertex -66.6072 40.2654 60
    endloop
  endfacet
  facet normal -0.290347 -0.956922 -0
    outer loop
      vertex -66.2941 40.1704 60
      vertex -66.6072 40.2654 3
      vertex -66.2941 40.1704 3
    endloop
  endfacet
  facet normal -0.0981116 -0.995175 0
    outer loop
      vertex -65.6526 40.0428 3
      vertex -65.327 40.0107 60
      vertex -65.6526 40.0428 60
    endloop
  endfacet
  facet normal -0.0981116 -0.995175 -0
    outer loop
      vertex -65.327 40.0107 60
      vertex -65.6526 40.0428 3
      vertex -65.327 40.0107 3
    endloop
  endfacet
  facet normal -0.412651 -0.910889 0
    outer loop
      vertex -67.2114 40.5156 3
      vertex -66.9134 40.3806 60
      vertex -67.2114 40.5156 60
    endloop
  endfacet
  facet normal -0.412651 -0.910889 -0
    outer loop
      vertex -66.9134 40.3806 60
      vertex -67.2114 40.5156 3
      vertex -66.9134 40.3806 3
    endloop
  endfacet
  facet normal -0.471492 -0.88187 0
    outer loop
      vertex -67.5 40.6699 3
      vertex -67.2114 40.5156 60
      vertex -67.5 40.6699 60
    endloop
  endfacet
  facet normal -0.471492 -0.88187 -0
    outer loop
      vertex -67.2114 40.5156 60
      vertex -67.5 40.6699 3
      vertex -67.2114 40.5156 3
    endloop
  endfacet
  facet normal -0.999465 -0.0327042 0
    outer loop
      vertex -69.9893 44.673 3
      vertex -70 45 60
      vertex -70 45 3
    endloop
  endfacet
  facet normal -0.999465 -0.0327042 0
    outer loop
      vertex -70 45 60
      vertex -69.9893 44.673 3
      vertex -69.9893 44.673 60
    endloop
  endfacet
  facet normal -0.986649 -0.162863 0
    outer loop
      vertex -69.9039 44.0245 3
      vertex -69.9572 44.3474 60
      vertex -69.9572 44.3474 3
    endloop
  endfacet
  facet normal -0.986649 -0.162863 0
    outer loop
      vertex -69.9572 44.3474 60
      vertex -69.9039 44.0245 3
      vertex -69.9039 44.0245 60
    endloop
  endfacet
  facet normal 0.162912 -0.986641 0
    outer loop
      vertex -64.3474 40.0428 3
      vertex -64.0246 40.0961 60
      vertex -64.3474 40.0428 60
    endloop
  endfacet
  facet normal 0.162912 -0.986641 0
    outer loop
      vertex -64.0246 40.0961 60
      vertex -64.3474 40.0428 3
      vertex -64.0246 40.0961 3
    endloop
  endfacet
  facet normal 0.227046 -0.973884 0
    outer loop
      vertex -64.0246 40.0961 3
      vertex -63.7059 40.1704 60
      vertex -64.0246 40.0961 60
    endloop
  endfacet
  facet normal 0.227046 -0.973884 0
    outer loop
      vertex -63.7059 40.1704 60
      vertex -64.0246 40.0961 3
      vertex -63.7059 40.1704 3
    endloop
  endfacet
  facet normal 0.412651 -0.910889 0
    outer loop
      vertex -63.0866 40.3806 3
      vertex -62.7886 40.5156 60
      vertex -63.0866 40.3806 60
    endloop
  endfacet
  facet normal 0.412651 -0.910889 0
    outer loop
      vertex -62.7886 40.5156 60
      vertex -63.0866 40.3806 3
      vertex -62.7886 40.5156 3
    endloop
  endfacet
  facet normal 0.986649 -0.162863 0
    outer loop
      vertex -60.0961 44.0245 60
      vertex -60.0428 44.3474 3
      vertex -60.0428 44.3474 60
    endloop
  endfacet
  facet normal 0.986649 -0.162863 0
    outer loop
      vertex -60.0428 44.3474 3
      vertex -60.0961 44.0245 60
      vertex -60.0961 44.0245 3
    endloop
  endfacet
  facet normal 0.910889 -0.412651 0
    outer loop
      vertex -60.5156 42.7886 60
      vertex -60.3806 43.0866 3
      vertex -60.3806 43.0866 60
    endloop
  endfacet
  facet normal 0.910889 -0.412651 0
    outer loop
      vertex -60.3806 43.0866 3
      vertex -60.5156 42.7886 60
      vertex -60.5156 42.7886 3
    endloop
  endfacet
  facet normal 0.528047 -0.849215 0
    outer loop
      vertex -62.5 40.6699 3
      vertex -62.2221 40.8427 60
      vertex -62.5 40.6699 60
    endloop
  endfacet
  facet normal 0.528047 -0.849215 0
    outer loop
      vertex -62.2221 40.8427 60
      vertex -62.5 40.6699 3
      vertex -62.2221 40.8427 3
    endloop
  endfacet
  facet normal 0.729804 -0.683656 0
    outer loop
      vertex -61.4645 41.4645 60
      vertex -61.2408 41.7033 3
      vertex -61.2408 41.7033 60
    endloop
  endfacet
  facet normal 0.729804 -0.683656 0
    outer loop
      vertex -61.2408 41.7033 3
      vertex -61.4645 41.4645 60
      vertex -61.4645 41.4645 3
    endloop
  endfacet
  facet normal -0.0327042 -0.999465 0
    outer loop
      vertex -65.327 40.0107 3
      vertex -65 40 60
      vertex -65.327 40.0107 60
    endloop
  endfacet
  facet normal -0.0327042 -0.999465 -0
    outer loop
      vertex -65 40 60
      vertex -65.327 40.0107 3
      vertex -65 40 3
    endloop
  endfacet
  facet normal -0.634485 -0.772935 0
    outer loop
      vertex -68.2967 41.2408 3
      vertex -68.0438 41.0332 60
      vertex -68.2967 41.2408 60
    endloop
  endfacet
  facet normal -0.634485 -0.772935 -0
    outer loop
      vertex -68.0438 41.0332 60
      vertex -68.2967 41.2408 3
      vertex -68.0438 41.0332 3
    endloop
  endfacet
  facet normal -0.352128 -0.935952 0
    outer loop
      vertex -66.9134 40.3806 3
      vertex -66.6072 40.2654 60
      vertex -66.9134 40.3806 60
    endloop
  endfacet
  facet normal -0.352128 -0.935952 -0
    outer loop
      vertex -66.6072 40.2654 60
      vertex -66.9134 40.3806 3
      vertex -66.6072 40.2654 3
    endloop
  endfacet
  facet normal -0.995175 -0.0981116 0
    outer loop
      vertex -69.9572 44.3474 3
      vertex -69.9893 44.673 60
      vertex -69.9893 44.673 3
    endloop
  endfacet
  facet normal -0.995175 -0.0981116 0
    outer loop
      vertex -69.9893 44.673 60
      vertex -69.9572 44.3474 3
      vertex -69.9572 44.3474 60
    endloop
  endfacet
  facet normal -0.956922 -0.290347 0
    outer loop
      vertex -69.7346 43.3928 3
      vertex -69.8296 43.7059 60
      vertex -69.8296 43.7059 3
    endloop
  endfacet
  facet normal -0.956922 -0.290347 0
    outer loop
      vertex -69.8296 43.7059 60
      vertex -69.7346 43.3928 3
      vertex -69.7346 43.3928 60
    endloop
  endfacet
  facet normal -0.729804 -0.683656 0
    outer loop
      vertex -68.5355 41.4645 3
      vertex -68.7592 41.7033 60
      vertex -68.7592 41.7033 3
    endloop
  endfacet
  facet normal -0.729804 -0.683656 0
    outer loop
      vertex -68.7592 41.7033 60
      vertex -68.5355 41.4645 3
      vertex -68.5355 41.4645 60
    endloop
  endfacet
  facet normal -0.772935 -0.634485 0
    outer loop
      vertex -68.7592 41.7033 3
      vertex -68.9668 41.9562 60
      vertex -68.9668 41.9562 3
    endloop
  endfacet
  facet normal -0.772935 -0.634485 0
    outer loop
      vertex -68.9668 41.9562 60
      vertex -68.7592 41.7033 3
      vertex -68.7592 41.7033 60
    endloop
  endfacet
  facet normal -0.849215 -0.528047 0
    outer loop
      vertex -69.1573 42.2221 3
      vertex -69.3301 42.5 60
      vertex -69.3301 42.5 3
    endloop
  endfacet
  facet normal -0.849215 -0.528047 0
    outer loop
      vertex -69.3301 42.5 60
      vertex -69.1573 42.2221 3
      vertex -69.1573 42.2221 60
    endloop
  endfacet
  facet normal -0.88187 -0.471492 0
    outer loop
      vertex -69.3301 42.5 3
      vertex -69.4844 42.7886 60
      vertex -69.4844 42.7886 3
    endloop
  endfacet
  facet normal -0.88187 -0.471492 0
    outer loop
      vertex -69.4844 42.7886 60
      vertex -69.3301 42.5 3
      vertex -69.3301 42.5 60
    endloop
  endfacet
  facet normal 0.935952 -0.352128 0
    outer loop
      vertex -60.3806 43.0866 60
      vertex -60.2654 43.3928 3
      vertex -60.2654 43.3928 60
    endloop
  endfacet
  facet normal 0.935952 -0.352128 0
    outer loop
      vertex -60.2654 43.3928 3
      vertex -60.3806 43.0866 60
      vertex -60.3806 43.0866 3
    endloop
  endfacet
  facet normal 0.582394 -0.812906 0
    outer loop
      vertex -62.2221 40.8427 3
      vertex -61.9562 41.0332 60
      vertex -62.2221 40.8427 60
    endloop
  endfacet
  facet normal 0.582394 -0.812906 0
    outer loop
      vertex -61.9562 41.0332 60
      vertex -62.2221 40.8427 3
      vertex -61.9562 41.0332 3
    endloop
  endfacet
  facet normal 0.683656 -0.729804 0
    outer loop
      vertex -61.7033 41.2408 3
      vertex -61.4645 41.4645 60
      vertex -61.7033 41.2408 60
    endloop
  endfacet
  facet normal 0.683656 -0.729804 0
    outer loop
      vertex -61.4645 41.4645 60
      vertex -61.7033 41.2408 3
      vertex -61.4645 41.4645 3
    endloop
  endfacet
  facet normal -0.162912 -0.986641 0
    outer loop
      vertex -65.9754 40.0961 3
      vertex -65.6526 40.0428 60
      vertex -65.9754 40.0961 60
    endloop
  endfacet
  facet normal -0.162912 -0.986641 -0
    outer loop
      vertex -65.6526 40.0428 60
      vertex -65.9754 40.0961 3
      vertex -65.6526 40.0428 3
    endloop
  endfacet
  facet normal -0.528184 -0.84913 0
    outer loop
      vertex -67.7778 40.8427 3
      vertex -67.5 40.6699 60
      vertex -67.7778 40.8427 60
    endloop
  endfacet
  facet normal -0.528184 -0.84913 -0
    outer loop
      vertex -67.5 40.6699 60
      vertex -67.7778 40.8427 3
      vertex -67.5 40.6699 3
    endloop
  endfacet
  facet normal 0.88187 0.471492 0
    outer loop
      vertex 69.4844 -42.7886 60
      vertex 69.3301 -42.5 3
      vertex 69.3301 -42.5 60
    endloop
  endfacet
  facet normal 0.88187 0.471492 0
    outer loop
      vertex 69.3301 -42.5 3
      vertex 69.4844 -42.7886 60
      vertex 69.4844 -42.7886 3
    endloop
  endfacet
  facet normal 0.352128 0.935952 -0
    outer loop
      vertex 66.9134 -40.3806 3
      vertex 66.6072 -40.2654 60
      vertex 66.9134 -40.3806 60
    endloop
  endfacet
  facet normal 0.352128 0.935952 0
    outer loop
      vertex 66.6072 -40.2654 60
      vertex 66.9134 -40.3806 3
      vertex 66.6072 -40.2654 3
    endloop
  endfacet
  facet normal -0.412651 0.910889 0
    outer loop
      vertex 63.0866 -40.3806 3
      vertex 62.7886 -40.5156 60
      vertex 63.0866 -40.3806 60
    endloop
  endfacet
  facet normal -0.412651 0.910889 0
    outer loop
      vertex 62.7886 -40.5156 60
      vertex 63.0866 -40.3806 3
      vertex 62.7886 -40.5156 3
    endloop
  endfacet
  facet normal -0.935952 0.352128 0
    outer loop
      vertex 60.2654 -43.3928 3
      vertex 60.3806 -43.0866 60
      vertex 60.3806 -43.0866 3
    endloop
  endfacet
  facet normal -0.935952 0.352128 0
    outer loop
      vertex 60.3806 -43.0866 60
      vertex 60.2654 -43.3928 3
      vertex 60.2654 -43.3928 60
    endloop
  endfacet
  facet normal 0.995175 -0.0981116 0
    outer loop
      vertex 69.9572 -45.6526 60
      vertex 69.9893 -45.327 3
      vertex 69.9893 -45.327 60
    endloop
  endfacet
  facet normal 0.995175 -0.0981116 0
    outer loop
      vertex 69.9893 -45.327 3
      vertex 69.9572 -45.6526 60
      vertex 69.9572 -45.6526 3
    endloop
  endfacet
  facet normal 0.0981116 0.995175 -0
    outer loop
      vertex 65.6526 -40.0428 3
      vertex 65.327 -40.0107 60
      vertex 65.6526 -40.0428 60
    endloop
  endfacet
  facet normal 0.0981116 0.995175 0
    outer loop
      vertex 65.327 -40.0107 60
      vertex 65.6526 -40.0428 3
      vertex 65.327 -40.0107 3
    endloop
  endfacet
  facet normal 0.528184 0.84913 -0
    outer loop
      vertex 67.7778 -40.8427 3
      vertex 67.5 -40.6699 60
      vertex 67.7778 -40.8427 60
    endloop
  endfacet
  facet normal 0.528184 0.84913 0
    outer loop
      vertex 67.5 -40.6699 60
      vertex 67.7778 -40.8427 3
      vertex 67.5 -40.6699 3
    endloop
  endfacet
  facet normal -0.995175 0.0981116 0
    outer loop
      vertex 60.0107 -44.673 3
      vertex 60.0428 -44.3474 60
      vertex 60.0428 -44.3474 3
    endloop
  endfacet
  facet normal -0.995175 0.0981116 0
    outer loop
      vertex 60.0428 -44.3474 60
      vertex 60.0107 -44.673 3
      vertex 60.0107 -44.673 60
    endloop
  endfacet
  facet normal -0.772935 0.634485 0
    outer loop
      vertex 61.0332 -41.9562 3
      vertex 61.2408 -41.7033 60
      vertex 61.2408 -41.7033 3
    endloop
  endfacet
  facet normal -0.772935 0.634485 0
    outer loop
      vertex 61.2408 -41.7033 60
      vertex 61.0332 -41.9562 3
      vertex 61.0332 -41.9562 60
    endloop
  endfacet
  facet normal -0.227046 0.973884 0
    outer loop
      vertex 64.0246 -40.0961 3
      vertex 63.7059 -40.1704 60
      vertex 64.0246 -40.0961 60
    endloop
  endfacet
  facet normal -0.227046 0.973884 0
    outer loop
      vertex 63.7059 -40.1704 60
      vertex 64.0246 -40.0961 3
      vertex 63.7059 -40.1704 3
    endloop
  endfacet
  facet normal 0.995175 0.0981116 0
    outer loop
      vertex 69.9893 -44.673 60
      vertex 69.9572 -44.3474 3
      vertex 69.9572 -44.3474 60
    endloop
  endfacet
  facet normal 0.995175 0.0981116 0
    outer loop
      vertex 69.9572 -44.3474 3
      vertex 69.9893 -44.673 60
      vertex 69.9893 -44.673 3
    endloop
  endfacet
  facet normal 0.812906 0.582394 0
    outer loop
      vertex 69.1573 -42.2221 60
      vertex 68.9668 -41.9562 3
      vertex 68.9668 -41.9562 60
    endloop
  endfacet
  facet normal 0.812906 0.582394 0
    outer loop
      vertex 68.9668 -41.9562 3
      vertex 69.1573 -42.2221 60
      vertex 69.1573 -42.2221 3
    endloop
  endfacet
  facet normal 0.683656 0.729804 -0
    outer loop
      vertex 68.5355 -41.4645 3
      vertex 68.2967 -41.2408 60
      vertex 68.5355 -41.4645 60
    endloop
  endfacet
  facet normal 0.683656 0.729804 0
    outer loop
      vertex 68.2967 -41.2408 60
      vertex 68.5355 -41.4645 3
      vertex 68.2967 -41.2408 3
    endloop
  endfacet
  facet normal 0.290347 0.956922 -0
    outer loop
      vertex 66.6072 -40.2654 3
      vertex 66.2941 -40.1704 60
      vertex 66.6072 -40.2654 60
    endloop
  endfacet
  facet normal 0.290347 0.956922 0
    outer loop
      vertex 66.2941 -40.1704 60
      vertex 66.6072 -40.2654 3
      vertex 66.2941 -40.1704 3
    endloop
  endfacet
  facet normal 0.162912 0.986641 -0
    outer loop
      vertex 65.9754 -40.0961 3
      vertex 65.6526 -40.0428 60
      vertex 65.9754 -40.0961 60
    endloop
  endfacet
  facet normal 0.162912 0.986641 0
    outer loop
      vertex 65.6526 -40.0428 60
      vertex 65.9754 -40.0961 3
      vertex 65.6526 -40.0428 3
    endloop
  endfacet
  facet normal 0.471492 0.88187 -0
    outer loop
      vertex 67.5 -40.6699 3
      vertex 67.2114 -40.5156 60
      vertex 67.5 -40.6699 60
    endloop
  endfacet
  facet normal 0.471492 0.88187 0
    outer loop
      vertex 67.2114 -40.5156 60
      vertex 67.5 -40.6699 3
      vertex 67.2114 -40.5156 3
    endloop
  endfacet
  facet normal 0.634485 0.772935 -0
    outer loop
      vertex 68.2967 -41.2408 3
      vertex 68.0438 -41.0332 60
      vertex 68.2967 -41.2408 60
    endloop
  endfacet
  facet normal 0.634485 0.772935 0
    outer loop
      vertex 68.0438 -41.0332 60
      vertex 68.2967 -41.2408 3
      vertex 68.0438 -41.0332 3
    endloop
  endfacet
  facet normal -0.956922 0.290347 0
    outer loop
      vertex 60.1704 -43.7059 3
      vertex 60.2654 -43.3928 60
      vertex 60.2654 -43.3928 3
    endloop
  endfacet
  facet normal -0.956922 0.290347 0
    outer loop
      vertex 60.2654 -43.3928 60
      vertex 60.1704 -43.7059 3
      vertex 60.1704 -43.7059 60
    endloop
  endfacet
  facet normal -0.986649 0.162863 0
    outer loop
      vertex 60.0428 -44.3474 3
      vertex 60.0961 -44.0245 60
      vertex 60.0961 -44.0245 3
    endloop
  endfacet
  facet normal -0.986649 0.162863 0
    outer loop
      vertex 60.0961 -44.0245 60
      vertex 60.0428 -44.3474 3
      vertex 60.0428 -44.3474 60
    endloop
  endfacet
  facet normal -0.88187 0.471492 0
    outer loop
      vertex 60.5156 -42.7886 3
      vertex 60.6699 -42.5 60
      vertex 60.6699 -42.5 3
    endloop
  endfacet
  facet normal -0.88187 0.471492 0
    outer loop
      vertex 60.6699 -42.5 60
      vertex 60.5156 -42.7886 3
      vertex 60.5156 -42.7886 60
    endloop
  endfacet
  facet normal -0.849215 0.528047 0
    outer loop
      vertex 60.6699 -42.5 3
      vertex 60.8427 -42.2221 60
      vertex 60.8427 -42.2221 3
    endloop
  endfacet
  facet normal -0.849215 0.528047 0
    outer loop
      vertex 60.8427 -42.2221 60
      vertex 60.6699 -42.5 3
      vertex 60.6699 -42.5 60
    endloop
  endfacet
  facet normal -0.290347 0.956922 0
    outer loop
      vertex 63.7059 -40.1704 3
      vertex 63.3928 -40.2654 60
      vertex 63.7059 -40.1704 60
    endloop
  endfacet
  facet normal -0.290347 0.956922 0
    outer loop
      vertex 63.3928 -40.2654 60
      vertex 63.7059 -40.1704 3
      vertex 63.3928 -40.2654 3
    endloop
  endfacet
  facet normal -0.0981116 0.995175 0
    outer loop
      vertex 64.673 -40.0107 3
      vertex 64.3474 -40.0428 60
      vertex 64.673 -40.0107 60
    endloop
  endfacet
  facet normal -0.0981116 0.995175 0
    outer loop
      vertex 64.3474 -40.0428 60
      vertex 64.673 -40.0107 3
      vertex 64.3474 -40.0428 3
    endloop
  endfacet
  facet normal -0.582394 0.812906 0
    outer loop
      vertex 62.2221 -40.8427 3
      vertex 61.9562 -41.0332 60
      vertex 62.2221 -40.8427 60
    endloop
  endfacet
  facet normal -0.582394 0.812906 0
    outer loop
      vertex 61.9562 -41.0332 60
      vertex 62.2221 -40.8427 3
      vertex 61.9562 -41.0332 3
    endloop
  endfacet
  facet normal -0.528047 0.849215 0
    outer loop
      vertex 62.5 -40.6699 3
      vertex 62.2221 -40.8427 60
      vertex 62.5 -40.6699 60
    endloop
  endfacet
  facet normal -0.528047 0.849215 0
    outer loop
      vertex 62.2221 -40.8427 60
      vertex 62.5 -40.6699 3
      vertex 62.2221 -40.8427 3
    endloop
  endfacet
  facet normal -0.729804 0.683656 0
    outer loop
      vertex 61.2408 -41.7033 3
      vertex 61.4645 -41.4645 60
      vertex 61.4645 -41.4645 3
    endloop
  endfacet
  facet normal -0.729804 0.683656 0
    outer loop
      vertex 61.4645 -41.4645 60
      vertex 61.2408 -41.7033 3
      vertex 61.2408 -41.7033 60
    endloop
  endfacet
  facet normal 0.999465 0.0327042 0
    outer loop
      vertex 70 -45 60
      vertex 69.9893 -44.673 3
      vertex 69.9893 -44.673 60
    endloop
  endfacet
  facet normal 0.999465 0.0327042 0
    outer loop
      vertex 69.9893 -44.673 3
      vertex 70 -45 60
      vertex 70 -45 3
    endloop
  endfacet
  facet normal 0.956922 -0.290347 0
    outer loop
      vertex 69.7346 -46.6072 60
      vertex 69.8296 -46.2941 3
      vertex 69.8296 -46.2941 60
    endloop
  endfacet
  facet normal 0.956922 -0.290347 0
    outer loop
      vertex 69.8296 -46.2941 3
      vertex 69.7346 -46.6072 60
      vertex 69.7346 -46.6072 3
    endloop
  endfacet
  facet normal -0.88187 -0.471492 0
    outer loop
      vertex 60.6699 -47.5 3
      vertex 60.5156 -47.2114 60
      vertex 60.5156 -47.2114 3
    endloop
  endfacet
  facet normal -0.88187 -0.471492 0
    outer loop
      vertex 60.5156 -47.2114 60
      vertex 60.6699 -47.5 3
      vertex 60.6699 -47.5 60
    endloop
  endfacet
  facet normal 0.956922 0.290347 0
    outer loop
      vertex 69.8296 -43.7059 60
      vertex 69.7346 -43.3928 3
      vertex 69.7346 -43.3928 60
    endloop
  endfacet
  facet normal 0.956922 0.290347 0
    outer loop
      vertex 69.7346 -43.3928 3
      vertex 69.8296 -43.7059 60
      vertex 69.8296 -43.7059 3
    endloop
  endfacet
  facet normal 0.973868 0.227114 0
    outer loop
      vertex 69.9039 -44.0245 60
      vertex 69.8296 -43.7059 3
      vertex 69.8296 -43.7059 60
    endloop
  endfacet
  facet normal 0.973868 0.227114 0
    outer loop
      vertex 69.8296 -43.7059 3
      vertex 69.9039 -44.0245 60
      vertex 69.9039 -44.0245 3
    endloop
  endfacet
  facet normal 0.849215 0.528047 0
    outer loop
      vertex 69.3301 -42.5 60
      vertex 69.1573 -42.2221 3
      vertex 69.1573 -42.2221 60
    endloop
  endfacet
  facet normal 0.849215 0.528047 0
    outer loop
      vertex 69.1573 -42.2221 3
      vertex 69.3301 -42.5 60
      vertex 69.3301 -42.5 3
    endloop
  endfacet
  facet normal 0.772935 0.634485 0
    outer loop
      vertex 68.9668 -41.9562 60
      vertex 68.7592 -41.7033 3
      vertex 68.7592 -41.7033 60
    endloop
  endfacet
  facet normal 0.772935 0.634485 0
    outer loop
      vertex 68.7592 -41.7033 3
      vertex 68.9668 -41.9562 60
      vertex 68.9668 -41.9562 3
    endloop
  endfacet
  facet normal 0.729804 0.683656 0
    outer loop
      vertex 68.7592 -41.7033 60
      vertex 68.5355 -41.4645 3
      vertex 68.5355 -41.4645 60
    endloop
  endfacet
  facet normal 0.729804 0.683656 0
    outer loop
      vertex 68.5355 -41.4645 3
      vertex 68.7592 -41.7033 60
      vertex 68.7592 -41.7033 3
    endloop
  endfacet
  facet normal -0.0327042 0.999465 0
    outer loop
      vertex 65 -40 3
      vertex 64.673 -40.0107 60
      vertex 65 -40 60
    endloop
  endfacet
  facet normal -0.0327042 0.999465 0
    outer loop
      vertex 64.673 -40.0107 60
      vertex 65 -40 3
      vertex 64.673 -40.0107 3
    endloop
  endfacet
  facet normal 0.227046 0.973884 -0
    outer loop
      vertex 66.2941 -40.1704 3
      vertex 65.9754 -40.0961 60
      vertex 66.2941 -40.1704 60
    endloop
  endfacet
  facet normal 0.227046 0.973884 0
    outer loop
      vertex 65.9754 -40.0961 60
      vertex 66.2941 -40.1704 3
      vertex 65.9754 -40.0961 3
    endloop
  endfacet
  facet normal 0.412651 0.910889 -0
    outer loop
      vertex 67.2114 -40.5156 3
      vertex 66.9134 -40.3806 60
      vertex 67.2114 -40.5156 60
    endloop
  endfacet
  facet normal 0.412651 0.910889 0
    outer loop
      vertex 66.9134 -40.3806 60
      vertex 67.2114 -40.5156 3
      vertex 66.9134 -40.3806 3
    endloop
  endfacet
  facet normal 0.58225 0.81301 -0
    outer loop
      vertex 68.0438 -41.0332 3
      vertex 67.7778 -40.8427 60
      vertex 68.0438 -41.0332 60
    endloop
  endfacet
  facet normal 0.58225 0.81301 0
    outer loop
      vertex 67.7778 -40.8427 60
      vertex 68.0438 -41.0332 3
      vertex 67.7778 -40.8427 3
    endloop
  endfacet
  facet normal -0.999465 -0.0327042 0
    outer loop
      vertex 60.0107 -45.327 3
      vertex 60 -45 60
      vertex 60 -45 3
    endloop
  endfacet
  facet normal -0.999465 -0.0327042 0
    outer loop
      vertex 60 -45 60
      vertex 60.0107 -45.327 3
      vertex 60.0107 -45.327 60
    endloop
  endfacet
  facet normal -0.973868 0.227114 0
    outer loop
      vertex 60.0961 -44.0245 3
      vertex 60.1704 -43.7059 60
      vertex 60.1704 -43.7059 3
    endloop
  endfacet
  facet normal -0.973868 0.227114 0
    outer loop
      vertex 60.1704 -43.7059 60
      vertex 60.0961 -44.0245 3
      vertex 60.0961 -44.0245 60
    endloop
  endfacet
  facet normal -0.910889 0.412651 0
    outer loop
      vertex 60.3806 -43.0866 3
      vertex 60.5156 -42.7886 60
      vertex 60.5156 -42.7886 3
    endloop
  endfacet
  facet normal -0.910889 0.412651 0
    outer loop
      vertex 60.5156 -42.7886 60
      vertex 60.3806 -43.0866 3
      vertex 60.3806 -43.0866 60
    endloop
  endfacet
  facet normal -0.812906 0.582394 0
    outer loop
      vertex 60.8427 -42.2221 3
      vertex 61.0332 -41.9562 60
      vertex 61.0332 -41.9562 3
    endloop
  endfacet
  facet normal -0.812906 0.582394 0
    outer loop
      vertex 61.0332 -41.9562 60
      vertex 60.8427 -42.2221 3
      vertex 60.8427 -42.2221 60
    endloop
  endfacet
  facet normal -0.352128 0.935952 0
    outer loop
      vertex 63.3928 -40.2654 3
      vertex 63.0866 -40.3806 60
      vertex 63.3928 -40.2654 60
    endloop
  endfacet
  facet normal -0.352128 0.935952 0
    outer loop
      vertex 63.0866 -40.3806 60
      vertex 63.3928 -40.2654 3
      vertex 63.0866 -40.3806 3
    endloop
  endfacet
  facet normal -0.162912 0.986641 0
    outer loop
      vertex 64.3474 -40.0428 3
      vertex 64.0246 -40.0961 60
      vertex 64.3474 -40.0428 60
    endloop
  endfacet
  facet normal -0.162912 0.986641 0
    outer loop
      vertex 64.0246 -40.0961 60
      vertex 64.3474 -40.0428 3
      vertex 64.0246 -40.0961 3
    endloop
  endfacet
  facet normal -0.471492 0.88187 0
    outer loop
      vertex 62.7886 -40.5156 3
      vertex 62.5 -40.6699 60
      vertex 62.7886 -40.5156 60
    endloop
  endfacet
  facet normal -0.471492 0.88187 0
    outer loop
      vertex 62.5 -40.6699 60
      vertex 62.7886 -40.5156 3
      vertex 62.5 -40.6699 3
    endloop
  endfacet
  facet normal -0.683656 0.729804 0
    outer loop
      vertex 61.7033 -41.2408 3
      vertex 61.4645 -41.4645 60
      vertex 61.7033 -41.2408 60
    endloop
  endfacet
  facet normal -0.683656 0.729804 0
    outer loop
      vertex 61.4645 -41.4645 60
      vertex 61.7033 -41.2408 3
      vertex 61.4645 -41.4645 3
    endloop
  endfacet
  facet normal -0.634485 0.772935 0
    outer loop
      vertex 61.9562 -41.0332 3
      vertex 61.7033 -41.2408 60
      vertex 61.9562 -41.0332 60
    endloop
  endfacet
  facet normal -0.634485 0.772935 0
    outer loop
      vertex 61.7033 -41.2408 60
      vertex 61.9562 -41.0332 3
      vertex 61.7033 -41.2408 3
    endloop
  endfacet
  facet normal 0.999465 -0.0327042 0
    outer loop
      vertex 69.9893 -45.327 60
      vertex 70 -45 3
      vertex 70 -45 60
    endloop
  endfacet
  facet normal 0.999465 -0.0327042 0
    outer loop
      vertex 70 -45 3
      vertex 69.9893 -45.327 60
      vertex 69.9893 -45.327 3
    endloop
  endfacet
  facet normal 0.986649 -0.162863 0
    outer loop
      vertex 69.9039 -45.9755 60
      vertex 69.9572 -45.6526 3
      vertex 69.9572 -45.6526 60
    endloop
  endfacet
  facet normal 0.986649 -0.162863 0
    outer loop
      vertex 69.9572 -45.6526 3
      vertex 69.9039 -45.9755 60
      vertex 69.9039 -45.9755 3
    endloop
  endfacet
  facet normal 0.812906 -0.582394 0
    outer loop
      vertex 68.9668 -48.0438 60
      vertex 69.1573 -47.7779 3
      vertex 69.1573 -47.7779 60
    endloop
  endfacet
  facet normal 0.812906 -0.582394 0
    outer loop
      vertex 69.1573 -47.7779 3
      vertex 68.9668 -48.0438 60
      vertex 68.9668 -48.0438 3
    endloop
  endfacet
  facet normal 0.88187 -0.471492 0
    outer loop
      vertex 69.3301 -47.5 60
      vertex 69.4844 -47.2114 3
      vertex 69.4844 -47.2114 60
    endloop
  endfacet
  facet normal 0.88187 -0.471492 0
    outer loop
      vertex 69.4844 -47.2114 3
      vertex 69.3301 -47.5 60
      vertex 69.3301 -47.5 3
    endloop
  endfacet
  facet normal -0.995175 -0.0981116 0
    outer loop
      vertex 60.0428 -45.6526 3
      vertex 60.0107 -45.327 60
      vertex 60.0107 -45.327 3
    endloop
  endfacet
  facet normal -0.995175 -0.0981116 0
    outer loop
      vertex 60.0107 -45.327 60
      vertex 60.0428 -45.6526 3
      vertex 60.0428 -45.6526 60
    endloop
  endfacet
  facet normal -0.910889 -0.412651 0
    outer loop
      vertex 60.5156 -47.2114 3
      vertex 60.3806 -46.9134 60
      vertex 60.3806 -46.9134 3
    endloop
  endfacet
  facet normal -0.910889 -0.412651 0
    outer loop
      vertex 60.3806 -46.9134 60
      vertex 60.5156 -47.2114 3
      vertex 60.5156 -47.2114 60
    endloop
  endfacet
  facet normal -0.956922 -0.290347 0
    outer loop
      vertex 60.2654 -46.6072 3
      vertex 60.1704 -46.2941 60
      vertex 60.1704 -46.2941 3
    endloop
  endfacet
  facet normal -0.956922 -0.290347 0
    outer loop
      vertex 60.1704 -46.2941 60
      vertex 60.2654 -46.6072 3
      vertex 60.2654 -46.6072 60
    endloop
  endfacet
  facet normal 0.0981116 -0.995175 0
    outer loop
      vertex 65.327 -49.9893 3
      vertex 65.6526 -49.9572 60
      vertex 65.327 -49.9893 60
    endloop
  endfacet
  facet normal 0.0981116 -0.995175 0
    outer loop
      vertex 65.6526 -49.9572 60
      vertex 65.327 -49.9893 3
      vertex 65.6526 -49.9572 3
    endloop
  endfacet
  facet normal 0.352128 -0.935952 0
    outer loop
      vertex 66.6072 -49.7346 3
      vertex 66.9134 -49.6194 60
      vertex 66.6072 -49.7346 60
    endloop
  endfacet
  facet normal 0.352128 -0.935952 0
    outer loop
      vertex 66.9134 -49.6194 60
      vertex 66.6072 -49.7346 3
      vertex 66.9134 -49.6194 3
    endloop
  endfacet
  facet normal 0.412651 -0.910889 0
    outer loop
      vertex 66.9134 -49.6194 3
      vertex 67.2114 -49.4844 60
      vertex 66.9134 -49.6194 60
    endloop
  endfacet
  facet normal 0.412651 -0.910889 0
    outer loop
      vertex 67.2114 -49.4844 60
      vertex 66.9134 -49.6194 3
      vertex 67.2114 -49.4844 3
    endloop
  endfacet
  facet normal 0.910889 0.412651 0
    outer loop
      vertex 69.6194 -43.0866 60
      vertex 69.4844 -42.7886 3
      vertex 69.4844 -42.7886 60
    endloop
  endfacet
  facet normal 0.910889 0.412651 0
    outer loop
      vertex 69.4844 -42.7886 3
      vertex 69.6194 -43.0866 60
      vertex 69.6194 -43.0866 3
    endloop
  endfacet
  facet normal 0.935952 0.352128 0
    outer loop
      vertex 69.7346 -43.3928 60
      vertex 69.6194 -43.0866 3
      vertex 69.6194 -43.0866 60
    endloop
  endfacet
  facet normal 0.935952 0.352128 0
    outer loop
      vertex 69.6194 -43.0866 3
      vertex 69.7346 -43.3928 60
      vertex 69.7346 -43.3928 3
    endloop
  endfacet
  facet normal 0.986649 0.162863 0
    outer loop
      vertex 69.9572 -44.3474 60
      vertex 69.9039 -44.0245 3
      vertex 69.9039 -44.0245 60
    endloop
  endfacet
  facet normal 0.986649 0.162863 0
    outer loop
      vertex 69.9039 -44.0245 3
      vertex 69.9572 -44.3474 60
      vertex 69.9572 -44.3474 3
    endloop
  endfacet
  facet normal 0.0327042 0.999465 -0
    outer loop
      vertex 65.327 -40.0107 3
      vertex 65 -40 60
      vertex 65.327 -40.0107 60
    endloop
  endfacet
  facet normal 0.0327042 0.999465 0
    outer loop
      vertex 65 -40 60
      vertex 65.327 -40.0107 3
      vertex 65 -40 3
    endloop
  endfacet
  facet normal 0 0 1
    outer loop
      vertex 66.25 -45 60
      vertex 70 -45 60
      vertex 69.9893 -44.673 60
    endloop
  endfacet
  facet normal 0 0 1
    outer loop
      vertex 66.2473 -44.9182 60
      vertex 69.9893 -44.673 60
      vertex 69.9572 -44.3474 60
    endloop
  endfacet
  facet normal 0 0 1
    outer loop
      vertex 70 -45 60
      vertex 66.25 -45 60
      vertex 69.9893 -45.327 60
    endloop
  endfacet
  facet normal 0 0 1
    outer loop
      vertex 66.2393 -44.8368 60
      vertex 69.9572 -44.3474 60
      vertex 69.9039 -44.0245 60
    endloop
  endfacet
  facet normal -0 0 1
    outer loop
      vertex 66.2473 -45.0818 60
      vertex 69.9893 -45.327 60
      vertex 66.25 -45 60
    endloop
  endfacet
  facet normal 0 0 1
    outer loop
      vertex 66.226 -44.7561 60
      vertex 69.9039 -44.0245 60
      vertex 69.8296 -43.7059 60
    endloop
  endfacet
  facet normal 0 0 1
    outer loop
      vertex 69.9893 -45.327 60
      vertex 66.2473 -45.0818 60
      vertex 69.9572 -45.6526 60
    endloop
  endfacet
  facet normal 0 0 1
    outer loop
      vertex 66.2074 -44.6765 60
      vertex 69.8296 -43.7059 60
      vertex 69.7346 -43.3928 60
    endloop
  endfacet
  facet normal -0 0 1
    outer loop
      vertex 66.2393 -45.1632 60
      vertex 69.9572 -45.6526 60
      vertex 66.2473 -45.0818 60
    endloop
  endfacet
  facet normal 0 0 1
    outer loop
      vertex 66.1837 -44.5982 60
      vertex 69.7346 -43.3928 60
      vertex 69.6194 -43.0866 60
    endloop
  endfacet
  facet normal 0 0 1
    outer loop
      vertex 69.9572 -45.6526 60
      vertex 66.2393 -45.1632 60
      vertex 69.9039 -45.9755 60
    endloop
  endfacet
  facet normal 0 0 1
    outer loop
      vertex 66.1548 -44.5216 60
      vertex 69.6194 -43.0866 60
      vertex 69.4844 -42.7886 60
    endloop
  endfacet
  facet normal -0 0 1
    outer loop
      vertex 66.226 -45.2439 60
      vertex 69.9039 -45.9755 60
      vertex 66.2393 -45.1632 60
    endloop
  endfacet
  facet normal 0 0 1
    outer loop
      vertex 66.1211 -44.4471 60
      vertex 69.4844 -42.7886 60
      vertex 69.3301 -42.5 60
    endloop
  endfacet
  facet normal 0 0 1
    outer loop
      vertex 69.9039 -45.9755 60
      vertex 66.226 -45.2439 60
      vertex 69.8296 -46.2941 60
    endloop
  endfacet
  facet normal 0 0 1
    outer loop
      vertex 66.0825 -44.375 60
      vertex 69.3301 -42.5 60
      vertex 69.1573 -42.2221 60
    endloop
  endfacet
  facet normal -0 0 1
    outer loop
      vertex 66.2074 -45.3235 60
      vertex 69.8296 -46.2941 60
      vertex 66.226 -45.2439 60
    endloop
  endfacet
  facet normal 0 0 1
    outer loop
      vertex 66.0393 -44.3055 60
      vertex 69.1573 -42.2221 60
      vertex 68.9668 -41.9562 60
    endloop
  endfacet
  facet normal 0 0 1
    outer loop
      vertex 69.8296 -46.2941 60
      vertex 66.2074 -45.3235 60
      vertex 69.7346 -46.6072 60
    endloop
  endfacet
  facet normal 0 0 1
    outer loop
      vertex 65.9917 -44.239 60
      vertex 68.9668 -41.9562 60
      vertex 68.7592 -41.7033 60
    endloop
  endfacet
  facet normal -0 0 1
    outer loop
      vertex 66.1837 -45.4018 60
      vertex 69.7346 -46.6072 60
      vertex 66.2074 -45.3235 60
    endloop
  endfacet
  facet normal 0 0 1
    outer loop
      vertex 65.9398 -44.1758 60
      vertex 68.7592 -41.7033 60
      vertex 68.5355 -41.4645 60
    endloop
  endfacet
  facet normal 0 0 1
    outer loop
      vertex 69.7346 -46.6072 60
      vertex 66.1837 -45.4018 60
      vertex 69.6194 -46.9134 60
    endloop
  endfacet
  facet normal 0 0 1
    outer loop
      vertex 65.8839 -44.1161 60
      vertex 68.5355 -41.4645 60
      vertex 68.2967 -41.2408 60
    endloop
  endfacet
  facet normal -0 0 1
    outer loop
      vertex 66.1548 -45.4784 60
      vertex 69.6194 -46.9134 60
      vertex 66.1837 -45.4018 60
    endloop
  endfacet
  facet normal 0 0 1
    outer loop
      vertex 65.8242 -44.0602 60
      vertex 68.2967 -41.2408 60
      vertex 68.0438 -41.0332 60
    endloop
  endfacet
  facet normal 0 0 1
    outer loop
      vertex 69.6194 -46.9134 60
      vertex 66.1548 -45.4784 60
      vertex 69.4844 -47.2114 60
    endloop
  endfacet
  facet normal 0 0 1
    outer loop
      vertex 65.7609 -44.0083 60
      vertex 68.0438 -41.0332 60
      vertex 67.7778 -40.8427 60
    endloop
  endfacet
  facet normal -0 0 1
    outer loop
      vertex 66.1211 -45.5529 60
      vertex 69.4844 -47.2114 60
      vertex 66.1548 -45.4784 60
    endloop
  endfacet
  facet normal 0 0 1
    outer loop
      vertex 65.6945 -43.9607 60
      vertex 67.7778 -40.8427 60
      vertex 67.5 -40.6699 60
    endloop
  endfacet
  facet normal 0 0 1
    outer loop
      vertex 69.4844 -47.2114 60
      vertex 66.1211 -45.5529 60
      vertex 69.3301 -47.5 60
    endloop
  endfacet
  facet normal 0 0 1
    outer loop
      vertex 65.625 -43.9175 60
      vertex 67.5 -40.6699 60
      vertex 67.2114 -40.5156 60
    endloop
  endfacet
  facet normal -0 0 1
    outer loop
      vertex 66.0825 -45.625 60
      vertex 69.3301 -47.5 60
      vertex 66.1211 -45.5529 60
    endloop
  endfacet
  facet normal 0 0 1
    outer loop
      vertex 65.5529 -43.8789 60
      vertex 67.2114 -40.5156 60
      vertex 66.9134 -40.3806 60
    endloop
  endfacet
  facet normal 0 0 1
    outer loop
      vertex 69.3301 -47.5 60
      vertex 66.0825 -45.625 60
      vertex 69.1573 -47.7779 60
    endloop
  endfacet
  facet normal 0 0 1
    outer loop
      vertex 65.4784 -43.8451 60
      vertex 66.9134 -40.3806 60
      vertex 66.6072 -40.2654 60
    endloop
  endfacet
  facet normal -0 0 1
    outer loop
      vertex 66.0393 -45.6945 60
      vertex 69.1573 -47.7779 60
      vertex 66.0825 -45.625 60
    endloop
  endfacet
  facet normal 0 0 1
    outer loop
      vertex 65.4018 -43.8163 60
      vertex 66.6072 -40.2654 60
      vertex 66.2941 -40.1704 60
    endloop
  endfacet
  facet normal 0 0 1
    outer loop
      vertex 69.1573 -47.7779 60
      vertex 66.0393 -45.6945 60
      vertex 68.9668 -48.0438 60
    endloop
  endfacet
  facet normal -0 0 1
    outer loop
      vertex 65.9917 -45.761 60
      vertex 68.9668 -48.0438 60
      vertex 66.0393 -45.6945 60
    endloop
  endfacet
  facet normal 0 0 1
    outer loop
      vertex 69.9893 -44.673 60
      vertex 66.2473 -44.9182 60
      vertex 66.25 -45 60
    endloop
  endfacet
  facet normal 0 0 1
    outer loop
      vertex 69.9572 -44.3474 60
      vertex 66.2393 -44.8368 60
      vertex 66.2473 -44.9182 60
    endloop
  endfacet
  facet normal 0 0 1
    outer loop
      vertex 69.9039 -44.0245 60
      vertex 66.226 -44.7561 60
      vertex 66.2393 -44.8368 60
    endloop
  endfacet
  facet normal 0 0 1
    outer loop
      vertex 69.8296 -43.7059 60
      vertex 66.2074 -44.6765 60
      vertex 66.226 -44.7561 60
    endloop
  endfacet
  facet normal 0 0 1
    outer loop
      vertex 69.7346 -43.3928 60
      vertex 66.1837 -44.5982 60
      vertex 66.2074 -44.6765 60
    endloop
  endfacet
  facet normal 0 0 1
    outer loop
      vertex 69.6194 -43.0866 60
      vertex 66.1548 -44.5216 60
      vertex 66.1837 -44.5982 60
    endloop
  endfacet
  facet normal 0 0 1
    outer loop
      vertex 69.4844 -42.7886 60
      vertex 66.1211 -44.4471 60
      vertex 66.1548 -44.5216 60
    endloop
  endfacet
  facet normal 0 0 1
    outer loop
      vertex 69.3301 -42.5 60
      vertex 66.0825 -44.375 60
      vertex 66.1211 -44.4471 60
    endloop
  endfacet
  facet normal 0 0 1
    outer loop
      vertex 69.1573 -42.2221 60
      vertex 66.0393 -44.3055 60
      vertex 66.0825 -44.375 60
    endloop
  endfacet
  facet normal 0 0 1
    outer loop
      vertex 68.9668 -41.9562 60
      vertex 65.9917 -44.239 60
      vertex 66.0393 -44.3055 60
    endloop
  endfacet
  facet normal 0 0 1
    outer loop
      vertex 65.3235 -43.7926 60
      vertex 66.2941 -40.1704 60
      vertex 65.9754 -40.0961 60
    endloop
  endfacet
  facet normal 0 0 1
    outer loop
      vertex 68.7592 -41.7033 60
      vertex 65.9398 -44.1758 60
      vertex 65.9917 -44.239 60
    endloop
  endfacet
  facet normal 0 0 1
    outer loop
      vertex 68.5355 -41.4645 60
      vertex 65.8839 -44.1161 60
      vertex 65.9398 -44.1758 60
    endloop
  endfacet
  facet normal 0 0 1
    outer loop
      vertex 68.2967 -41.2408 60
      vertex 65.8242 -44.0602 60
      vertex 65.8839 -44.1161 60
    endloop
  endfacet
  facet normal 0 0 1
    outer loop
      vertex 68.0438 -41.0332 60
      vertex 65.7609 -44.0083 60
      vertex 65.8242 -44.0602 60
    endloop
  endfacet
  facet normal 0 0 1
    outer loop
      vertex 67.7778 -40.8427 60
      vertex 65.6945 -43.9607 60
      vertex 65.7609 -44.0083 60
    endloop
  endfacet
  facet normal 0 0 1
    outer loop
      vertex 65.2439 -43.774 60
      vertex 65.9754 -40.0961 60
      vertex 65.6526 -40.0428 60
    endloop
  endfacet
  facet normal 0 0 1
    outer loop
      vertex 67.5 -40.6699 60
      vertex 65.625 -43.9175 60
      vertex 65.6945 -43.9607 60
    endloop
  endfacet
  facet normal 0 0 1
    outer loop
      vertex 67.2114 -40.5156 60
      vertex 65.5529 -43.8789 60
      vertex 65.625 -43.9175 60
    endloop
  endfacet
  facet normal 0 0 1
    outer loop
      vertex 66.9134 -40.3806 60
      vertex 65.4784 -43.8451 60
      vertex 65.5529 -43.8789 60
    endloop
  endfacet
  facet normal 0 0 1
    outer loop
      vertex 66.6072 -40.2654 60
      vertex 65.4018 -43.8163 60
      vertex 65.4784 -43.8451 60
    endloop
  endfacet
  facet normal 0 0 1
    outer loop
      vertex 65.1632 -43.7607 60
      vertex 65.6526 -40.0428 60
      vertex 65.327 -40.0107 60
    endloop
  endfacet
  facet normal 0 0 1
    outer loop
      vertex 66.2941 -40.1704 60
      vertex 65.3235 -43.7926 60
      vertex 65.4018 -43.8163 60
    endloop
  endfacet
  facet normal 0 0 1
    outer loop
      vertex 65.9754 -40.0961 60
      vertex 65.2439 -43.774 60
      vertex 65.3235 -43.7926 60
    endloop
  endfacet
  facet normal 0 0 1
    outer loop
      vertex 65.6526 -40.0428 60
      vertex 65.1632 -43.7607 60
      vertex 65.2439 -43.774 60
    endloop
  endfacet
  facet normal 0 0 1
    outer loop
      vertex 65.327 -40.0107 60
      vertex 65.0818 -43.7527 60
      vertex 65.1632 -43.7607 60
    endloop
  endfacet
  facet normal 0 0 1
    outer loop
      vertex 65 -40 60
      vertex 65.0818 -43.7527 60
      vertex 65.327 -40.0107 60
    endloop
  endfacet
  facet normal 0 0 1
    outer loop
      vertex 65 -40 60
      vertex 65 -43.75 60
      vertex 65.0818 -43.7527 60
    endloop
  endfacet
  facet normal 0 0 1
    outer loop
      vertex 65 -40 60
      vertex 64.9182 -43.7527 60
      vertex 65 -43.75 60
    endloop
  endfacet
  facet normal -0 0 1
    outer loop
      vertex 64.673 -40.0107 60
      vertex 64.9182 -43.7527 60
      vertex 65 -40 60
    endloop
  endfacet
  facet normal 0 0 1
    outer loop
      vertex 64.9182 -43.7527 60
      vertex 64.673 -40.0107 60
      vertex 64.8368 -43.7607 60
    endloop
  endfacet
  facet normal -0 0 1
    outer loop
      vertex 64.3474 -40.0428 60
      vertex 64.8368 -43.7607 60
      vertex 64.673 -40.0107 60
    endloop
  endfacet
  facet normal 0 0 1
    outer loop
      vertex 64.8368 -43.7607 60
      vertex 64.3474 -40.0428 60
      vertex 64.7561 -43.774 60
    endloop
  endfacet
  facet normal -0 0 1
    outer loop
      vertex 64.0246 -40.0961 60
      vertex 64.7561 -43.774 60
      vertex 64.3474 -40.0428 60
    endloop
  endfacet
  facet normal 0 0 1
    outer loop
      vertex 64.7561 -43.774 60
      vertex 64.0246 -40.0961 60
      vertex 64.6765 -43.7926 60
    endloop
  endfacet
  facet normal -0 0 1
    outer loop
      vertex 63.7059 -40.1704 60
      vertex 64.6765 -43.7926 60
      vertex 64.0246 -40.0961 60
    endloop
  endfacet
  facet normal 0 0 1
    outer loop
      vertex 64.6765 -43.7926 60
      vertex 63.7059 -40.1704 60
      vertex 64.5982 -43.8163 60
    endloop
  endfacet
  facet normal -0 0 1
    outer loop
      vertex 63.3928 -40.2654 60
      vertex 64.5982 -43.8163 60
      vertex 63.7059 -40.1704 60
    endloop
  endfacet
  facet normal 0 0 1
    outer loop
      vertex 64.5982 -43.8163 60
      vertex 63.3928 -40.2654 60
      vertex 64.5216 -43.8451 60
    endloop
  endfacet
  facet normal -0 0 1
    outer loop
      vertex 63.0866 -40.3806 60
      vertex 64.5216 -43.8451 60
      vertex 63.3928 -40.2654 60
    endloop
  endfacet
  facet normal 0 0 1
    outer loop
      vertex 64.5216 -43.8451 60
      vertex 63.0866 -40.3806 60
      vertex 64.4471 -43.8789 60
    endloop
  endfacet
  facet normal -0 0 1
    outer loop
      vertex 62.7886 -40.5156 60
      vertex 64.4471 -43.8789 60
      vertex 63.0866 -40.3806 60
    endloop
  endfacet
  facet normal 0 0 1
    outer loop
      vertex 64.4471 -43.8789 60
      vertex 62.7886 -40.5156 60
      vertex 64.375 -43.9175 60
    endloop
  endfacet
  facet normal -0 0 1
    outer loop
      vertex 62.5 -40.6699 60
      vertex 64.375 -43.9175 60
      vertex 62.7886 -40.5156 60
    endloop
  endfacet
  facet normal 0 0 1
    outer loop
      vertex 64.375 -43.9175 60
      vertex 62.5 -40.6699 60
      vertex 64.3055 -43.9607 60
    endloop
  endfacet
  facet normal -0 0 1
    outer loop
      vertex 62.2221 -40.8427 60
      vertex 64.3055 -43.9607 60
      vertex 62.5 -40.6699 60
    endloop
  endfacet
  facet normal 0 0 1
    outer loop
      vertex 64.3055 -43.9607 60
      vertex 62.2221 -40.8427 60
      vertex 64.239 -44.0083 60
    endloop
  endfacet
  facet normal -0 0 1
    outer loop
      vertex 61.9562 -41.0332 60
      vertex 64.239 -44.0083 60
      vertex 62.2221 -40.8427 60
    endloop
  endfacet
  facet normal 0 0 1
    outer loop
      vertex 64.239 -44.0083 60
      vertex 61.9562 -41.0332 60
      vertex 64.1758 -44.0602 60
    endloop
  endfacet
  facet normal -0 0 1
    outer loop
      vertex 61.7033 -41.2408 60
      vertex 64.1758 -44.0602 60
      vertex 61.9562 -41.0332 60
    endloop
  endfacet
  facet normal 0 0 1
    outer loop
      vertex 64.1758 -44.0602 60
      vertex 61.7033 -41.2408 60
      vertex 64.1161 -44.1161 60
    endloop
  endfacet
  facet normal -0 0 1
    outer loop
      vertex 61.4645 -41.4645 60
      vertex 64.1161 -44.1161 60
      vertex 61.7033 -41.2408 60
    endloop
  endfacet
  facet normal 0 0 1
    outer loop
      vertex 64.1161 -44.1161 60
      vertex 61.4645 -41.4645 60
      vertex 64.0602 -44.1758 60
    endloop
  endfacet
  facet normal -0 0 1
    outer loop
      vertex 61.2408 -41.7033 60
      vertex 64.0602 -44.1758 60
      vertex 61.4645 -41.4645 60
    endloop
  endfacet
  facet normal -0 0 1
    outer loop
      vertex 61.0332 -41.9562 60
      vertex 64.0083 -44.239 60
      vertex 61.2408 -41.7033 60
    endloop
  endfacet
  facet normal 0 0 1
    outer loop
      vertex 64.0602 -44.1758 60
      vertex 61.2408 -41.7033 60
      vertex 64.0083 -44.239 60
    endloop
  endfacet
  facet normal 0 0 1
    outer loop
      vertex 68.9668 -48.0438 60
      vertex 65.9917 -45.761 60
      vertex 68.7592 -48.2967 60
    endloop
  endfacet
  facet normal -0 0 1
    outer loop
      vertex 65.9398 -45.8242 60
      vertex 68.7592 -48.2967 60
      vertex 65.9917 -45.761 60
    endloop
  endfacet
  facet normal 0 0 1
    outer loop
      vertex 68.7592 -48.2967 60
      vertex 65.9398 -45.8242 60
      vertex 68.5355 -48.5355 60
    endloop
  endfacet
  facet normal -0 0 1
    outer loop
      vertex 65.8839 -45.8839 60
      vertex 68.5355 -48.5355 60
      vertex 65.9398 -45.8242 60
    endloop
  endfacet
  facet normal 0 0 1
    outer loop
      vertex 68.5355 -48.5355 60
      vertex 65.8839 -45.8839 60
      vertex 68.2967 -48.7592 60
    endloop
  endfacet
  facet normal -0 0 1
    outer loop
      vertex 65.8242 -45.9398 60
      vertex 68.2967 -48.7592 60
      vertex 65.8839 -45.8839 60
    endloop
  endfacet
  facet normal 0 0 1
    outer loop
      vertex 68.2967 -48.7592 60
      vertex 65.8242 -45.9398 60
      vertex 68.0438 -48.9668 60
    endloop
  endfacet
  facet normal -0 0 1
    outer loop
      vertex 65.7609 -45.9917 60
      vertex 68.0438 -48.9668 60
      vertex 65.8242 -45.9398 60
    endloop
  endfacet
  facet normal 0 0 1
    outer loop
      vertex 68.0438 -48.9668 60
      vertex 65.7609 -45.9917 60
      vertex 67.7778 -49.1573 60
    endloop
  endfacet
  facet normal -0 0 1
    outer loop
      vertex 65.6945 -46.0393 60
      vertex 67.7778 -49.1573 60
      vertex 65.7609 -45.9917 60
    endloop
  endfacet
  facet normal 0 0 1
    outer loop
      vertex 67.7778 -49.1573 60
      vertex 65.6945 -46.0393 60
      vertex 67.5 -49.3301 60
    endloop
  endfacet
  facet normal -0 0 1
    outer loop
      vertex 65.625 -46.0825 60
      vertex 67.5 -49.3301 60
      vertex 65.6945 -46.0393 60
    endloop
  endfacet
  facet normal 0 0 1
    outer loop
      vertex 67.5 -49.3301 60
      vertex 65.625 -46.0825 60
      vertex 67.2114 -49.4844 60
    endloop
  endfacet
  facet normal -0 0 1
    outer loop
      vertex 65.5529 -46.1211 60
      vertex 67.2114 -49.4844 60
      vertex 65.625 -46.0825 60
    endloop
  endfacet
  facet normal 0 0 1
    outer loop
      vertex 67.2114 -49.4844 60
      vertex 65.5529 -46.1211 60
      vertex 66.9134 -49.6194 60
    endloop
  endfacet
  facet normal -0 0 1
    outer loop
      vertex 65.4784 -46.1549 60
      vertex 66.9134 -49.6194 60
      vertex 65.5529 -46.1211 60
    endloop
  endfacet
  facet normal 0 0 1
    outer loop
      vertex 66.9134 -49.6194 60
      vertex 65.4784 -46.1549 60
      vertex 66.6072 -49.7346 60
    endloop
  endfacet
  facet normal -0 0 1
    outer loop
      vertex 65.4018 -46.1837 60
      vertex 66.6072 -49.7346 60
      vertex 65.4784 -46.1549 60
    endloop
  endfacet
  facet normal 0 0 1
    outer loop
      vertex 66.6072 -49.7346 60
      vertex 65.4018 -46.1837 60
      vertex 66.2941 -49.8296 60
    endloop
  endfacet
  facet normal -0 0 1
    outer loop
      vertex 65.3235 -46.2074 60
      vertex 66.2941 -49.8296 60
      vertex 65.4018 -46.1837 60
    endloop
  endfacet
  facet normal 0 0 1
    outer loop
      vertex 66.2941 -49.8296 60
      vertex 65.3235 -46.2074 60
      vertex 65.9754 -49.9039 60
    endloop
  endfacet
  facet normal -0 0 1
    outer loop
      vertex 65.2439 -46.226 60
      vertex 65.9754 -49.9039 60
      vertex 65.3235 -46.2074 60
    endloop
  endfacet
  facet normal 0 0 1
    outer loop
      vertex 65.9754 -49.9039 60
      vertex 65.2439 -46.226 60
      vertex 65.6526 -49.9572 60
    endloop
  endfacet
  facet normal -0 0 1
    outer loop
      vertex 65.1632 -46.2393 60
      vertex 65.6526 -49.9572 60
      vertex 65.2439 -46.226 60
    endloop
  endfacet
  facet normal 0 0 1
    outer loop
      vertex 65.6526 -49.9572 60
      vertex 65.1632 -46.2393 60
      vertex 65.327 -49.9893 60
    endloop
  endfacet
  facet normal -0 0 1
    outer loop
      vertex 65.0818 -46.2473 60
      vertex 65.327 -49.9893 60
      vertex 65.1632 -46.2393 60
    endloop
  endfacet
  facet normal -0 0 1
    outer loop
      vertex 65 -46.25 60
      vertex 65.327 -49.9893 60
      vertex 65.0818 -46.2473 60
    endloop
  endfacet
  facet normal 0 0 1
    outer loop
      vertex 65 -46.25 60
      vertex 65 -50 60
      vertex 65.327 -49.9893 60
    endloop
  endfacet
  facet normal 0 0 1
    outer loop
      vertex 64.9182 -46.2473 60
      vertex 65 -50 60
      vertex 65 -46.25 60
    endloop
  endfacet
  facet normal 0 0 1
    outer loop
      vertex 64.673 -49.9893 60
      vertex 64.9182 -46.2473 60
      vertex 64.8368 -46.2393 60
    endloop
  endfacet
  facet normal 0 0 1
    outer loop
      vertex 64.3474 -49.9572 60
      vertex 64.8368 -46.2393 60
      vertex 64.7561 -46.226 60
    endloop
  endfacet
  facet normal 0 0 1
    outer loop
      vertex 64.0246 -49.9039 60
      vertex 64.7561 -46.226 60
      vertex 64.6765 -46.2074 60
    endloop
  endfacet
  facet normal 0 0 1
    outer loop
      vertex 64.9182 -46.2473 60
      vertex 64.673 -49.9893 60
      vertex 65 -50 60
    endloop
  endfacet
  facet normal 0 0 1
    outer loop
      vertex 63.7059 -49.8296 60
      vertex 64.6765 -46.2074 60
      vertex 64.5982 -46.1837 60
    endloop
  endfacet
  facet normal 0 0 1
    outer loop
      vertex 63.3928 -49.7346 60
      vertex 64.5982 -46.1837 60
      vertex 64.5216 -46.1549 60
    endloop
  endfacet
  facet normal 0 0 1
    outer loop
      vertex 63.0866 -49.6194 60
      vertex 64.5216 -46.1549 60
      vertex 64.4471 -46.1211 60
    endloop
  endfacet
  facet normal 0 0 1
    outer loop
      vertex 62.7886 -49.4844 60
      vertex 64.4471 -46.1211 60
      vertex 64.375 -46.0825 60
    endloop
  endfacet
  facet normal 0 0 1
    outer loop
      vertex 64.8368 -46.2393 60
      vertex 64.3474 -49.9572 60
      vertex 64.673 -49.9893 60
    endloop
  endfacet
  facet normal 0 0 1
    outer loop
      vertex 62.5 -49.3301 60
      vertex 64.375 -46.0825 60
      vertex 64.3055 -46.0393 60
    endloop
  endfacet
  facet normal 0 0 1
    outer loop
      vertex 62.2221 -49.1573 60
      vertex 64.3055 -46.0393 60
      vertex 64.239 -45.9917 60
    endloop
  endfacet
  facet normal 0 0 1
    outer loop
      vertex 61.9562 -48.9668 60
      vertex 64.239 -45.9917 60
      vertex 64.1758 -45.9398 60
    endloop
  endfacet
  facet normal 0 0 1
    outer loop
      vertex 61.7033 -48.7592 60
      vertex 64.1758 -45.9398 60
      vertex 64.1161 -45.8839 60
    endloop
  endfacet
  facet normal 0 0 1
    outer loop
      vertex 61.4645 -48.5355 60
      vertex 64.1161 -45.8839 60
      vertex 64.0602 -45.8242 60
    endloop
  endfacet
  facet normal 0 0 1
    outer loop
      vertex 64.7561 -46.226 60
      vertex 64.0246 -49.9039 60
      vertex 64.3474 -49.9572 60
    endloop
  endfacet
  facet normal 0 0 1
    outer loop
      vertex 61.2408 -48.2967 60
      vertex 64.0602 -45.8242 60
      vertex 64.0083 -45.761 60
    endloop
  endfacet
  facet normal 0 0 1
    outer loop
      vertex 61.0332 -48.0438 60
      vertex 64.0083 -45.761 60
      vertex 63.9607 -45.6945 60
    endloop
  endfacet
  facet normal 0 0 1
    outer loop
      vertex 60.8427 -47.7779 60
      vertex 63.9607 -45.6945 60
      vertex 63.9175 -45.625 60
    endloop
  endfacet
  facet normal 0 0 1
    outer loop
      vertex 60.6699 -47.5 60
      vertex 63.9175 -45.625 60
      vertex 63.8789 -45.5529 60
    endloop
  endfacet
  facet normal 0 0 1
    outer loop
      vertex 60.5156 -47.2114 60
      vertex 63.8789 -45.5529 60
      vertex 63.8451 -45.4784 60
    endloop
  endfacet
  facet normal 0 0 1
    outer loop
      vertex 60.3806 -46.9134 60
      vertex 63.8451 -45.4784 60
      vertex 63.8163 -45.4018 60
    endloop
  endfacet
  facet normal 0 0 1
    outer loop
      vertex 60.2654 -46.6072 60
      vertex 63.8163 -45.4018 60
      vertex 63.7926 -45.3235 60
    endloop
  endfacet
  facet normal 0 0 1
    outer loop
      vertex 60.1704 -46.2941 60
      vertex 63.7926 -45.3235 60
      vertex 63.774 -45.2439 60
    endloop
  endfacet
  facet normal 0 0 1
    outer loop
      vertex 60.0961 -45.9755 60
      vertex 63.774 -45.2439 60
      vertex 63.7607 -45.1632 60
    endloop
  endfacet
  facet normal 0 0 1
    outer loop
      vertex 60.0428 -45.6526 60
      vertex 63.7607 -45.1632 60
      vertex 63.7527 -45.0818 60
    endloop
  endfacet
  facet normal 0 0 1
    outer loop
      vertex 64.6765 -46.2074 60
      vertex 63.7059 -49.8296 60
      vertex 64.0246 -49.9039 60
    endloop
  endfacet
  facet normal 0 0 1
    outer loop
      vertex 60.0107 -45.327 60
      vertex 63.7527 -45.0818 60
      vertex 63.75 -45 60
    endloop
  endfacet
  facet normal 0 0 1
    outer loop
      vertex 64.0083 -44.239 60
      vertex 61.0332 -41.9562 60
      vertex 63.9607 -44.3055 60
    endloop
  endfacet
  facet normal -0 0 1
    outer loop
      vertex 60.8427 -42.2221 60
      vertex 63.9607 -44.3055 60
      vertex 61.0332 -41.9562 60
    endloop
  endfacet
  facet normal 0 0 1
    outer loop
      vertex 64.5982 -46.1837 60
      vertex 63.3928 -49.7346 60
      vertex 63.7059 -49.8296 60
    endloop
  endfacet
  facet normal 0 0 1
    outer loop
      vertex 63.9607 -44.3055 60
      vertex 60.8427 -42.2221 60
      vertex 63.9175 -44.375 60
    endloop
  endfacet
  facet normal 0 0 1
    outer loop
      vertex 64.5216 -46.1549 60
      vertex 63.0866 -49.6194 60
      vertex 63.3928 -49.7346 60
    endloop
  endfacet
  facet normal -0 0 1
    outer loop
      vertex 60.6699 -42.5 60
      vertex 63.9175 -44.375 60
      vertex 60.8427 -42.2221 60
    endloop
  endfacet
  facet normal 0 0 1
    outer loop
      vertex 64.4471 -46.1211 60
      vertex 62.7886 -49.4844 60
      vertex 63.0866 -49.6194 60
    endloop
  endfacet
  facet normal 0 0 1
    outer loop
      vertex 63.9175 -44.375 60
      vertex 60.6699 -42.5 60
      vertex 63.8789 -44.4471 60
    endloop
  endfacet
  facet normal 0 0 1
    outer loop
      vertex 64.375 -46.0825 60
      vertex 62.5 -49.3301 60
      vertex 62.7886 -49.4844 60
    endloop
  endfacet
  facet normal -0 0 1
    outer loop
      vertex 60.5156 -42.7886 60
      vertex 63.8789 -44.4471 60
      vertex 60.6699 -42.5 60
    endloop
  endfacet
  facet normal 0 0 1
    outer loop
      vertex 64.3055 -46.0393 60
      vertex 62.2221 -49.1573 60
      vertex 62.5 -49.3301 60
    endloop
  endfacet
  facet normal 0 0 1
    outer loop
      vertex 63.8789 -44.4471 60
      vertex 60.5156 -42.7886 60
      vertex 63.8451 -44.5216 60
    endloop
  endfacet
  facet normal 0 0 1
    outer loop
      vertex 64.239 -45.9917 60
      vertex 61.9562 -48.9668 60
      vertex 62.2221 -49.1573 60
    endloop
  endfacet
  facet normal -0 0 1
    outer loop
      vertex 60.3806 -43.0866 60
      vertex 63.8451 -44.5216 60
      vertex 60.5156 -42.7886 60
    endloop
  endfacet
  facet normal 0 0 1
    outer loop
      vertex 64.1758 -45.9398 60
      vertex 61.7033 -48.7592 60
      vertex 61.9562 -48.9668 60
    endloop
  endfacet
  facet normal 0 0 1
    outer loop
      vertex 63.8451 -44.5216 60
      vertex 60.3806 -43.0866 60
      vertex 63.8163 -44.5982 60
    endloop
  endfacet
  facet normal 0 0 1
    outer loop
      vertex 64.1161 -45.8839 60
      vertex 61.4645 -48.5355 60
      vertex 61.7033 -48.7592 60
    endloop
  endfacet
  facet normal -0 0 1
    outer loop
      vertex 60.2654 -43.3928 60
      vertex 63.8163 -44.5982 60
      vertex 60.3806 -43.0866 60
    endloop
  endfacet
  facet normal 0 0 1
    outer loop
      vertex 64.0602 -45.8242 60
      vertex 61.2408 -48.2967 60
      vertex 61.4645 -48.5355 60
    endloop
  endfacet
  facet normal 0 0 1
    outer loop
      vertex 63.8163 -44.5982 60
      vertex 60.2654 -43.3928 60
      vertex 63.7926 -44.6765 60
    endloop
  endfacet
  facet normal 0 0 1
    outer loop
      vertex 64.0083 -45.761 60
      vertex 61.0332 -48.0438 60
      vertex 61.2408 -48.2967 60
    endloop
  endfacet
  facet normal -0 0 1
    outer loop
      vertex 60.1704 -43.7059 60
      vertex 63.7926 -44.6765 60
      vertex 60.2654 -43.3928 60
    endloop
  endfacet
  facet normal 0 0 1
    outer loop
      vertex 63.9607 -45.6945 60
      vertex 60.8427 -47.7779 60
      vertex 61.0332 -48.0438 60
    endloop
  endfacet
  facet normal 0 0 1
    outer loop
      vertex 63.7926 -44.6765 60
      vertex 60.1704 -43.7059 60
      vertex 63.774 -44.7561 60
    endloop
  endfacet
  facet normal 0 0 1
    outer loop
      vertex 63.9175 -45.625 60
      vertex 60.6699 -47.5 60
      vertex 60.8427 -47.7779 60
    endloop
  endfacet
  facet normal -0 0 1
    outer loop
      vertex 60.0961 -44.0245 60
      vertex 63.774 -44.7561 60
      vertex 60.1704 -43.7059 60
    endloop
  endfacet
  facet normal 0 0 1
    outer loop
      vertex 63.8789 -45.5529 60
      vertex 60.5156 -47.2114 60
      vertex 60.6699 -47.5 60
    endloop
  endfacet
  facet normal 0 0 1
    outer loop
      vertex 63.774 -44.7561 60
      vertex 60.0961 -44.0245 60
      vertex 63.7607 -44.8368 60
    endloop
  endfacet
  facet normal 0 0 1
    outer loop
      vertex 63.8451 -45.4784 60
      vertex 60.3806 -46.9134 60
      vertex 60.5156 -47.2114 60
    endloop
  endfacet
  facet normal -0 0 1
    outer loop
      vertex 60.0428 -44.3474 60
      vertex 63.7607 -44.8368 60
      vertex 60.0961 -44.0245 60
    endloop
  endfacet
  facet normal 0 0 1
    outer loop
      vertex 63.8163 -45.4018 60
      vertex 60.2654 -46.6072 60
      vertex 60.3806 -46.9134 60
    endloop
  endfacet
  facet normal 0 0 1
    outer loop
      vertex 63.7607 -44.8368 60
      vertex 60.0428 -44.3474 60
      vertex 63.7527 -44.9182 60
    endloop
  endfacet
  facet normal 0 0 1
    outer loop
      vertex 63.7926 -45.3235 60
      vertex 60.1704 -46.2941 60
      vertex 60.2654 -46.6072 60
    endloop
  endfacet
  facet normal -0 0 1
    outer loop
      vertex 60.0107 -44.673 60
      vertex 63.7527 -44.9182 60
      vertex 60.0428 -44.3474 60
    endloop
  endfacet
  facet normal 0 0 1
    outer loop
      vertex 63.774 -45.2439 60
      vertex 60.0961 -45.9755 60
      vertex 60.1704 -46.2941 60
    endloop
  endfacet
  facet normal 0 0 1
    outer loop
      vertex 63.7527 -44.9182 60
      vertex 60.0107 -44.673 60
      vertex 63.75 -45 60
    endloop
  endfacet
  facet normal 0 0 1
    outer loop
      vertex 63.7607 -45.1632 60
      vertex 60.0428 -45.6526 60
      vertex 60.0961 -45.9755 60
    endloop
  endfacet
  facet normal 0 0 1
    outer loop
      vertex 60 -45 60
      vertex 63.75 -45 60
      vertex 60.0107 -44.673 60
    endloop
  endfacet
  facet normal 0 0 1
    outer loop
      vertex 63.7527 -45.0818 60
      vertex 60.0107 -45.327 60
      vertex 60.0428 -45.6526 60
    endloop
  endfacet
  facet normal 0 0 1
    outer loop
      vertex 63.75 -45 60
      vertex 60 -45 60
      vertex 60.0107 -45.327 60
    endloop
  endfacet
  facet normal -0.999465 0.0327042 0
    outer loop
      vertex 60 -45 3
      vertex 60.0107 -44.673 60
      vertex 60.0107 -44.673 3
    endloop
  endfacet
  facet normal -0.999465 0.0327042 0
    outer loop
      vertex 60.0107 -44.673 60
      vertex 60 -45 3
      vertex 60 -45 60
    endloop
  endfacet
  facet normal 0.973868 -0.227114 0
    outer loop
      vertex 69.8296 -46.2941 60
      vertex 69.9039 -45.9755 3
      vertex 69.9039 -45.9755 60
    endloop
  endfacet
  facet normal 0.973868 -0.227114 0
    outer loop
      vertex 69.9039 -45.9755 3
      vertex 69.8296 -46.2941 60
      vertex 69.8296 -46.2941 3
    endloop
  endfacet
  facet normal 0.58225 -0.81301 0
    outer loop
      vertex 67.7778 -49.1573 3
      vertex 68.0438 -48.9668 60
      vertex 67.7778 -49.1573 60
    endloop
  endfacet
  facet normal 0.58225 -0.81301 0
    outer loop
      vertex 68.0438 -48.9668 60
      vertex 67.7778 -49.1573 3
      vertex 68.0438 -48.9668 3
    endloop
  endfacet
  facet normal 0.772935 -0.634485 0
    outer loop
      vertex 68.7592 -48.2967 60
      vertex 68.9668 -48.0438 3
      vertex 68.9668 -48.0438 60
    endloop
  endfacet
  facet normal 0.772935 -0.634485 0
    outer loop
      vertex 68.9668 -48.0438 3
      vertex 68.7592 -48.2967 60
      vertex 68.7592 -48.2967 3
    endloop
  endfacet
  facet normal 0.849215 -0.528047 0
    outer loop
      vertex 69.1573 -47.7779 60
      vertex 69.3301 -47.5 3
      vertex 69.3301 -47.5 60
    endloop
  endfacet
  facet normal 0.849215 -0.528047 0
    outer loop
      vertex 69.3301 -47.5 3
      vertex 69.1573 -47.7779 60
      vertex 69.1573 -47.7779 3
    endloop
  endfacet
  facet normal 0.910889 -0.412651 0
    outer loop
      vertex 69.4844 -47.2114 60
      vertex 69.6194 -46.9134 3
      vertex 69.6194 -46.9134 60
    endloop
  endfacet
  facet normal 0.910889 -0.412651 0
    outer loop
      vertex 69.6194 -46.9134 3
      vertex 69.4844 -47.2114 60
      vertex 69.4844 -47.2114 3
    endloop
  endfacet
  facet normal -0.290347 -0.956922 0
    outer loop
      vertex 63.3928 -49.7346 3
      vertex 63.7059 -49.8296 60
      vertex 63.3928 -49.7346 60
    endloop
  endfacet
  facet normal -0.290347 -0.956922 -0
    outer loop
      vertex 63.7059 -49.8296 60
      vertex 63.3928 -49.7346 3
      vertex 63.7059 -49.8296 3
    endloop
  endfacet
  facet normal 0.0327042 -0.999465 0
    outer loop
      vertex 65 -50 3
      vertex 65.327 -49.9893 60
      vertex 65 -50 60
    endloop
  endfacet
  facet normal 0.0327042 -0.999465 0
    outer loop
      vertex 65.327 -49.9893 60
      vertex 65 -50 3
      vertex 65.327 -49.9893 3
    endloop
  endfacet
  facet normal -0.729804 -0.683656 0
    outer loop
      vertex 61.4645 -48.5355 3
      vertex 61.2408 -48.2967 60
      vertex 61.2408 -48.2967 3
    endloop
  endfacet
  facet normal -0.729804 -0.683656 0
    outer loop
      vertex 61.2408 -48.2967 60
      vertex 61.4645 -48.5355 3
      vertex 61.4645 -48.5355 60
    endloop
  endfacet
  facet normal -0.935952 -0.352128 0
    outer loop
      vertex 60.3806 -46.9134 3
      vertex 60.2654 -46.6072 60
      vertex 60.2654 -46.6072 3
    endloop
  endfacet
  facet normal -0.935952 -0.352128 0
    outer loop
      vertex 60.2654 -46.6072 60
      vertex 60.3806 -46.9134 3
      vertex 60.3806 -46.9134 60
    endloop
  endfacet
  facet normal -0.973868 -0.227114 0
    outer loop
      vertex 60.1704 -46.2941 3
      vertex 60.0961 -45.9755 60
      vertex 60.0961 -45.9755 3
    endloop
  endfacet
  facet normal -0.973868 -0.227114 0
    outer loop
      vertex 60.0961 -45.9755 60
      vertex 60.1704 -46.2941 3
      vertex 60.1704 -46.2941 60
    endloop
  endfacet
  facet normal -0.986649 -0.162863 0
    outer loop
      vertex 60.0961 -45.9755 3
      vertex 60.0428 -45.6526 60
      vertex 60.0428 -45.6526 3
    endloop
  endfacet
  facet normal -0.986649 -0.162863 0
    outer loop
      vertex 60.0428 -45.6526 60
      vertex 60.0961 -45.9755 3
      vertex 60.0961 -45.9755 60
    endloop
  endfacet
  facet normal 0.227046 -0.973884 0
    outer loop
      vertex 65.9754 -49.9039 3
      vertex 66.2941 -49.8296 60
      vertex 65.9754 -49.9039 60
    endloop
  endfacet
  facet normal 0.227046 -0.973884 0
    outer loop
      vertex 66.2941 -49.8296 60
      vertex 65.9754 -49.9039 3
      vertex 66.2941 -49.8296 3
    endloop
  endfacet
  facet normal 0.162912 -0.986641 0
    outer loop
      vertex 65.6526 -49.9572 3
      vertex 65.9754 -49.9039 60
      vertex 65.6526 -49.9572 60
    endloop
  endfacet
  facet normal 0.162912 -0.986641 0
    outer loop
      vertex 65.9754 -49.9039 60
      vertex 65.6526 -49.9572 3
      vertex 65.9754 -49.9039 3
    endloop
  endfacet
  facet normal 0.290347 -0.956922 0
    outer loop
      vertex 66.2941 -49.8296 3
      vertex 66.6072 -49.7346 60
      vertex 66.2941 -49.8296 60
    endloop
  endfacet
  facet normal 0.290347 -0.956922 0
    outer loop
      vertex 66.6072 -49.7346 60
      vertex 66.2941 -49.8296 3
      vertex 66.6072 -49.7346 3
    endloop
  endfacet
  facet normal 0.729804 -0.683656 0
    outer loop
      vertex 68.5355 -48.5355 60
      vertex 68.7592 -48.2967 3
      vertex 68.7592 -48.2967 60
    endloop
  endfacet
  facet normal 0.729804 -0.683656 0
    outer loop
      vertex 68.7592 -48.2967 3
      vertex 68.5355 -48.5355 60
      vertex 68.5355 -48.5355 3
    endloop
  endfacet
  facet normal 0.634485 -0.772935 0
    outer loop
      vertex 68.0438 -48.9668 3
      vertex 68.2967 -48.7592 60
      vertex 68.0438 -48.9668 60
    endloop
  endfacet
  facet normal 0.634485 -0.772935 0
    outer loop
      vertex 68.2967 -48.7592 60
      vertex 68.0438 -48.9668 3
      vertex 68.2967 -48.7592 3
    endloop
  endfacet
  facet normal 0.935952 -0.352128 0
    outer loop
      vertex 69.6194 -46.9134 60
      vertex 69.7346 -46.6072 3
      vertex 69.7346 -46.6072 60
    endloop
  endfacet
  facet normal 0.935952 -0.352128 0
    outer loop
      vertex 69.7346 -46.6072 3
      vertex 69.6194 -46.9134 60
      vertex 69.6194 -46.9134 3
    endloop
  endfacet
  facet normal -0.471492 -0.88187 0
    outer loop
      vertex 62.5 -49.3301 3
      vertex 62.7886 -49.4844 60
      vertex 62.5 -49.3301 60
    endloop
  endfacet
  facet normal -0.471492 -0.88187 -0
    outer loop
      vertex 62.7886 -49.4844 60
      vertex 62.5 -49.3301 3
      vertex 62.7886 -49.4844 3
    endloop
  endfacet
  facet normal -0.0981116 -0.995175 0
    outer loop
      vertex 64.3474 -49.9572 3
      vertex 64.673 -49.9893 60
      vertex 64.3474 -49.9572 60
    endloop
  endfacet
  facet normal -0.0981116 -0.995175 -0
    outer loop
      vertex 64.673 -49.9893 60
      vertex 64.3474 -49.9572 3
      vertex 64.673 -49.9893 3
    endloop
  endfacet
  facet normal -0.849215 -0.528047 0
    outer loop
      vertex 60.8427 -47.7779 3
      vertex 60.6699 -47.5 60
      vertex 60.6699 -47.5 3
    endloop
  endfacet
  facet normal -0.849215 -0.528047 0
    outer loop
      vertex 60.6699 -47.5 60
      vertex 60.8427 -47.7779 3
      vertex 60.8427 -47.7779 60
    endloop
  endfacet
  facet normal -0.683656 -0.729804 0
    outer loop
      vertex 61.4645 -48.5355 3
      vertex 61.7033 -48.7592 60
      vertex 61.4645 -48.5355 60
    endloop
  endfacet
  facet normal -0.683656 -0.729804 -0
    outer loop
      vertex 61.7033 -48.7592 60
      vertex 61.4645 -48.5355 3
      vertex 61.7033 -48.7592 3
    endloop
  endfacet
  facet normal 0.683656 -0.729804 0
    outer loop
      vertex 68.2967 -48.7592 3
      vertex 68.5355 -48.5355 60
      vertex 68.2967 -48.7592 60
    endloop
  endfacet
  facet normal 0.683656 -0.729804 0
    outer loop
      vertex 68.5355 -48.5355 60
      vertex 68.2967 -48.7592 3
      vertex 68.5355 -48.5355 3
    endloop
  endfacet
  facet normal 0.528184 -0.84913 0
    outer loop
      vertex 67.5 -49.3301 3
      vertex 67.7778 -49.1573 60
      vertex 67.5 -49.3301 60
    endloop
  endfacet
  facet normal 0.528184 -0.84913 0
    outer loop
      vertex 67.7778 -49.1573 60
      vertex 67.5 -49.3301 3
      vertex 67.7778 -49.1573 3
    endloop
  endfacet
  facet normal 0.471492 -0.88187 0
    outer loop
      vertex 67.2114 -49.4844 3
      vertex 67.5 -49.3301 60
      vertex 67.2114 -49.4844 60
    endloop
  endfacet
  facet normal 0.471492 -0.88187 0
    outer loop
      vertex 67.5 -49.3301 60
      vertex 67.2114 -49.4844 3
      vertex 67.5 -49.3301 3
    endloop
  endfacet
  facet normal -0.352128 -0.935952 0
    outer loop
      vertex 63.0866 -49.6194 3
      vertex 63.3928 -49.7346 60
      vertex 63.0866 -49.6194 60
    endloop
  endfacet
  facet normal -0.352128 -0.935952 -0
    outer loop
      vertex 63.3928 -49.7346 60
      vertex 63.0866 -49.6194 3
      vertex 63.3928 -49.7346 3
    endloop
  endfacet
  facet normal -0.528047 -0.849215 0
    outer loop
      vertex 62.2221 -49.1573 3
      vertex 62.5 -49.3301 60
      vertex 62.2221 -49.1573 60
    endloop
  endfacet
  facet normal -0.528047 -0.849215 -0
    outer loop
      vertex 62.5 -49.3301 60
      vertex 62.2221 -49.1573 3
      vertex 62.5 -49.3301 3
    endloop
  endfacet
  facet normal -0.582394 -0.812906 0
    outer loop
      vertex 61.9562 -48.9668 3
      vertex 62.2221 -49.1573 60
      vertex 61.9562 -48.9668 60
    endloop
  endfacet
  facet normal -0.582394 -0.812906 -0
    outer loop
      vertex 62.2221 -49.1573 60
      vertex 61.9562 -48.9668 3
      vertex 62.2221 -49.1573 3
    endloop
  endfacet
  facet normal -0.634485 -0.772935 0
    outer loop
      vertex 61.7033 -48.7592 3
      vertex 61.9562 -48.9668 60
      vertex 61.7033 -48.7592 60
    endloop
  endfacet
  facet normal -0.634485 -0.772935 -0
    outer loop
      vertex 61.9562 -48.9668 60
      vertex 61.7033 -48.7592 3
      vertex 61.9562 -48.9668 3
    endloop
  endfacet
  facet normal -0.227046 -0.973884 0
    outer loop
      vertex 63.7059 -49.8296 3
      vertex 64.0246 -49.9039 60
      vertex 63.7059 -49.8296 60
    endloop
  endfacet
  facet normal -0.227046 -0.973884 -0
    outer loop
      vertex 64.0246 -49.9039 60
      vertex 63.7059 -49.8296 3
      vertex 64.0246 -49.9039 3
    endloop
  endfacet
  facet normal -0.0327042 -0.999465 0
    outer loop
      vertex 64.673 -49.9893 3
      vertex 65 -50 60
      vertex 64.673 -49.9893 60
    endloop
  endfacet
  facet normal -0.0327042 -0.999465 -0
    outer loop
      vertex 65 -50 60
      vertex 64.673 -49.9893 3
      vertex 65 -50 3
    endloop
  endfacet
  facet normal -0.772935 -0.634485 0
    outer loop
      vertex 61.2408 -48.2967 3
      vertex 61.0332 -48.0438 60
      vertex 61.0332 -48.0438 3
    endloop
  endfacet
  facet normal -0.772935 -0.634485 0
    outer loop
      vertex 61.0332 -48.0438 60
      vertex 61.2408 -48.2967 3
      vertex 61.2408 -48.2967 60
    endloop
  endfacet
  facet normal -0.812906 -0.582394 0
    outer loop
      vertex 61.0332 -48.0438 3
      vertex 60.8427 -47.7779 60
      vertex 60.8427 -47.7779 3
    endloop
  endfacet
  facet normal -0.812906 -0.582394 0
    outer loop
      vertex 60.8427 -47.7779 60
      vertex 61.0332 -48.0438 3
      vertex 61.0332 -48.0438 60
    endloop
  endfacet
  facet normal -0.412651 -0.910889 0
    outer loop
      vertex 62.7886 -49.4844 3
      vertex 63.0866 -49.6194 60
      vertex 62.7886 -49.4844 60
    endloop
  endfacet
  facet normal -0.412651 -0.910889 -0
    outer loop
      vertex 63.0866 -49.6194 60
      vertex 62.7886 -49.4844 3
      vertex 63.0866 -49.6194 3
    endloop
  endfacet
  facet normal -0.162912 -0.986641 0
    outer loop
      vertex 64.0246 -49.9039 3
      vertex 64.3474 -49.9572 60
      vertex 64.0246 -49.9039 60
    endloop
  endfacet
  facet normal -0.162912 -0.986641 -0
    outer loop
      vertex 64.3474 -49.9572 60
      vertex 64.0246 -49.9039 3
      vertex 64.3474 -49.9572 3
    endloop
  endfacet
  facet normal 0.634485 0.772935 -0
    outer loop
      vertex 68.2967 48.7592 3
      vertex 68.0438 48.9668 60
      vertex 68.2967 48.7592 60
    endloop
  endfacet
  facet normal 0.634485 0.772935 0
    outer loop
      vertex 68.0438 48.9668 60
      vertex 68.2967 48.7592 3
      vertex 68.0438 48.9668 3
    endloop
  endfacet
  facet normal -0.290347 -0.956922 0
    outer loop
      vertex 63.3928 40.2654 3
      vertex 63.7059 40.1704 60
      vertex 63.3928 40.2654 60
    endloop
  endfacet
  facet normal -0.290347 -0.956922 -0
    outer loop
      vertex 63.7059 40.1704 60
      vertex 63.3928 40.2654 3
      vertex 63.7059 40.1704 3
    endloop
  endfacet
  facet normal -0.88187 -0.471492 0
    outer loop
      vertex 60.6699 42.5 3
      vertex 60.5156 42.7886 60
      vertex 60.5156 42.7886 3
    endloop
  endfacet
  facet normal -0.88187 -0.471492 0
    outer loop
      vertex 60.5156 42.7886 60
      vertex 60.6699 42.5 3
      vertex 60.6699 42.5 60
    endloop
  endfacet
  facet normal 0.956922 0.290347 0
    outer loop
      vertex 69.8296 46.2941 60
      vertex 69.7346 46.6072 3
      vertex 69.7346 46.6072 60
    endloop
  endfacet
  facet normal 0.956922 0.290347 0
    outer loop
      vertex 69.7346 46.6072 3
      vertex 69.8296 46.2941 60
      vertex 69.8296 46.2941 3
    endloop
  endfacet
  facet normal 0.772935 0.634485 0
    outer loop
      vertex 68.9668 48.0438 60
      vertex 68.7592 48.2967 3
      vertex 68.7592 48.2967 60
    endloop
  endfacet
  facet normal 0.772935 0.634485 0
    outer loop
      vertex 68.7592 48.2967 3
      vertex 68.9668 48.0438 60
      vertex 68.9668 48.0438 3
    endloop
  endfacet
  facet normal 0.471492 0.88187 -0
    outer loop
      vertex 67.5 49.3301 3
      vertex 67.2114 49.4844 60
      vertex 67.5 49.3301 60
    endloop
  endfacet
  facet normal 0.471492 0.88187 0
    outer loop
      vertex 67.2114 49.4844 60
      vertex 67.5 49.3301 3
      vertex 67.2114 49.4844 3
    endloop
  endfacet
  facet normal -0.999465 0.0327042 0
    outer loop
      vertex 60 45 3
      vertex 60.0107 45.327 60
      vertex 60.0107 45.327 3
    endloop
  endfacet
  facet normal -0.999465 0.0327042 0
    outer loop
      vertex 60.0107 45.327 60
      vertex 60 45 3
      vertex 60 45 60
    endloop
  endfacet
  facet normal -0.910889 0.412651 0
    outer loop
      vertex 60.3806 46.9134 3
      vertex 60.5156 47.2114 60
      vertex 60.5156 47.2114 3
    endloop
  endfacet
  facet normal -0.910889 0.412651 0
    outer loop
      vertex 60.5156 47.2114 60
      vertex 60.3806 46.9134 3
      vertex 60.3806 46.9134 60
    endloop
  endfacet
  facet normal -0.352128 0.935952 0
    outer loop
      vertex 63.3928 49.7346 3
      vertex 63.0866 49.6194 60
      vertex 63.3928 49.7346 60
    endloop
  endfacet
  facet normal -0.352128 0.935952 0
    outer loop
      vertex 63.0866 49.6194 60
      vertex 63.3928 49.7346 3
      vertex 63.0866 49.6194 3
    endloop
  endfacet
  facet normal -0.634485 0.772935 0
    outer loop
      vertex 61.9562 48.9668 3
      vertex 61.7033 48.7592 60
      vertex 61.9562 48.9668 60
    endloop
  endfacet
  facet normal -0.634485 0.772935 0
    outer loop
      vertex 61.7033 48.7592 60
      vertex 61.9562 48.9668 3
      vertex 61.7033 48.7592 3
    endloop
  endfacet
  facet normal 0.910889 -0.412651 0
    outer loop
      vertex 69.4844 42.7886 60
      vertex 69.6194 43.0866 3
      vertex 69.6194 43.0866 60
    endloop
  endfacet
  facet normal 0.910889 -0.412651 0
    outer loop
      vertex 69.6194 43.0866 3
      vertex 69.4844 42.7886 60
      vertex 69.4844 42.7886 3
    endloop
  endfacet
  facet normal 0.290347 -0.956922 0
    outer loop
      vertex 66.2941 40.1704 3
      vertex 66.6072 40.2654 60
      vertex 66.2941 40.1704 60
    endloop
  endfacet
  facet normal 0.290347 -0.956922 0
    outer loop
      vertex 66.6072 40.2654 60
      vertex 66.2941 40.1704 3
      vertex 66.6072 40.2654 3
    endloop
  endfacet
  facet normal 0.729804 -0.683656 0
    outer loop
      vertex 68.5355 41.4645 60
      vertex 68.7592 41.7033 3
      vertex 68.7592 41.7033 60
    endloop
  endfacet
  facet normal 0.729804 -0.683656 0
    outer loop
      vertex 68.7592 41.7033 3
      vertex 68.5355 41.4645 60
      vertex 68.5355 41.4645 3
    endloop
  endfacet
  facet normal -0.528047 -0.849215 0
    outer loop
      vertex 62.2221 40.8427 3
      vertex 62.5 40.6699 60
      vertex 62.2221 40.8427 60
    endloop
  endfacet
  facet normal -0.528047 -0.849215 -0
    outer loop
      vertex 62.5 40.6699 60
      vertex 62.2221 40.8427 3
      vertex 62.5 40.6699 3
    endloop
  endfacet
  facet normal -0.973868 -0.227114 0
    outer loop
      vertex 60.1704 43.7059 3
      vertex 60.0961 44.0245 60
      vertex 60.0961 44.0245 3
    endloop
  endfacet
  facet normal -0.973868 -0.227114 0
    outer loop
      vertex 60.0961 44.0245 60
      vertex 60.1704 43.7059 3
      vertex 60.1704 43.7059 60
    endloop
  endfacet
  facet normal 0.995175 0.0981116 0
    outer loop
      vertex 69.9893 45.327 60
      vertex 69.9572 45.6526 3
      vertex 69.9572 45.6526 60
    endloop
  endfacet
  facet normal 0.995175 0.0981116 0
    outer loop
      vertex 69.9572 45.6526 3
      vertex 69.9893 45.327 60
      vertex 69.9893 45.327 3
    endloop
  endfacet
  facet normal 0.88187 0.471492 0
    outer loop
      vertex 69.4844 47.2114 60
      vertex 69.3301 47.5 3
      vertex 69.3301 47.5 60
    endloop
  endfacet
  facet normal 0.88187 0.471492 0
    outer loop
      vertex 69.3301 47.5 3
      vertex 69.4844 47.2114 60
      vertex 69.4844 47.2114 3
    endloop
  endfacet
  facet normal 0.683656 0.729804 -0
    outer loop
      vertex 68.5355 48.5355 3
      vertex 68.2967 48.7592 60
      vertex 68.5355 48.5355 60
    endloop
  endfacet
  facet normal 0.683656 0.729804 0
    outer loop
      vertex 68.2967 48.7592 60
      vertex 68.5355 48.5355 3
      vertex 68.2967 48.7592 3
    endloop
  endfacet
  facet normal -0.0327042 0.999465 0
    outer loop
      vertex 65 50 3
      vertex 64.673 49.9893 60
      vertex 65 50 60
    endloop
  endfacet
  facet normal -0.0327042 0.999465 0
    outer loop
      vertex 64.673 49.9893 60
      vertex 65 50 3
      vertex 64.673 49.9893 3
    endloop
  endfacet
  facet normal 0.162912 0.986641 -0
    outer loop
      vertex 65.9754 49.9039 3
      vertex 65.6526 49.9572 60
      vertex 65.9754 49.9039 60
    endloop
  endfacet
  facet normal 0.162912 0.986641 0
    outer loop
      vertex 65.6526 49.9572 60
      vertex 65.9754 49.9039 3
      vertex 65.6526 49.9572 3
    endloop
  endfacet
  facet normal 0.58225 0.81301 -0
    outer loop
      vertex 68.0438 48.9668 3
      vertex 67.7778 49.1573 60
      vertex 68.0438 48.9668 60
    endloop
  endfacet
  facet normal 0.58225 0.81301 0
    outer loop
      vertex 67.7778 49.1573 60
      vertex 68.0438 48.9668 3
      vertex 67.7778 49.1573 3
    endloop
  endfacet
  facet normal 0.290347 0.956922 -0
    outer loop
      vertex 66.6072 49.7346 3
      vertex 66.2941 49.8296 60
      vertex 66.6072 49.7346 60
    endloop
  endfacet
  facet normal 0.290347 0.956922 0
    outer loop
      vertex 66.2941 49.8296 60
      vertex 66.6072 49.7346 3
      vertex 66.2941 49.8296 3
    endloop
  endfacet
  facet normal 0.0327042 0.999465 -0
    outer loop
      vertex 65.327 49.9893 3
      vertex 65 50 60
      vertex 65.327 49.9893 60
    endloop
  endfacet
  facet normal 0.0327042 0.999465 0
    outer loop
      vertex 65 50 60
      vertex 65.327 49.9893 3
      vertex 65 50 3
    endloop
  endfacet
  facet normal -0.986649 0.162863 0
    outer loop
      vertex 60.0428 45.6526 3
      vertex 60.0961 45.9755 60
      vertex 60.0961 45.9755 3
    endloop
  endfacet
  facet normal -0.986649 0.162863 0
    outer loop
      vertex 60.0961 45.9755 60
      vertex 60.0428 45.6526 3
      vertex 60.0428 45.6526 60
    endloop
  endfacet
  facet normal -0.956922 0.290347 0
    outer loop
      vertex 60.1704 46.2941 3
      vertex 60.2654 46.6072 60
      vertex 60.2654 46.6072 3
    endloop
  endfacet
  facet normal -0.956922 0.290347 0
    outer loop
      vertex 60.2654 46.6072 60
      vertex 60.1704 46.2941 3
      vertex 60.1704 46.2941 60
    endloop
  endfacet
  facet normal -0.995175 0.0981116 0
    outer loop
      vertex 60.0107 45.327 3
      vertex 60.0428 45.6526 60
      vertex 60.0428 45.6526 3
    endloop
  endfacet
  facet normal -0.995175 0.0981116 0
    outer loop
      vertex 60.0428 45.6526 60
      vertex 60.0107 45.327 3
      vertex 60.0107 45.327 60
    endloop
  endfacet
  facet normal -0.772935 0.634485 0
    outer loop
      vertex 61.0332 48.0438 3
      vertex 61.2408 48.2967 60
      vertex 61.2408 48.2967 3
    endloop
  endfacet
  facet normal -0.772935 0.634485 0
    outer loop
      vertex 61.2408 48.2967 60
      vertex 61.0332 48.0438 3
      vertex 61.0332 48.0438 60
    endloop
  endfacet
  facet normal -0.0981116 0.995175 0
    outer loop
      vertex 64.673 49.9893 3
      vertex 64.3474 49.9572 60
      vertex 64.673 49.9893 60
    endloop
  endfacet
  facet normal -0.0981116 0.995175 0
    outer loop
      vertex 64.3474 49.9572 60
      vertex 64.673 49.9893 3
      vertex 64.3474 49.9572 3
    endloop
  endfacet
  facet normal -0.528047 0.849215 0
    outer loop
      vertex 62.5 49.3301 3
      vertex 62.2221 49.1573 60
      vertex 62.5 49.3301 60
    endloop
  endfacet
  facet normal -0.528047 0.849215 0
    outer loop
      vertex 62.2221 49.1573 60
      vertex 62.5 49.3301 3
      vertex 62.2221 49.1573 3
    endloop
  endfacet
  facet normal -0.582394 0.812906 0
    outer loop
      vertex 62.2221 49.1573 3
      vertex 61.9562 48.9668 60
      vertex 62.2221 49.1573 60
    endloop
  endfacet
  facet normal -0.582394 0.812906 0
    outer loop
      vertex 61.9562 48.9668 60
      vertex 62.2221 49.1573 3
      vertex 61.9562 48.9668 3
    endloop
  endfacet
  facet normal -0.729804 0.683656 0
    outer loop
      vertex 61.2408 48.2967 3
      vertex 61.4645 48.5355 60
      vertex 61.4645 48.5355 3
    endloop
  endfacet
  facet normal -0.729804 0.683656 0
    outer loop
      vertex 61.4645 48.5355 60
      vertex 61.2408 48.2967 3
      vertex 61.2408 48.2967 60
    endloop
  endfacet
  facet normal 0.999465 0.0327042 0
    outer loop
      vertex 70 45 60
      vertex 69.9893 45.327 3
      vertex 69.9893 45.327 60
    endloop
  endfacet
  facet normal 0.999465 0.0327042 0
    outer loop
      vertex 69.9893 45.327 3
      vertex 70 45 60
      vertex 70 45 3
    endloop
  endfacet
  facet normal 0.999465 -0.0327042 0
    outer loop
      vertex 69.9893 44.673 60
      vertex 70 45 3
      vertex 70 45 60
    endloop
  endfacet
  facet normal 0.999465 -0.0327042 0
    outer loop
      vertex 70 45 3
      vertex 69.9893 44.673 60
      vertex 69.9893 44.673 3
    endloop
  endfacet
  facet normal 0.0981116 -0.995175 0
    outer loop
      vertex 65.327 40.0107 3
      vertex 65.6526 40.0428 60
      vertex 65.327 40.0107 60
    endloop
  endfacet
  facet normal 0.0981116 -0.995175 0
    outer loop
      vertex 65.6526 40.0428 60
      vertex 65.327 40.0107 3
      vertex 65.6526 40.0428 3
    endloop
  endfacet
  facet normal 0.956922 -0.290347 0
    outer loop
      vertex 69.7346 43.3928 60
      vertex 69.8296 43.7059 3
      vertex 69.8296 43.7059 60
    endloop
  endfacet
  facet normal 0.956922 -0.290347 0
    outer loop
      vertex 69.8296 43.7059 3
      vertex 69.7346 43.3928 60
      vertex 69.7346 43.3928 3
    endloop
  endfacet
  facet normal 0.471492 -0.88187 0
    outer loop
      vertex 67.2114 40.5156 3
      vertex 67.5 40.6699 60
      vertex 67.2114 40.5156 60
    endloop
  endfacet
  facet normal 0.471492 -0.88187 0
    outer loop
      vertex 67.5 40.6699 60
      vertex 67.2114 40.5156 3
      vertex 67.5 40.6699 3
    endloop
  endfacet
  facet normal 0.772935 -0.634485 0
    outer loop
      vertex 68.7592 41.7033 60
      vertex 68.9668 41.9562 3
      vertex 68.9668 41.9562 60
    endloop
  endfacet
  facet normal 0.772935 -0.634485 0
    outer loop
      vertex 68.9668 41.9562 3
      vertex 68.7592 41.7033 60
      vertex 68.7592 41.7033 3
    endloop
  endfacet
  facet normal 0.88187 -0.471492 0
    outer loop
      vertex 69.3301 42.5 60
      vertex 69.4844 42.7886 3
      vertex 69.4844 42.7886 60
    endloop
  endfacet
  facet normal 0.88187 -0.471492 0
    outer loop
      vertex 69.4844 42.7886 3
      vertex 69.3301 42.5 60
      vertex 69.3301 42.5 3
    endloop
  endfacet
  facet normal -0.0981116 -0.995175 0
    outer loop
      vertex 64.3474 40.0428 3
      vertex 64.673 40.0107 60
      vertex 64.3474 40.0428 60
    endloop
  endfacet
  facet normal -0.0981116 -0.995175 -0
    outer loop
      vertex 64.673 40.0107 60
      vertex 64.3474 40.0428 3
      vertex 64.673 40.0107 3
    endloop
  endfacet
  facet normal -0.0327042 -0.999465 0
    outer loop
      vertex 64.673 40.0107 3
      vertex 65 40 60
      vertex 64.673 40.0107 60
    endloop
  endfacet
  facet normal -0.0327042 -0.999465 -0
    outer loop
      vertex 65 40 60
      vertex 64.673 40.0107 3
      vertex 65 40 3
    endloop
  endfacet
  facet normal -0.471492 -0.88187 0
    outer loop
      vertex 62.5 40.6699 3
      vertex 62.7886 40.5156 60
      vertex 62.5 40.6699 60
    endloop
  endfacet
  facet normal -0.471492 -0.88187 -0
    outer loop
      vertex 62.7886 40.5156 60
      vertex 62.5 40.6699 3
      vertex 62.7886 40.5156 3
    endloop
  endfacet
  facet normal -0.634485 -0.772935 0
    outer loop
      vertex 61.7033 41.2408 3
      vertex 61.9562 41.0332 60
      vertex 61.7033 41.2408 60
    endloop
  endfacet
  facet normal -0.634485 -0.772935 -0
    outer loop
      vertex 61.9562 41.0332 60
      vertex 61.7033 41.2408 3
      vertex 61.9562 41.0332 3
    endloop
  endfacet
  facet normal -0.956922 -0.290347 0
    outer loop
      vertex 60.2654 43.3928 3
      vertex 60.1704 43.7059 60
      vertex 60.1704 43.7059 3
    endloop
  endfacet
  facet normal -0.956922 -0.290347 0
    outer loop
      vertex 60.1704 43.7059 60
      vertex 60.2654 43.3928 3
      vertex 60.2654 43.3928 60
    endloop
  endfacet
  facet normal -0.995175 -0.0981116 0
    outer loop
      vertex 60.0428 44.3474 3
      vertex 60.0107 44.673 60
      vertex 60.0107 44.673 3
    endloop
  endfacet
  facet normal -0.995175 -0.0981116 0
    outer loop
      vertex 60.0107 44.673 60
      vertex 60.0428 44.3474 3
      vertex 60.0428 44.3474 60
    endloop
  endfacet
  facet normal -0.683656 -0.729804 0
    outer loop
      vertex 61.4645 41.4645 3
      vertex 61.7033 41.2408 60
      vertex 61.4645 41.4645 60
    endloop
  endfacet
  facet normal -0.683656 -0.729804 -0
    outer loop
      vertex 61.7033 41.2408 60
      vertex 61.4645 41.4645 3
      vertex 61.7033 41.2408 3
    endloop
  endfacet
  facet normal 0.910889 0.412651 0
    outer loop
      vertex 69.6194 46.9134 60
      vertex 69.4844 47.2114 3
      vertex 69.4844 47.2114 60
    endloop
  endfacet
  facet normal 0.910889 0.412651 0
    outer loop
      vertex 69.4844 47.2114 3
      vertex 69.6194 46.9134 60
      vertex 69.6194 46.9134 3
    endloop
  endfacet
  facet normal 0.935952 0.352128 0
    outer loop
      vertex 69.7346 46.6072 60
      vertex 69.6194 46.9134 3
      vertex 69.6194 46.9134 60
    endloop
  endfacet
  facet normal 0.935952 0.352128 0
    outer loop
      vertex 69.6194 46.9134 3
      vertex 69.7346 46.6072 60
      vertex 69.7346 46.6072 3
    endloop
  endfacet
  facet normal 0.849215 0.528047 0
    outer loop
      vertex 69.3301 47.5 60
      vertex 69.1573 47.7779 3
      vertex 69.1573 47.7779 60
    endloop
  endfacet
  facet normal 0.849215 0.528047 0
    outer loop
      vertex 69.1573 47.7779 3
      vertex 69.3301 47.5 60
      vertex 69.3301 47.5 3
    endloop
  endfacet
  facet normal 0.812906 0.582394 0
    outer loop
      vertex 69.1573 47.7779 60
      vertex 68.9668 48.0438 3
      vertex 68.9668 48.0438 60
    endloop
  endfacet
  facet normal 0.812906 0.582394 0
    outer loop
      vertex 68.9668 48.0438 3
      vertex 69.1573 47.7779 60
      vertex 69.1573 47.7779 3
    endloop
  endfacet
  facet normal 0.729804 0.683656 0
    outer loop
      vertex 68.7592 48.2967 60
      vertex 68.5355 48.5355 3
      vertex 68.5355 48.5355 60
    endloop
  endfacet
  facet normal 0.729804 0.683656 0
    outer loop
      vertex 68.5355 48.5355 3
      vertex 68.7592 48.2967 60
      vertex 68.7592 48.2967 3
    endloop
  endfacet
  facet normal 0.528184 0.84913 -0
    outer loop
      vertex 67.7778 49.1573 3
      vertex 67.5 49.3301 60
      vertex 67.7778 49.1573 60
    endloop
  endfacet
  facet normal 0.528184 0.84913 0
    outer loop
      vertex 67.5 49.3301 60
      vertex 67.7778 49.1573 3
      vertex 67.5 49.3301 3
    endloop
  endfacet
  facet normal 0.352128 0.935952 -0
    outer loop
      vertex 66.9134 49.6194 3
      vertex 66.6072 49.7346 60
      vertex 66.9134 49.6194 60
    endloop
  endfacet
  facet normal 0.352128 0.935952 0
    outer loop
      vertex 66.6072 49.7346 60
      vertex 66.9134 49.6194 3
      vertex 66.6072 49.7346 3
    endloop
  endfacet
  facet normal 0.412651 0.910889 -0
    outer loop
      vertex 67.2114 49.4844 3
      vertex 66.9134 49.6194 60
      vertex 67.2114 49.4844 60
    endloop
  endfacet
  facet normal 0.412651 0.910889 0
    outer loop
      vertex 66.9134 49.6194 60
      vertex 67.2114 49.4844 3
      vertex 66.9134 49.6194 3
    endloop
  endfacet
  facet normal 0.227046 0.973884 -0
    outer loop
      vertex 66.2941 49.8296 3
      vertex 65.9754 49.9039 60
      vertex 66.2941 49.8296 60
    endloop
  endfacet
  facet normal 0.227046 0.973884 0
    outer loop
      vertex 65.9754 49.9039 60
      vertex 66.2941 49.8296 3
      vertex 65.9754 49.9039 3
    endloop
  endfacet
  facet normal 0.0981116 0.995175 -0
    outer loop
      vertex 65.6526 49.9572 3
      vertex 65.327 49.9893 60
      vertex 65.6526 49.9572 60
    endloop
  endfacet
  facet normal 0.0981116 0.995175 0
    outer loop
      vertex 65.327 49.9893 60
      vertex 65.6526 49.9572 3
      vertex 65.327 49.9893 3
    endloop
  endfacet
  facet normal 0 0 1
    outer loop
      vertex 66.25 45 60
      vertex 70 45 60
      vertex 69.9893 45.327 60
    endloop
  endfacet
  facet normal 0 0 1
    outer loop
      vertex 66.2473 45.0818 60
      vertex 69.9893 45.327 60
      vertex 69.9572 45.6526 60
    endloop
  endfacet
  facet normal 0 0 1
    outer loop
      vertex 70 45 60
      vertex 66.25 45 60
      vertex 69.9893 44.673 60
    endloop
  endfacet
  facet normal 0 0 1
    outer loop
      vertex 66.2393 45.1632 60
      vertex 69.9572 45.6526 60
      vertex 69.9039 45.9755 60
    endloop
  endfacet
  facet normal -0 0 1
    outer loop
      vertex 66.2473 44.9182 60
      vertex 69.9893 44.673 60
      vertex 66.25 45 60
    endloop
  endfacet
  facet normal 0 0 1
    outer loop
      vertex 66.226 45.2439 60
      vertex 69.9039 45.9755 60
      vertex 69.8296 46.2941 60
    endloop
  endfacet
  facet normal 0 0 1
    outer loop
      vertex 69.9893 44.673 60
      vertex 66.2473 44.9182 60
      vertex 69.9572 44.3474 60
    endloop
  endfacet
  facet normal 0 0 1
    outer loop
      vertex 66.2074 45.3235 60
      vertex 69.8296 46.2941 60
      vertex 69.7346 46.6072 60
    endloop
  endfacet
  facet normal -0 0 1
    outer loop
      vertex 66.2393 44.8368 60
      vertex 69.9572 44.3474 60
      vertex 66.2473 44.9182 60
    endloop
  endfacet
  facet normal 0 0 1
    outer loop
      vertex 66.1837 45.4018 60
      vertex 69.7346 46.6072 60
      vertex 69.6194 46.9134 60
    endloop
  endfacet
  facet normal 0 0 1
    outer loop
      vertex 69.9572 44.3474 60
      vertex 66.2393 44.8368 60
      vertex 69.9039 44.0245 60
    endloop
  endfacet
  facet normal 0 0 1
    outer loop
      vertex 66.1548 45.4784 60
      vertex 69.6194 46.9134 60
      vertex 69.4844 47.2114 60
    endloop
  endfacet
  facet normal -0 0 1
    outer loop
      vertex 66.226 44.7561 60
      vertex 69.9039 44.0245 60
      vertex 66.2393 44.8368 60
    endloop
  endfacet
  facet normal 0 0 1
    outer loop
      vertex 66.1211 45.5529 60
      vertex 69.4844 47.2114 60
      vertex 69.3301 47.5 60
    endloop
  endfacet
  facet normal 0 0 1
    outer loop
      vertex 69.9039 44.0245 60
      vertex 66.226 44.7561 60
      vertex 69.8296 43.7059 60
    endloop
  endfacet
  facet normal 0 0 1
    outer loop
      vertex 66.0825 45.625 60
      vertex 69.3301 47.5 60
      vertex 69.1573 47.7779 60
    endloop
  endfacet
  facet normal -0 0 1
    outer loop
      vertex 66.2074 44.6765 60
      vertex 69.8296 43.7059 60
      vertex 66.226 44.7561 60
    endloop
  endfacet
  facet normal 0 0 1
    outer loop
      vertex 66.0393 45.6945 60
      vertex 69.1573 47.7779 60
      vertex 68.9668 48.0438 60
    endloop
  endfacet
  facet normal 0 0 1
    outer loop
      vertex 69.8296 43.7059 60
      vertex 66.2074 44.6765 60
      vertex 69.7346 43.3928 60
    endloop
  endfacet
  facet normal 0 0 1
    outer loop
      vertex 65.9917 45.761 60
      vertex 68.9668 48.0438 60
      vertex 68.7592 48.2967 60
    endloop
  endfacet
  facet normal -0 0 1
    outer loop
      vertex 66.1837 44.5982 60
      vertex 69.7346 43.3928 60
      vertex 66.2074 44.6765 60
    endloop
  endfacet
  facet normal 0 0 1
    outer loop
      vertex 65.9398 45.8242 60
      vertex 68.7592 48.2967 60
      vertex 68.5355 48.5355 60
    endloop
  endfacet
  facet normal 0 0 1
    outer loop
      vertex 69.7346 43.3928 60
      vertex 66.1837 44.5982 60
      vertex 69.6194 43.0866 60
    endloop
  endfacet
  facet normal 0 0 1
    outer loop
      vertex 65.8839 45.8839 60
      vertex 68.5355 48.5355 60
      vertex 68.2967 48.7592 60
    endloop
  endfacet
  facet normal -0 0 1
    outer loop
      vertex 66.1548 44.5216 60
      vertex 69.6194 43.0866 60
      vertex 66.1837 44.5982 60
    endloop
  endfacet
  facet normal 0 0 1
    outer loop
      vertex 65.8242 45.9398 60
      vertex 68.2967 48.7592 60
      vertex 68.0438 48.9668 60
    endloop
  endfacet
  facet normal 0 0 1
    outer loop
      vertex 69.6194 43.0866 60
      vertex 66.1548 44.5216 60
      vertex 69.4844 42.7886 60
    endloop
  endfacet
  facet normal 0 0 1
    outer loop
      vertex 65.7609 45.9917 60
      vertex 68.0438 48.9668 60
      vertex 67.7778 49.1573 60
    endloop
  endfacet
  facet normal -0 0 1
    outer loop
      vertex 66.1211 44.4471 60
      vertex 69.4844 42.7886 60
      vertex 66.1548 44.5216 60
    endloop
  endfacet
  facet normal 0 0 1
    outer loop
      vertex 65.6945 46.0393 60
      vertex 67.7778 49.1573 60
      vertex 67.5 49.3301 60
    endloop
  endfacet
  facet normal 0 0 1
    outer loop
      vertex 69.4844 42.7886 60
      vertex 66.1211 44.4471 60
      vertex 69.3301 42.5 60
    endloop
  endfacet
  facet normal 0 0 1
    outer loop
      vertex 65.625 46.0825 60
      vertex 67.5 49.3301 60
      vertex 67.2114 49.4844 60
    endloop
  endfacet
  facet normal -0 0 1
    outer loop
      vertex 66.0825 44.375 60
      vertex 69.3301 42.5 60
      vertex 66.1211 44.4471 60
    endloop
  endfacet
  facet normal 0 0 1
    outer loop
      vertex 65.5529 46.1211 60
      vertex 67.2114 49.4844 60
      vertex 66.9134 49.6194 60
    endloop
  endfacet
  facet normal 0 0 1
    outer loop
      vertex 69.3301 42.5 60
      vertex 66.0825 44.375 60
      vertex 69.1573 42.2221 60
    endloop
  endfacet
  facet normal 0 0 1
    outer loop
      vertex 65.4784 46.1549 60
      vertex 66.9134 49.6194 60
      vertex 66.6072 49.7346 60
    endloop
  endfacet
  facet normal -0 0 1
    outer loop
      vertex 66.0393 44.3055 60
      vertex 69.1573 42.2221 60
      vertex 66.0825 44.375 60
    endloop
  endfacet
  facet normal 0 0 1
    outer loop
      vertex 65.4018 46.1837 60
      vertex 66.6072 49.7346 60
      vertex 66.2941 49.8296 60
    endloop
  endfacet
  facet normal 0 0 1
    outer loop
      vertex 69.1573 42.2221 60
      vertex 66.0393 44.3055 60
      vertex 68.9668 41.9562 60
    endloop
  endfacet
  facet normal -0 0 1
    outer loop
      vertex 65.9917 44.239 60
      vertex 68.9668 41.9562 60
      vertex 66.0393 44.3055 60
    endloop
  endfacet
  facet normal 0 0 1
    outer loop
      vertex 69.9893 45.327 60
      vertex 66.2473 45.0818 60
      vertex 66.25 45 60
    endloop
  endfacet
  facet normal 0 0 1
    outer loop
      vertex 69.9572 45.6526 60
      vertex 66.2393 45.1632 60
      vertex 66.2473 45.0818 60
    endloop
  endfacet
  facet normal 0 0 1
    outer loop
      vertex 69.9039 45.9755 60
      vertex 66.226 45.2439 60
      vertex 66.2393 45.1632 60
    endloop
  endfacet
  facet normal 0 0 1
    outer loop
      vertex 69.8296 46.2941 60
      vertex 66.2074 45.3235 60
      vertex 66.226 45.2439 60
    endloop
  endfacet
  facet normal 0 0 1
    outer loop
      vertex 69.7346 46.6072 60
      vertex 66.1837 45.4018 60
      vertex 66.2074 45.3235 60
    endloop
  endfacet
  facet normal 0 0 1
    outer loop
      vertex 69.6194 46.9134 60
      vertex 66.1548 45.4784 60
      vertex 66.1837 45.4018 60
    endloop
  endfacet
  facet normal 0 0 1
    outer loop
      vertex 69.4844 47.2114 60
      vertex 66.1211 45.5529 60
      vertex 66.1548 45.4784 60
    endloop
  endfacet
  facet normal 0 0 1
    outer loop
      vertex 69.3301 47.5 60
      vertex 66.0825 45.625 60
      vertex 66.1211 45.5529 60
    endloop
  endfacet
  facet normal 0 0 1
    outer loop
      vertex 69.1573 47.7779 60
      vertex 66.0393 45.6945 60
      vertex 66.0825 45.625 60
    endloop
  endfacet
  facet normal 0 0 1
    outer loop
      vertex 68.9668 48.0438 60
      vertex 65.9917 45.761 60
      vertex 66.0393 45.6945 60
    endloop
  endfacet
  facet normal 0 0 1
    outer loop
      vertex 65.3235 46.2074 60
      vertex 66.2941 49.8296 60
      vertex 65.9754 49.9039 60
    endloop
  endfacet
  facet normal 0 0 1
    outer loop
      vertex 68.7592 48.2967 60
      vertex 65.9398 45.8242 60
      vertex 65.9917 45.761 60
    endloop
  endfacet
  facet normal 0 0 1
    outer loop
      vertex 68.5355 48.5355 60
      vertex 65.8839 45.8839 60
      vertex 65.9398 45.8242 60
    endloop
  endfacet
  facet normal 0 0 1
    outer loop
      vertex 68.2967 48.7592 60
      vertex 65.8242 45.9398 60
      vertex 65.8839 45.8839 60
    endloop
  endfacet
  facet normal 0 0 1
    outer loop
      vertex 68.0438 48.9668 60
      vertex 65.7609 45.9917 60
      vertex 65.8242 45.9398 60
    endloop
  endfacet
  facet normal 0 0 1
    outer loop
      vertex 67.7778 49.1573 60
      vertex 65.6945 46.0393 60
      vertex 65.7609 45.9917 60
    endloop
  endfacet
  facet normal 0 0 1
    outer loop
      vertex 65.2439 46.226 60
      vertex 65.9754 49.9039 60
      vertex 65.6526 49.9572 60
    endloop
  endfacet
  facet normal 0 0 1
    outer loop
      vertex 67.5 49.3301 60
      vertex 65.625 46.0825 60
      vertex 65.6945 46.0393 60
    endloop
  endfacet
  facet normal 0 0 1
    outer loop
      vertex 67.2114 49.4844 60
      vertex 65.5529 46.1211 60
      vertex 65.625 46.0825 60
    endloop
  endfacet
  facet normal 0 0 1
    outer loop
      vertex 66.9134 49.6194 60
      vertex 65.4784 46.1549 60
      vertex 65.5529 46.1211 60
    endloop
  endfacet
  facet normal 0 0 1
    outer loop
      vertex 66.6072 49.7346 60
      vertex 65.4018 46.1837 60
      vertex 65.4784 46.1549 60
    endloop
  endfacet
  facet normal 0 0 1
    outer loop
      vertex 65.1632 46.2393 60
      vertex 65.6526 49.9572 60
      vertex 65.327 49.9893 60
    endloop
  endfacet
  facet normal 0 0 1
    outer loop
      vertex 66.2941 49.8296 60
      vertex 65.3235 46.2074 60
      vertex 65.4018 46.1837 60
    endloop
  endfacet
  facet normal 0 0 1
    outer loop
      vertex 65.9754 49.9039 60
      vertex 65.2439 46.226 60
      vertex 65.3235 46.2074 60
    endloop
  endfacet
  facet normal 0 0 1
    outer loop
      vertex 65.6526 49.9572 60
      vertex 65.1632 46.2393 60
      vertex 65.2439 46.226 60
    endloop
  endfacet
  facet normal 0 0 1
    outer loop
      vertex 65.327 49.9893 60
      vertex 65.0818 46.2473 60
      vertex 65.1632 46.2393 60
    endloop
  endfacet
  facet normal 0 0 1
    outer loop
      vertex 65 50 60
      vertex 65.0818 46.2473 60
      vertex 65.327 49.9893 60
    endloop
  endfacet
  facet normal 0 0 1
    outer loop
      vertex 65 50 60
      vertex 65 46.25 60
      vertex 65.0818 46.2473 60
    endloop
  endfacet
  facet normal 0 0 1
    outer loop
      vertex 65 50 60
      vertex 64.9182 46.2473 60
      vertex 65 46.25 60
    endloop
  endfacet
  facet normal -0 0 1
    outer loop
      vertex 64.673 49.9893 60
      vertex 64.9182 46.2473 60
      vertex 65 50 60
    endloop
  endfacet
  facet normal 0 0 1
    outer loop
      vertex 64.9182 46.2473 60
      vertex 64.673 49.9893 60
      vertex 64.8368 46.2393 60
    endloop
  endfacet
  facet normal -0 0 1
    outer loop
      vertex 64.3474 49.9572 60
      vertex 64.8368 46.2393 60
      vertex 64.673 49.9893 60
    endloop
  endfacet
  facet normal 0 0 1
    outer loop
      vertex 64.8368 46.2393 60
      vertex 64.3474 49.9572 60
      vertex 64.7561 46.226 60
    endloop
  endfacet
  facet normal -0 0 1
    outer loop
      vertex 64.0246 49.9039 60
      vertex 64.7561 46.226 60
      vertex 64.3474 49.9572 60
    endloop
  endfacet
  facet normal 0 0 1
    outer loop
      vertex 64.7561 46.226 60
      vertex 64.0246 49.9039 60
      vertex 64.6765 46.2074 60
    endloop
  endfacet
  facet normal -0 0 1
    outer loop
      vertex 63.7059 49.8296 60
      vertex 64.6765 46.2074 60
      vertex 64.0246 49.9039 60
    endloop
  endfacet
  facet normal 0 0 1
    outer loop
      vertex 64.6765 46.2074 60
      vertex 63.7059 49.8296 60
      vertex 64.5982 46.1837 60
    endloop
  endfacet
  facet normal -0 0 1
    outer loop
      vertex 63.3928 49.7346 60
      vertex 64.5982 46.1837 60
      vertex 63.7059 49.8296 60
    endloop
  endfacet
  facet normal 0 0 1
    outer loop
      vertex 64.5982 46.1837 60
      vertex 63.3928 49.7346 60
      vertex 64.5216 46.1549 60
    endloop
  endfacet
  facet normal -0 0 1
    outer loop
      vertex 63.0866 49.6194 60
      vertex 64.5216 46.1549 60
      vertex 63.3928 49.7346 60
    endloop
  endfacet
  facet normal 0 0 1
    outer loop
      vertex 64.5216 46.1549 60
      vertex 63.0866 49.6194 60
      vertex 64.4471 46.1211 60
    endloop
  endfacet
  facet normal -0 0 1
    outer loop
      vertex 62.7886 49.4844 60
      vertex 64.4471 46.1211 60
      vertex 63.0866 49.6194 60
    endloop
  endfacet
  facet normal 0 0 1
    outer loop
      vertex 64.4471 46.1211 60
      vertex 62.7886 49.4844 60
      vertex 64.375 46.0825 60
    endloop
  endfacet
  facet normal -0 0 1
    outer loop
      vertex 62.5 49.3301 60
      vertex 64.375 46.0825 60
      vertex 62.7886 49.4844 60
    endloop
  endfacet
  facet normal 0 0 1
    outer loop
      vertex 64.375 46.0825 60
      vertex 62.5 49.3301 60
      vertex 64.3055 46.0393 60
    endloop
  endfacet
  facet normal -0 0 1
    outer loop
      vertex 62.2221 49.1573 60
      vertex 64.3055 46.0393 60
      vertex 62.5 49.3301 60
    endloop
  endfacet
  facet normal 0 0 1
    outer loop
      vertex 64.3055 46.0393 60
      vertex 62.2221 49.1573 60
      vertex 64.239 45.9917 60
    endloop
  endfacet
  facet normal -0 0 1
    outer loop
      vertex 61.9562 48.9668 60
      vertex 64.239 45.9917 60
      vertex 62.2221 49.1573 60
    endloop
  endfacet
  facet normal 0 0 1
    outer loop
      vertex 64.239 45.9917 60
      vertex 61.9562 48.9668 60
      vertex 64.1758 45.9398 60
    endloop
  endfacet
  facet normal -0 0 1
    outer loop
      vertex 61.7033 48.7592 60
      vertex 64.1758 45.9398 60
      vertex 61.9562 48.9668 60
    endloop
  endfacet
  facet normal 0 0 1
    outer loop
      vertex 64.1758 45.9398 60
      vertex 61.7033 48.7592 60
      vertex 64.1161 45.8839 60
    endloop
  endfacet
  facet normal -0 0 1
    outer loop
      vertex 61.4645 48.5355 60
      vertex 64.1161 45.8839 60
      vertex 61.7033 48.7592 60
    endloop
  endfacet
  facet normal 0 0 1
    outer loop
      vertex 64.1161 45.8839 60
      vertex 61.4645 48.5355 60
      vertex 64.0602 45.8242 60
    endloop
  endfacet
  facet normal -0 0 1
    outer loop
      vertex 61.2408 48.2967 60
      vertex 64.0602 45.8242 60
      vertex 61.4645 48.5355 60
    endloop
  endfacet
  facet normal -0 0 1
    outer loop
      vertex 61.0332 48.0438 60
      vertex 64.0083 45.761 60
      vertex 61.2408 48.2967 60
    endloop
  endfacet
  facet normal 0 0 1
    outer loop
      vertex 64.0602 45.8242 60
      vertex 61.2408 48.2967 60
      vertex 64.0083 45.761 60
    endloop
  endfacet
  facet normal 0 0 1
    outer loop
      vertex 68.9668 41.9562 60
      vertex 65.9917 44.239 60
      vertex 68.7592 41.7033 60
    endloop
  endfacet
  facet normal -0 0 1
    outer loop
      vertex 65.9398 44.1758 60
      vertex 68.7592 41.7033 60
      vertex 65.9917 44.239 60
    endloop
  endfacet
  facet normal 0 0 1
    outer loop
      vertex 68.7592 41.7033 60
      vertex 65.9398 44.1758 60
      vertex 68.5355 41.4645 60
    endloop
  endfacet
  facet normal -0 0 1
    outer loop
      vertex 65.8839 44.1161 60
      vertex 68.5355 41.4645 60
      vertex 65.9398 44.1758 60
    endloop
  endfacet
  facet normal 0 0 1
    outer loop
      vertex 68.5355 41.4645 60
      vertex 65.8839 44.1161 60
      vertex 68.2967 41.2408 60
    endloop
  endfacet
  facet normal -0 0 1
    outer loop
      vertex 65.8242 44.0602 60
      vertex 68.2967 41.2408 60
      vertex 65.8839 44.1161 60
    endloop
  endfacet
  facet normal 0 0 1
    outer loop
      vertex 68.2967 41.2408 60
      vertex 65.8242 44.0602 60
      vertex 68.0438 41.0332 60
    endloop
  endfacet
  facet normal -0 0 1
    outer loop
      vertex 65.7609 44.0083 60
      vertex 68.0438 41.0332 60
      vertex 65.8242 44.0602 60
    endloop
  endfacet
  facet normal 0 0 1
    outer loop
      vertex 68.0438 41.0332 60
      vertex 65.7609 44.0083 60
      vertex 67.7778 40.8427 60
    endloop
  endfacet
  facet normal -0 0 1
    outer loop
      vertex 65.6945 43.9607 60
      vertex 67.7778 40.8427 60
      vertex 65.7609 44.0083 60
    endloop
  endfacet
  facet normal 0 0 1
    outer loop
      vertex 67.7778 40.8427 60
      vertex 65.6945 43.9607 60
      vertex 67.5 40.6699 60
    endloop
  endfacet
  facet normal -0 0 1
    outer loop
      vertex 65.625 43.9175 60
      vertex 67.5 40.6699 60
      vertex 65.6945 43.9607 60
    endloop
  endfacet
  facet normal 0 0 1
    outer loop
      vertex 67.5 40.6699 60
      vertex 65.625 43.9175 60
      vertex 67.2114 40.5156 60
    endloop
  endfacet
  facet normal -0 0 1
    outer loop
      vertex 65.5529 43.8789 60
      vertex 67.2114 40.5156 60
      vertex 65.625 43.9175 60
    endloop
  endfacet
  facet normal 0 0 1
    outer loop
      vertex 67.2114 40.5156 60
      vertex 65.5529 43.8789 60
      vertex 66.9134 40.3806 60
    endloop
  endfacet
  facet normal -0 0 1
    outer loop
      vertex 65.4784 43.8451 60
      vertex 66.9134 40.3806 60
      vertex 65.5529 43.8789 60
    endloop
  endfacet
  facet normal 0 0 1
    outer loop
      vertex 66.9134 40.3806 60
      vertex 65.4784 43.8451 60
      vertex 66.6072 40.2654 60
    endloop
  endfacet
  facet normal -0 0 1
    outer loop
      vertex 65.4018 43.8163 60
      vertex 66.6072 40.2654 60
      vertex 65.4784 43.8451 60
    endloop
  endfacet
  facet normal 0 0 1
    outer loop
      vertex 66.6072 40.2654 60
      vertex 65.4018 43.8163 60
      vertex 66.2941 40.1704 60
    endloop
  endfacet
  facet normal -0 0 1
    outer loop
      vertex 65.3235 43.7926 60
      vertex 66.2941 40.1704 60
      vertex 65.4018 43.8163 60
    endloop
  endfacet
  facet normal 0 0 1
    outer loop
      vertex 66.2941 40.1704 60
      vertex 65.3235 43.7926 60
      vertex 65.9754 40.0961 60
    endloop
  endfacet
  facet normal -0 0 1
    outer loop
      vertex 65.2439 43.774 60
      vertex 65.9754 40.0961 60
      vertex 65.3235 43.7926 60
    endloop
  endfacet
  facet normal 0 0 1
    outer loop
      vertex 65.9754 40.0961 60
      vertex 65.2439 43.774 60
      vertex 65.6526 40.0428 60
    endloop
  endfacet
  facet normal -0 0 1
    outer loop
      vertex 65.1632 43.7607 60
      vertex 65.6526 40.0428 60
      vertex 65.2439 43.774 60
    endloop
  endfacet
  facet normal 0 0 1
    outer loop
      vertex 65.6526 40.0428 60
      vertex 65.1632 43.7607 60
      vertex 65.327 40.0107 60
    endloop
  endfacet
  facet normal -0 0 1
    outer loop
      vertex 65.0818 43.7527 60
      vertex 65.327 40.0107 60
      vertex 65.1632 43.7607 60
    endloop
  endfacet
  facet normal -0 0 1
    outer loop
      vertex 65 43.75 60
      vertex 65.327 40.0107 60
      vertex 65.0818 43.7527 60
    endloop
  endfacet
  facet normal 0 0 1
    outer loop
      vertex 65 43.75 60
      vertex 65 40 60
      vertex 65.327 40.0107 60
    endloop
  endfacet
  facet normal 0 0 1
    outer loop
      vertex 64.9182 43.7527 60
      vertex 65 40 60
      vertex 65 43.75 60
    endloop
  endfacet
  facet normal 0 0 1
    outer loop
      vertex 64.673 40.0107 60
      vertex 64.9182 43.7527 60
      vertex 64.8368 43.7607 60
    endloop
  endfacet
  facet normal 0 0 1
    outer loop
      vertex 64.3474 40.0428 60
      vertex 64.8368 43.7607 60
      vertex 64.7561 43.774 60
    endloop
  endfacet
  facet normal 0 0 1
    outer loop
      vertex 64.0246 40.0961 60
      vertex 64.7561 43.774 60
      vertex 64.6765 43.7926 60
    endloop
  endfacet
  facet normal 0 0 1
    outer loop
      vertex 64.9182 43.7527 60
      vertex 64.673 40.0107 60
      vertex 65 40 60
    endloop
  endfacet
  facet normal 0 0 1
    outer loop
      vertex 63.7059 40.1704 60
      vertex 64.6765 43.7926 60
      vertex 64.5982 43.8163 60
    endloop
  endfacet
  facet normal 0 0 1
    outer loop
      vertex 63.3928 40.2654 60
      vertex 64.5982 43.8163 60
      vertex 64.5216 43.8451 60
    endloop
  endfacet
  facet normal 0 0 1
    outer loop
      vertex 63.0866 40.3806 60
      vertex 64.5216 43.8451 60
      vertex 64.4471 43.8789 60
    endloop
  endfacet
  facet normal 0 0 1
    outer loop
      vertex 62.7886 40.5156 60
      vertex 64.4471 43.8789 60
      vertex 64.375 43.9175 60
    endloop
  endfacet
  facet normal 0 0 1
    outer loop
      vertex 64.8368 43.7607 60
      vertex 64.3474 40.0428 60
      vertex 64.673 40.0107 60
    endloop
  endfacet
  facet normal 0 0 1
    outer loop
      vertex 62.5 40.6699 60
      vertex 64.375 43.9175 60
      vertex 64.3055 43.9607 60
    endloop
  endfacet
  facet normal 0 0 1
    outer loop
      vertex 62.2221 40.8427 60
      vertex 64.3055 43.9607 60
      vertex 64.239 44.0083 60
    endloop
  endfacet
  facet normal 0 0 1
    outer loop
      vertex 61.9562 41.0332 60
      vertex 64.239 44.0083 60
      vertex 64.1758 44.0602 60
    endloop
  endfacet
  facet normal 0 0 1
    outer loop
      vertex 61.7033 41.2408 60
      vertex 64.1758 44.0602 60
      vertex 64.1161 44.1161 60
    endloop
  endfacet
  facet normal 0 0 1
    outer loop
      vertex 61.4645 41.4645 60
      vertex 64.1161 44.1161 60
      vertex 64.0602 44.1758 60
    endloop
  endfacet
  facet normal 0 0 1
    outer loop
      vertex 64.7561 43.774 60
      vertex 64.0246 40.0961 60
      vertex 64.3474 40.0428 60
    endloop
  endfacet
  facet normal 0 0 1
    outer loop
      vertex 61.2408 41.7033 60
      vertex 64.0602 44.1758 60
      vertex 64.0083 44.239 60
    endloop
  endfacet
  facet normal 0 0 1
    outer loop
      vertex 61.0332 41.9562 60
      vertex 64.0083 44.239 60
      vertex 63.9607 44.3055 60
    endloop
  endfacet
  facet normal 0 0 1
    outer loop
      vertex 60.8427 42.2221 60
      vertex 63.9607 44.3055 60
      vertex 63.9175 44.375 60
    endloop
  endfacet
  facet normal 0 0 1
    outer loop
      vertex 60.6699 42.5 60
      vertex 63.9175 44.375 60
      vertex 63.8789 44.4471 60
    endloop
  endfacet
  facet normal 0 0 1
    outer loop
      vertex 60.5156 42.7886 60
      vertex 63.8789 44.4471 60
      vertex 63.8451 44.5216 60
    endloop
  endfacet
  facet normal 0 0 1
    outer loop
      vertex 60.3806 43.0866 60
      vertex 63.8451 44.5216 60
      vertex 63.8163 44.5982 60
    endloop
  endfacet
  facet normal 0 0 1
    outer loop
      vertex 60.2654 43.3928 60
      vertex 63.8163 44.5982 60
      vertex 63.7926 44.6765 60
    endloop
  endfacet
  facet normal 0 0 1
    outer loop
      vertex 60.1704 43.7059 60
      vertex 63.7926 44.6765 60
      vertex 63.774 44.7561 60
    endloop
  endfacet
  facet normal 0 0 1
    outer loop
      vertex 60.0961 44.0245 60
      vertex 63.774 44.7561 60
      vertex 63.7607 44.8368 60
    endloop
  endfacet
  facet normal 0 0 1
    outer loop
      vertex 60.0428 44.3474 60
      vertex 63.7607 44.8368 60
      vertex 63.7527 44.9182 60
    endloop
  endfacet
  facet normal 0 0 1
    outer loop
      vertex 64.6765 43.7926 60
      vertex 63.7059 40.1704 60
      vertex 64.0246 40.0961 60
    endloop
  endfacet
  facet normal 0 0 1
    outer loop
      vertex 60.0107 44.673 60
      vertex 63.7527 44.9182 60
      vertex 63.75 45 60
    endloop
  endfacet
  facet normal 0 0 1
    outer loop
      vertex 64.0083 45.761 60
      vertex 61.0332 48.0438 60
      vertex 63.9607 45.6945 60
    endloop
  endfacet
  facet normal -0 0 1
    outer loop
      vertex 60.8427 47.7779 60
      vertex 63.9607 45.6945 60
      vertex 61.0332 48.0438 60
    endloop
  endfacet
  facet normal 0 0 1
    outer loop
      vertex 64.5982 43.8163 60
      vertex 63.3928 40.2654 60
      vertex 63.7059 40.1704 60
    endloop
  endfacet
  facet normal 0 0 1
    outer loop
      vertex 63.9607 45.6945 60
      vertex 60.8427 47.7779 60
      vertex 63.9175 45.625 60
    endloop
  endfacet
  facet normal 0 0 1
    outer loop
      vertex 64.5216 43.8451 60
      vertex 63.0866 40.3806 60
      vertex 63.3928 40.2654 60
    endloop
  endfacet
  facet normal -0 0 1
    outer loop
      vertex 60.6699 47.5 60
      vertex 63.9175 45.625 60
      vertex 60.8427 47.7779 60
    endloop
  endfacet
  facet normal 0 0 1
    outer loop
      vertex 64.4471 43.8789 60
      vertex 62.7886 40.5156 60
      vertex 63.0866 40.3806 60
    endloop
  endfacet
  facet normal 0 0 1
    outer loop
      vertex 63.9175 45.625 60
      vertex 60.6699 47.5 60
      vertex 63.8789 45.5529 60
    endloop
  endfacet
  facet normal 0 0 1
    outer loop
      vertex 64.375 43.9175 60
      vertex 62.5 40.6699 60
      vertex 62.7886 40.5156 60
    endloop
  endfacet
  facet normal -0 0 1
    outer loop
      vertex 60.5156 47.2114 60
      vertex 63.8789 45.5529 60
      vertex 60.6699 47.5 60
    endloop
  endfacet
  facet normal 0 0 1
    outer loop
      vertex 64.3055 43.9607 60
      vertex 62.2221 40.8427 60
      vertex 62.5 40.6699 60
    endloop
  endfacet
  facet normal 0 0 1
    outer loop
      vertex 63.8789 45.5529 60
      vertex 60.5156 47.2114 60
      vertex 63.8451 45.4784 60
    endloop
  endfacet
  facet normal 0 0 1
    outer loop
      vertex 64.239 44.0083 60
      vertex 61.9562 41.0332 60
      vertex 62.2221 40.8427 60
    endloop
  endfacet
  facet normal -0 0 1
    outer loop
      vertex 60.3806 46.9134 60
      vertex 63.8451 45.4784 60
      vertex 60.5156 47.2114 60
    endloop
  endfacet
  facet normal 0 0 1
    outer loop
      vertex 64.1758 44.0602 60
      vertex 61.7033 41.2408 60
      vertex 61.9562 41.0332 60
    endloop
  endfacet
  facet normal 0 0 1
    outer loop
      vertex 63.8451 45.4784 60
      vertex 60.3806 46.9134 60
      vertex 63.8163 45.4018 60
    endloop
  endfacet
  facet normal 0 0 1
    outer loop
      vertex 64.1161 44.1161 60
      vertex 61.4645 41.4645 60
      vertex 61.7033 41.2408 60
    endloop
  endfacet
  facet normal -0 0 1
    outer loop
      vertex 60.2654 46.6072 60
      vertex 63.8163 45.4018 60
      vertex 60.3806 46.9134 60
    endloop
  endfacet
  facet normal 0 0 1
    outer loop
      vertex 64.0602 44.1758 60
      vertex 61.2408 41.7033 60
      vertex 61.4645 41.4645 60
    endloop
  endfacet
  facet normal 0 0 1
    outer loop
      vertex 63.8163 45.4018 60
      vertex 60.2654 46.6072 60
      vertex 63.7926 45.3235 60
    endloop
  endfacet
  facet normal 0 0 1
    outer loop
      vertex 64.0083 44.239 60
      vertex 61.0332 41.9562 60
      vertex 61.2408 41.7033 60
    endloop
  endfacet
  facet normal -0 0 1
    outer loop
      vertex 60.1704 46.2941 60
      vertex 63.7926 45.3235 60
      vertex 60.2654 46.6072 60
    endloop
  endfacet
  facet normal 0 0 1
    outer loop
      vertex 63.9607 44.3055 60
      vertex 60.8427 42.2221 60
      vertex 61.0332 41.9562 60
    endloop
  endfacet
  facet normal 0 0 1
    outer loop
      vertex 63.7926 45.3235 60
      vertex 60.1704 46.2941 60
      vertex 63.774 45.2439 60
    endloop
  endfacet
  facet normal 0 0 1
    outer loop
      vertex 63.9175 44.375 60
      vertex 60.6699 42.5 60
      vertex 60.8427 42.2221 60
    endloop
  endfacet
  facet normal -0 0 1
    outer loop
      vertex 60.0961 45.9755 60
      vertex 63.774 45.2439 60
      vertex 60.1704 46.2941 60
    endloop
  endfacet
  facet normal 0 0 1
    outer loop
      vertex 63.8789 44.4471 60
      vertex 60.5156 42.7886 60
      vertex 60.6699 42.5 60
    endloop
  endfacet
  facet normal 0 0 1
    outer loop
      vertex 63.774 45.2439 60
      vertex 60.0961 45.9755 60
      vertex 63.7607 45.1632 60
    endloop
  endfacet
  facet normal 0 0 1
    outer loop
      vertex 63.8451 44.5216 60
      vertex 60.3806 43.0866 60
      vertex 60.5156 42.7886 60
    endloop
  endfacet
  facet normal -0 0 1
    outer loop
      vertex 60.0428 45.6526 60
      vertex 63.7607 45.1632 60
      vertex 60.0961 45.9755 60
    endloop
  endfacet
  facet normal 0 0 1
    outer loop
      vertex 63.8163 44.5982 60
      vertex 60.2654 43.3928 60
      vertex 60.3806 43.0866 60
    endloop
  endfacet
  facet normal 0 0 1
    outer loop
      vertex 63.7607 45.1632 60
      vertex 60.0428 45.6526 60
      vertex 63.7527 45.0818 60
    endloop
  endfacet
  facet normal 0 0 1
    outer loop
      vertex 63.7926 44.6765 60
      vertex 60.1704 43.7059 60
      vertex 60.2654 43.3928 60
    endloop
  endfacet
  facet normal -0 0 1
    outer loop
      vertex 60.0107 45.327 60
      vertex 63.7527 45.0818 60
      vertex 60.0428 45.6526 60
    endloop
  endfacet
  facet normal 0 0 1
    outer loop
      vertex 63.774 44.7561 60
      vertex 60.0961 44.0245 60
      vertex 60.1704 43.7059 60
    endloop
  endfacet
  facet normal 0 0 1
    outer loop
      vertex 63.7527 45.0818 60
      vertex 60.0107 45.327 60
      vertex 63.75 45 60
    endloop
  endfacet
  facet normal 0 0 1
    outer loop
      vertex 63.7607 44.8368 60
      vertex 60.0428 44.3474 60
      vertex 60.0961 44.0245 60
    endloop
  endfacet
  facet normal 0 0 1
    outer loop
      vertex 60 45 60
      vertex 63.75 45 60
      vertex 60.0107 45.327 60
    endloop
  endfacet
  facet normal 0 0 1
    outer loop
      vertex 63.7527 44.9182 60
      vertex 60.0107 44.673 60
      vertex 60.0428 44.3474 60
    endloop
  endfacet
  facet normal 0 0 1
    outer loop
      vertex 63.75 45 60
      vertex 60 45 60
      vertex 60.0107 44.673 60
    endloop
  endfacet
  facet normal -0.973868 0.227114 0
    outer loop
      vertex 60.0961 45.9755 3
      vertex 60.1704 46.2941 60
      vertex 60.1704 46.2941 3
    endloop
  endfacet
  facet normal -0.973868 0.227114 0
    outer loop
      vertex 60.1704 46.2941 60
      vertex 60.0961 45.9755 3
      vertex 60.0961 45.9755 60
    endloop
  endfacet
  facet normal -0.935952 0.352128 0
    outer loop
      vertex 60.2654 46.6072 3
      vertex 60.3806 46.9134 60
      vertex 60.3806 46.9134 3
    endloop
  endfacet
  facet normal -0.935952 0.352128 0
    outer loop
      vertex 60.3806 46.9134 60
      vertex 60.2654 46.6072 3
      vertex 60.2654 46.6072 60
    endloop
  endfacet
  facet normal -0.88187 0.471492 0
    outer loop
      vertex 60.5156 47.2114 3
      vertex 60.6699 47.5 60
      vertex 60.6699 47.5 3
    endloop
  endfacet
  facet normal -0.88187 0.471492 0
    outer loop
      vertex 60.6699 47.5 60
      vertex 60.5156 47.2114 3
      vertex 60.5156 47.2114 60
    endloop
  endfacet
  facet normal -0.812906 0.582394 0
    outer loop
      vertex 60.8427 47.7779 3
      vertex 61.0332 48.0438 60
      vertex 61.0332 48.0438 3
    endloop
  endfacet
  facet normal -0.812906 0.582394 0
    outer loop
      vertex 61.0332 48.0438 60
      vertex 60.8427 47.7779 3
      vertex 60.8427 47.7779 60
    endloop
  endfacet
  facet normal -0.849215 0.528047 0
    outer loop
      vertex 60.6699 47.5 3
      vertex 60.8427 47.7779 60
      vertex 60.8427 47.7779 3
    endloop
  endfacet
  facet normal -0.849215 0.528047 0
    outer loop
      vertex 60.8427 47.7779 60
      vertex 60.6699 47.5 3
      vertex 60.6699 47.5 60
    endloop
  endfacet
  facet normal -0.412651 0.910889 0
    outer loop
      vertex 63.0866 49.6194 3
      vertex 62.7886 49.4844 60
      vertex 63.0866 49.6194 60
    endloop
  endfacet
  facet normal -0.412651 0.910889 0
    outer loop
      vertex 62.7886 49.4844 60
      vertex 63.0866 49.6194 3
      vertex 62.7886 49.4844 3
    endloop
  endfacet
  facet normal -0.290347 0.956922 0
    outer loop
      vertex 63.7059 49.8296 3
      vertex 63.3928 49.7346 60
      vertex 63.7059 49.8296 60
    endloop
  endfacet
  facet normal -0.290347 0.956922 0
    outer loop
      vertex 63.3928 49.7346 60
      vertex 63.7059 49.8296 3
      vertex 63.3928 49.7346 3
    endloop
  endfacet
  facet normal -0.162912 0.986641 0
    outer loop
      vertex 64.3474 49.9572 3
      vertex 64.0246 49.9039 60
      vertex 64.3474 49.9572 60
    endloop
  endfacet
  facet normal -0.162912 0.986641 0
    outer loop
      vertex 64.0246 49.9039 60
      vertex 64.3474 49.9572 3
      vertex 64.0246 49.9039 3
    endloop
  endfacet
  facet normal -0.227046 0.973884 0
    outer loop
      vertex 64.0246 49.9039 3
      vertex 63.7059 49.8296 60
      vertex 64.0246 49.9039 60
    endloop
  endfacet
  facet normal -0.227046 0.973884 0
    outer loop
      vertex 63.7059 49.8296 60
      vertex 64.0246 49.9039 3
      vertex 63.7059 49.8296 3
    endloop
  endfacet
  facet normal -0.471492 0.88187 0
    outer loop
      vertex 62.7886 49.4844 3
      vertex 62.5 49.3301 60
      vertex 62.7886 49.4844 60
    endloop
  endfacet
  facet normal -0.471492 0.88187 0
    outer loop
      vertex 62.5 49.3301 60
      vertex 62.7886 49.4844 3
      vertex 62.5 49.3301 3
    endloop
  endfacet
  facet normal -0.683656 0.729804 0
    outer loop
      vertex 61.7033 48.7592 3
      vertex 61.4645 48.5355 60
      vertex 61.7033 48.7592 60
    endloop
  endfacet
  facet normal -0.683656 0.729804 0
    outer loop
      vertex 61.4645 48.5355 60
      vertex 61.7033 48.7592 3
      vertex 61.4645 48.5355 3
    endloop
  endfacet
  facet normal 0.995175 -0.0981116 0
    outer loop
      vertex 69.9572 44.3474 60
      vertex 69.9893 44.673 3
      vertex 69.9893 44.673 60
    endloop
  endfacet
  facet normal 0.995175 -0.0981116 0
    outer loop
      vertex 69.9893 44.673 3
      vertex 69.9572 44.3474 60
      vertex 69.9572 44.3474 3
    endloop
  endfacet
  facet normal 0.973868 -0.227114 0
    outer loop
      vertex 69.8296 43.7059 60
      vertex 69.9039 44.0245 3
      vertex 69.9039 44.0245 60
    endloop
  endfacet
  facet normal 0.973868 -0.227114 0
    outer loop
      vertex 69.9039 44.0245 3
      vertex 69.8296 43.7059 60
      vertex 69.8296 43.7059 3
    endloop
  endfacet
  facet normal 0.162912 -0.986641 0
    outer loop
      vertex 65.6526 40.0428 3
      vertex 65.9754 40.0961 60
      vertex 65.6526 40.0428 60
    endloop
  endfacet
  facet normal 0.162912 -0.986641 0
    outer loop
      vertex 65.9754 40.0961 60
      vertex 65.6526 40.0428 3
      vertex 65.9754 40.0961 3
    endloop
  endfacet
  facet normal 0.352128 -0.935952 0
    outer loop
      vertex 66.6072 40.2654 3
      vertex 66.9134 40.3806 60
      vertex 66.6072 40.2654 60
    endloop
  endfacet
  facet normal 0.352128 -0.935952 0
    outer loop
      vertex 66.9134 40.3806 60
      vertex 66.6072 40.2654 3
      vertex 66.9134 40.3806 3
    endloop
  endfacet
  facet normal 0.634485 -0.772935 0
    outer loop
      vertex 68.0438 41.0332 3
      vertex 68.2967 41.2408 60
      vertex 68.0438 41.0332 60
    endloop
  endfacet
  facet normal 0.634485 -0.772935 0
    outer loop
      vertex 68.2967 41.2408 60
      vertex 68.0438 41.0332 3
      vertex 68.2967 41.2408 3
    endloop
  endfacet
  facet normal 0.528184 -0.84913 0
    outer loop
      vertex 67.5 40.6699 3
      vertex 67.7778 40.8427 60
      vertex 67.5 40.6699 60
    endloop
  endfacet
  facet normal 0.528184 -0.84913 0
    outer loop
      vertex 67.7778 40.8427 60
      vertex 67.5 40.6699 3
      vertex 67.7778 40.8427 3
    endloop
  endfacet
  facet normal 0.812906 -0.582394 0
    outer loop
      vertex 68.9668 41.9562 60
      vertex 69.1573 42.2221 3
      vertex 69.1573 42.2221 60
    endloop
  endfacet
  facet normal 0.812906 -0.582394 0
    outer loop
      vertex 69.1573 42.2221 3
      vertex 68.9668 41.9562 60
      vertex 68.9668 41.9562 3
    endloop
  endfacet
  facet normal 0.849215 -0.528047 0
    outer loop
      vertex 69.1573 42.2221 60
      vertex 69.3301 42.5 3
      vertex 69.3301 42.5 60
    endloop
  endfacet
  facet normal 0.849215 -0.528047 0
    outer loop
      vertex 69.3301 42.5 3
      vertex 69.1573 42.2221 60
      vertex 69.1573 42.2221 3
    endloop
  endfacet
  facet normal 0.0327042 -0.999465 0
    outer loop
      vertex 65 40 3
      vertex 65.327 40.0107 60
      vertex 65 40 60
    endloop
  endfacet
  facet normal 0.0327042 -0.999465 0
    outer loop
      vertex 65.327 40.0107 60
      vertex 65 40 3
      vertex 65.327 40.0107 3
    endloop
  endfacet
  facet normal -0.227046 -0.973884 0
    outer loop
      vertex 63.7059 40.1704 3
      vertex 64.0246 40.0961 60
      vertex 63.7059 40.1704 60
    endloop
  endfacet
  facet normal -0.227046 -0.973884 -0
    outer loop
      vertex 64.0246 40.0961 60
      vertex 63.7059 40.1704 3
      vertex 64.0246 40.0961 3
    endloop
  endfacet
  facet normal -0.582394 -0.812906 0
    outer loop
      vertex 61.9562 41.0332 3
      vertex 62.2221 40.8427 60
      vertex 61.9562 41.0332 60
    endloop
  endfacet
  facet normal -0.582394 -0.812906 -0
    outer loop
      vertex 62.2221 40.8427 60
      vertex 61.9562 41.0332 3
      vertex 62.2221 40.8427 3
    endloop
  endfacet
  facet normal -0.412651 -0.910889 0
    outer loop
      vertex 62.7886 40.5156 3
      vertex 63.0866 40.3806 60
      vertex 62.7886 40.5156 60
    endloop
  endfacet
  facet normal -0.412651 -0.910889 -0
    outer loop
      vertex 63.0866 40.3806 60
      vertex 62.7886 40.5156 3
      vertex 63.0866 40.3806 3
    endloop
  endfacet
  facet normal -0.986649 -0.162863 0
    outer loop
      vertex 60.0961 44.0245 3
      vertex 60.0428 44.3474 60
      vertex 60.0428 44.3474 3
    endloop
  endfacet
  facet normal -0.986649 -0.162863 0
    outer loop
      vertex 60.0428 44.3474 60
      vertex 60.0961 44.0245 3
      vertex 60.0961 44.0245 60
    endloop
  endfacet
  facet normal -0.935952 -0.352128 0
    outer loop
      vertex 60.3806 43.0866 3
      vertex 60.2654 43.3928 60
      vertex 60.2654 43.3928 3
    endloop
  endfacet
  facet normal -0.935952 -0.352128 0
    outer loop
      vertex 60.2654 43.3928 60
      vertex 60.3806 43.0866 3
      vertex 60.3806 43.0866 60
    endloop
  endfacet
  facet normal -0.812906 -0.582394 0
    outer loop
      vertex 61.0332 41.9562 3
      vertex 60.8427 42.2221 60
      vertex 60.8427 42.2221 3
    endloop
  endfacet
  facet normal -0.812906 -0.582394 0
    outer loop
      vertex 60.8427 42.2221 60
      vertex 61.0332 41.9562 3
      vertex 61.0332 41.9562 60
    endloop
  endfacet
  facet normal -0.772935 -0.634485 0
    outer loop
      vertex 61.2408 41.7033 3
      vertex 61.0332 41.9562 60
      vertex 61.0332 41.9562 3
    endloop
  endfacet
  facet normal -0.772935 -0.634485 0
    outer loop
      vertex 61.0332 41.9562 60
      vertex 61.2408 41.7033 3
      vertex 61.2408 41.7033 60
    endloop
  endfacet
  facet normal 0.973868 0.227114 0
    outer loop
      vertex 69.9039 45.9755 60
      vertex 69.8296 46.2941 3
      vertex 69.8296 46.2941 60
    endloop
  endfacet
  facet normal 0.973868 0.227114 0
    outer loop
      vertex 69.8296 46.2941 3
      vertex 69.9039 45.9755 60
      vertex 69.9039 45.9755 3
    endloop
  endfacet
  facet normal 0.986649 0.162863 0
    outer loop
      vertex 69.9572 45.6526 60
      vertex 69.9039 45.9755 3
      vertex 69.9039 45.9755 60
    endloop
  endfacet
  facet normal 0.986649 0.162863 0
    outer loop
      vertex 69.9039 45.9755 3
      vertex 69.9572 45.6526 60
      vertex 69.9572 45.6526 3
    endloop
  endfacet
  facet normal -0.999465 -0.0327042 0
    outer loop
      vertex 60.0107 44.673 3
      vertex 60 45 60
      vertex 60 45 3
    endloop
  endfacet
  facet normal -0.999465 -0.0327042 0
    outer loop
      vertex 60 45 60
      vertex 60.0107 44.673 3
      vertex 60.0107 44.673 60
    endloop
  endfacet
  facet normal 0.227046 -0.973884 0
    outer loop
      vertex 65.9754 40.0961 3
      vertex 66.2941 40.1704 60
      vertex 65.9754 40.0961 60
    endloop
  endfacet
  facet normal 0.227046 -0.973884 0
    outer loop
      vertex 66.2941 40.1704 60
      vertex 65.9754 40.0961 3
      vertex 66.2941 40.1704 3
    endloop
  endfacet
  facet normal 0.412651 -0.910889 0
    outer loop
      vertex 66.9134 40.3806 3
      vertex 67.2114 40.5156 60
      vertex 66.9134 40.3806 60
    endloop
  endfacet
  facet normal 0.412651 -0.910889 0
    outer loop
      vertex 67.2114 40.5156 60
      vertex 66.9134 40.3806 3
      vertex 67.2114 40.5156 3
    endloop
  endfacet
  facet normal 0.683656 -0.729804 0
    outer loop
      vertex 68.2967 41.2408 3
      vertex 68.5355 41.4645 60
      vertex 68.2967 41.2408 60
    endloop
  endfacet
  facet normal 0.683656 -0.729804 0
    outer loop
      vertex 68.5355 41.4645 60
      vertex 68.2967 41.2408 3
      vertex 68.5355 41.4645 3
    endloop
  endfacet
  facet normal 0.58225 -0.81301 0
    outer loop
      vertex 67.7778 40.8427 3
      vertex 68.0438 41.0332 60
      vertex 67.7778 40.8427 60
    endloop
  endfacet
  facet normal 0.58225 -0.81301 0
    outer loop
      vertex 68.0438 41.0332 60
      vertex 67.7778 40.8427 3
      vertex 68.0438 41.0332 3
    endloop
  endfacet
  facet normal 0.935952 -0.352128 0
    outer loop
      vertex 69.6194 43.0866 60
      vertex 69.7346 43.3928 3
      vertex 69.7346 43.3928 60
    endloop
  endfacet
  facet normal 0.935952 -0.352128 0
    outer loop
      vertex 69.7346 43.3928 3
      vertex 69.6194 43.0866 60
      vertex 69.6194 43.0866 3
    endloop
  endfacet
  facet normal -0.162912 -0.986641 0
    outer loop
      vertex 64.0246 40.0961 3
      vertex 64.3474 40.0428 60
      vertex 64.0246 40.0961 60
    endloop
  endfacet
  facet normal -0.162912 -0.986641 -0
    outer loop
      vertex 64.3474 40.0428 60
      vertex 64.0246 40.0961 3
      vertex 64.3474 40.0428 3
    endloop
  endfacet
  facet normal -0.352128 -0.935952 0
    outer loop
      vertex 63.0866 40.3806 3
      vertex 63.3928 40.2654 60
      vertex 63.0866 40.3806 60
    endloop
  endfacet
  facet normal -0.352128 -0.935952 -0
    outer loop
      vertex 63.3928 40.2654 60
      vertex 63.0866 40.3806 3
      vertex 63.3928 40.2654 3
    endloop
  endfacet
  facet normal -0.910889 -0.412651 0
    outer loop
      vertex 60.5156 42.7886 3
      vertex 60.3806 43.0866 60
      vertex 60.3806 43.0866 3
    endloop
  endfacet
  facet normal -0.910889 -0.412651 0
    outer loop
      vertex 60.3806 43.0866 60
      vertex 60.5156 42.7886 3
      vertex 60.5156 42.7886 60
    endloop
  endfacet
  facet normal -0.849215 -0.528047 0
    outer loop
      vertex 60.8427 42.2221 3
      vertex 60.6699 42.5 60
      vertex 60.6699 42.5 3
    endloop
  endfacet
  facet normal -0.849215 -0.528047 0
    outer loop
      vertex 60.6699 42.5 60
      vertex 60.8427 42.2221 3
      vertex 60.8427 42.2221 60
    endloop
  endfacet
  facet normal -0.729804 -0.683656 0
    outer loop
      vertex 61.4645 41.4645 3
      vertex 61.2408 41.7033 60
      vertex 61.2408 41.7033 3
    endloop
  endfacet
  facet normal -0.729804 -0.683656 0
    outer loop
      vertex 61.2408 41.7033 60
      vertex 61.4645 41.4645 3
      vertex 61.4645 41.4645 60
    endloop
  endfacet
  facet normal 0.986649 -0.162863 0
    outer loop
      vertex 69.9039 44.0245 60
      vertex 69.9572 44.3474 3
      vertex 69.9572 44.3474 60
    endloop
  endfacet
  facet normal 0.986649 -0.162863 0
    outer loop
      vertex 69.9572 44.3474 3
      vertex 69.9039 44.0245 60
      vertex 69.9039 44.0245 3
    endloop
  endfacet
  facet normal -1 0 0
    outer loop
      vertex -11 43 3
      vertex -11 52.6 55
      vertex -11 52.6 3
    endloop
  endfacet
  facet normal -1 -0 0
    outer loop
      vertex -11 52.6 55
      vertex -11 43 3
      vertex -11 43 55
    endloop
  endfacet
  facet normal 0 0 1
    outer loop
      vertex 11.2 55 55
      vertex 11 52.6 55
      vertex 11.2 52.6 55
    endloop
  endfacet
  facet normal 0 0 1
    outer loop
      vertex 11 52.6 55
      vertex 7.9 48 55
      vertex 11 43 55
    endloop
  endfacet
  facet normal -0 0 1
    outer loop
      vertex 4 55 55
      vertex 11 52.6 55
      vertex 11.2 55 55
    endloop
  endfacet
  facet normal 0 0 1
    outer loop
      vertex 11 52.6 55
      vertex 7.89807 48.0589 55
      vertex 7.9 48 55
    endloop
  endfacet
  facet normal 0 0 1
    outer loop
      vertex 11 52.6 55
      vertex 7.8923 48.1175 55
      vertex 7.89807 48.0589 55
    endloop
  endfacet
  facet normal 0 0 1
    outer loop
      vertex 11 52.6 55
      vertex 7.88271 48.1756 55
      vertex 7.8923 48.1175 55
    endloop
  endfacet
  facet normal 0 0 1
    outer loop
      vertex 11 52.6 55
      vertex 7.86933 48.2329 55
      vertex 7.88271 48.1756 55
    endloop
  endfacet
  facet normal 0 0 1
    outer loop
      vertex 11 52.6 55
      vertex 7.85224 48.2893 55
      vertex 7.86933 48.2329 55
    endloop
  endfacet
  facet normal 0 0 1
    outer loop
      vertex 11 52.6 55
      vertex 7.83149 48.3444 55
      vertex 7.85224 48.2893 55
    endloop
  endfacet
  facet normal 0 0 1
    outer loop
      vertex 11 52.6 55
      vertex 7.80719 48.3981 55
      vertex 7.83149 48.3444 55
    endloop
  endfacet
  facet normal 0 0 1
    outer loop
      vertex 11 52.6 55
      vertex 7.77942 48.45 55
      vertex 7.80719 48.3981 55
    endloop
  endfacet
  facet normal 0 0 1
    outer loop
      vertex 11 52.6 55
      vertex 7.74832 48.5 55
      vertex 7.77942 48.45 55
    endloop
  endfacet
  facet normal 0 0 1
    outer loop
      vertex 11 52.6 55
      vertex 7.71402 48.5479 55
      vertex 7.74832 48.5 55
    endloop
  endfacet
  facet normal 0 0 1
    outer loop
      vertex 11 52.6 55
      vertex 7.67666 48.5934 55
      vertex 7.71402 48.5479 55
    endloop
  endfacet
  facet normal 0 0 1
    outer loop
      vertex 11 52.6 55
      vertex 7.6364 48.6364 55
      vertex 7.67666 48.5934 55
    endloop
  endfacet
  facet normal 0 0 1
    outer loop
      vertex 11 52.6 55
      vertex 7.59341 48.6767 55
      vertex 7.6364 48.6364 55
    endloop
  endfacet
  facet normal 0 0 1
    outer loop
      vertex 11 52.6 55
      vertex 7.54788 48.714 55
      vertex 7.59341 48.6767 55
    endloop
  endfacet
  facet normal 0 0 1
    outer loop
      vertex 11 52.6 55
      vertex 7.50001 48.7483 55
      vertex 7.54788 48.714 55
    endloop
  endfacet
  facet normal 0 0 1
    outer loop
      vertex 11 52.6 55
      vertex 7.45 48.7794 55
      vertex 7.50001 48.7483 55
    endloop
  endfacet
  facet normal 0 0 1
    outer loop
      vertex 11 52.6 55
      vertex 7.39806 48.8072 55
      vertex 7.45 48.7794 55
    endloop
  endfacet
  facet normal 0 0 1
    outer loop
      vertex 11 52.6 55
      vertex 7.34441 48.8315 55
      vertex 7.39806 48.8072 55
    endloop
  endfacet
  facet normal 0 0 1
    outer loop
      vertex 11 52.6 55
      vertex 7.2893 48.8522 55
      vertex 7.34441 48.8315 55
    endloop
  endfacet
  facet normal 0 0 1
    outer loop
      vertex 11 52.6 55
      vertex 7.23294 48.8693 55
      vertex 7.2893 48.8522 55
    endloop
  endfacet
  facet normal 0 0 1
    outer loop
      vertex 11 52.6 55
      vertex 7.17558 48.8827 55
      vertex 7.23294 48.8693 55
    endloop
  endfacet
  facet normal 0 0 1
    outer loop
      vertex 11 52.6 55
      vertex 7.11747 48.8923 55
      vertex 7.17558 48.8827 55
    endloop
  endfacet
  facet normal 0 -0 1
    outer loop
      vertex 7.05886 48.8981 55
      vertex 11 52.6 55
      vertex 4 51 55
    endloop
  endfacet
  facet normal 0 0 1
    outer loop
      vertex 11 52.6 55
      vertex 7.05886 48.8981 55
      vertex 7.11747 48.8923 55
    endloop
  endfacet
  facet normal 0 0 1
    outer loop
      vertex 7.05886 48.8981 55
      vertex 4 51 55
      vertex 7 48.9 55
    endloop
  endfacet
  facet normal 0 0 1
    outer loop
      vertex 7 48.9 55
      vertex 4 51 55
      vertex 6.94114 48.8981 55
    endloop
  endfacet
  facet normal 0 0 1
    outer loop
      vertex 6.94114 48.8981 55
      vertex 4 51 55
      vertex 6.88253 48.8923 55
    endloop
  endfacet
  facet normal 0 0 1
    outer loop
      vertex 6.88253 48.8923 55
      vertex 4 51 55
      vertex 6.82442 48.8827 55
    endloop
  endfacet
  facet normal 0 0 1
    outer loop
      vertex 6.82442 48.8827 55
      vertex 4 51 55
      vertex 6.76706 48.8693 55
    endloop
  endfacet
  facet normal 0 0 1
    outer loop
      vertex 6.76706 48.8693 55
      vertex 4 51 55
      vertex 6.7107 48.8522 55
    endloop
  endfacet
  facet normal 0 0 1
    outer loop
      vertex 6.7107 48.8522 55
      vertex 4 51 55
      vertex 6.65558 48.8315 55
    endloop
  endfacet
  facet normal 0 0 1
    outer loop
      vertex 6.65558 48.8315 55
      vertex 4 51 55
      vertex 6.60194 48.8072 55
    endloop
  endfacet
  facet normal 0 0 1
    outer loop
      vertex 6.60194 48.8072 55
      vertex 4 51 55
      vertex 6.55 48.7794 55
    endloop
  endfacet
  facet normal 0 0 1
    outer loop
      vertex 6.55 48.7794 55
      vertex 4 51 55
      vertex 6.49999 48.7483 55
    endloop
  endfacet
  facet normal 0 0 1
    outer loop
      vertex 6.49999 48.7483 55
      vertex 4 51 55
      vertex 6.45211 48.714 55
    endloop
  endfacet
  facet normal 0 0 1
    outer loop
      vertex 6.45211 48.714 55
      vertex 4 51 55
      vertex 6.40659 48.6767 55
    endloop
  endfacet
  facet normal 0 0 1
    outer loop
      vertex 6.40659 48.6767 55
      vertex 4 51 55
      vertex 6.3636 48.6364 55
    endloop
  endfacet
  facet normal 0 0 1
    outer loop
      vertex 6.3636 48.6364 55
      vertex 4 51 55
      vertex 6.32334 48.5934 55
    endloop
  endfacet
  facet normal 0 0 1
    outer loop
      vertex 6.1077 48.1175 55
      vertex 4 51 55
      vertex 6.10193 48.0589 55
    endloop
  endfacet
  facet normal 0 0 1
    outer loop
      vertex 6.11729 48.1756 55
      vertex 4 51 55
      vertex 6.1077 48.1175 55
    endloop
  endfacet
  facet normal 0 0 1
    outer loop
      vertex 6.13067 48.2329 55
      vertex 4 51 55
      vertex 6.11729 48.1756 55
    endloop
  endfacet
  facet normal 0 0 1
    outer loop
      vertex 6.14776 48.2893 55
      vertex 4 51 55
      vertex 6.13067 48.2329 55
    endloop
  endfacet
  facet normal 0 0 1
    outer loop
      vertex 6.16851 48.3444 55
      vertex 4 51 55
      vertex 6.14776 48.2893 55
    endloop
  endfacet
  facet normal 0 0 1
    outer loop
      vertex 6.19281 48.3981 55
      vertex 4 51 55
      vertex 6.16851 48.3444 55
    endloop
  endfacet
  facet normal 0 0 1
    outer loop
      vertex 6.22058 48.45 55
      vertex 4 51 55
      vertex 6.19281 48.3981 55
    endloop
  endfacet
  facet normal 0 0 1
    outer loop
      vertex 6.25168 48.5 55
      vertex 4 51 55
      vertex 6.22058 48.45 55
    endloop
  endfacet
  facet normal 0 0 1
    outer loop
      vertex 6.28598 48.5479 55
      vertex 4 51 55
      vertex 6.25168 48.5 55
    endloop
  endfacet
  facet normal 0 0 1
    outer loop
      vertex 6.32334 48.5934 55
      vertex 4 51 55
      vertex 6.28598 48.5479 55
    endloop
  endfacet
  facet normal 0 0 1
    outer loop
      vertex 11 52.6 55
      vertex 4 55 55
      vertex 4 51 55
    endloop
  endfacet
  facet normal -0 0 1
    outer loop
      vertex 7.89807 47.9411 55
      vertex 11 43 55
      vertex 7.9 48 55
    endloop
  endfacet
  facet normal -0 0 1
    outer loop
      vertex 7.8923 47.8825 55
      vertex 11 43 55
      vertex 7.89807 47.9411 55
    endloop
  endfacet
  facet normal -0 0 1
    outer loop
      vertex 7.88271 47.8244 55
      vertex 11 43 55
      vertex 7.8923 47.8825 55
    endloop
  endfacet
  facet normal -0 0 1
    outer loop
      vertex 7.86933 47.7671 55
      vertex 11 43 55
      vertex 7.88271 47.8244 55
    endloop
  endfacet
  facet normal -0 0 1
    outer loop
      vertex 7.85224 47.7107 55
      vertex 11 43 55
      vertex 7.86933 47.7671 55
    endloop
  endfacet
  facet normal -0 0 1
    outer loop
      vertex 7.83149 47.6556 55
      vertex 11 43 55
      vertex 7.85224 47.7107 55
    endloop
  endfacet
  facet normal -0 0 1
    outer loop
      vertex 7.80719 47.6019 55
      vertex 11 43 55
      vertex 7.83149 47.6556 55
    endloop
  endfacet
  facet normal -0 0 1
    outer loop
      vertex 7.77942 47.55 55
      vertex 11 43 55
      vertex 7.80719 47.6019 55
    endloop
  endfacet
  facet normal -0 0 1
    outer loop
      vertex 7.74832 47.5 55
      vertex 11 43 55
      vertex 7.77942 47.55 55
    endloop
  endfacet
  facet normal -0 0 1
    outer loop
      vertex 7.71402 47.4521 55
      vertex 11 43 55
      vertex 7.74832 47.5 55
    endloop
  endfacet
  facet normal -0 0 1
    outer loop
      vertex 7.67666 47.4066 55
      vertex 11 43 55
      vertex 7.71402 47.4521 55
    endloop
  endfacet
  facet normal -0 0 1
    outer loop
      vertex 7.6364 47.3636 55
      vertex 11 43 55
      vertex 7.67666 47.4066 55
    endloop
  endfacet
  facet normal -0 0 1
    outer loop
      vertex 7.59341 47.3233 55
      vertex 11 43 55
      vertex 7.6364 47.3636 55
    endloop
  endfacet
  facet normal -0 0 1
    outer loop
      vertex 7.54788 47.286 55
      vertex 11 43 55
      vertex 7.59341 47.3233 55
    endloop
  endfacet
  facet normal -0 0 1
    outer loop
      vertex 7.50001 47.2517 55
      vertex 11 43 55
      vertex 7.54788 47.286 55
    endloop
  endfacet
  facet normal -0 0 1
    outer loop
      vertex 7.45 47.2206 55
      vertex 11 43 55
      vertex 7.50001 47.2517 55
    endloop
  endfacet
  facet normal -0 0 1
    outer loop
      vertex 7.39806 47.1928 55
      vertex 11 43 55
      vertex 7.45 47.2206 55
    endloop
  endfacet
  facet normal -0 0 1
    outer loop
      vertex 7.34441 47.1685 55
      vertex 11 43 55
      vertex 7.39806 47.1928 55
    endloop
  endfacet
  facet normal -0 0 1
    outer loop
      vertex 7.2893 47.1478 55
      vertex 11 43 55
      vertex 7.34441 47.1685 55
    endloop
  endfacet
  facet normal -0 0 1
    outer loop
      vertex 7.23294 47.1307 55
      vertex 11 43 55
      vertex 7.2893 47.1478 55
    endloop
  endfacet
  facet normal -0 0 1
    outer loop
      vertex 7.17558 47.1173 55
      vertex 11 43 55
      vertex 7.23294 47.1307 55
    endloop
  endfacet
  facet normal -0 0 1
    outer loop
      vertex 7.11747 47.1077 55
      vertex 11 43 55
      vertex 7.17558 47.1173 55
    endloop
  endfacet
  facet normal -0 0 1
    outer loop
      vertex 7.05886 47.1019 55
      vertex 11 43 55
      vertex 7.11747 47.1077 55
    endloop
  endfacet
  facet normal -0 0 1
    outer loop
      vertex 7 47.1 55
      vertex 11 43 55
      vertex 7.05886 47.1019 55
    endloop
  endfacet
  facet normal 0 0 1
    outer loop
      vertex 6.94114 47.1019 55
      vertex 11 43 55
      vertex 7 47.1 55
    endloop
  endfacet
  facet normal 0 0 1
    outer loop
      vertex 6.88253 47.1077 55
      vertex 11 43 55
      vertex 6.94114 47.1019 55
    endloop
  endfacet
  facet normal 0 0 1
    outer loop
      vertex 2 43 55
      vertex 6.88253 47.1077 55
      vertex 6.82442 47.1173 55
    endloop
  endfacet
  facet normal 0 0 1
    outer loop
      vertex 2 43 55
      vertex 6.82442 47.1173 55
      vertex 6.76706 47.1307 55
    endloop
  endfacet
  facet normal 0 0 1
    outer loop
      vertex 2 43 55
      vertex 6.76706 47.1307 55
      vertex 6.7107 47.1478 55
    endloop
  endfacet
  facet normal 0 0 1
    outer loop
      vertex 2 43 55
      vertex 6.7107 47.1478 55
      vertex 6.65558 47.1685 55
    endloop
  endfacet
  facet normal 0 0 1
    outer loop
      vertex 2 43 55
      vertex 6.65558 47.1685 55
      vertex 6.60194 47.1928 55
    endloop
  endfacet
  facet normal 0 0 1
    outer loop
      vertex 2 43 55
      vertex 6.60194 47.1928 55
      vertex 6.55 47.2206 55
    endloop
  endfacet
  facet normal 0 0 1
    outer loop
      vertex 2 43 55
      vertex 6.55 47.2206 55
      vertex 6.49999 47.2517 55
    endloop
  endfacet
  facet normal 0 0 1
    outer loop
      vertex 2 43 55
      vertex 6.49999 47.2517 55
      vertex 6.45211 47.286 55
    endloop
  endfacet
  facet normal 0 0 1
    outer loop
      vertex 2 43 55
      vertex 6.45211 47.286 55
      vertex 6.40659 47.3233 55
    endloop
  endfacet
  facet normal 0 0 1
    outer loop
      vertex 2 43 55
      vertex 6.40659 47.3233 55
      vertex 6.3636 47.3636 55
    endloop
  endfacet
  facet normal 0 0 1
    outer loop
      vertex 6.10193 48.0589 55
      vertex 4 51 55
      vertex 6.1 48 55
    endloop
  endfacet
  facet normal -0 0 1
    outer loop
      vertex 2 51 55
      vertex 6.1 48 55
      vertex 4 51 55
    endloop
  endfacet
  facet normal 0 0 1
    outer loop
      vertex 6.1 48 55
      vertex 2 51 55
      vertex 6.10193 47.9411 55
    endloop
  endfacet
  facet normal 0 0 1
    outer loop
      vertex 6.10193 47.9411 55
      vertex 2 51 55
      vertex 6.1077 47.8825 55
    endloop
  endfacet
  facet normal 0 0 1
    outer loop
      vertex 6.1077 47.8825 55
      vertex 2 51 55
      vertex 6.11729 47.8244 55
    endloop
  endfacet
  facet normal 0 0 1
    outer loop
      vertex 2 43 55
      vertex 6.11729 47.8244 55
      vertex 2 51 55
    endloop
  endfacet
  facet normal 0 0 1
    outer loop
      vertex 6.11729 47.8244 55
      vertex 2 43 55
      vertex 6.13067 47.7671 55
    endloop
  endfacet
  facet normal 0 0 1
    outer loop
      vertex 6.13067 47.7671 55
      vertex 2 43 55
      vertex 6.14776 47.7107 55
    endloop
  endfacet
  facet normal 0 0 1
    outer loop
      vertex 6.14776 47.7107 55
      vertex 2 43 55
      vertex 6.16851 47.6556 55
    endloop
  endfacet
  facet normal 0 0 1
    outer loop
      vertex 6.16851 47.6556 55
      vertex 2 43 55
      vertex 6.19281 47.6019 55
    endloop
  endfacet
  facet normal 0 0 1
    outer loop
      vertex 6.19281 47.6019 55
      vertex 2 43 55
      vertex 6.22058 47.55 55
    endloop
  endfacet
  facet normal 0 0 1
    outer loop
      vertex 6.22058 47.55 55
      vertex 2 43 55
      vertex 6.25168 47.5 55
    endloop
  endfacet
  facet normal 0 0 1
    outer loop
      vertex 6.25168 47.5 55
      vertex 2 43 55
      vertex 6.28598 47.4521 55
    endloop
  endfacet
  facet normal 0 0 1
    outer loop
      vertex 6.28598 47.4521 55
      vertex 2 43 55
      vertex 6.32334 47.4066 55
    endloop
  endfacet
  facet normal 0 0 1
    outer loop
      vertex 6.32334 47.4066 55
      vertex 2 43 55
      vertex 6.3636 47.3636 55
    endloop
  endfacet
  facet normal 0 0 1
    outer loop
      vertex 6.88253 47.1077 55
      vertex 2 43 55
      vertex 11 43 55
    endloop
  endfacet
  facet normal -0 0 1
    outer loop
      vertex -11 52.6 55
      vertex -4 51 55
      vertex -4 55 55
    endloop
  endfacet
  facet normal 0 0 1
    outer loop
      vertex -4 51 55
      vertex -6.10193 48.0589 55
      vertex -6.1 48 55
    endloop
  endfacet
  facet normal 0 0 1
    outer loop
      vertex -4 51 55
      vertex -6.1077 48.1175 55
      vertex -6.10193 48.0589 55
    endloop
  endfacet
  facet normal 0 0 1
    outer loop
      vertex -4 51 55
      vertex -6.11729 48.1756 55
      vertex -6.1077 48.1175 55
    endloop
  endfacet
  facet normal 0 0 1
    outer loop
      vertex -4 51 55
      vertex -6.13067 48.2329 55
      vertex -6.11729 48.1756 55
    endloop
  endfacet
  facet normal 0 0 1
    outer loop
      vertex -4 51 55
      vertex -6.14776 48.2893 55
      vertex -6.13067 48.2329 55
    endloop
  endfacet
  facet normal 0 0 1
    outer loop
      vertex -4 51 55
      vertex -6.16851 48.3444 55
      vertex -6.14776 48.2893 55
    endloop
  endfacet
  facet normal 0 0 1
    outer loop
      vertex -4 51 55
      vertex -6.19281 48.3981 55
      vertex -6.16851 48.3444 55
    endloop
  endfacet
  facet normal 0 0 1
    outer loop
      vertex -4 51 55
      vertex -6.22058 48.45 55
      vertex -6.19281 48.3981 55
    endloop
  endfacet
  facet normal 0 0 1
    outer loop
      vertex -4 51 55
      vertex -6.25168 48.5 55
      vertex -6.22058 48.45 55
    endloop
  endfacet
  facet normal 0 0 1
    outer loop
      vertex -4 51 55
      vertex -6.28598 48.5479 55
      vertex -6.25168 48.5 55
    endloop
  endfacet
  facet normal 0 0 1
    outer loop
      vertex -4 51 55
      vertex -6.32334 48.5934 55
      vertex -6.28598 48.5479 55
    endloop
  endfacet
  facet normal 0 0 1
    outer loop
      vertex -4 51 55
      vertex -6.3636 48.6364 55
      vertex -6.32334 48.5934 55
    endloop
  endfacet
  facet normal 0 0 1
    outer loop
      vertex -4 51 55
      vertex -6.40659 48.6767 55
      vertex -6.3636 48.6364 55
    endloop
  endfacet
  facet normal 0 0 1
    outer loop
      vertex -4 51 55
      vertex -6.45211 48.714 55
      vertex -6.40659 48.6767 55
    endloop
  endfacet
  facet normal 0 0 1
    outer loop
      vertex -4 51 55
      vertex -6.49999 48.7483 55
      vertex -6.45211 48.714 55
    endloop
  endfacet
  facet normal 0 0 1
    outer loop
      vertex -4 51 55
      vertex -6.55 48.7794 55
      vertex -6.49999 48.7483 55
    endloop
  endfacet
  facet normal 0 0 1
    outer loop
      vertex -4 51 55
      vertex -6.60194 48.8072 55
      vertex -6.55 48.7794 55
    endloop
  endfacet
  facet normal 0 0 1
    outer loop
      vertex -4 51 55
      vertex -6.65558 48.8315 55
      vertex -6.60194 48.8072 55
    endloop
  endfacet
  facet normal 0 0 1
    outer loop
      vertex -4 51 55
      vertex -6.7107 48.8522 55
      vertex -6.65558 48.8315 55
    endloop
  endfacet
  facet normal 0 0 1
    outer loop
      vertex -4 51 55
      vertex -6.76706 48.8693 55
      vertex -6.7107 48.8522 55
    endloop
  endfacet
  facet normal 0 0 1
    outer loop
      vertex -4 51 55
      vertex -6.82442 48.8827 55
      vertex -6.76706 48.8693 55
    endloop
  endfacet
  facet normal 0 0 1
    outer loop
      vertex -4 51 55
      vertex -6.88253 48.8923 55
      vertex -6.82442 48.8827 55
    endloop
  endfacet
  facet normal 0 0 1
    outer loop
      vertex -4 51 55
      vertex -6.94114 48.8981 55
      vertex -6.88253 48.8923 55
    endloop
  endfacet
  facet normal 0 0 1
    outer loop
      vertex -4 51 55
      vertex -7 48.9 55
      vertex -6.94114 48.8981 55
    endloop
  endfacet
  facet normal 0 0 1
    outer loop
      vertex -4 51 55
      vertex -7.05886 48.8981 55
      vertex -7 48.9 55
    endloop
  endfacet
  facet normal 0 0 1
    outer loop
      vertex -4 51 55
      vertex -11 52.6 55
      vertex -7.05886 48.8981 55
    endloop
  endfacet
  facet normal 0 0 1
    outer loop
      vertex -7.05886 48.8981 55
      vertex -11 52.6 55
      vertex -7.11747 48.8923 55
    endloop
  endfacet
  facet normal 0 0 1
    outer loop
      vertex -7.11747 48.8923 55
      vertex -11 52.6 55
      vertex -7.17558 48.8827 55
    endloop
  endfacet
  facet normal 0 0 1
    outer loop
      vertex -7.17558 48.8827 55
      vertex -11 52.6 55
      vertex -7.23294 48.8693 55
    endloop
  endfacet
  facet normal 0 0 1
    outer loop
      vertex -7.23294 48.8693 55
      vertex -11 52.6 55
      vertex -7.2893 48.8522 55
    endloop
  endfacet
  facet normal 0 0 1
    outer loop
      vertex -7.2893 48.8522 55
      vertex -11 52.6 55
      vertex -7.34441 48.8315 55
    endloop
  endfacet
  facet normal 0 0 1
    outer loop
      vertex -7.34441 48.8315 55
      vertex -11 52.6 55
      vertex -7.39806 48.8072 55
    endloop
  endfacet
  facet normal 0 0 1
    outer loop
      vertex -7.39806 48.8072 55
      vertex -11 52.6 55
      vertex -7.45 48.7794 55
    endloop
  endfacet
  facet normal 0 0 1
    outer loop
      vertex -7.45 48.7794 55
      vertex -11 52.6 55
      vertex -7.50001 48.7483 55
    endloop
  endfacet
  facet normal 0 0 1
    outer loop
      vertex -7.50001 48.7483 55
      vertex -11 52.6 55
      vertex -7.54788 48.714 55
    endloop
  endfacet
  facet normal 0 0 1
    outer loop
      vertex -7.54788 48.714 55
      vertex -11 52.6 55
      vertex -7.59341 48.6767 55
    endloop
  endfacet
  facet normal 0 0 1
    outer loop
      vertex -7.59341 48.6767 55
      vertex -11 52.6 55
      vertex -7.6364 48.6364 55
    endloop
  endfacet
  facet normal 0 0 1
    outer loop
      vertex -7.6364 48.6364 55
      vertex -11 52.6 55
      vertex -7.67666 48.5934 55
    endloop
  endfacet
  facet normal 0 0 1
    outer loop
      vertex -7.67666 48.5934 55
      vertex -11 52.6 55
      vertex -7.71402 48.5479 55
    endloop
  endfacet
  facet normal 0 0 1
    outer loop
      vertex -7.71402 48.5479 55
      vertex -11 52.6 55
      vertex -7.74832 48.5 55
    endloop
  endfacet
  facet normal 0 0 1
    outer loop
      vertex -7.89807 48.0589 55
      vertex -11 52.6 55
      vertex -7.9 48 55
    endloop
  endfacet
  facet normal 0 0 1
    outer loop
      vertex -7.8923 48.1175 55
      vertex -11 52.6 55
      vertex -7.89807 48.0589 55
    endloop
  endfacet
  facet normal 0 0 1
    outer loop
      vertex -7.88271 48.1756 55
      vertex -11 52.6 55
      vertex -7.8923 48.1175 55
    endloop
  endfacet
  facet normal 0 0 1
    outer loop
      vertex -7.86933 48.2329 55
      vertex -11 52.6 55
      vertex -7.88271 48.1756 55
    endloop
  endfacet
  facet normal 0 0 1
    outer loop
      vertex -7.85224 48.2893 55
      vertex -11 52.6 55
      vertex -7.86933 48.2329 55
    endloop
  endfacet
  facet normal 0 0 1
    outer loop
      vertex -7.83149 48.3444 55
      vertex -11 52.6 55
      vertex -7.85224 48.2893 55
    endloop
  endfacet
  facet normal 0 0 1
    outer loop
      vertex -7.80719 48.3981 55
      vertex -11 52.6 55
      vertex -7.83149 48.3444 55
    endloop
  endfacet
  facet normal 0 0 1
    outer loop
      vertex -7.77942 48.45 55
      vertex -11 52.6 55
      vertex -7.80719 48.3981 55
    endloop
  endfacet
  facet normal 0 0 1
    outer loop
      vertex -7.74832 48.5 55
      vertex -11 52.6 55
      vertex -7.77942 48.45 55
    endloop
  endfacet
  facet normal -0 0 1
    outer loop
      vertex -11.2 55 55
      vertex -11 52.6 55
      vertex -4 55 55
    endloop
  endfacet
  facet normal 0 0 1
    outer loop
      vertex -11 52.6 55
      vertex -11.2 55 55
      vertex -11.2 52.6 55
    endloop
  endfacet
  facet normal 0 0 1
    outer loop
      vertex -6.1 48 55
      vertex -2 51 55
      vertex -4 51 55
    endloop
  endfacet
  facet normal 0 0 1
    outer loop
      vertex -2 51 55
      vertex -6.1 48 55
      vertex -6.10193 47.9411 55
    endloop
  endfacet
  facet normal 0 0 1
    outer loop
      vertex -2 51 55
      vertex -6.10193 47.9411 55
      vertex -6.1077 47.8825 55
    endloop
  endfacet
  facet normal 0 0 1
    outer loop
      vertex -6.11729 47.8244 55
      vertex -2 51 55
      vertex -6.1077 47.8825 55
    endloop
  endfacet
  facet normal 0 0 1
    outer loop
      vertex -2 51 55
      vertex -6.11729 47.8244 55
      vertex -2 43 55
    endloop
  endfacet
  facet normal -0 0 1
    outer loop
      vertex -6.13067 47.7671 55
      vertex -2 43 55
      vertex -6.11729 47.8244 55
    endloop
  endfacet
  facet normal -0 0 1
    outer loop
      vertex -6.14776 47.7107 55
      vertex -2 43 55
      vertex -6.13067 47.7671 55
    endloop
  endfacet
  facet normal -0 0 1
    outer loop
      vertex -6.16851 47.6556 55
      vertex -2 43 55
      vertex -6.14776 47.7107 55
    endloop
  endfacet
  facet normal -0 0 1
    outer loop
      vertex -6.19281 47.6019 55
      vertex -2 43 55
      vertex -6.16851 47.6556 55
    endloop
  endfacet
  facet normal -0 0 1
    outer loop
      vertex -6.22058 47.55 55
      vertex -2 43 55
      vertex -6.19281 47.6019 55
    endloop
  endfacet
  facet normal -0 0 1
    outer loop
      vertex -6.25168 47.5 55
      vertex -2 43 55
      vertex -6.22058 47.55 55
    endloop
  endfacet
  facet normal -0 0 1
    outer loop
      vertex -6.28598 47.4521 55
      vertex -2 43 55
      vertex -6.25168 47.5 55
    endloop
  endfacet
  facet normal -0 0 1
    outer loop
      vertex -6.32334 47.4066 55
      vertex -2 43 55
      vertex -6.28598 47.4521 55
    endloop
  endfacet
  facet normal -0 0 1
    outer loop
      vertex -6.3636 47.3636 55
      vertex -2 43 55
      vertex -6.32334 47.4066 55
    endloop
  endfacet
  facet normal -0 0 1
    outer loop
      vertex -6.40659 47.3233 55
      vertex -2 43 55
      vertex -6.3636 47.3636 55
    endloop
  endfacet
  facet normal -0 0 1
    outer loop
      vertex -6.45211 47.286 55
      vertex -2 43 55
      vertex -6.40659 47.3233 55
    endloop
  endfacet
  facet normal -0 0 1
    outer loop
      vertex -6.49999 47.2517 55
      vertex -2 43 55
      vertex -6.45211 47.286 55
    endloop
  endfacet
  facet normal -0 0 1
    outer loop
      vertex -6.55 47.2206 55
      vertex -2 43 55
      vertex -6.49999 47.2517 55
    endloop
  endfacet
  facet normal -0 0 1
    outer loop
      vertex -6.60194 47.1928 55
      vertex -2 43 55
      vertex -6.55 47.2206 55
    endloop
  endfacet
  facet normal -0 0 1
    outer loop
      vertex -6.65558 47.1685 55
      vertex -2 43 55
      vertex -6.60194 47.1928 55
    endloop
  endfacet
  facet normal -0 0 1
    outer loop
      vertex -6.7107 47.1478 55
      vertex -2 43 55
      vertex -6.65558 47.1685 55
    endloop
  endfacet
  facet normal -0 0 1
    outer loop
      vertex -6.76706 47.1307 55
      vertex -2 43 55
      vertex -6.7107 47.1478 55
    endloop
  endfacet
  facet normal -0 0 1
    outer loop
      vertex -6.82442 47.1173 55
      vertex -2 43 55
      vertex -6.76706 47.1307 55
    endloop
  endfacet
  facet normal -0 0 1
    outer loop
      vertex -6.88253 47.1077 55
      vertex -2 43 55
      vertex -6.82442 47.1173 55
    endloop
  endfacet
  facet normal -0 0 1
    outer loop
      vertex -6.94114 47.1019 55
      vertex -2 43 55
      vertex -6.88253 47.1077 55
    endloop
  endfacet
  facet normal 0 0 1
    outer loop
      vertex -11 43 55
      vertex -6.94114 47.1019 55
      vertex -7 47.1 55
    endloop
  endfacet
  facet normal 0 0 1
    outer loop
      vertex -11 43 55
      vertex -7 47.1 55
      vertex -7.05886 47.1019 55
    endloop
  endfacet
  facet normal 0 0 1
    outer loop
      vertex -11 43 55
      vertex -7.05886 47.1019 55
      vertex -7.11747 47.1077 55
    endloop
  endfacet
  facet normal 0 0 1
    outer loop
      vertex -11 43 55
      vertex -7.11747 47.1077 55
      vertex -7.17558 47.1173 55
    endloop
  endfacet
  facet normal 0 0 1
    outer loop
      vertex -11 43 55
      vertex -7.17558 47.1173 55
      vertex -7.23294 47.1307 55
    endloop
  endfacet
  facet normal 0 0 1
    outer loop
      vertex -11 43 55
      vertex -7.23294 47.1307 55
      vertex -7.2893 47.1478 55
    endloop
  endfacet
  facet normal 0 0 1
    outer loop
      vertex -11 43 55
      vertex -7.2893 47.1478 55
      vertex -7.34441 47.1685 55
    endloop
  endfacet
  facet normal 0 0 1
    outer loop
      vertex -11 43 55
      vertex -7.34441 47.1685 55
      vertex -7.39806 47.1928 55
    endloop
  endfacet
  facet normal 0 0 1
    outer loop
      vertex -11 43 55
      vertex -7.39806 47.1928 55
      vertex -7.45 47.2206 55
    endloop
  endfacet
  facet normal 0 0 1
    outer loop
      vertex -11 43 55
      vertex -7.45 47.2206 55
      vertex -7.50001 47.2517 55
    endloop
  endfacet
  facet normal 0 0 1
    outer loop
      vertex -11 43 55
      vertex -7.50001 47.2517 55
      vertex -7.54788 47.286 55
    endloop
  endfacet
  facet normal 0 0 1
    outer loop
      vertex -11 52.6 55
      vertex -7.89807 47.9411 55
      vertex -7.9 48 55
    endloop
  endfacet
  facet normal 0 0 1
    outer loop
      vertex -11 43 55
      vertex -7.89807 47.9411 55
      vertex -11 52.6 55
    endloop
  endfacet
  facet normal 0 0 1
    outer loop
      vertex -7.89807 47.9411 55
      vertex -11 43 55
      vertex -7.8923 47.8825 55
    endloop
  endfacet
  facet normal 0 0 1
    outer loop
      vertex -7.8923 47.8825 55
      vertex -11 43 55
      vertex -7.88271 47.8244 55
    endloop
  endfacet
  facet normal 0 0 1
    outer loop
      vertex -7.88271 47.8244 55
      vertex -11 43 55
      vertex -7.86933 47.7671 55
    endloop
  endfacet
  facet normal 0 0 1
    outer loop
      vertex -7.86933 47.7671 55
      vertex -11 43 55
      vertex -7.85224 47.7107 55
    endloop
  endfacet
  facet normal 0 0 1
    outer loop
      vertex -7.85224 47.7107 55
      vertex -11 43 55
      vertex -7.83149 47.6556 55
    endloop
  endfacet
  facet normal 0 0 1
    outer loop
      vertex -7.83149 47.6556 55
      vertex -11 43 55
      vertex -7.80719 47.6019 55
    endloop
  endfacet
  facet normal 0 0 1
    outer loop
      vertex -7.80719 47.6019 55
      vertex -11 43 55
      vertex -7.77942 47.55 55
    endloop
  endfacet
  facet normal 0 0 1
    outer loop
      vertex -6.94114 47.1019 55
      vertex -11 43 55
      vertex -2 43 55
    endloop
  endfacet
  facet normal 0 0 1
    outer loop
      vertex -7.59341 47.3233 55
      vertex -11 43 55
      vertex -7.54788 47.286 55
    endloop
  endfacet
  facet normal 0 0 1
    outer loop
      vertex -7.6364 47.3636 55
      vertex -11 43 55
      vertex -7.59341 47.3233 55
    endloop
  endfacet
  facet normal 0 0 1
    outer loop
      vertex -7.67666 47.4066 55
      vertex -11 43 55
      vertex -7.6364 47.3636 55
    endloop
  endfacet
  facet normal 0 0 1
    outer loop
      vertex -7.71402 47.4521 55
      vertex -11 43 55
      vertex -7.67666 47.4066 55
    endloop
  endfacet
  facet normal 0 0 1
    outer loop
      vertex -7.74832 47.5 55
      vertex -11 43 55
      vertex -7.71402 47.4521 55
    endloop
  endfacet
  facet normal 0 0 1
    outer loop
      vertex -7.77942 47.55 55
      vertex -11 43 55
      vertex -7.74832 47.5 55
    endloop
  endfacet
  facet normal 1 -0 0
    outer loop
      vertex 11 43 55
      vertex 11 52.6 3
      vertex 11 52.6 55
    endloop
  endfacet
  facet normal 1 0 0
    outer loop
      vertex 11 52.6 3
      vertex 11 43 55
      vertex 11 43 3
    endloop
  endfacet
  facet normal 0 -1 0
    outer loop
      vertex -11 43 55
      vertex -1.99572 43 54.8692
      vertex -2 43 55
    endloop
  endfacet
  facet normal 0 -1 0
    outer loop
      vertex -11 43 55
      vertex -1.98289 43 54.7389
      vertex -1.99572 43 54.8692
    endloop
  endfacet
  facet normal 0 -1 0
    outer loop
      vertex -11 43 55
      vertex -1.96157 43 54.6098
      vertex -1.98289 43 54.7389
    endloop
  endfacet
  facet normal 0 -1 0
    outer loop
      vertex -11 43 55
      vertex -1.93185 43 54.4824
      vertex -1.96157 43 54.6098
    endloop
  endfacet
  facet normal 0 -1 0
    outer loop
      vertex -11 43 55
      vertex -1.89386 43 54.3571
      vertex -1.93185 43 54.4824
    endloop
  endfacet
  facet normal 0 -1 0
    outer loop
      vertex -11 43 55
      vertex -1.84776 43 54.2346
      vertex -1.89386 43 54.3571
    endloop
  endfacet
  facet normal 0 -1 0
    outer loop
      vertex -11 43 55
      vertex -1.79375 43 54.1154
      vertex -1.84776 43 54.2346
    endloop
  endfacet
  facet normal 0 -1 0
    outer loop
      vertex -11 43 55
      vertex -1.73205 43 54
      vertex -1.79375 43 54.1154
    endloop
  endfacet
  facet normal 0 -1 0
    outer loop
      vertex -11 43 55
      vertex -1.66294 43 53.8889
      vertex -1.73205 43 54
    endloop
  endfacet
  facet normal 0 -1 0
    outer loop
      vertex -11 43 55
      vertex -1.58671 43 53.7825
      vertex -1.66294 43 53.8889
    endloop
  endfacet
  facet normal 0 -1 0
    outer loop
      vertex -11 43 55
      vertex -1.50368 43 53.6813
      vertex -1.58671 43 53.7825
    endloop
  endfacet
  facet normal 0 -1 0
    outer loop
      vertex -11 43 55
      vertex -1.41421 43 53.5858
      vertex -1.50368 43 53.6813
    endloop
  endfacet
  facet normal 0 -1 0
    outer loop
      vertex -11 43 55
      vertex -1.31869 43 53.4963
      vertex -1.41421 43 53.5858
    endloop
  endfacet
  facet normal 0 -1 0
    outer loop
      vertex -11 43 55
      vertex -1.21752 43 53.4133
      vertex -1.31869 43 53.4963
    endloop
  endfacet
  facet normal 0 -1 0
    outer loop
      vertex -11 43 55
      vertex -1.11114 43 53.3371
      vertex -1.21752 43 53.4133
    endloop
  endfacet
  facet normal 0 -1 0
    outer loop
      vertex -11 43 55
      vertex -1 43 53.2679
      vertex -1.11114 43 53.3371
    endloop
  endfacet
  facet normal 0 -1 0
    outer loop
      vertex -11 43 55
      vertex -0.884577 43 53.2063
      vertex -1 43 53.2679
    endloop
  endfacet
  facet normal 0 -1 0
    outer loop
      vertex -11 43 55
      vertex -0.765367 43 53.1522
      vertex -0.884577 43 53.2063
    endloop
  endfacet
  facet normal 0 -1 0
    outer loop
      vertex -11 43 3
      vertex -0.765367 43 53.1522
      vertex -11 43 55
    endloop
  endfacet
  facet normal 0 -1 -0
    outer loop
      vertex -0.765367 43 53.1522
      vertex -11 43 3
      vertex -0.642879 43 53.1061
    endloop
  endfacet
  facet normal 0 -1 -0
    outer loop
      vertex -0.642879 43 53.1061
      vertex -11 43 3
      vertex -0.517637 43 53.0681
    endloop
  endfacet
  facet normal 0 -1 -0
    outer loop
      vertex -0.130806 43 53.0043
      vertex -11 43 3
      vertex 0 43 53
    endloop
  endfacet
  facet normal 0 -1 -0
    outer loop
      vertex -0.261052 43 53.0171
      vertex -11 43 3
      vertex -0.130806 43 53.0043
    endloop
  endfacet
  facet normal 0 -1 -0
    outer loop
      vertex -0.390181 43 53.0384
      vertex -11 43 3
      vertex -0.261052 43 53.0171
    endloop
  endfacet
  facet normal 0 -1 -0
    outer loop
      vertex -0.517637 43 53.0681
      vertex -11 43 3
      vertex -0.390181 43 53.0384
    endloop
  endfacet
  facet normal 0 -1 0
    outer loop
      vertex 1.99572 43 54.8692
      vertex 11 43 55
      vertex 2 43 55
    endloop
  endfacet
  facet normal 0 -1 0
    outer loop
      vertex 1.98289 43 54.7389
      vertex 11 43 55
      vertex 1.99572 43 54.8692
    endloop
  endfacet
  facet normal 0 -1 0
    outer loop
      vertex 1.96157 43 54.6098
      vertex 11 43 55
      vertex 1.98289 43 54.7389
    endloop
  endfacet
  facet normal 0 -1 0
    outer loop
      vertex 1.93185 43 54.4824
      vertex 11 43 55
      vertex 1.96157 43 54.6098
    endloop
  endfacet
  facet normal 0 -1 0
    outer loop
      vertex 1.89386 43 54.3571
      vertex 11 43 55
      vertex 1.93185 43 54.4824
    endloop
  endfacet
  facet normal 0 -1 0
    outer loop
      vertex 1.84776 43 54.2346
      vertex 11 43 55
      vertex 1.89386 43 54.3571
    endloop
  endfacet
  facet normal 0 -1 0
    outer loop
      vertex 1.79375 43 54.1154
      vertex 11 43 55
      vertex 1.84776 43 54.2346
    endloop
  endfacet
  facet normal 0 -1 0
    outer loop
      vertex 1.73205 43 54
      vertex 11 43 55
      vertex 1.79375 43 54.1154
    endloop
  endfacet
  facet normal 0 -1 0
    outer loop
      vertex 1.66294 43 53.8889
      vertex 11 43 55
      vertex 1.73205 43 54
    endloop
  endfacet
  facet normal 0 -1 0
    outer loop
      vertex 1.58671 43 53.7825
      vertex 11 43 55
      vertex 1.66294 43 53.8889
    endloop
  endfacet
  facet normal 0 -1 0
    outer loop
      vertex 1.50368 43 53.6813
      vertex 11 43 55
      vertex 1.58671 43 53.7825
    endloop
  endfacet
  facet normal 0 -1 0
    outer loop
      vertex 1.41421 43 53.5858
      vertex 11 43 55
      vertex 1.50368 43 53.6813
    endloop
  endfacet
  facet normal 0 -1 0
    outer loop
      vertex 1.31869 43 53.4963
      vertex 11 43 55
      vertex 1.41421 43 53.5858
    endloop
  endfacet
  facet normal 0 -1 0
    outer loop
      vertex 1.21752 43 53.4133
      vertex 11 43 55
      vertex 1.31869 43 53.4963
    endloop
  endfacet
  facet normal 0 -1 0
    outer loop
      vertex 1.11114 43 53.3371
      vertex 11 43 55
      vertex 1.21752 43 53.4133
    endloop
  endfacet
  facet normal 0 -1 0
    outer loop
      vertex 1 43 53.2679
      vertex 11 43 55
      vertex 1.11114 43 53.3371
    endloop
  endfacet
  facet normal 0 -1 0
    outer loop
      vertex 0.884577 43 53.2063
      vertex 11 43 55
      vertex 1 43 53.2679
    endloop
  endfacet
  facet normal 0 -1 0
    outer loop
      vertex 0.765367 43 53.1522
      vertex 11 43 55
      vertex 0.884577 43 53.2063
    endloop
  endfacet
  facet normal 0 -1 0
    outer loop
      vertex 11 43 3
      vertex 0.765367 43 53.1522
      vertex 0.642879 43 53.1061
    endloop
  endfacet
  facet normal 0 -1 0
    outer loop
      vertex 11 43 3
      vertex 0.642879 43 53.1061
      vertex 0.517637 43 53.0681
    endloop
  endfacet
  facet normal 0 -1 0
    outer loop
      vertex 11 43 3
      vertex 0.517637 43 53.0681
      vertex 0.390181 43 53.0384
    endloop
  endfacet
  facet normal 0 -1 0
    outer loop
      vertex 11 43 3
      vertex 0 43 53
      vertex -11 43 3
    endloop
  endfacet
  facet normal 0 -1 0
    outer loop
      vertex 0 43 53
      vertex 11 43 3
      vertex 0.130806 43 53.0043
    endloop
  endfacet
  facet normal 0 -1 0
    outer loop
      vertex 0.130806 43 53.0043
      vertex 11 43 3
      vertex 0.261052 43 53.0171
    endloop
  endfacet
  facet normal 0 -1 0
    outer loop
      vertex 0.261052 43 53.0171
      vertex 11 43 3
      vertex 0.390181 43 53.0384
    endloop
  endfacet
  facet normal 0 -1 0
    outer loop
      vertex 0.765367 43 53.1522
      vertex 11 43 3
      vertex 11 43 55
    endloop
  endfacet
  facet normal 0.911119 -0.412144 0
    outer loop
      vertex -66.1548 -44.5216 60
      vertex -66.1211 -44.4471 48
      vertex -66.1211 -44.4471 60
    endloop
  endfacet
  facet normal 0.911119 -0.412144 0
    outer loop
      vertex -66.1211 -44.4471 48
      vertex -66.1548 -44.5216 60
      vertex -66.1548 -44.5216 48
    endloop
  endfacet
  facet normal 0.911119 0.412144 0
    outer loop
      vertex -66.1211 -45.5529 60
      vertex -66.1548 -45.4784 48
      vertex -66.1548 -45.4784 60
    endloop
  endfacet
  facet normal 0.911119 0.412144 0
    outer loop
      vertex -66.1548 -45.4784 48
      vertex -66.1211 -45.5529 60
      vertex -66.1211 -45.5529 48
    endloop
  endfacet
  facet normal -0.957117 -0.289702 0
    outer loop
      vertex -63.7926 -44.6765 48
      vertex -63.8163 -44.5982 60
      vertex -63.8163 -44.5982 48
    endloop
  endfacet
  facet normal -0.957117 -0.289702 0
    outer loop
      vertex -63.8163 -44.5982 60
      vertex -63.7926 -44.6765 48
      vertex -63.7926 -44.6765 60
    endloop
  endfacet
  facet normal -0.772812 -0.634635 0
    outer loop
      vertex -64.0083 -44.239 48
      vertex -64.0602 -44.1758 60
      vertex -64.0602 -44.1758 48
    endloop
  endfacet
  facet normal -0.772812 -0.634635 0
    outer loop
      vertex -64.0602 -44.1758 60
      vertex -64.0083 -44.239 48
      vertex -64.0083 -44.239 60
    endloop
  endfacet
  facet normal -0.471984 -0.881607 0
    outer loop
      vertex -64.4471 -43.8789 48
      vertex -64.375 -43.9175 60
      vertex -64.4471 -43.8789 60
    endloop
  endfacet
  facet normal -0.471984 -0.881607 -0
    outer loop
      vertex -64.375 -43.9175 60
      vertex -64.4471 -43.8789 48
      vertex -64.375 -43.9175 48
    endloop
  endfacet
  facet normal -0.0329894 -0.999456 0
    outer loop
      vertex -65 -43.75 48
      vertex -64.9182 -43.7527 60
      vertex -65 -43.75 60
    endloop
  endfacet
  facet normal -0.0329894 -0.999456 -0
    outer loop
      vertex -64.9182 -43.7527 60
      vertex -65 -43.75 48
      vertex -64.9182 -43.7527 48
    endloop
  endfacet
  facet normal 0.995205 -0.0978089 0
    outer loop
      vertex -66.2473 -44.9182 60
      vertex -66.2393 -44.8368 48
      vertex -66.2393 -44.8368 60
    endloop
  endfacet
  facet normal 0.995205 -0.0978089 0
    outer loop
      vertex -66.2393 -44.8368 48
      vertex -66.2473 -44.9182 60
      vertex -66.2473 -44.9182 48
    endloop
  endfacet
  facet normal 0.351927 -0.936028 0
    outer loop
      vertex -65.4784 -43.8451 48
      vertex -65.4018 -43.8163 60
      vertex -65.4784 -43.8451 60
    endloop
  endfacet
  facet normal 0.351927 -0.936028 0
    outer loop
      vertex -65.4018 -43.8163 60
      vertex -65.4784 -43.8451 48
      vertex -65.4018 -43.8163 48
    endloop
  endfacet
  facet normal 0.634036 -0.773304 0
    outer loop
      vertex -65.8242 -44.0602 48
      vertex -65.7609 -44.0083 60
      vertex -65.8242 -44.0602 60
    endloop
  endfacet
  facet normal 0.634036 -0.773304 0
    outer loop
      vertex -65.7609 -44.0083 60
      vertex -65.8242 -44.0602 48
      vertex -65.7609 -44.0083 48
    endloop
  endfacet
  facet normal -0.729956 0.683494 0
    outer loop
      vertex -64.1161 -45.8839 48
      vertex -64.0602 -45.8242 60
      vertex -64.0602 -45.8242 48
    endloop
  endfacet
  facet normal -0.729956 0.683494 0
    outer loop
      vertex -64.0602 -45.8242 60
      vertex -64.1161 -45.8839 48
      vertex -64.1161 -45.8839 60
    endloop
  endfacet
  facet normal -0.227539 0.973769 0
    outer loop
      vertex -64.6765 -46.2074 48
      vertex -64.7561 -46.226 60
      vertex -64.6765 -46.2074 60
    endloop
  endfacet
  facet normal -0.227539 0.973769 0
    outer loop
      vertex -64.7561 -46.226 60
      vertex -64.6765 -46.2074 48
      vertex -64.7561 -46.226 48
    endloop
  endfacet
  facet normal -0.634635 0.772812 0
    outer loop
      vertex -64.1758 -45.9398 48
      vertex -64.239 -45.9917 60
      vertex -64.1758 -45.9398 60
    endloop
  endfacet
  facet normal -0.634635 0.772812 0
    outer loop
      vertex -64.239 -45.9917 60
      vertex -64.1758 -45.9398 48
      vertex -64.239 -45.9917 48
    endloop
  endfacet
  facet normal 0.0978089 0.995205 -0
    outer loop
      vertex -65.0818 -46.2473 48
      vertex -65.1632 -46.2393 60
      vertex -65.0818 -46.2473 60
    endloop
  endfacet
  facet normal 0.0978089 0.995205 0
    outer loop
      vertex -65.1632 -46.2393 60
      vertex -65.0818 -46.2473 48
      vertex -65.1632 -46.2393 48
    endloop
  endfacet
  facet normal -0.8493 -0.52791 0
    outer loop
      vertex -63.9175 -44.375 48
      vertex -63.9607 -44.3055 60
      vertex -63.9607 -44.3055 48
    endloop
  endfacet
  facet normal -0.8493 -0.52791 0
    outer loop
      vertex -63.9607 -44.3055 60
      vertex -63.9175 -44.375 48
      vertex -63.9175 -44.375 60
    endloop
  endfacet
  facet normal -0.813155 -0.582048 0
    outer loop
      vertex -63.9607 -44.3055 48
      vertex -64.0083 -44.239 60
      vertex -64.0083 -44.239 48
    endloop
  endfacet
  facet normal -0.813155 -0.582048 0
    outer loop
      vertex -64.0083 -44.239 60
      vertex -63.9607 -44.3055 48
      vertex -63.9607 -44.3055 60
    endloop
  endfacet
  facet normal -0.683494 -0.729956 0
    outer loop
      vertex -64.1758 -44.0602 48
      vertex -64.1161 -44.1161 60
      vertex -64.1758 -44.0602 60
    endloop
  endfacet
  facet normal -0.683494 -0.729956 -0
    outer loop
      vertex -64.1161 -44.1161 60
      vertex -64.1758 -44.0602 48
      vertex -64.1161 -44.1161 48
    endloop
  endfacet
  facet normal -0.162614 -0.98669 0
    outer loop
      vertex -64.8368 -43.7607 48
      vertex -64.7561 -43.774 60
      vertex -64.8368 -43.7607 60
    endloop
  endfacet
  facet normal -0.162614 -0.98669 -0
    outer loop
      vertex -64.7561 -43.774 60
      vertex -64.8368 -43.7607 48
      vertex -64.7561 -43.774 48
    endloop
  endfacet
  facet normal -0.582048 -0.813155 0
    outer loop
      vertex -64.3055 -43.9607 48
      vertex -64.239 -44.0083 60
      vertex -64.3055 -43.9607 60
    endloop
  endfacet
  facet normal -0.582048 -0.813155 -0
    outer loop
      vertex -64.239 -44.0083 60
      vertex -64.3055 -43.9607 48
      vertex -64.239 -44.0083 48
    endloop
  endfacet
  facet normal -0.289702 -0.957117 0
    outer loop
      vertex -64.6765 -43.7926 48
      vertex -64.5982 -43.8163 60
      vertex -64.6765 -43.7926 60
    endloop
  endfacet
  facet normal -0.289702 -0.957117 -0
    outer loop
      vertex -64.5982 -43.8163 60
      vertex -64.6765 -43.7926 48
      vertex -64.5982 -43.8163 48
    endloop
  endfacet
  facet normal 0.973769 -0.227539 0
    outer loop
      vertex -66.226 -44.7561 60
      vertex -66.2074 -44.6765 48
      vertex -66.2074 -44.6765 60
    endloop
  endfacet
  facet normal 0.973769 -0.227539 0
    outer loop
      vertex -66.2074 -44.6765 48
      vertex -66.226 -44.7561 60
      vertex -66.226 -44.7561 48
    endloop
  endfacet
  facet normal 0.772812 -0.634635 0
    outer loop
      vertex -65.9917 -44.239 60
      vertex -65.9398 -44.1758 48
      vertex -65.9398 -44.1758 60
    endloop
  endfacet
  facet normal 0.772812 -0.634635 0
    outer loop
      vertex -65.9398 -44.1758 48
      vertex -65.9917 -44.239 60
      vertex -65.9917 -44.239 48
    endloop
  endfacet
  facet normal 0.881607 -0.471984 0
    outer loop
      vertex -66.1211 -44.4471 60
      vertex -66.0825 -44.375 48
      vertex -66.0825 -44.375 60
    endloop
  endfacet
  facet normal 0.881607 -0.471984 0
    outer loop
      vertex -66.0825 -44.375 48
      vertex -66.1211 -44.4471 60
      vertex -66.1211 -44.4471 48
    endloop
  endfacet
  facet normal 0.813155 -0.582048 0
    outer loop
      vertex -66.0393 -44.3055 60
      vertex -65.9917 -44.239 48
      vertex -65.9917 -44.239 60
    endloop
  endfacet
  facet normal 0.813155 -0.582048 0
    outer loop
      vertex -65.9917 -44.239 48
      vertex -66.0393 -44.3055 60
      vertex -66.0393 -44.3055 48
    endloop
  endfacet
  facet normal 0.0978089 -0.995205 0
    outer loop
      vertex -65.1632 -43.7607 48
      vertex -65.0818 -43.7527 60
      vertex -65.1632 -43.7607 60
    endloop
  endfacet
  facet normal 0.0978089 -0.995205 0
    outer loop
      vertex -65.0818 -43.7527 60
      vertex -65.1632 -43.7607 48
      vertex -65.0818 -43.7527 48
    endloop
  endfacet
  facet normal 0.52791 -0.8493 0
    outer loop
      vertex -65.6945 -43.9607 48
      vertex -65.625 -43.9175 60
      vertex -65.6945 -43.9607 60
    endloop
  endfacet
  facet normal 0.52791 -0.8493 0
    outer loop
      vertex -65.625 -43.9175 60
      vertex -65.6945 -43.9607 48
      vertex -65.625 -43.9175 48
    endloop
  endfacet
  facet normal 0.582627 -0.81274 0
    outer loop
      vertex -65.7609 -44.0083 48
      vertex -65.6945 -43.9607 60
      vertex -65.7609 -44.0083 60
    endloop
  endfacet
  facet normal 0.582627 -0.81274 0
    outer loop
      vertex -65.6945 -43.9607 60
      vertex -65.7609 -44.0083 48
      vertex -65.6945 -43.9607 48
    endloop
  endfacet
  facet normal 0.683494 -0.729956 0
    outer loop
      vertex -65.8839 -44.1161 48
      vertex -65.8242 -44.0602 60
      vertex -65.8839 -44.1161 60
    endloop
  endfacet
  facet normal 0.683494 -0.729956 0
    outer loop
      vertex -65.8242 -44.0602 60
      vertex -65.8839 -44.1161 48
      vertex -65.8242 -44.0602 48
    endloop
  endfacet
  facet normal -0.999456 0.0329894 0
    outer loop
      vertex -63.7527 -45.0818 48
      vertex -63.75 -45 60
      vertex -63.75 -45 48
    endloop
  endfacet
  facet normal -0.999456 0.0329894 0
    outer loop
      vertex -63.75 -45 60
      vertex -63.7527 -45.0818 48
      vertex -63.7527 -45.0818 60
    endloop
  endfacet
  facet normal -0.162614 0.98669 0
    outer loop
      vertex -64.7561 -46.226 48
      vertex -64.8368 -46.2393 60
      vertex -64.7561 -46.226 60
    endloop
  endfacet
  facet normal -0.162614 0.98669 0
    outer loop
      vertex -64.8368 -46.2393 60
      vertex -64.7561 -46.226 48
      vertex -64.8368 -46.2393 48
    endloop
  endfacet
  facet normal -0.413158 0.910659 0
    outer loop
      vertex -64.4471 -46.1211 48
      vertex -64.5216 -46.1549 60
      vertex -64.4471 -46.1211 60
    endloop
  endfacet
  facet normal -0.413158 0.910659 0
    outer loop
      vertex -64.5216 -46.1549 60
      vertex -64.4471 -46.1211 48
      vertex -64.5216 -46.1549 48
    endloop
  endfacet
  facet normal -0.582048 0.813155 0
    outer loop
      vertex -64.239 -45.9917 48
      vertex -64.3055 -46.0393 60
      vertex -64.239 -45.9917 60
    endloop
  endfacet
  facet normal -0.582048 0.813155 0
    outer loop
      vertex -64.3055 -46.0393 60
      vertex -64.239 -45.9917 48
      vertex -64.3055 -46.0393 48
    endloop
  endfacet
  facet normal 0.227539 0.973769 -0
    outer loop
      vertex -65.2439 -46.226 48
      vertex -65.3235 -46.2074 60
      vertex -65.2439 -46.226 60
    endloop
  endfacet
  facet normal 0.227539 0.973769 0
    outer loop
      vertex -65.3235 -46.2074 60
      vertex -65.2439 -46.226 48
      vertex -65.3235 -46.2074 48
    endloop
  endfacet
  facet normal 0.162614 0.98669 -0
    outer loop
      vertex -65.1632 -46.2393 48
      vertex -65.2439 -46.226 60
      vertex -65.1632 -46.2393 60
    endloop
  endfacet
  facet normal 0.162614 0.98669 0
    outer loop
      vertex -65.2439 -46.226 60
      vertex -65.1632 -46.2393 48
      vertex -65.2439 -46.226 48
    endloop
  endfacet
  facet normal 0.413158 0.910659 -0
    outer loop
      vertex -65.4784 -46.1549 48
      vertex -65.5529 -46.1211 60
      vertex -65.4784 -46.1549 60
    endloop
  endfacet
  facet normal 0.413158 0.910659 0
    outer loop
      vertex -65.5529 -46.1211 60
      vertex -65.4784 -46.1549 48
      vertex -65.5529 -46.1211 48
    endloop
  endfacet
  facet normal 0.973769 0.227539 0
    outer loop
      vertex -66.2074 -45.3235 60
      vertex -66.226 -45.2439 48
      vertex -66.226 -45.2439 60
    endloop
  endfacet
  facet normal 0.973769 0.227539 0
    outer loop
      vertex -66.226 -45.2439 48
      vertex -66.2074 -45.3235 60
      vertex -66.2074 -45.3235 48
    endloop
  endfacet
  facet normal 0 0 1
    outer loop
      vertex -63.7527 -44.9182 48
      vertex -63.7527 -45.0818 48
      vertex -63.75 -45 48
    endloop
  endfacet
  facet normal 0 0 1
    outer loop
      vertex -63.7607 -44.8368 48
      vertex -63.7527 -45.0818 48
      vertex -63.7527 -44.9182 48
    endloop
  endfacet
  facet normal 0 0 1
    outer loop
      vertex -63.7607 -44.8368 48
      vertex -63.7607 -45.1632 48
      vertex -63.7527 -45.0818 48
    endloop
  endfacet
  facet normal 0 0 1
    outer loop
      vertex -63.774 -44.7561 48
      vertex -63.7607 -45.1632 48
      vertex -63.7607 -44.8368 48
    endloop
  endfacet
  facet normal 0 0 1
    outer loop
      vertex -63.774 -44.7561 48
      vertex -63.774 -45.2439 48
      vertex -63.7607 -45.1632 48
    endloop
  endfacet
  facet normal 0 0 1
    outer loop
      vertex -63.7926 -44.6765 48
      vertex -63.774 -45.2439 48
      vertex -63.774 -44.7561 48
    endloop
  endfacet
  facet normal 0 0 1
    outer loop
      vertex -63.7926 -44.6765 48
      vertex -63.7926 -45.3235 48
      vertex -63.774 -45.2439 48
    endloop
  endfacet
  facet normal 0 0 1
    outer loop
      vertex -63.8163 -44.5982 48
      vertex -63.7926 -45.3235 48
      vertex -63.7926 -44.6765 48
    endloop
  endfacet
  facet normal 0 0 1
    outer loop
      vertex -63.8163 -44.5982 48
      vertex -63.8163 -45.4018 48
      vertex -63.7926 -45.3235 48
    endloop
  endfacet
  facet normal 0 0 1
    outer loop
      vertex -63.8451 -44.5216 48
      vertex -63.8163 -45.4018 48
      vertex -63.8163 -44.5982 48
    endloop
  endfacet
  facet normal 0 0 1
    outer loop
      vertex -63.8451 -44.5216 48
      vertex -63.8451 -45.4784 48
      vertex -63.8163 -45.4018 48
    endloop
  endfacet
  facet normal 0 0 1
    outer loop
      vertex -63.8789 -44.4471 48
      vertex -63.8451 -45.4784 48
      vertex -63.8451 -44.5216 48
    endloop
  endfacet
  facet normal 0 0 1
    outer loop
      vertex -63.8789 -44.4471 48
      vertex -63.8789 -45.5529 48
      vertex -63.8451 -45.4784 48
    endloop
  endfacet
  facet normal 0 0 1
    outer loop
      vertex -63.9175 -44.375 48
      vertex -63.8789 -45.5529 48
      vertex -63.8789 -44.4471 48
    endloop
  endfacet
  facet normal 0 0 1
    outer loop
      vertex -63.9175 -44.375 48
      vertex -63.9175 -45.625 48
      vertex -63.8789 -45.5529 48
    endloop
  endfacet
  facet normal 0 0 1
    outer loop
      vertex -63.9607 -44.3055 48
      vertex -63.9175 -45.625 48
      vertex -63.9175 -44.375 48
    endloop
  endfacet
  facet normal 0 0 1
    outer loop
      vertex -63.9607 -44.3055 48
      vertex -63.9607 -45.6945 48
      vertex -63.9175 -45.625 48
    endloop
  endfacet
  facet normal 0 0 1
    outer loop
      vertex -64.0083 -44.239 48
      vertex -63.9607 -45.6945 48
      vertex -63.9607 -44.3055 48
    endloop
  endfacet
  facet normal 0 0 1
    outer loop
      vertex -64.0083 -44.239 48
      vertex -64.0083 -45.761 48
      vertex -63.9607 -45.6945 48
    endloop
  endfacet
  facet normal 0 0 1
    outer loop
      vertex -64.0602 -44.1758 48
      vertex -64.0083 -45.761 48
      vertex -64.0083 -44.239 48
    endloop
  endfacet
  facet normal 0 0 1
    outer loop
      vertex -64.0602 -44.1758 48
      vertex -64.0602 -45.8242 48
      vertex -64.0083 -45.761 48
    endloop
  endfacet
  facet normal 0 0 1
    outer loop
      vertex -64.1161 -44.1161 48
      vertex -64.0602 -45.8242 48
      vertex -64.0602 -44.1758 48
    endloop
  endfacet
  facet normal 0 0 1
    outer loop
      vertex -64.1161 -44.1161 48
      vertex -64.1161 -45.8839 48
      vertex -64.0602 -45.8242 48
    endloop
  endfacet
  facet normal 0 0 1
    outer loop
      vertex -64.1758 -44.0602 48
      vertex -64.1161 -45.8839 48
      vertex -64.1161 -44.1161 48
    endloop
  endfacet
  facet normal 0 0 1
    outer loop
      vertex -64.1758 -44.0602 48
      vertex -64.1758 -45.9398 48
      vertex -64.1161 -45.8839 48
    endloop
  endfacet
  facet normal 0 0 1
    outer loop
      vertex -64.239 -44.0083 48
      vertex -64.1758 -45.9398 48
      vertex -64.1758 -44.0602 48
    endloop
  endfacet
  facet normal 0 0 1
    outer loop
      vertex -64.239 -44.0083 48
      vertex -64.239 -45.9917 48
      vertex -64.1758 -45.9398 48
    endloop
  endfacet
  facet normal 0 0 1
    outer loop
      vertex -64.3055 -43.9607 48
      vertex -64.239 -45.9917 48
      vertex -64.239 -44.0083 48
    endloop
  endfacet
  facet normal 0 0 1
    outer loop
      vertex -64.3055 -43.9607 48
      vertex -64.3055 -46.0393 48
      vertex -64.239 -45.9917 48
    endloop
  endfacet
  facet normal 0 0 1
    outer loop
      vertex -64.375 -43.9175 48
      vertex -64.3055 -46.0393 48
      vertex -64.3055 -43.9607 48
    endloop
  endfacet
  facet normal 0 0 1
    outer loop
      vertex -64.375 -43.9175 48
      vertex -64.375 -46.0825 48
      vertex -64.3055 -46.0393 48
    endloop
  endfacet
  facet normal 0 0 1
    outer loop
      vertex -64.4471 -43.8789 48
      vertex -64.375 -46.0825 48
      vertex -64.375 -43.9175 48
    endloop
  endfacet
  facet normal 0 0 1
    outer loop
      vertex -64.4471 -43.8789 48
      vertex -64.4471 -46.1211 48
      vertex -64.375 -46.0825 48
    endloop
  endfacet
  facet normal 0 0 1
    outer loop
      vertex -64.5216 -43.8451 48
      vertex -64.4471 -46.1211 48
      vertex -64.4471 -43.8789 48
    endloop
  endfacet
  facet normal 0 0 1
    outer loop
      vertex -64.5216 -43.8451 48
      vertex -64.5216 -46.1549 48
      vertex -64.4471 -46.1211 48
    endloop
  endfacet
  facet normal 0 0 1
    outer loop
      vertex -64.5982 -43.8163 48
      vertex -64.5216 -46.1549 48
      vertex -64.5216 -43.8451 48
    endloop
  endfacet
  facet normal 0 0 1
    outer loop
      vertex -64.5982 -43.8163 48
      vertex -64.5982 -46.1837 48
      vertex -64.5216 -46.1549 48
    endloop
  endfacet
  facet normal 0 0 1
    outer loop
      vertex -64.6765 -43.7926 48
      vertex -64.5982 -46.1837 48
      vertex -64.5982 -43.8163 48
    endloop
  endfacet
  facet normal 0 0 1
    outer loop
      vertex -64.6765 -43.7926 48
      vertex -64.6765 -46.2074 48
      vertex -64.5982 -46.1837 48
    endloop
  endfacet
  facet normal 0 0 1
    outer loop
      vertex -64.7561 -43.774 48
      vertex -64.6765 -46.2074 48
      vertex -64.6765 -43.7926 48
    endloop
  endfacet
  facet normal 0 0 1
    outer loop
      vertex -64.7561 -43.774 48
      vertex -64.7561 -46.226 48
      vertex -64.6765 -46.2074 48
    endloop
  endfacet
  facet normal 0 0 1
    outer loop
      vertex -64.8368 -43.7607 48
      vertex -64.7561 -46.226 48
      vertex -64.7561 -43.774 48
    endloop
  endfacet
  facet normal 0 0 1
    outer loop
      vertex -64.8368 -43.7607 48
      vertex -64.8368 -46.2393 48
      vertex -64.7561 -46.226 48
    endloop
  endfacet
  facet normal 0 0 1
    outer loop
      vertex -64.9182 -43.7527 48
      vertex -64.8368 -46.2393 48
      vertex -64.8368 -43.7607 48
    endloop
  endfacet
  facet normal 0 0 1
    outer loop
      vertex -64.9182 -43.7527 48
      vertex -64.9182 -46.2473 48
      vertex -64.8368 -46.2393 48
    endloop
  endfacet
  facet normal 0 0 1
    outer loop
      vertex -65 -43.75 48
      vertex -64.9182 -46.2473 48
      vertex -64.9182 -43.7527 48
    endloop
  endfacet
  facet normal 0 0 1
    outer loop
      vertex -65 -43.75 48
      vertex -65 -46.25 48
      vertex -64.9182 -46.2473 48
    endloop
  endfacet
  facet normal -0 0 1
    outer loop
      vertex -65.0818 -43.7527 48
      vertex -65 -46.25 48
      vertex -65 -43.75 48
    endloop
  endfacet
  facet normal 0 0 1
    outer loop
      vertex -65.0818 -43.7527 48
      vertex -65.0818 -46.2473 48
      vertex -65 -46.25 48
    endloop
  endfacet
  facet normal -0 0 1
    outer loop
      vertex -65.1632 -43.7607 48
      vertex -65.0818 -46.2473 48
      vertex -65.0818 -43.7527 48
    endloop
  endfacet
  facet normal 0 0 1
    outer loop
      vertex -65.1632 -43.7607 48
      vertex -65.1632 -46.2393 48
      vertex -65.0818 -46.2473 48
    endloop
  endfacet
  facet normal -0 0 1
    outer loop
      vertex -65.2439 -43.774 48
      vertex -65.1632 -46.2393 48
      vertex -65.1632 -43.7607 48
    endloop
  endfacet
  facet normal 0 0 1
    outer loop
      vertex -65.2439 -43.774 48
      vertex -65.2439 -46.226 48
      vertex -65.1632 -46.2393 48
    endloop
  endfacet
  facet normal -0 0 1
    outer loop
      vertex -65.3235 -43.7926 48
      vertex -65.2439 -46.226 48
      vertex -65.2439 -43.774 48
    endloop
  endfacet
  facet normal 0 0 1
    outer loop
      vertex -65.3235 -43.7926 48
      vertex -65.3235 -46.2074 48
      vertex -65.2439 -46.226 48
    endloop
  endfacet
  facet normal -0 0 1
    outer loop
      vertex -65.4018 -43.8163 48
      vertex -65.3235 -46.2074 48
      vertex -65.3235 -43.7926 48
    endloop
  endfacet
  facet normal 0 0 1
    outer loop
      vertex -65.4018 -43.8163 48
      vertex -65.4018 -46.1837 48
      vertex -65.3235 -46.2074 48
    endloop
  endfacet
  facet normal -0 0 1
    outer loop
      vertex -65.4784 -43.8451 48
      vertex -65.4018 -46.1837 48
      vertex -65.4018 -43.8163 48
    endloop
  endfacet
  facet normal 0 0 1
    outer loop
      vertex -65.4784 -43.8451 48
      vertex -65.4784 -46.1549 48
      vertex -65.4018 -46.1837 48
    endloop
  endfacet
  facet normal -0 0 1
    outer loop
      vertex -65.5529 -43.8789 48
      vertex -65.4784 -46.1549 48
      vertex -65.4784 -43.8451 48
    endloop
  endfacet
  facet normal 0 0 1
    outer loop
      vertex -65.5529 -43.8789 48
      vertex -65.5529 -46.1211 48
      vertex -65.4784 -46.1549 48
    endloop
  endfacet
  facet normal -0 0 1
    outer loop
      vertex -65.625 -43.9175 48
      vertex -65.5529 -46.1211 48
      vertex -65.5529 -43.8789 48
    endloop
  endfacet
  facet normal 0 0 1
    outer loop
      vertex -65.625 -43.9175 48
      vertex -65.625 -46.0825 48
      vertex -65.5529 -46.1211 48
    endloop
  endfacet
  facet normal -0 0 1
    outer loop
      vertex -65.6945 -43.9607 48
      vertex -65.625 -46.0825 48
      vertex -65.625 -43.9175 48
    endloop
  endfacet
  facet normal 0 0 1
    outer loop
      vertex -65.6945 -43.9607 48
      vertex -65.6945 -46.0393 48
      vertex -65.625 -46.0825 48
    endloop
  endfacet
  facet normal -0 0 1
    outer loop
      vertex -65.7609 -44.0083 48
      vertex -65.6945 -46.0393 48
      vertex -65.6945 -43.9607 48
    endloop
  endfacet
  facet normal 0 0 1
    outer loop
      vertex -65.7609 -44.0083 48
      vertex -65.7609 -45.9917 48
      vertex -65.6945 -46.0393 48
    endloop
  endfacet
  facet normal -0 0 1
    outer loop
      vertex -65.8242 -44.0602 48
      vertex -65.7609 -45.9917 48
      vertex -65.7609 -44.0083 48
    endloop
  endfacet
  facet normal 0 0 1
    outer loop
      vertex -65.8242 -44.0602 48
      vertex -65.8242 -45.9398 48
      vertex -65.7609 -45.9917 48
    endloop
  endfacet
  facet normal -0 0 1
    outer loop
      vertex -65.8839 -44.1161 48
      vertex -65.8242 -45.9398 48
      vertex -65.8242 -44.0602 48
    endloop
  endfacet
  facet normal 0 0 1
    outer loop
      vertex -65.8839 -44.1161 48
      vertex -65.8839 -45.8839 48
      vertex -65.8242 -45.9398 48
    endloop
  endfacet
  facet normal -0 0 1
    outer loop
      vertex -65.9398 -44.1758 48
      vertex -65.8839 -45.8839 48
      vertex -65.8839 -44.1161 48
    endloop
  endfacet
  facet normal 0 0 1
    outer loop
      vertex -65.9398 -44.1758 48
      vertex -65.9398 -45.8242 48
      vertex -65.8839 -45.8839 48
    endloop
  endfacet
  facet normal -0 0 1
    outer loop
      vertex -65.9917 -44.239 48
      vertex -65.9398 -45.8242 48
      vertex -65.9398 -44.1758 48
    endloop
  endfacet
  facet normal 0 0 1
    outer loop
      vertex -65.9917 -44.239 48
      vertex -65.9917 -45.761 48
      vertex -65.9398 -45.8242 48
    endloop
  endfacet
  facet normal -0 0 1
    outer loop
      vertex -66.0393 -44.3055 48
      vertex -65.9917 -45.761 48
      vertex -65.9917 -44.239 48
    endloop
  endfacet
  facet normal 0 0 1
    outer loop
      vertex -66.0393 -44.3055 48
      vertex -66.0393 -45.6945 48
      vertex -65.9917 -45.761 48
    endloop
  endfacet
  facet normal -0 0 1
    outer loop
      vertex -66.0825 -44.375 48
      vertex -66.0393 -45.6945 48
      vertex -66.0393 -44.3055 48
    endloop
  endfacet
  facet normal 0 0 1
    outer loop
      vertex -66.0825 -44.375 48
      vertex -66.0825 -45.625 48
      vertex -66.0393 -45.6945 48
    endloop
  endfacet
  facet normal -0 0 1
    outer loop
      vertex -66.1211 -44.4471 48
      vertex -66.0825 -45.625 48
      vertex -66.0825 -44.375 48
    endloop
  endfacet
  facet normal 0 0 1
    outer loop
      vertex -66.1211 -44.4471 48
      vertex -66.1211 -45.5529 48
      vertex -66.0825 -45.625 48
    endloop
  endfacet
  facet normal -0 0 1
    outer loop
      vertex -66.1548 -44.5216 48
      vertex -66.1211 -45.5529 48
      vertex -66.1211 -44.4471 48
    endloop
  endfacet
  facet normal 0 0 1
    outer loop
      vertex -66.1548 -44.5216 48
      vertex -66.1548 -45.4784 48
      vertex -66.1211 -45.5529 48
    endloop
  endfacet
  facet normal -0 0 1
    outer loop
      vertex -66.1837 -44.5982 48
      vertex -66.1548 -45.4784 48
      vertex -66.1548 -44.5216 48
    endloop
  endfacet
  facet normal 0 0 1
    outer loop
      vertex -66.1837 -44.5982 48
      vertex -66.1837 -45.4018 48
      vertex -66.1548 -45.4784 48
    endloop
  endfacet
  facet normal -0 0 1
    outer loop
      vertex -66.2074 -44.6765 48
      vertex -66.1837 -45.4018 48
      vertex -66.1837 -44.5982 48
    endloop
  endfacet
  facet normal 0 0 1
    outer loop
      vertex -66.2074 -44.6765 48
      vertex -66.2074 -45.3235 48
      vertex -66.1837 -45.4018 48
    endloop
  endfacet
  facet normal -0 0 1
    outer loop
      vertex -66.226 -44.7561 48
      vertex -66.2074 -45.3235 48
      vertex -66.2074 -44.6765 48
    endloop
  endfacet
  facet normal 0 0 1
    outer loop
      vertex -66.226 -44.7561 48
      vertex -66.226 -45.2439 48
      vertex -66.2074 -45.3235 48
    endloop
  endfacet
  facet normal -0 0 1
    outer loop
      vertex -66.2393 -44.8368 48
      vertex -66.226 -45.2439 48
      vertex -66.226 -44.7561 48
    endloop
  endfacet
  facet normal 0 0 1
    outer loop
      vertex -66.2393 -44.8368 48
      vertex -66.2393 -45.1632 48
      vertex -66.226 -45.2439 48
    endloop
  endfacet
  facet normal -0 0 1
    outer loop
      vertex -66.2473 -44.9182 48
      vertex -66.2393 -45.1632 48
      vertex -66.2393 -44.8368 48
    endloop
  endfacet
  facet normal 0 0 1
    outer loop
      vertex -66.2473 -44.9182 48
      vertex -66.2473 -45.0818 48
      vertex -66.2393 -45.1632 48
    endloop
  endfacet
  facet normal 0 -0 1
    outer loop
      vertex -66.2473 -45.0818 48
      vertex -66.2473 -44.9182 48
      vertex -66.25 -45 48
    endloop
  endfacet
  facet normal 0.8493 0.52791 0
    outer loop
      vertex -66.0393 -45.6945 60
      vertex -66.0825 -45.625 48
      vertex -66.0825 -45.625 60
    endloop
  endfacet
  facet normal 0.8493 0.52791 0
    outer loop
      vertex -66.0825 -45.625 48
      vertex -66.0393 -45.6945 60
      vertex -66.0393 -45.6945 48
    endloop
  endfacet
  facet normal 0.813155 0.582048 0
    outer loop
      vertex -65.9917 -45.761 60
      vertex -66.0393 -45.6945 48
      vertex -66.0393 -45.6945 60
    endloop
  endfacet
  facet normal 0.813155 0.582048 0
    outer loop
      vertex -66.0393 -45.6945 48
      vertex -65.9917 -45.761 60
      vertex -65.9917 -45.761 48
    endloop
  endfacet
  facet normal -0.910659 -0.413158 0
    outer loop
      vertex -63.8451 -44.5216 48
      vertex -63.8789 -44.4471 60
      vertex -63.8789 -44.4471 48
    endloop
  endfacet
  facet normal -0.910659 -0.413158 0
    outer loop
      vertex -63.8789 -44.4471 60
      vertex -63.8451 -44.5216 48
      vertex -63.8451 -44.5216 60
    endloop
  endfacet
  facet normal -0.936028 -0.351927 0
    outer loop
      vertex -63.8163 -44.5982 48
      vertex -63.8451 -44.5216 60
      vertex -63.8451 -44.5216 48
    endloop
  endfacet
  facet normal -0.936028 -0.351927 0
    outer loop
      vertex -63.8451 -44.5216 60
      vertex -63.8163 -44.5982 48
      vertex -63.8163 -44.5982 60
    endloop
  endfacet
  facet normal -0.881607 -0.471984 0
    outer loop
      vertex -63.8789 -44.4471 48
      vertex -63.9175 -44.375 60
      vertex -63.9175 -44.375 48
    endloop
  endfacet
  facet normal -0.881607 -0.471984 0
    outer loop
      vertex -63.9175 -44.375 60
      vertex -63.8789 -44.4471 48
      vertex -63.8789 -44.4471 60
    endloop
  endfacet
  facet normal -0.729956 -0.683494 0
    outer loop
      vertex -64.0602 -44.1758 48
      vertex -64.1161 -44.1161 60
      vertex -64.1161 -44.1161 48
    endloop
  endfacet
  facet normal -0.729956 -0.683494 0
    outer loop
      vertex -64.1161 -44.1161 60
      vertex -64.0602 -44.1758 48
      vertex -64.0602 -44.1758 60
    endloop
  endfacet
  facet normal 0.0329894 -0.999456 0
    outer loop
      vertex -65.0818 -43.7527 48
      vertex -65 -43.75 60
      vertex -65.0818 -43.7527 60
    endloop
  endfacet
  facet normal 0.0329894 -0.999456 0
    outer loop
      vertex -65 -43.75 60
      vertex -65.0818 -43.7527 48
      vertex -65 -43.75 48
    endloop
  endfacet
  facet normal -0.52791 -0.8493 0
    outer loop
      vertex -64.375 -43.9175 48
      vertex -64.3055 -43.9607 60
      vertex -64.375 -43.9175 60
    endloop
  endfacet
  facet normal -0.52791 -0.8493 -0
    outer loop
      vertex -64.3055 -43.9607 60
      vertex -64.375 -43.9175 48
      vertex -64.3055 -43.9607 48
    endloop
  endfacet
  facet normal -0.634635 -0.772812 0
    outer loop
      vertex -64.239 -44.0083 48
      vertex -64.1758 -44.0602 60
      vertex -64.239 -44.0083 60
    endloop
  endfacet
  facet normal -0.634635 -0.772812 -0
    outer loop
      vertex -64.1758 -44.0602 60
      vertex -64.239 -44.0083 48
      vertex -64.1758 -44.0602 48
    endloop
  endfacet
  facet normal -0.351927 -0.936028 0
    outer loop
      vertex -64.5982 -43.8163 48
      vertex -64.5216 -43.8451 60
      vertex -64.5982 -43.8163 60
    endloop
  endfacet
  facet normal -0.351927 -0.936028 -0
    outer loop
      vertex -64.5216 -43.8451 60
      vertex -64.5982 -43.8163 48
      vertex -64.5216 -43.8451 48
    endloop
  endfacet
  facet normal -0.413158 -0.910659 0
    outer loop
      vertex -64.5216 -43.8451 48
      vertex -64.4471 -43.8789 60
      vertex -64.5216 -43.8451 60
    endloop
  endfacet
  facet normal -0.413158 -0.910659 -0
    outer loop
      vertex -64.4471 -43.8789 60
      vertex -64.5216 -43.8451 48
      vertex -64.4471 -43.8789 48
    endloop
  endfacet
  facet normal -0.0978089 -0.995205 0
    outer loop
      vertex -64.9182 -43.7527 48
      vertex -64.8368 -43.7607 60
      vertex -64.9182 -43.7527 60
    endloop
  endfacet
  facet normal -0.0978089 -0.995205 -0
    outer loop
      vertex -64.8368 -43.7607 60
      vertex -64.9182 -43.7527 48
      vertex -64.8368 -43.7607 48
    endloop
  endfacet
  facet normal -0.227539 -0.973769 0
    outer loop
      vertex -64.7561 -43.774 48
      vertex -64.6765 -43.7926 60
      vertex -64.7561 -43.774 60
    endloop
  endfacet
  facet normal -0.227539 -0.973769 -0
    outer loop
      vertex -64.6765 -43.7926 60
      vertex -64.7561 -43.774 48
      vertex -64.6765 -43.7926 48
    endloop
  endfacet
  facet normal 0.999456 -0.0329894 0
    outer loop
      vertex -66.25 -45 60
      vertex -66.2473 -44.9182 48
      vertex -66.2473 -44.9182 60
    endloop
  endfacet
  facet normal 0.999456 -0.0329894 0
    outer loop
      vertex -66.2473 -44.9182 48
      vertex -66.25 -45 60
      vertex -66.25 -45 48
    endloop
  endfacet
  facet normal 0.935625 -0.352997 0
    outer loop
      vertex -66.1837 -44.5982 60
      vertex -66.1548 -44.5216 48
      vertex -66.1548 -44.5216 60
    endloop
  endfacet
  facet normal 0.935625 -0.352997 0
    outer loop
      vertex -66.1548 -44.5216 48
      vertex -66.1837 -44.5982 60
      vertex -66.1837 -44.5982 48
    endloop
  endfacet
  facet normal 0.98669 -0.162614 0
    outer loop
      vertex -66.2393 -44.8368 60
      vertex -66.226 -44.7561 48
      vertex -66.226 -44.7561 60
    endloop
  endfacet
  facet normal 0.98669 -0.162614 0
    outer loop
      vertex -66.226 -44.7561 48
      vertex -66.2393 -44.8368 60
      vertex -66.2393 -44.8368 48
    endloop
  endfacet
  facet normal 0.957117 -0.289702 0
    outer loop
      vertex -66.2074 -44.6765 60
      vertex -66.1837 -44.5982 48
      vertex -66.1837 -44.5982 60
    endloop
  endfacet
  facet normal 0.957117 -0.289702 0
    outer loop
      vertex -66.1837 -44.5982 48
      vertex -66.2074 -44.6765 60
      vertex -66.2074 -44.6765 48
    endloop
  endfacet
  facet normal 0.8493 -0.52791 0
    outer loop
      vertex -66.0825 -44.375 60
      vertex -66.0393 -44.3055 48
      vertex -66.0393 -44.3055 60
    endloop
  endfacet
  facet normal 0.8493 -0.52791 0
    outer loop
      vertex -66.0393 -44.3055 48
      vertex -66.0825 -44.375 60
      vertex -66.0825 -44.375 48
    endloop
  endfacet
  facet normal 0.729956 -0.683494 0
    outer loop
      vertex -65.9398 -44.1758 60
      vertex -65.8839 -44.1161 48
      vertex -65.8839 -44.1161 60
    endloop
  endfacet
  facet normal 0.729956 -0.683494 0
    outer loop
      vertex -65.8839 -44.1161 48
      vertex -65.9398 -44.1758 60
      vertex -65.9398 -44.1758 48
    endloop
  endfacet
  facet normal 0.413158 -0.910659 0
    outer loop
      vertex -65.5529 -43.8789 48
      vertex -65.4784 -43.8451 60
      vertex -65.5529 -43.8789 60
    endloop
  endfacet
  facet normal 0.413158 -0.910659 0
    outer loop
      vertex -65.4784 -43.8451 60
      vertex -65.5529 -43.8789 48
      vertex -65.4784 -43.8451 48
    endloop
  endfacet
  facet normal 0.289702 -0.957117 0
    outer loop
      vertex -65.4018 -43.8163 48
      vertex -65.3235 -43.7926 60
      vertex -65.4018 -43.8163 60
    endloop
  endfacet
  facet normal 0.289702 -0.957117 0
    outer loop
      vertex -65.3235 -43.7926 60
      vertex -65.4018 -43.8163 48
      vertex -65.3235 -43.7926 48
    endloop
  endfacet
  facet normal 0.162614 -0.98669 0
    outer loop
      vertex -65.2439 -43.774 48
      vertex -65.1632 -43.7607 60
      vertex -65.2439 -43.774 60
    endloop
  endfacet
  facet normal 0.162614 -0.98669 0
    outer loop
      vertex -65.1632 -43.7607 60
      vertex -65.2439 -43.774 48
      vertex -65.1632 -43.7607 48
    endloop
  endfacet
  facet normal 0.227539 -0.973769 0
    outer loop
      vertex -65.3235 -43.7926 48
      vertex -65.2439 -43.774 60
      vertex -65.3235 -43.7926 60
    endloop
  endfacet
  facet normal 0.227539 -0.973769 0
    outer loop
      vertex -65.2439 -43.774 60
      vertex -65.3235 -43.7926 48
      vertex -65.2439 -43.774 48
    endloop
  endfacet
  facet normal 0.471984 -0.881607 0
    outer loop
      vertex -65.625 -43.9175 48
      vertex -65.5529 -43.8789 60
      vertex -65.625 -43.9175 60
    endloop
  endfacet
  facet normal 0.471984 -0.881607 0
    outer loop
      vertex -65.5529 -43.8789 60
      vertex -65.625 -43.9175 48
      vertex -65.5529 -43.8789 48
    endloop
  endfacet
  facet normal -0.999456 -0.0329894 0
    outer loop
      vertex -63.75 -45 48
      vertex -63.7527 -44.9182 60
      vertex -63.7527 -44.9182 48
    endloop
  endfacet
  facet normal -0.999456 -0.0329894 0
    outer loop
      vertex -63.7527 -44.9182 60
      vertex -63.75 -45 48
      vertex -63.75 -45 60
    endloop
  endfacet
  facet normal -0.0329894 0.999456 0
    outer loop
      vertex -64.9182 -46.2473 48
      vertex -65 -46.25 60
      vertex -64.9182 -46.2473 60
    endloop
  endfacet
  facet normal -0.0329894 0.999456 0
    outer loop
      vertex -65 -46.25 60
      vertex -64.9182 -46.2473 48
      vertex -65 -46.25 48
    endloop
  endfacet
  facet normal -0.973769 0.227539 0
    outer loop
      vertex -63.7926 -45.3235 48
      vertex -63.774 -45.2439 60
      vertex -63.774 -45.2439 48
    endloop
  endfacet
  facet normal -0.973769 0.227539 0
    outer loop
      vertex -63.774 -45.2439 60
      vertex -63.7926 -45.3235 48
      vertex -63.7926 -45.3235 60
    endloop
  endfacet
  facet normal -0.957117 0.289702 0
    outer loop
      vertex -63.8163 -45.4018 48
      vertex -63.7926 -45.3235 60
      vertex -63.7926 -45.3235 48
    endloop
  endfacet
  facet normal -0.957117 0.289702 0
    outer loop
      vertex -63.7926 -45.3235 60
      vertex -63.8163 -45.4018 48
      vertex -63.8163 -45.4018 60
    endloop
  endfacet
  facet normal -0.936028 0.351927 0
    outer loop
      vertex -63.8451 -45.4784 48
      vertex -63.8163 -45.4018 60
      vertex -63.8163 -45.4018 48
    endloop
  endfacet
  facet normal -0.936028 0.351927 0
    outer loop
      vertex -63.8163 -45.4018 60
      vertex -63.8451 -45.4784 48
      vertex -63.8451 -45.4784 60
    endloop
  endfacet
  facet normal -0.813155 0.582048 0
    outer loop
      vertex -64.0083 -45.761 48
      vertex -63.9607 -45.6945 60
      vertex -63.9607 -45.6945 48
    endloop
  endfacet
  facet normal -0.813155 0.582048 0
    outer loop
      vertex -63.9607 -45.6945 60
      vertex -64.0083 -45.761 48
      vertex -64.0083 -45.761 60
    endloop
  endfacet
  facet normal -0.351927 0.936028 0
    outer loop
      vertex -64.5216 -46.1549 48
      vertex -64.5982 -46.1837 60
      vertex -64.5216 -46.1549 60
    endloop
  endfacet
  facet normal -0.351927 0.936028 0
    outer loop
      vertex -64.5982 -46.1837 60
      vertex -64.5216 -46.1549 48
      vertex -64.5982 -46.1837 48
    endloop
  endfacet
  facet normal -0.289702 0.957117 0
    outer loop
      vertex -64.5982 -46.1837 48
      vertex -64.6765 -46.2074 60
      vertex -64.5982 -46.1837 60
    endloop
  endfacet
  facet normal -0.289702 0.957117 0
    outer loop
      vertex -64.6765 -46.2074 60
      vertex -64.5982 -46.1837 48
      vertex -64.6765 -46.2074 48
    endloop
  endfacet
  facet normal -0.683494 0.729956 0
    outer loop
      vertex -64.1161 -45.8839 48
      vertex -64.1758 -45.9398 60
      vertex -64.1161 -45.8839 60
    endloop
  endfacet
  facet normal -0.683494 0.729956 0
    outer loop
      vertex -64.1758 -45.9398 60
      vertex -64.1161 -45.8839 48
      vertex -64.1758 -45.9398 48
    endloop
  endfacet
  facet normal -0.471984 0.881607 0
    outer loop
      vertex -64.375 -46.0825 48
      vertex -64.4471 -46.1211 60
      vertex -64.375 -46.0825 60
    endloop
  endfacet
  facet normal -0.471984 0.881607 0
    outer loop
      vertex -64.4471 -46.1211 60
      vertex -64.375 -46.0825 48
      vertex -64.4471 -46.1211 48
    endloop
  endfacet
  facet normal -0.52791 0.8493 0
    outer loop
      vertex -64.3055 -46.0393 48
      vertex -64.375 -46.0825 60
      vertex -64.3055 -46.0393 60
    endloop
  endfacet
  facet normal -0.52791 0.8493 0
    outer loop
      vertex -64.375 -46.0825 60
      vertex -64.3055 -46.0393 48
      vertex -64.375 -46.0825 48
    endloop
  endfacet
  facet normal 0.0329894 0.999456 -0
    outer loop
      vertex -65 -46.25 48
      vertex -65.0818 -46.2473 60
      vertex -65 -46.25 60
    endloop
  endfacet
  facet normal 0.0329894 0.999456 0
    outer loop
      vertex -65.0818 -46.2473 60
      vertex -65 -46.25 48
      vertex -65.0818 -46.2473 48
    endloop
  endfacet
  facet normal 0.351927 0.936028 -0
    outer loop
      vertex -65.4018 -46.1837 48
      vertex -65.4784 -46.1549 60
      vertex -65.4018 -46.1837 60
    endloop
  endfacet
  facet normal 0.351927 0.936028 0
    outer loop
      vertex -65.4784 -46.1549 60
      vertex -65.4018 -46.1837 48
      vertex -65.4784 -46.1549 48
    endloop
  endfacet
  facet normal 0.52791 0.8493 -0
    outer loop
      vertex -65.625 -46.0825 48
      vertex -65.6945 -46.0393 60
      vertex -65.625 -46.0825 60
    endloop
  endfacet
  facet normal 0.52791 0.8493 0
    outer loop
      vertex -65.6945 -46.0393 60
      vertex -65.625 -46.0825 48
      vertex -65.6945 -46.0393 48
    endloop
  endfacet
  facet normal 0.582627 0.81274 -0
    outer loop
      vertex -65.6945 -46.0393 48
      vertex -65.7609 -45.9917 60
      vertex -65.6945 -46.0393 60
    endloop
  endfacet
  facet normal 0.582627 0.81274 0
    outer loop
      vertex -65.7609 -45.9917 60
      vertex -65.6945 -46.0393 48
      vertex -65.7609 -45.9917 48
    endloop
  endfacet
  facet normal 0.683494 0.729956 -0
    outer loop
      vertex -65.8242 -45.9398 48
      vertex -65.8839 -45.8839 60
      vertex -65.8242 -45.9398 60
    endloop
  endfacet
  facet normal 0.683494 0.729956 0
    outer loop
      vertex -65.8839 -45.8839 60
      vertex -65.8242 -45.9398 48
      vertex -65.8839 -45.8839 48
    endloop
  endfacet
  facet normal 0.98669 0.162614 0
    outer loop
      vertex -66.226 -45.2439 60
      vertex -66.2393 -45.1632 48
      vertex -66.2393 -45.1632 60
    endloop
  endfacet
  facet normal 0.98669 0.162614 0
    outer loop
      vertex -66.2393 -45.1632 48
      vertex -66.226 -45.2439 60
      vertex -66.226 -45.2439 48
    endloop
  endfacet
  facet normal 0.999456 0.0329894 0
    outer loop
      vertex -66.2473 -45.0818 60
      vertex -66.25 -45 48
      vertex -66.25 -45 60
    endloop
  endfacet
  facet normal 0.999456 0.0329894 0
    outer loop
      vertex -66.25 -45 48
      vertex -66.2473 -45.0818 60
      vertex -66.2473 -45.0818 48
    endloop
  endfacet
  facet normal 0.957117 0.289702 0
    outer loop
      vertex -66.1837 -45.4018 60
      vertex -66.2074 -45.3235 48
      vertex -66.2074 -45.3235 60
    endloop
  endfacet
  facet normal 0.957117 0.289702 0
    outer loop
      vertex -66.2074 -45.3235 48
      vertex -66.1837 -45.4018 60
      vertex -66.1837 -45.4018 48
    endloop
  endfacet
  facet normal 0.935625 0.352997 0
    outer loop
      vertex -66.1548 -45.4784 60
      vertex -66.1837 -45.4018 48
      vertex -66.1837 -45.4018 60
    endloop
  endfacet
  facet normal 0.935625 0.352997 0
    outer loop
      vertex -66.1837 -45.4018 48
      vertex -66.1548 -45.4784 60
      vertex -66.1548 -45.4784 48
    endloop
  endfacet
  facet normal 0.881607 0.471984 0
    outer loop
      vertex -66.0825 -45.625 60
      vertex -66.1211 -45.5529 48
      vertex -66.1211 -45.5529 60
    endloop
  endfacet
  facet normal 0.881607 0.471984 0
    outer loop
      vertex -66.1211 -45.5529 48
      vertex -66.0825 -45.625 60
      vertex -66.0825 -45.625 48
    endloop
  endfacet
  facet normal 0.772812 0.634635 0
    outer loop
      vertex -65.9398 -45.8242 60
      vertex -65.9917 -45.761 48
      vertex -65.9917 -45.761 60
    endloop
  endfacet
  facet normal 0.772812 0.634635 0
    outer loop
      vertex -65.9917 -45.761 48
      vertex -65.9398 -45.8242 60
      vertex -65.9398 -45.8242 48
    endloop
  endfacet
  facet normal -0.973769 -0.227539 0
    outer loop
      vertex -63.774 -44.7561 48
      vertex -63.7926 -44.6765 60
      vertex -63.7926 -44.6765 48
    endloop
  endfacet
  facet normal -0.973769 -0.227539 0
    outer loop
      vertex -63.7926 -44.6765 60
      vertex -63.774 -44.7561 48
      vertex -63.774 -44.7561 60
    endloop
  endfacet
  facet normal -0.98669 -0.162614 0
    outer loop
      vertex -63.7607 -44.8368 48
      vertex -63.774 -44.7561 60
      vertex -63.774 -44.7561 48
    endloop
  endfacet
  facet normal -0.98669 -0.162614 0
    outer loop
      vertex -63.774 -44.7561 60
      vertex -63.7607 -44.8368 48
      vertex -63.7607 -44.8368 60
    endloop
  endfacet
  facet normal -0.995205 -0.0978089 0
    outer loop
      vertex -63.7527 -44.9182 48
      vertex -63.7607 -44.8368 60
      vertex -63.7607 -44.8368 48
    endloop
  endfacet
  facet normal -0.995205 -0.0978089 0
    outer loop
      vertex -63.7607 -44.8368 60
      vertex -63.7527 -44.9182 48
      vertex -63.7527 -44.9182 60
    endloop
  endfacet
  facet normal -0.995205 0.0978089 0
    outer loop
      vertex -63.7607 -45.1632 48
      vertex -63.7527 -45.0818 60
      vertex -63.7527 -45.0818 48
    endloop
  endfacet
  facet normal -0.995205 0.0978089 0
    outer loop
      vertex -63.7527 -45.0818 60
      vertex -63.7607 -45.1632 48
      vertex -63.7607 -45.1632 60
    endloop
  endfacet
  facet normal -0.910659 0.413158 0
    outer loop
      vertex -63.8789 -45.5529 48
      vertex -63.8451 -45.4784 60
      vertex -63.8451 -45.4784 48
    endloop
  endfacet
  facet normal -0.910659 0.413158 0
    outer loop
      vertex -63.8451 -45.4784 60
      vertex -63.8789 -45.5529 48
      vertex -63.8789 -45.5529 60
    endloop
  endfacet
  facet normal -0.0978089 0.995205 0
    outer loop
      vertex -64.8368 -46.2393 48
      vertex -64.9182 -46.2473 60
      vertex -64.8368 -46.2393 60
    endloop
  endfacet
  facet normal -0.0978089 0.995205 0
    outer loop
      vertex -64.9182 -46.2473 60
      vertex -64.8368 -46.2393 48
      vertex -64.9182 -46.2473 48
    endloop
  endfacet
  facet normal 0.289702 0.957117 -0
    outer loop
      vertex -65.3235 -46.2074 48
      vertex -65.4018 -46.1837 60
      vertex -65.3235 -46.2074 60
    endloop
  endfacet
  facet normal 0.289702 0.957117 0
    outer loop
      vertex -65.4018 -46.1837 60
      vertex -65.3235 -46.2074 48
      vertex -65.4018 -46.1837 48
    endloop
  endfacet
  facet normal 0.471984 0.881607 -0
    outer loop
      vertex -65.5529 -46.1211 48
      vertex -65.625 -46.0825 60
      vertex -65.5529 -46.1211 60
    endloop
  endfacet
  facet normal 0.471984 0.881607 0
    outer loop
      vertex -65.625 -46.0825 60
      vertex -65.5529 -46.1211 48
      vertex -65.625 -46.0825 48
    endloop
  endfacet
  facet normal 0.634036 0.773304 -0
    outer loop
      vertex -65.7609 -45.9917 48
      vertex -65.8242 -45.9398 60
      vertex -65.7609 -45.9917 60
    endloop
  endfacet
  facet normal 0.634036 0.773304 0
    outer loop
      vertex -65.8242 -45.9398 60
      vertex -65.7609 -45.9917 48
      vertex -65.8242 -45.9398 48
    endloop
  endfacet
  facet normal 0.995205 0.0978089 0
    outer loop
      vertex -66.2393 -45.1632 60
      vertex -66.2473 -45.0818 48
      vertex -66.2473 -45.0818 60
    endloop
  endfacet
  facet normal 0.995205 0.0978089 0
    outer loop
      vertex -66.2473 -45.0818 48
      vertex -66.2393 -45.1632 60
      vertex -66.2393 -45.1632 48
    endloop
  endfacet
  facet normal 0.729956 0.683494 0
    outer loop
      vertex -65.8839 -45.8839 60
      vertex -65.9398 -45.8242 48
      vertex -65.9398 -45.8242 60
    endloop
  endfacet
  facet normal 0.729956 0.683494 0
    outer loop
      vertex -65.9398 -45.8242 48
      vertex -65.8839 -45.8839 60
      vertex -65.8839 -45.8839 48
    endloop
  endfacet
  facet normal -0.98669 0.162614 0
    outer loop
      vertex -63.774 -45.2439 48
      vertex -63.7607 -45.1632 60
      vertex -63.7607 -45.1632 48
    endloop
  endfacet
  facet normal -0.98669 0.162614 0
    outer loop
      vertex -63.7607 -45.1632 60
      vertex -63.774 -45.2439 48
      vertex -63.774 -45.2439 60
    endloop
  endfacet
  facet normal -0.772812 0.634635 0
    outer loop
      vertex -64.0602 -45.8242 48
      vertex -64.0083 -45.761 60
      vertex -64.0083 -45.761 48
    endloop
  endfacet
  facet normal -0.772812 0.634635 0
    outer loop
      vertex -64.0083 -45.761 60
      vertex -64.0602 -45.8242 48
      vertex -64.0602 -45.8242 60
    endloop
  endfacet
  facet normal -0.8493 0.52791 0
    outer loop
      vertex -63.9607 -45.6945 48
      vertex -63.9175 -45.625 60
      vertex -63.9175 -45.625 48
    endloop
  endfacet
  facet normal -0.8493 0.52791 0
    outer loop
      vertex -63.9175 -45.625 60
      vertex -63.9607 -45.6945 48
      vertex -63.9607 -45.6945 60
    endloop
  endfacet
  facet normal -0.881607 0.471984 0
    outer loop
      vertex -63.9175 -45.625 48
      vertex -63.8789 -45.5529 60
      vertex -63.8789 -45.5529 48
    endloop
  endfacet
  facet normal -0.881607 0.471984 0
    outer loop
      vertex -63.8789 -45.5529 60
      vertex -63.9175 -45.625 48
      vertex -63.9175 -45.625 60
    endloop
  endfacet
  facet normal -0.999456 -0.0329894 0
    outer loop
      vertex -63.75 45 48
      vertex -63.7527 45.0818 60
      vertex -63.7527 45.0818 48
    endloop
  endfacet
  facet normal -0.999456 -0.0329894 0
    outer loop
      vertex -63.7527 45.0818 60
      vertex -63.75 45 48
      vertex -63.75 45 60
    endloop
  endfacet
  facet normal 0.999456 -0.0329894 0
    outer loop
      vertex -66.25 45 60
      vertex -66.2473 45.0818 48
      vertex -66.2473 45.0818 60
    endloop
  endfacet
  facet normal 0.999456 -0.0329894 0
    outer loop
      vertex -66.2473 45.0818 48
      vertex -66.25 45 60
      vertex -66.25 45 48
    endloop
  endfacet
  facet normal -0.0329894 -0.999456 0
    outer loop
      vertex -65 46.25 48
      vertex -64.9182 46.2473 60
      vertex -65 46.25 60
    endloop
  endfacet
  facet normal -0.0329894 -0.999456 -0
    outer loop
      vertex -64.9182 46.2473 60
      vertex -65 46.25 48
      vertex -64.9182 46.2473 48
    endloop
  endfacet
  facet normal -0.0329894 0.999456 0
    outer loop
      vertex -64.9182 43.7527 48
      vertex -65 43.75 60
      vertex -64.9182 43.7527 60
    endloop
  endfacet
  facet normal -0.0329894 0.999456 0
    outer loop
      vertex -65 43.75 60
      vertex -64.9182 43.7527 48
      vertex -65 43.75 48
    endloop
  endfacet
  facet normal -0.729956 -0.683494 0
    outer loop
      vertex -64.0602 45.8242 48
      vertex -64.1161 45.8839 60
      vertex -64.1161 45.8839 48
    endloop
  endfacet
  facet normal -0.729956 -0.683494 0
    outer loop
      vertex -64.1161 45.8839 60
      vertex -64.0602 45.8242 48
      vertex -64.0602 45.8242 60
    endloop
  endfacet
  facet normal 0.683494 -0.729956 0
    outer loop
      vertex -65.8839 45.8839 48
      vertex -65.8242 45.9398 60
      vertex -65.8839 45.8839 60
    endloop
  endfacet
  facet normal 0.683494 -0.729956 0
    outer loop
      vertex -65.8242 45.9398 60
      vertex -65.8839 45.8839 48
      vertex -65.8242 45.9398 48
    endloop
  endfacet
  facet normal -0.910659 -0.413158 0
    outer loop
      vertex -63.8451 45.4784 48
      vertex -63.8789 45.5529 60
      vertex -63.8789 45.5529 48
    endloop
  endfacet
  facet normal -0.910659 -0.413158 0
    outer loop
      vertex -63.8789 45.5529 60
      vertex -63.8451 45.4784 48
      vertex -63.8451 45.4784 60
    endloop
  endfacet
  facet normal -0.413158 -0.910659 0
    outer loop
      vertex -64.5216 46.1549 48
      vertex -64.4471 46.1211 60
      vertex -64.5216 46.1549 60
    endloop
  endfacet
  facet normal -0.413158 -0.910659 -0
    outer loop
      vertex -64.4471 46.1211 60
      vertex -64.5216 46.1549 48
      vertex -64.4471 46.1211 48
    endloop
  endfacet
  facet normal -0.582048 -0.813155 0
    outer loop
      vertex -64.3055 46.0393 48
      vertex -64.239 45.9917 60
      vertex -64.3055 46.0393 60
    endloop
  endfacet
  facet normal -0.582048 -0.813155 -0
    outer loop
      vertex -64.239 45.9917 60
      vertex -64.3055 46.0393 48
      vertex -64.239 45.9917 48
    endloop
  endfacet
  facet normal 0.8493 -0.52791 0
    outer loop
      vertex -66.0825 45.625 60
      vertex -66.0393 45.6945 48
      vertex -66.0393 45.6945 60
    endloop
  endfacet
  facet normal 0.8493 -0.52791 0
    outer loop
      vertex -66.0393 45.6945 48
      vertex -66.0825 45.625 60
      vertex -66.0825 45.625 48
    endloop
  endfacet
  facet normal 0.813155 -0.582048 0
    outer loop
      vertex -66.0393 45.6945 60
      vertex -65.9917 45.761 48
      vertex -65.9917 45.761 60
    endloop
  endfacet
  facet normal 0.813155 -0.582048 0
    outer loop
      vertex -65.9917 45.761 48
      vertex -66.0393 45.6945 60
      vertex -66.0393 45.6945 48
    endloop
  endfacet
  facet normal 0.634036 -0.773304 0
    outer loop
      vertex -65.8242 45.9398 48
      vertex -65.7609 45.9917 60
      vertex -65.8242 45.9398 60
    endloop
  endfacet
  facet normal 0.634036 -0.773304 0
    outer loop
      vertex -65.7609 45.9917 60
      vertex -65.8242 45.9398 48
      vertex -65.7609 45.9917 48
    endloop
  endfacet
  facet normal 0.162614 -0.98669 0
    outer loop
      vertex -65.2439 46.226 48
      vertex -65.1632 46.2393 60
      vertex -65.2439 46.226 60
    endloop
  endfacet
  facet normal 0.162614 -0.98669 0
    outer loop
      vertex -65.1632 46.2393 60
      vertex -65.2439 46.226 48
      vertex -65.1632 46.2393 48
    endloop
  endfacet
  facet normal -0.98669 -0.162614 0
    outer loop
      vertex -63.7607 45.1632 48
      vertex -63.774 45.2439 60
      vertex -63.774 45.2439 48
    endloop
  endfacet
  facet normal -0.98669 -0.162614 0
    outer loop
      vertex -63.774 45.2439 60
      vertex -63.7607 45.1632 48
      vertex -63.7607 45.1632 60
    endloop
  endfacet
  facet normal -0.995205 -0.0978089 0
    outer loop
      vertex -63.7527 45.0818 48
      vertex -63.7607 45.1632 60
      vertex -63.7607 45.1632 48
    endloop
  endfacet
  facet normal -0.995205 -0.0978089 0
    outer loop
      vertex -63.7607 45.1632 60
      vertex -63.7527 45.0818 48
      vertex -63.7527 45.0818 60
    endloop
  endfacet
  facet normal -0.957117 -0.289702 0
    outer loop
      vertex -63.7926 45.3235 48
      vertex -63.8163 45.4018 60
      vertex -63.8163 45.4018 48
    endloop
  endfacet
  facet normal -0.957117 -0.289702 0
    outer loop
      vertex -63.8163 45.4018 60
      vertex -63.7926 45.3235 48
      vertex -63.7926 45.3235 60
    endloop
  endfacet
  facet normal -0.813155 -0.582048 0
    outer loop
      vertex -63.9607 45.6945 48
      vertex -64.0083 45.761 60
      vertex -64.0083 45.761 48
    endloop
  endfacet
  facet normal -0.813155 -0.582048 0
    outer loop
      vertex -64.0083 45.761 60
      vertex -63.9607 45.6945 48
      vertex -63.9607 45.6945 60
    endloop
  endfacet
  facet normal -0.772812 -0.634635 0
    outer loop
      vertex -64.0083 45.761 48
      vertex -64.0602 45.8242 60
      vertex -64.0602 45.8242 48
    endloop
  endfacet
  facet normal -0.772812 -0.634635 0
    outer loop
      vertex -64.0602 45.8242 60
      vertex -64.0083 45.761 48
      vertex -64.0083 45.761 60
    endloop
  endfacet
  facet normal -0.227539 -0.973769 0
    outer loop
      vertex -64.7561 46.226 48
      vertex -64.6765 46.2074 60
      vertex -64.7561 46.226 60
    endloop
  endfacet
  facet normal -0.227539 -0.973769 -0
    outer loop
      vertex -64.6765 46.2074 60
      vertex -64.7561 46.226 48
      vertex -64.6765 46.2074 48
    endloop
  endfacet
  facet normal -0.162614 -0.98669 0
    outer loop
      vertex -64.8368 46.2393 48
      vertex -64.7561 46.226 60
      vertex -64.8368 46.2393 60
    endloop
  endfacet
  facet normal -0.162614 -0.98669 -0
    outer loop
      vertex -64.7561 46.226 60
      vertex -64.8368 46.2393 48
      vertex -64.7561 46.226 48
    endloop
  endfacet
  facet normal -0.634635 -0.772812 0
    outer loop
      vertex -64.239 45.9917 48
      vertex -64.1758 45.9398 60
      vertex -64.239 45.9917 60
    endloop
  endfacet
  facet normal -0.634635 -0.772812 -0
    outer loop
      vertex -64.1758 45.9398 60
      vertex -64.239 45.9917 48
      vertex -64.1758 45.9398 48
    endloop
  endfacet
  facet normal 0.973769 -0.227539 0
    outer loop
      vertex -66.226 45.2439 60
      vertex -66.2074 45.3235 48
      vertex -66.2074 45.3235 60
    endloop
  endfacet
  facet normal 0.973769 -0.227539 0
    outer loop
      vertex -66.2074 45.3235 48
      vertex -66.226 45.2439 60
      vertex -66.226 45.2439 48
    endloop
  endfacet
  facet normal 0.911119 -0.412144 0
    outer loop
      vertex -66.1548 45.4784 60
      vertex -66.1211 45.5529 48
      vertex -66.1211 45.5529 60
    endloop
  endfacet
  facet normal 0.911119 -0.412144 0
    outer loop
      vertex -66.1211 45.5529 48
      vertex -66.1548 45.4784 60
      vertex -66.1548 45.4784 48
    endloop
  endfacet
  facet normal 0.98669 -0.162614 0
    outer loop
      vertex -66.2393 45.1632 60
      vertex -66.226 45.2439 48
      vertex -66.226 45.2439 60
    endloop
  endfacet
  facet normal 0.98669 -0.162614 0
    outer loop
      vertex -66.226 45.2439 48
      vertex -66.2393 45.1632 60
      vertex -66.2393 45.1632 48
    endloop
  endfacet
  facet normal 0.52791 -0.8493 0
    outer loop
      vertex -65.6945 46.0393 48
      vertex -65.625 46.0825 60
      vertex -65.6945 46.0393 60
    endloop
  endfacet
  facet normal 0.52791 -0.8493 0
    outer loop
      vertex -65.625 46.0825 60
      vertex -65.6945 46.0393 48
      vertex -65.625 46.0825 48
    endloop
  endfacet
  facet normal 0.413158 -0.910659 0
    outer loop
      vertex -65.5529 46.1211 48
      vertex -65.4784 46.1549 60
      vertex -65.5529 46.1211 60
    endloop
  endfacet
  facet normal 0.413158 -0.910659 0
    outer loop
      vertex -65.4784 46.1549 60
      vertex -65.5529 46.1211 48
      vertex -65.4784 46.1549 48
    endloop
  endfacet
  facet normal 0.289702 -0.957117 0
    outer loop
      vertex -65.4018 46.1837 48
      vertex -65.3235 46.2074 60
      vertex -65.4018 46.1837 60
    endloop
  endfacet
  facet normal 0.289702 -0.957117 0
    outer loop
      vertex -65.3235 46.2074 60
      vertex -65.4018 46.1837 48
      vertex -65.3235 46.2074 48
    endloop
  endfacet
  facet normal 0.0978089 -0.995205 0
    outer loop
      vertex -65.1632 46.2393 48
      vertex -65.0818 46.2473 60
      vertex -65.1632 46.2393 60
    endloop
  endfacet
  facet normal 0.0978089 -0.995205 0
    outer loop
      vertex -65.0818 46.2473 60
      vertex -65.1632 46.2393 48
      vertex -65.0818 46.2473 48
    endloop
  endfacet
  facet normal -0.729956 0.683494 0
    outer loop
      vertex -64.1161 44.1161 48
      vertex -64.0602 44.1758 60
      vertex -64.0602 44.1758 48
    endloop
  endfacet
  facet normal -0.729956 0.683494 0
    outer loop
      vertex -64.0602 44.1758 60
      vertex -64.1161 44.1161 48
      vertex -64.1161 44.1161 60
    endloop
  endfacet
  facet normal 0.351927 0.936028 -0
    outer loop
      vertex -65.4018 43.8163 48
      vertex -65.4784 43.8451 60
      vertex -65.4018 43.8163 60
    endloop
  endfacet
  facet normal 0.351927 0.936028 0
    outer loop
      vertex -65.4784 43.8451 60
      vertex -65.4018 43.8163 48
      vertex -65.4784 43.8451 48
    endloop
  endfacet
  facet normal 0.813155 0.582048 0
    outer loop
      vertex -65.9917 44.239 60
      vertex -66.0393 44.3055 48
      vertex -66.0393 44.3055 60
    endloop
  endfacet
  facet normal 0.813155 0.582048 0
    outer loop
      vertex -66.0393 44.3055 48
      vertex -65.9917 44.239 60
      vertex -65.9917 44.239 48
    endloop
  endfacet
  facet normal -0.351927 0.936028 0
    outer loop
      vertex -64.5216 43.8451 48
      vertex -64.5982 43.8163 60
      vertex -64.5216 43.8451 60
    endloop
  endfacet
  facet normal -0.351927 0.936028 0
    outer loop
      vertex -64.5982 43.8163 60
      vertex -64.5216 43.8451 48
      vertex -64.5982 43.8163 48
    endloop
  endfacet
  facet normal -0.289702 0.957117 0
    outer loop
      vertex -64.5982 43.8163 48
      vertex -64.6765 43.7926 60
      vertex -64.5982 43.8163 60
    endloop
  endfacet
  facet normal -0.289702 0.957117 0
    outer loop
      vertex -64.6765 43.7926 60
      vertex -64.5982 43.8163 48
      vertex -64.6765 43.7926 48
    endloop
  endfacet
  facet normal -0.973769 -0.227539 0
    outer loop
      vertex -63.774 45.2439 48
      vertex -63.7926 45.3235 60
      vertex -63.7926 45.3235 48
    endloop
  endfacet
  facet normal -0.973769 -0.227539 0
    outer loop
      vertex -63.7926 45.3235 60
      vertex -63.774 45.2439 48
      vertex -63.774 45.2439 60
    endloop
  endfacet
  facet normal -0.8493 -0.52791 0
    outer loop
      vertex -63.9175 45.625 48
      vertex -63.9607 45.6945 60
      vertex -63.9607 45.6945 48
    endloop
  endfacet
  facet normal -0.8493 -0.52791 0
    outer loop
      vertex -63.9607 45.6945 60
      vertex -63.9175 45.625 48
      vertex -63.9175 45.625 60
    endloop
  endfacet
  facet normal -0.881607 -0.471984 0
    outer loop
      vertex -63.8789 45.5529 48
      vertex -63.9175 45.625 60
      vertex -63.9175 45.625 48
    endloop
  endfacet
  facet normal -0.881607 -0.471984 0
    outer loop
      vertex -63.9175 45.625 60
      vertex -63.8789 45.5529 48
      vertex -63.8789 45.5529 60
    endloop
  endfacet
  facet normal -0.351927 -0.936028 0
    outer loop
      vertex -64.5982 46.1837 48
      vertex -64.5216 46.1549 60
      vertex -64.5982 46.1837 60
    endloop
  endfacet
  facet normal -0.351927 -0.936028 -0
    outer loop
      vertex -64.5216 46.1549 60
      vertex -64.5982 46.1837 48
      vertex -64.5216 46.1549 48
    endloop
  endfacet
  facet normal -0.289702 -0.957117 0
    outer loop
      vertex -64.6765 46.2074 48
      vertex -64.5982 46.1837 60
      vertex -64.6765 46.2074 60
    endloop
  endfacet
  facet normal -0.289702 -0.957117 -0
    outer loop
      vertex -64.5982 46.1837 60
      vertex -64.6765 46.2074 48
      vertex -64.5982 46.1837 48
    endloop
  endfacet
  facet normal -0.0978089 -0.995205 0
    outer loop
      vertex -64.9182 46.2473 48
      vertex -64.8368 46.2393 60
      vertex -64.9182 46.2473 60
    endloop
  endfacet
  facet normal -0.0978089 -0.995205 -0
    outer loop
      vertex -64.8368 46.2393 60
      vertex -64.9182 46.2473 48
      vertex -64.8368 46.2393 48
    endloop
  endfacet
  facet normal -0.52791 -0.8493 0
    outer loop
      vertex -64.375 46.0825 48
      vertex -64.3055 46.0393 60
      vertex -64.375 46.0825 60
    endloop
  endfacet
  facet normal -0.52791 -0.8493 -0
    outer loop
      vertex -64.3055 46.0393 60
      vertex -64.375 46.0825 48
      vertex -64.3055 46.0393 48
    endloop
  endfacet
  facet normal -0.471984 -0.881607 0
    outer loop
      vertex -64.4471 46.1211 48
      vertex -64.375 46.0825 60
      vertex -64.4471 46.1211 60
    endloop
  endfacet
  facet normal -0.471984 -0.881607 -0
    outer loop
      vertex -64.375 46.0825 60
      vertex -64.4471 46.1211 48
      vertex -64.375 46.0825 48
    endloop
  endfacet
  facet normal -0.683494 -0.729956 0
    outer loop
      vertex -64.1758 45.9398 48
      vertex -64.1161 45.8839 60
      vertex -64.1758 45.9398 60
    endloop
  endfacet
  facet normal -0.683494 -0.729956 -0
    outer loop
      vertex -64.1161 45.8839 60
      vertex -64.1758 45.9398 48
      vertex -64.1161 45.8839 48
    endloop
  endfacet
  facet normal 0.772812 -0.634635 0
    outer loop
      vertex -65.9917 45.761 60
      vertex -65.9398 45.8242 48
      vertex -65.9398 45.8242 60
    endloop
  endfacet
  facet normal 0.772812 -0.634635 0
    outer loop
      vertex -65.9398 45.8242 48
      vertex -65.9917 45.761 60
      vertex -65.9917 45.761 48
    endloop
  endfacet
  facet normal 0.881607 -0.471984 0
    outer loop
      vertex -66.1211 45.5529 60
      vertex -66.0825 45.625 48
      vertex -66.0825 45.625 60
    endloop
  endfacet
  facet normal 0.881607 -0.471984 0
    outer loop
      vertex -66.0825 45.625 48
      vertex -66.1211 45.5529 60
      vertex -66.1211 45.5529 48
    endloop
  endfacet
  facet normal 0.935625 -0.352997 0
    outer loop
      vertex -66.1837 45.4018 60
      vertex -66.1548 45.4784 48
      vertex -66.1548 45.4784 60
    endloop
  endfacet
  facet normal 0.935625 -0.352997 0
    outer loop
      vertex -66.1548 45.4784 48
      vertex -66.1837 45.4018 60
      vertex -66.1837 45.4018 48
    endloop
  endfacet
  facet normal 0.957117 -0.289702 0
    outer loop
      vertex -66.2074 45.3235 60
      vertex -66.1837 45.4018 48
      vertex -66.1837 45.4018 60
    endloop
  endfacet
  facet normal 0.957117 -0.289702 0
    outer loop
      vertex -66.1837 45.4018 48
      vertex -66.2074 45.3235 60
      vertex -66.2074 45.3235 48
    endloop
  endfacet
  facet normal 0.995205 -0.0978089 0
    outer loop
      vertex -66.2473 45.0818 60
      vertex -66.2393 45.1632 48
      vertex -66.2393 45.1632 60
    endloop
  endfacet
  facet normal 0.995205 -0.0978089 0
    outer loop
      vertex -66.2393 45.1632 48
      vertex -66.2473 45.0818 60
      vertex -66.2473 45.0818 48
    endloop
  endfacet
  facet normal 0.582627 -0.81274 0
    outer loop
      vertex -65.7609 45.9917 48
      vertex -65.6945 46.0393 60
      vertex -65.7609 45.9917 60
    endloop
  endfacet
  facet normal 0.582627 -0.81274 0
    outer loop
      vertex -65.6945 46.0393 60
      vertex -65.7609 45.9917 48
      vertex -65.6945 46.0393 48
    endloop
  endfacet
  facet normal 0.471984 -0.881607 0
    outer loop
      vertex -65.625 46.0825 48
      vertex -65.5529 46.1211 60
      vertex -65.625 46.0825 60
    endloop
  endfacet
  facet normal 0.471984 -0.881607 0
    outer loop
      vertex -65.5529 46.1211 60
      vertex -65.625 46.0825 48
      vertex -65.5529 46.1211 48
    endloop
  endfacet
  facet normal 0.351927 -0.936028 0
    outer loop
      vertex -65.4784 46.1549 48
      vertex -65.4018 46.1837 60
      vertex -65.4784 46.1549 60
    endloop
  endfacet
  facet normal 0.351927 -0.936028 0
    outer loop
      vertex -65.4018 46.1837 60
      vertex -65.4784 46.1549 48
      vertex -65.4018 46.1837 48
    endloop
  endfacet
  facet normal 0.227539 -0.973769 0
    outer loop
      vertex -65.3235 46.2074 48
      vertex -65.2439 46.226 60
      vertex -65.3235 46.2074 60
    endloop
  endfacet
  facet normal 0.227539 -0.973769 0
    outer loop
      vertex -65.2439 46.226 60
      vertex -65.3235 46.2074 48
      vertex -65.2439 46.226 48
    endloop
  endfacet
  facet normal 0.0329894 -0.999456 0
    outer loop
      vertex -65.0818 46.2473 48
      vertex -65 46.25 60
      vertex -65.0818 46.2473 60
    endloop
  endfacet
  facet normal 0.0329894 -0.999456 0
    outer loop
      vertex -65 46.25 60
      vertex -65.0818 46.2473 48
      vertex -65 46.25 48
    endloop
  endfacet
  facet normal -0.999456 0.0329894 0
    outer loop
      vertex -63.7527 44.9182 48
      vertex -63.75 45 60
      vertex -63.75 45 48
    endloop
  endfacet
  facet normal -0.999456 0.0329894 0
    outer loop
      vertex -63.75 45 60
      vertex -63.7527 44.9182 48
      vertex -63.7527 44.9182 60
    endloop
  endfacet
  facet normal -0.936028 0.351927 0
    outer loop
      vertex -63.8451 44.5216 48
      vertex -63.8163 44.5982 60
      vertex -63.8163 44.5982 48
    endloop
  endfacet
  facet normal -0.936028 0.351927 0
    outer loop
      vertex -63.8163 44.5982 60
      vertex -63.8451 44.5216 48
      vertex -63.8451 44.5216 60
    endloop
  endfacet
  facet normal -0.973769 0.227539 0
    outer loop
      vertex -63.7926 44.6765 48
      vertex -63.774 44.7561 60
      vertex -63.774 44.7561 48
    endloop
  endfacet
  facet normal -0.973769 0.227539 0
    outer loop
      vertex -63.774 44.7561 60
      vertex -63.7926 44.6765 48
      vertex -63.7926 44.6765 60
    endloop
  endfacet
  facet normal -0.772812 0.634635 0
    outer loop
      vertex -64.0602 44.1758 48
      vertex -64.0083 44.239 60
      vertex -64.0083 44.239 48
    endloop
  endfacet
  facet normal -0.772812 0.634635 0
    outer loop
      vertex -64.0083 44.239 60
      vertex -64.0602 44.1758 48
      vertex -64.0602 44.1758 60
    endloop
  endfacet
  facet normal -0.471984 0.881607 0
    outer loop
      vertex -64.375 43.9175 48
      vertex -64.4471 43.8789 60
      vertex -64.375 43.9175 60
    endloop
  endfacet
  facet normal -0.471984 0.881607 0
    outer loop
      vertex -64.4471 43.8789 60
      vertex -64.375 43.9175 48
      vertex -64.4471 43.8789 48
    endloop
  endfacet
  facet normal 0.289702 0.957117 -0
    outer loop
      vertex -65.3235 43.7926 48
      vertex -65.4018 43.8163 60
      vertex -65.3235 43.7926 60
    endloop
  endfacet
  facet normal 0.289702 0.957117 0
    outer loop
      vertex -65.4018 43.8163 60
      vertex -65.3235 43.7926 48
      vertex -65.4018 43.8163 48
    endloop
  endfacet
  facet normal 0.772812 0.634635 0
    outer loop
      vertex -65.9398 44.1758 60
      vertex -65.9917 44.239 48
      vertex -65.9917 44.239 60
    endloop
  endfacet
  facet normal 0.772812 0.634635 0
    outer loop
      vertex -65.9917 44.239 48
      vertex -65.9398 44.1758 60
      vertex -65.9398 44.1758 48
    endloop
  endfacet
  facet normal 0.911119 0.412144 0
    outer loop
      vertex -66.1211 44.4471 60
      vertex -66.1548 44.5216 48
      vertex -66.1548 44.5216 60
    endloop
  endfacet
  facet normal 0.911119 0.412144 0
    outer loop
      vertex -66.1548 44.5216 48
      vertex -66.1211 44.4471 60
      vertex -66.1211 44.4471 48
    endloop
  endfacet
  facet normal 0.973769 0.227539 0
    outer loop
      vertex -66.2074 44.6765 60
      vertex -66.226 44.7561 48
      vertex -66.226 44.7561 60
    endloop
  endfacet
  facet normal 0.973769 0.227539 0
    outer loop
      vertex -66.226 44.7561 48
      vertex -66.2074 44.6765 60
      vertex -66.2074 44.6765 48
    endloop
  endfacet
  facet normal 0.935625 0.352997 0
    outer loop
      vertex -66.1548 44.5216 60
      vertex -66.1837 44.5982 48
      vertex -66.1837 44.5982 60
    endloop
  endfacet
  facet normal 0.935625 0.352997 0
    outer loop
      vertex -66.1837 44.5982 48
      vertex -66.1548 44.5216 60
      vertex -66.1548 44.5216 48
    endloop
  endfacet
  facet normal 0 0 1
    outer loop
      vertex -63.7527 45.0818 48
      vertex -63.7527 44.9182 48
      vertex -63.75 45 48
    endloop
  endfacet
  facet normal 0 0 1
    outer loop
      vertex -63.7607 45.1632 48
      vertex -63.7527 44.9182 48
      vertex -63.7527 45.0818 48
    endloop
  endfacet
  facet normal 0 0 1
    outer loop
      vertex -63.7607 45.1632 48
      vertex -63.7607 44.8368 48
      vertex -63.7527 44.9182 48
    endloop
  endfacet
  facet normal 0 0 1
    outer loop
      vertex -63.774 45.2439 48
      vertex -63.7607 44.8368 48
      vertex -63.7607 45.1632 48
    endloop
  endfacet
  facet normal 0 0 1
    outer loop
      vertex -63.774 45.2439 48
      vertex -63.774 44.7561 48
      vertex -63.7607 44.8368 48
    endloop
  endfacet
  facet normal 0 0 1
    outer loop
      vertex -63.7926 45.3235 48
      vertex -63.774 44.7561 48
      vertex -63.774 45.2439 48
    endloop
  endfacet
  facet normal 0 0 1
    outer loop
      vertex -63.7926 45.3235 48
      vertex -63.7926 44.6765 48
      vertex -63.774 44.7561 48
    endloop
  endfacet
  facet normal 0 0 1
    outer loop
      vertex -63.8163 45.4018 48
      vertex -63.7926 44.6765 48
      vertex -63.7926 45.3235 48
    endloop
  endfacet
  facet normal 0 0 1
    outer loop
      vertex -63.8163 45.4018 48
      vertex -63.8163 44.5982 48
      vertex -63.7926 44.6765 48
    endloop
  endfacet
  facet normal 0 0 1
    outer loop
      vertex -63.8451 45.4784 48
      vertex -63.8163 44.5982 48
      vertex -63.8163 45.4018 48
    endloop
  endfacet
  facet normal 0 0 1
    outer loop
      vertex -63.8451 45.4784 48
      vertex -63.8451 44.5216 48
      vertex -63.8163 44.5982 48
    endloop
  endfacet
  facet normal 0 0 1
    outer loop
      vertex -63.8789 45.5529 48
      vertex -63.8451 44.5216 48
      vertex -63.8451 45.4784 48
    endloop
  endfacet
  facet normal 0 0 1
    outer loop
      vertex -63.8789 45.5529 48
      vertex -63.8789 44.4471 48
      vertex -63.8451 44.5216 48
    endloop
  endfacet
  facet normal 0 0 1
    outer loop
      vertex -63.9175 45.625 48
      vertex -63.8789 44.4471 48
      vertex -63.8789 45.5529 48
    endloop
  endfacet
  facet normal 0 0 1
    outer loop
      vertex -63.9175 45.625 48
      vertex -63.9175 44.375 48
      vertex -63.8789 44.4471 48
    endloop
  endfacet
  facet normal 0 0 1
    outer loop
      vertex -63.9607 45.6945 48
      vertex -63.9175 44.375 48
      vertex -63.9175 45.625 48
    endloop
  endfacet
  facet normal 0 0 1
    outer loop
      vertex -63.9607 45.6945 48
      vertex -63.9607 44.3055 48
      vertex -63.9175 44.375 48
    endloop
  endfacet
  facet normal 0 0 1
    outer loop
      vertex -64.0083 45.761 48
      vertex -63.9607 44.3055 48
      vertex -63.9607 45.6945 48
    endloop
  endfacet
  facet normal 0 0 1
    outer loop
      vertex -64.0083 45.761 48
      vertex -64.0083 44.239 48
      vertex -63.9607 44.3055 48
    endloop
  endfacet
  facet normal 0 0 1
    outer loop
      vertex -64.0602 45.8242 48
      vertex -64.0083 44.239 48
      vertex -64.0083 45.761 48
    endloop
  endfacet
  facet normal 0 0 1
    outer loop
      vertex -64.0602 45.8242 48
      vertex -64.0602 44.1758 48
      vertex -64.0083 44.239 48
    endloop
  endfacet
  facet normal 0 0 1
    outer loop
      vertex -64.1161 45.8839 48
      vertex -64.0602 44.1758 48
      vertex -64.0602 45.8242 48
    endloop
  endfacet
  facet normal 0 0 1
    outer loop
      vertex -64.1161 45.8839 48
      vertex -64.1161 44.1161 48
      vertex -64.0602 44.1758 48
    endloop
  endfacet
  facet normal 0 0 1
    outer loop
      vertex -64.1758 45.9398 48
      vertex -64.1161 44.1161 48
      vertex -64.1161 45.8839 48
    endloop
  endfacet
  facet normal 0 0 1
    outer loop
      vertex -64.1758 45.9398 48
      vertex -64.1758 44.0602 48
      vertex -64.1161 44.1161 48
    endloop
  endfacet
  facet normal 0 0 1
    outer loop
      vertex -64.239 45.9917 48
      vertex -64.1758 44.0602 48
      vertex -64.1758 45.9398 48
    endloop
  endfacet
  facet normal 0 0 1
    outer loop
      vertex -64.239 45.9917 48
      vertex -64.239 44.0083 48
      vertex -64.1758 44.0602 48
    endloop
  endfacet
  facet normal 0 0 1
    outer loop
      vertex -64.3055 46.0393 48
      vertex -64.239 44.0083 48
      vertex -64.239 45.9917 48
    endloop
  endfacet
  facet normal 0 0 1
    outer loop
      vertex -64.3055 46.0393 48
      vertex -64.3055 43.9607 48
      vertex -64.239 44.0083 48
    endloop
  endfacet
  facet normal 0 0 1
    outer loop
      vertex -64.375 46.0825 48
      vertex -64.3055 43.9607 48
      vertex -64.3055 46.0393 48
    endloop
  endfacet
  facet normal 0 0 1
    outer loop
      vertex -64.375 46.0825 48
      vertex -64.375 43.9175 48
      vertex -64.3055 43.9607 48
    endloop
  endfacet
  facet normal 0 0 1
    outer loop
      vertex -64.4471 46.1211 48
      vertex -64.375 43.9175 48
      vertex -64.375 46.0825 48
    endloop
  endfacet
  facet normal 0 0 1
    outer loop
      vertex -64.4471 46.1211 48
      vertex -64.4471 43.8789 48
      vertex -64.375 43.9175 48
    endloop
  endfacet
  facet normal 0 0 1
    outer loop
      vertex -64.5216 46.1549 48
      vertex -64.4471 43.8789 48
      vertex -64.4471 46.1211 48
    endloop
  endfacet
  facet normal 0 0 1
    outer loop
      vertex -64.5216 46.1549 48
      vertex -64.5216 43.8451 48
      vertex -64.4471 43.8789 48
    endloop
  endfacet
  facet normal 0 0 1
    outer loop
      vertex -64.5982 46.1837 48
      vertex -64.5216 43.8451 48
      vertex -64.5216 46.1549 48
    endloop
  endfacet
  facet normal 0 0 1
    outer loop
      vertex -64.5982 46.1837 48
      vertex -64.5982 43.8163 48
      vertex -64.5216 43.8451 48
    endloop
  endfacet
  facet normal 0 0 1
    outer loop
      vertex -64.6765 46.2074 48
      vertex -64.5982 43.8163 48
      vertex -64.5982 46.1837 48
    endloop
  endfacet
  facet normal 0 0 1
    outer loop
      vertex -64.6765 46.2074 48
      vertex -64.6765 43.7926 48
      vertex -64.5982 43.8163 48
    endloop
  endfacet
  facet normal 0 0 1
    outer loop
      vertex -64.7561 46.226 48
      vertex -64.6765 43.7926 48
      vertex -64.6765 46.2074 48
    endloop
  endfacet
  facet normal 0 0 1
    outer loop
      vertex -64.7561 46.226 48
      vertex -64.7561 43.774 48
      vertex -64.6765 43.7926 48
    endloop
  endfacet
  facet normal 0 0 1
    outer loop
      vertex -64.8368 46.2393 48
      vertex -64.7561 43.774 48
      vertex -64.7561 46.226 48
    endloop
  endfacet
  facet normal 0 0 1
    outer loop
      vertex -64.8368 46.2393 48
      vertex -64.8368 43.7607 48
      vertex -64.7561 43.774 48
    endloop
  endfacet
  facet normal 0 0 1
    outer loop
      vertex -64.9182 46.2473 48
      vertex -64.8368 43.7607 48
      vertex -64.8368 46.2393 48
    endloop
  endfacet
  facet normal 0 0 1
    outer loop
      vertex -64.9182 46.2473 48
      vertex -64.9182 43.7527 48
      vertex -64.8368 43.7607 48
    endloop
  endfacet
  facet normal 0 0 1
    outer loop
      vertex -65 46.25 48
      vertex -64.9182 43.7527 48
      vertex -64.9182 46.2473 48
    endloop
  endfacet
  facet normal 0 0 1
    outer loop
      vertex -65 46.25 48
      vertex -65 43.75 48
      vertex -64.9182 43.7527 48
    endloop
  endfacet
  facet normal -0 0 1
    outer loop
      vertex -65.0818 46.2473 48
      vertex -65 43.75 48
      vertex -65 46.25 48
    endloop
  endfacet
  facet normal 0 0 1
    outer loop
      vertex -65.0818 46.2473 48
      vertex -65.0818 43.7527 48
      vertex -65 43.75 48
    endloop
  endfacet
  facet normal -0 0 1
    outer loop
      vertex -65.1632 46.2393 48
      vertex -65.0818 43.7527 48
      vertex -65.0818 46.2473 48
    endloop
  endfacet
  facet normal 0 0 1
    outer loop
      vertex -65.1632 46.2393 48
      vertex -65.1632 43.7607 48
      vertex -65.0818 43.7527 48
    endloop
  endfacet
  facet normal -0 0 1
    outer loop
      vertex -65.2439 46.226 48
      vertex -65.1632 43.7607 48
      vertex -65.1632 46.2393 48
    endloop
  endfacet
  facet normal 0 0 1
    outer loop
      vertex -65.2439 46.226 48
      vertex -65.2439 43.774 48
      vertex -65.1632 43.7607 48
    endloop
  endfacet
  facet normal -0 0 1
    outer loop
      vertex -65.3235 46.2074 48
      vertex -65.2439 43.774 48
      vertex -65.2439 46.226 48
    endloop
  endfacet
  facet normal 0 0 1
    outer loop
      vertex -65.3235 46.2074 48
      vertex -65.3235 43.7926 48
      vertex -65.2439 43.774 48
    endloop
  endfacet
  facet normal -0 0 1
    outer loop
      vertex -65.4018 46.1837 48
      vertex -65.3235 43.7926 48
      vertex -65.3235 46.2074 48
    endloop
  endfacet
  facet normal 0 0 1
    outer loop
      vertex -65.4018 46.1837 48
      vertex -65.4018 43.8163 48
      vertex -65.3235 43.7926 48
    endloop
  endfacet
  facet normal -0 0 1
    outer loop
      vertex -65.4784 46.1549 48
      vertex -65.4018 43.8163 48
      vertex -65.4018 46.1837 48
    endloop
  endfacet
  facet normal 0 0 1
    outer loop
      vertex -65.4784 46.1549 48
      vertex -65.4784 43.8451 48
      vertex -65.4018 43.8163 48
    endloop
  endfacet
  facet normal -0 0 1
    outer loop
      vertex -65.5529 46.1211 48
      vertex -65.4784 43.8451 48
      vertex -65.4784 46.1549 48
    endloop
  endfacet
  facet normal 0 0 1
    outer loop
      vertex -65.5529 46.1211 48
      vertex -65.5529 43.8789 48
      vertex -65.4784 43.8451 48
    endloop
  endfacet
  facet normal -0 0 1
    outer loop
      vertex -65.625 46.0825 48
      vertex -65.5529 43.8789 48
      vertex -65.5529 46.1211 48
    endloop
  endfacet
  facet normal 0 0 1
    outer loop
      vertex -65.625 46.0825 48
      vertex -65.625 43.9175 48
      vertex -65.5529 43.8789 48
    endloop
  endfacet
  facet normal -0 0 1
    outer loop
      vertex -65.6945 46.0393 48
      vertex -65.625 43.9175 48
      vertex -65.625 46.0825 48
    endloop
  endfacet
  facet normal 0 0 1
    outer loop
      vertex -65.6945 46.0393 48
      vertex -65.6945 43.9607 48
      vertex -65.625 43.9175 48
    endloop
  endfacet
  facet normal -0 0 1
    outer loop
      vertex -65.7609 45.9917 48
      vertex -65.6945 43.9607 48
      vertex -65.6945 46.0393 48
    endloop
  endfacet
  facet normal 0 0 1
    outer loop
      vertex -65.7609 45.9917 48
      vertex -65.7609 44.0083 48
      vertex -65.6945 43.9607 48
    endloop
  endfacet
  facet normal -0 0 1
    outer loop
      vertex -65.8242 45.9398 48
      vertex -65.7609 44.0083 48
      vertex -65.7609 45.9917 48
    endloop
  endfacet
  facet normal 0 0 1
    outer loop
      vertex -65.8242 45.9398 48
      vertex -65.8242 44.0602 48
      vertex -65.7609 44.0083 48
    endloop
  endfacet
  facet normal -0 0 1
    outer loop
      vertex -65.8839 45.8839 48
      vertex -65.8242 44.0602 48
      vertex -65.8242 45.9398 48
    endloop
  endfacet
  facet normal 0 0 1
    outer loop
      vertex -65.8839 45.8839 48
      vertex -65.8839 44.1161 48
      vertex -65.8242 44.0602 48
    endloop
  endfacet
  facet normal -0 0 1
    outer loop
      vertex -65.9398 45.8242 48
      vertex -65.8839 44.1161 48
      vertex -65.8839 45.8839 48
    endloop
  endfacet
  facet normal 0 0 1
    outer loop
      vertex -65.9398 45.8242 48
      vertex -65.9398 44.1758 48
      vertex -65.8839 44.1161 48
    endloop
  endfacet
  facet normal -0 0 1
    outer loop
      vertex -65.9917 45.761 48
      vertex -65.9398 44.1758 48
      vertex -65.9398 45.8242 48
    endloop
  endfacet
  facet normal 0 0 1
    outer loop
      vertex -65.9917 45.761 48
      vertex -65.9917 44.239 48
      vertex -65.9398 44.1758 48
    endloop
  endfacet
  facet normal -0 0 1
    outer loop
      vertex -66.0393 45.6945 48
      vertex -65.9917 44.239 48
      vertex -65.9917 45.761 48
    endloop
  endfacet
  facet normal 0 0 1
    outer loop
      vertex -66.0393 45.6945 48
      vertex -66.0393 44.3055 48
      vertex -65.9917 44.239 48
    endloop
  endfacet
  facet normal -0 0 1
    outer loop
      vertex -66.0825 45.625 48
      vertex -66.0393 44.3055 48
      vertex -66.0393 45.6945 48
    endloop
  endfacet
  facet normal 0 0 1
    outer loop
      vertex -66.0825 45.625 48
      vertex -66.0825 44.375 48
      vertex -66.0393 44.3055 48
    endloop
  endfacet
  facet normal -0 0 1
    outer loop
      vertex -66.1211 45.5529 48
      vertex -66.0825 44.375 48
      vertex -66.0825 45.625 48
    endloop
  endfacet
  facet normal 0 0 1
    outer loop
      vertex -66.1211 45.5529 48
      vertex -66.1211 44.4471 48
      vertex -66.0825 44.375 48
    endloop
  endfacet
  facet normal -0 0 1
    outer loop
      vertex -66.1548 45.4784 48
      vertex -66.1211 44.4471 48
      vertex -66.1211 45.5529 48
    endloop
  endfacet
  facet normal 0 0 1
    outer loop
      vertex -66.1548 45.4784 48
      vertex -66.1548 44.5216 48
      vertex -66.1211 44.4471 48
    endloop
  endfacet
  facet normal -0 0 1
    outer loop
      vertex -66.1837 45.4018 48
      vertex -66.1548 44.5216 48
      vertex -66.1548 45.4784 48
    endloop
  endfacet
  facet normal 0 0 1
    outer loop
      vertex -66.1837 45.4018 48
      vertex -66.1837 44.5982 48
      vertex -66.1548 44.5216 48
    endloop
  endfacet
  facet normal -0 0 1
    outer loop
      vertex -66.2074 45.3235 48
      vertex -66.1837 44.5982 48
      vertex -66.1837 45.4018 48
    endloop
  endfacet
  facet normal 0 0 1
    outer loop
      vertex -66.2074 45.3235 48
      vertex -66.2074 44.6765 48
      vertex -66.1837 44.5982 48
    endloop
  endfacet
  facet normal -0 0 1
    outer loop
      vertex -66.226 45.2439 48
      vertex -66.2074 44.6765 48
      vertex -66.2074 45.3235 48
    endloop
  endfacet
  facet normal 0 0 1
    outer loop
      vertex -66.226 45.2439 48
      vertex -66.226 44.7561 48
      vertex -66.2074 44.6765 48
    endloop
  endfacet
  facet normal -0 0 1
    outer loop
      vertex -66.2393 45.1632 48
      vertex -66.226 44.7561 48
      vertex -66.226 45.2439 48
    endloop
  endfacet
  facet normal 0 0 1
    outer loop
      vertex -66.2393 45.1632 48
      vertex -66.2393 44.8368 48
      vertex -66.226 44.7561 48
    endloop
  endfacet
  facet normal -0 0 1
    outer loop
      vertex -66.2473 45.0818 48
      vertex -66.2393 44.8368 48
      vertex -66.2393 45.1632 48
    endloop
  endfacet
  facet normal 0 0 1
    outer loop
      vertex -66.2473 45.0818 48
      vertex -66.2473 44.9182 48
      vertex -66.2393 44.8368 48
    endloop
  endfacet
  facet normal 0 -0 1
    outer loop
      vertex -66.2473 44.9182 48
      vertex -66.2473 45.0818 48
      vertex -66.25 45 48
    endloop
  endfacet
  facet normal -0.227539 0.973769 0
    outer loop
      vertex -64.6765 43.7926 48
      vertex -64.7561 43.774 60
      vertex -64.6765 43.7926 60
    endloop
  endfacet
  facet normal -0.227539 0.973769 0
    outer loop
      vertex -64.7561 43.774 60
      vertex -64.6765 43.7926 48
      vertex -64.7561 43.774 48
    endloop
  endfacet
  facet normal -0.936028 -0.351927 0
    outer loop
      vertex -63.8163 45.4018 48
      vertex -63.8451 45.4784 60
      vertex -63.8451 45.4784 48
    endloop
  endfacet
  facet normal -0.936028 -0.351927 0
    outer loop
      vertex -63.8451 45.4784 60
      vertex -63.8163 45.4018 48
      vertex -63.8163 45.4018 60
    endloop
  endfacet
  facet normal 0.729956 -0.683494 0
    outer loop
      vertex -65.9398 45.8242 60
      vertex -65.8839 45.8839 48
      vertex -65.8839 45.8839 60
    endloop
  endfacet
  facet normal 0.729956 -0.683494 0
    outer loop
      vertex -65.8839 45.8839 48
      vertex -65.9398 45.8242 60
      vertex -65.9398 45.8242 48
    endloop
  endfacet
  facet normal -0.995205 0.0978089 0
    outer loop
      vertex -63.7607 44.8368 48
      vertex -63.7527 44.9182 60
      vertex -63.7527 44.9182 48
    endloop
  endfacet
  facet normal -0.995205 0.0978089 0
    outer loop
      vertex -63.7527 44.9182 60
      vertex -63.7607 44.8368 48
      vertex -63.7607 44.8368 60
    endloop
  endfacet
  facet normal -0.881607 0.471984 0
    outer loop
      vertex -63.9175 44.375 48
      vertex -63.8789 44.4471 60
      vertex -63.8789 44.4471 48
    endloop
  endfacet
  facet normal -0.881607 0.471984 0
    outer loop
      vertex -63.8789 44.4471 60
      vertex -63.9175 44.375 48
      vertex -63.9175 44.375 60
    endloop
  endfacet
  facet normal -0.957117 0.289702 0
    outer loop
      vertex -63.8163 44.5982 48
      vertex -63.7926 44.6765 60
      vertex -63.7926 44.6765 48
    endloop
  endfacet
  facet normal -0.957117 0.289702 0
    outer loop
      vertex -63.7926 44.6765 60
      vertex -63.8163 44.5982 48
      vertex -63.8163 44.5982 60
    endloop
  endfacet
  facet normal -0.813155 0.582048 0
    outer loop
      vertex -64.0083 44.239 48
      vertex -63.9607 44.3055 60
      vertex -63.9607 44.3055 48
    endloop
  endfacet
  facet normal -0.813155 0.582048 0
    outer loop
      vertex -63.9607 44.3055 60
      vertex -64.0083 44.239 48
      vertex -64.0083 44.239 60
    endloop
  endfacet
  facet normal -0.8493 0.52791 0
    outer loop
      vertex -63.9607 44.3055 48
      vertex -63.9175 44.375 60
      vertex -63.9175 44.375 48
    endloop
  endfacet
  facet normal -0.8493 0.52791 0
    outer loop
      vertex -63.9175 44.375 60
      vertex -63.9607 44.3055 48
      vertex -63.9607 44.3055 60
    endloop
  endfacet
  facet normal 0.413158 0.910659 -0
    outer loop
      vertex -65.4784 43.8451 48
      vertex -65.5529 43.8789 60
      vertex -65.4784 43.8451 60
    endloop
  endfacet
  facet normal 0.413158 0.910659 0
    outer loop
      vertex -65.5529 43.8789 60
      vertex -65.4784 43.8451 48
      vertex -65.5529 43.8789 48
    endloop
  endfacet
  facet normal 0.729956 0.683494 0
    outer loop
      vertex -65.8839 44.1161 60
      vertex -65.9398 44.1758 48
      vertex -65.9398 44.1758 60
    endloop
  endfacet
  facet normal 0.729956 0.683494 0
    outer loop
      vertex -65.9398 44.1758 48
      vertex -65.8839 44.1161 60
      vertex -65.8839 44.1161 48
    endloop
  endfacet
  facet normal 0.881607 0.471984 0
    outer loop
      vertex -66.0825 44.375 60
      vertex -66.1211 44.4471 48
      vertex -66.1211 44.4471 60
    endloop
  endfacet
  facet normal 0.881607 0.471984 0
    outer loop
      vertex -66.1211 44.4471 48
      vertex -66.0825 44.375 60
      vertex -66.0825 44.375 48
    endloop
  endfacet
  facet normal 0.957117 0.289702 0
    outer loop
      vertex -66.1837 44.5982 60
      vertex -66.2074 44.6765 48
      vertex -66.2074 44.6765 60
    endloop
  endfacet
  facet normal 0.957117 0.289702 0
    outer loop
      vertex -66.2074 44.6765 48
      vertex -66.1837 44.5982 60
      vertex -66.1837 44.5982 48
    endloop
  endfacet
  facet normal 0.98669 0.162614 0
    outer loop
      vertex -66.226 44.7561 60
      vertex -66.2393 44.8368 48
      vertex -66.2393 44.8368 60
    endloop
  endfacet
  facet normal 0.98669 0.162614 0
    outer loop
      vertex -66.2393 44.8368 48
      vertex -66.226 44.7561 60
      vertex -66.226 44.7561 48
    endloop
  endfacet
  facet normal 0.999456 0.0329894 0
    outer loop
      vertex -66.2473 44.9182 60
      vertex -66.25 45 48
      vertex -66.25 45 60
    endloop
  endfacet
  facet normal 0.999456 0.0329894 0
    outer loop
      vertex -66.25 45 48
      vertex -66.2473 44.9182 60
      vertex -66.2473 44.9182 48
    endloop
  endfacet
  facet normal -0.413158 0.910659 0
    outer loop
      vertex -64.4471 43.8789 48
      vertex -64.5216 43.8451 60
      vertex -64.4471 43.8789 60
    endloop
  endfacet
  facet normal -0.413158 0.910659 0
    outer loop
      vertex -64.5216 43.8451 60
      vertex -64.4471 43.8789 48
      vertex -64.5216 43.8451 48
    endloop
  endfacet
  facet normal -0.910659 0.413158 0
    outer loop
      vertex -63.8789 44.4471 48
      vertex -63.8451 44.5216 60
      vertex -63.8451 44.5216 48
    endloop
  endfacet
  facet normal -0.910659 0.413158 0
    outer loop
      vertex -63.8451 44.5216 60
      vertex -63.8789 44.4471 48
      vertex -63.8789 44.4471 60
    endloop
  endfacet
  facet normal -0.98669 0.162614 0
    outer loop
      vertex -63.774 44.7561 48
      vertex -63.7607 44.8368 60
      vertex -63.7607 44.8368 48
    endloop
  endfacet
  facet normal -0.98669 0.162614 0
    outer loop
      vertex -63.7607 44.8368 60
      vertex -63.774 44.7561 48
      vertex -63.774 44.7561 60
    endloop
  endfacet
  facet normal -0.683494 0.729956 0
    outer loop
      vertex -64.1161 44.1161 48
      vertex -64.1758 44.0602 60
      vertex -64.1161 44.1161 60
    endloop
  endfacet
  facet normal -0.683494 0.729956 0
    outer loop
      vertex -64.1758 44.0602 60
      vertex -64.1161 44.1161 48
      vertex -64.1758 44.0602 48
    endloop
  endfacet
  facet normal -0.582048 0.813155 0
    outer loop
      vertex -64.239 44.0083 48
      vertex -64.3055 43.9607 60
      vertex -64.239 44.0083 60
    endloop
  endfacet
  facet normal -0.582048 0.813155 0
    outer loop
      vertex -64.3055 43.9607 60
      vertex -64.239 44.0083 48
      vertex -64.3055 43.9607 48
    endloop
  endfacet
  facet normal 0.0329894 0.999456 -0
    outer loop
      vertex -65 43.75 48
      vertex -65.0818 43.7527 60
      vertex -65 43.75 60
    endloop
  endfacet
  facet normal 0.0329894 0.999456 0
    outer loop
      vertex -65.0818 43.7527 60
      vertex -65 43.75 48
      vertex -65.0818 43.7527 48
    endloop
  endfacet
  facet normal 0.0978089 0.995205 -0
    outer loop
      vertex -65.0818 43.7527 48
      vertex -65.1632 43.7607 60
      vertex -65.0818 43.7527 60
    endloop
  endfacet
  facet normal 0.0978089 0.995205 0
    outer loop
      vertex -65.1632 43.7607 60
      vertex -65.0818 43.7527 48
      vertex -65.1632 43.7607 48
    endloop
  endfacet
  facet normal 0.471984 0.881607 -0
    outer loop
      vertex -65.5529 43.8789 48
      vertex -65.625 43.9175 60
      vertex -65.5529 43.8789 60
    endloop
  endfacet
  facet normal 0.471984 0.881607 0
    outer loop
      vertex -65.625 43.9175 60
      vertex -65.5529 43.8789 48
      vertex -65.625 43.9175 48
    endloop
  endfacet
  facet normal 0.8493 0.52791 0
    outer loop
      vertex -66.0393 44.3055 60
      vertex -66.0825 44.375 48
      vertex -66.0825 44.375 60
    endloop
  endfacet
  facet normal 0.8493 0.52791 0
    outer loop
      vertex -66.0825 44.375 48
      vertex -66.0393 44.3055 60
      vertex -66.0393 44.3055 48
    endloop
  endfacet
  facet normal 0.995205 0.0978089 0
    outer loop
      vertex -66.2393 44.8368 60
      vertex -66.2473 44.9182 48
      vertex -66.2473 44.9182 60
    endloop
  endfacet
  facet normal 0.995205 0.0978089 0
    outer loop
      vertex -66.2473 44.9182 48
      vertex -66.2393 44.8368 60
      vertex -66.2393 44.8368 48
    endloop
  endfacet
  facet normal -0.162614 0.98669 0
    outer loop
      vertex -64.7561 43.774 48
      vertex -64.8368 43.7607 60
      vertex -64.7561 43.774 60
    endloop
  endfacet
  facet normal -0.162614 0.98669 0
    outer loop
      vertex -64.8368 43.7607 60
      vertex -64.7561 43.774 48
      vertex -64.8368 43.7607 48
    endloop
  endfacet
  facet normal -0.0978089 0.995205 0
    outer loop
      vertex -64.8368 43.7607 48
      vertex -64.9182 43.7527 60
      vertex -64.8368 43.7607 60
    endloop
  endfacet
  facet normal -0.0978089 0.995205 0
    outer loop
      vertex -64.9182 43.7527 60
      vertex -64.8368 43.7607 48
      vertex -64.9182 43.7527 48
    endloop
  endfacet
  facet normal -0.634635 0.772812 0
    outer loop
      vertex -64.1758 44.0602 48
      vertex -64.239 44.0083 60
      vertex -64.1758 44.0602 60
    endloop
  endfacet
  facet normal -0.634635 0.772812 0
    outer loop
      vertex -64.239 44.0083 60
      vertex -64.1758 44.0602 48
      vertex -64.239 44.0083 48
    endloop
  endfacet
  facet normal -0.52791 0.8493 0
    outer loop
      vertex -64.3055 43.9607 48
      vertex -64.375 43.9175 60
      vertex -64.3055 43.9607 60
    endloop
  endfacet
  facet normal -0.52791 0.8493 0
    outer loop
      vertex -64.375 43.9175 60
      vertex -64.3055 43.9607 48
      vertex -64.375 43.9175 48
    endloop
  endfacet
  facet normal 0.582627 0.81274 -0
    outer loop
      vertex -65.6945 43.9607 48
      vertex -65.7609 44.0083 60
      vertex -65.6945 43.9607 60
    endloop
  endfacet
  facet normal 0.582627 0.81274 0
    outer loop
      vertex -65.7609 44.0083 60
      vertex -65.6945 43.9607 48
      vertex -65.7609 44.0083 48
    endloop
  endfacet
  facet normal 0.227539 0.973769 -0
    outer loop
      vertex -65.2439 43.774 48
      vertex -65.3235 43.7926 60
      vertex -65.2439 43.774 60
    endloop
  endfacet
  facet normal 0.227539 0.973769 0
    outer loop
      vertex -65.3235 43.7926 60
      vertex -65.2439 43.774 48
      vertex -65.3235 43.7926 48
    endloop
  endfacet
  facet normal 0.52791 0.8493 -0
    outer loop
      vertex -65.625 43.9175 48
      vertex -65.6945 43.9607 60
      vertex -65.625 43.9175 60
    endloop
  endfacet
  facet normal 0.52791 0.8493 0
    outer loop
      vertex -65.6945 43.9607 60
      vertex -65.625 43.9175 48
      vertex -65.6945 43.9607 48
    endloop
  endfacet
  facet normal 0.634036 0.773304 -0
    outer loop
      vertex -65.7609 44.0083 48
      vertex -65.8242 44.0602 60
      vertex -65.7609 44.0083 60
    endloop
  endfacet
  facet normal 0.634036 0.773304 0
    outer loop
      vertex -65.8242 44.0602 60
      vertex -65.7609 44.0083 48
      vertex -65.8242 44.0602 48
    endloop
  endfacet
  facet normal 0.683494 0.729956 -0
    outer loop
      vertex -65.8242 44.0602 48
      vertex -65.8839 44.1161 60
      vertex -65.8242 44.0602 60
    endloop
  endfacet
  facet normal 0.683494 0.729956 0
    outer loop
      vertex -65.8839 44.1161 60
      vertex -65.8242 44.0602 48
      vertex -65.8839 44.1161 48
    endloop
  endfacet
  facet normal 0.162614 0.98669 -0
    outer loop
      vertex -65.1632 43.7607 48
      vertex -65.2439 43.774 60
      vertex -65.1632 43.7607 60
    endloop
  endfacet
  facet normal 0.162614 0.98669 0
    outer loop
      vertex -65.2439 43.774 60
      vertex -65.1632 43.7607 48
      vertex -65.2439 43.774 48
    endloop
  endfacet
  facet normal -0.881607 -0.471984 0
    outer loop
      vertex 66.1211 -44.4471 48
      vertex 66.0825 -44.375 60
      vertex 66.0825 -44.375 48
    endloop
  endfacet
  facet normal -0.881607 -0.471984 0
    outer loop
      vertex 66.0825 -44.375 60
      vertex 66.1211 -44.4471 48
      vertex 66.1211 -44.4471 60
    endloop
  endfacet
  facet normal -0.351927 -0.936028 0
    outer loop
      vertex 65.4018 -43.8163 48
      vertex 65.4784 -43.8451 60
      vertex 65.4018 -43.8163 60
    endloop
  endfacet
  facet normal -0.351927 -0.936028 -0
    outer loop
      vertex 65.4784 -43.8451 60
      vertex 65.4018 -43.8163 48
      vertex 65.4784 -43.8451 48
    endloop
  endfacet
  facet normal 0.413158 -0.910659 0
    outer loop
      vertex 64.4471 -43.8789 48
      vertex 64.5216 -43.8451 60
      vertex 64.4471 -43.8789 60
    endloop
  endfacet
  facet normal 0.413158 -0.910659 0
    outer loop
      vertex 64.5216 -43.8451 60
      vertex 64.4471 -43.8789 48
      vertex 64.5216 -43.8451 48
    endloop
  endfacet
  facet normal 0.936028 -0.351927 0
    outer loop
      vertex 63.8163 -44.5982 60
      vertex 63.8451 -44.5216 48
      vertex 63.8451 -44.5216 60
    endloop
  endfacet
  facet normal 0.936028 -0.351927 0
    outer loop
      vertex 63.8451 -44.5216 48
      vertex 63.8163 -44.5982 60
      vertex 63.8163 -44.5982 48
    endloop
  endfacet
  facet normal -0.995205 0.0978089 0
    outer loop
      vertex 66.2393 -45.1632 48
      vertex 66.2473 -45.0818 60
      vertex 66.2473 -45.0818 48
    endloop
  endfacet
  facet normal -0.995205 0.0978089 0
    outer loop
      vertex 66.2473 -45.0818 60
      vertex 66.2393 -45.1632 48
      vertex 66.2393 -45.1632 60
    endloop
  endfacet
  facet normal -0.0978089 -0.995205 0
    outer loop
      vertex 65.0818 -43.7527 48
      vertex 65.1632 -43.7607 60
      vertex 65.0818 -43.7527 60
    endloop
  endfacet
  facet normal -0.0978089 -0.995205 -0
    outer loop
      vertex 65.1632 -43.7607 60
      vertex 65.0818 -43.7527 48
      vertex 65.1632 -43.7607 48
    endloop
  endfacet
  facet normal -0.52791 -0.8493 0
    outer loop
      vertex 65.625 -43.9175 48
      vertex 65.6945 -43.9607 60
      vertex 65.625 -43.9175 60
    endloop
  endfacet
  facet normal -0.52791 -0.8493 -0
    outer loop
      vertex 65.6945 -43.9607 60
      vertex 65.625 -43.9175 48
      vertex 65.6945 -43.9607 48
    endloop
  endfacet
  facet normal 0.995205 -0.0978089 0
    outer loop
      vertex 63.7527 -44.9182 60
      vertex 63.7607 -44.8368 48
      vertex 63.7607 -44.8368 60
    endloop
  endfacet
  facet normal 0.995205 -0.0978089 0
    outer loop
      vertex 63.7607 -44.8368 48
      vertex 63.7527 -44.9182 60
      vertex 63.7527 -44.9182 48
    endloop
  endfacet
  facet normal 0.772812 -0.634635 0
    outer loop
      vertex 64.0083 -44.239 60
      vertex 64.0602 -44.1758 48
      vertex 64.0602 -44.1758 60
    endloop
  endfacet
  facet normal 0.772812 -0.634635 0
    outer loop
      vertex 64.0602 -44.1758 48
      vertex 64.0083 -44.239 60
      vertex 64.0083 -44.239 48
    endloop
  endfacet
  facet normal 0.227539 -0.973769 0
    outer loop
      vertex 64.6765 -43.7926 48
      vertex 64.7561 -43.774 60
      vertex 64.6765 -43.7926 60
    endloop
  endfacet
  facet normal 0.227539 -0.973769 0
    outer loop
      vertex 64.7561 -43.774 60
      vertex 64.6765 -43.7926 48
      vertex 64.7561 -43.774 48
    endloop
  endfacet
  facet normal -0.935625 0.352997 0
    outer loop
      vertex 66.1548 -45.4784 48
      vertex 66.1837 -45.4018 60
      vertex 66.1837 -45.4018 48
    endloop
  endfacet
  facet normal -0.935625 0.352997 0
    outer loop
      vertex 66.1837 -45.4018 60
      vertex 66.1548 -45.4784 48
      vertex 66.1548 -45.4784 60
    endloop
  endfacet
  facet normal -0.995205 -0.0978089 0
    outer loop
      vertex 66.2473 -44.9182 48
      vertex 66.2393 -44.8368 60
      vertex 66.2393 -44.8368 48
    endloop
  endfacet
  facet normal -0.995205 -0.0978089 0
    outer loop
      vertex 66.2393 -44.8368 60
      vertex 66.2473 -44.9182 48
      vertex 66.2473 -44.9182 60
    endloop
  endfacet
  facet normal -0.813155 -0.582048 0
    outer loop
      vertex 66.0393 -44.3055 48
      vertex 65.9917 -44.239 60
      vertex 65.9917 -44.239 48
    endloop
  endfacet
  facet normal -0.813155 -0.582048 0
    outer loop
      vertex 65.9917 -44.239 60
      vertex 66.0393 -44.3055 48
      vertex 66.0393 -44.3055 60
    endloop
  endfacet
  facet normal -0.683494 -0.729956 0
    outer loop
      vertex 65.8242 -44.0602 48
      vertex 65.8839 -44.1161 60
      vertex 65.8242 -44.0602 60
    endloop
  endfacet
  facet normal -0.683494 -0.729956 -0
    outer loop
      vertex 65.8839 -44.1161 60
      vertex 65.8242 -44.0602 48
      vertex 65.8839 -44.1161 48
    endloop
  endfacet
  facet normal -0.0329894 -0.999456 0
    outer loop
      vertex 65 -43.75 48
      vertex 65.0818 -43.7527 60
      vertex 65 -43.75 60
    endloop
  endfacet
  facet normal -0.0329894 -0.999456 -0
    outer loop
      vertex 65.0818 -43.7527 60
      vertex 65 -43.75 48
      vertex 65.0818 -43.7527 48
    endloop
  endfacet
  facet normal -0.289702 -0.957117 0
    outer loop
      vertex 65.3235 -43.7926 48
      vertex 65.4018 -43.8163 60
      vertex 65.3235 -43.7926 60
    endloop
  endfacet
  facet normal -0.289702 -0.957117 -0
    outer loop
      vertex 65.4018 -43.8163 60
      vertex 65.3235 -43.7926 48
      vertex 65.4018 -43.8163 48
    endloop
  endfacet
  facet normal -0.162614 -0.98669 0
    outer loop
      vertex 65.1632 -43.7607 48
      vertex 65.2439 -43.774 60
      vertex 65.1632 -43.7607 60
    endloop
  endfacet
  facet normal -0.162614 -0.98669 -0
    outer loop
      vertex 65.2439 -43.774 60
      vertex 65.1632 -43.7607 48
      vertex 65.2439 -43.774 48
    endloop
  endfacet
  facet normal -0.471984 -0.881607 0
    outer loop
      vertex 65.5529 -43.8789 48
      vertex 65.625 -43.9175 60
      vertex 65.5529 -43.8789 60
    endloop
  endfacet
  facet normal -0.471984 -0.881607 -0
    outer loop
      vertex 65.625 -43.9175 60
      vertex 65.5529 -43.8789 48
      vertex 65.625 -43.9175 48
    endloop
  endfacet
  facet normal -0.634036 -0.773304 0
    outer loop
      vertex 65.7609 -44.0083 48
      vertex 65.8242 -44.0602 60
      vertex 65.7609 -44.0083 60
    endloop
  endfacet
  facet normal -0.634036 -0.773304 -0
    outer loop
      vertex 65.8242 -44.0602 60
      vertex 65.7609 -44.0083 48
      vertex 65.8242 -44.0602 48
    endloop
  endfacet
  facet normal 0 0 1
    outer loop
      vertex 66.2473 -44.9182 48
      vertex 66.2473 -45.0818 48
      vertex 66.25 -45 48
    endloop
  endfacet
  facet normal 0 0 1
    outer loop
      vertex 66.2393 -44.8368 48
      vertex 66.2473 -45.0818 48
      vertex 66.2473 -44.9182 48
    endloop
  endfacet
  facet normal 0 0 1
    outer loop
      vertex 66.2393 -44.8368 48
      vertex 66.2393 -45.1632 48
      vertex 66.2473 -45.0818 48
    endloop
  endfacet
  facet normal 0 0 1
    outer loop
      vertex 66.226 -44.7561 48
      vertex 66.2393 -45.1632 48
      vertex 66.2393 -44.8368 48
    endloop
  endfacet
  facet normal 0 0 1
    outer loop
      vertex 66.226 -44.7561 48
      vertex 66.226 -45.2439 48
      vertex 66.2393 -45.1632 48
    endloop
  endfacet
  facet normal 0 0 1
    outer loop
      vertex 66.2074 -44.6765 48
      vertex 66.226 -45.2439 48
      vertex 66.226 -44.7561 48
    endloop
  endfacet
  facet normal 0 0 1
    outer loop
      vertex 66.2074 -44.6765 48
      vertex 66.2074 -45.3235 48
      vertex 66.226 -45.2439 48
    endloop
  endfacet
  facet normal 0 0 1
    outer loop
      vertex 66.1837 -44.5982 48
      vertex 66.2074 -45.3235 48
      vertex 66.2074 -44.6765 48
    endloop
  endfacet
  facet normal 0 0 1
    outer loop
      vertex 66.1837 -44.5982 48
      vertex 66.1837 -45.4018 48
      vertex 66.2074 -45.3235 48
    endloop
  endfacet
  facet normal 0 0 1
    outer loop
      vertex 66.1548 -44.5216 48
      vertex 66.1837 -45.4018 48
      vertex 66.1837 -44.5982 48
    endloop
  endfacet
  facet normal 0 0 1
    outer loop
      vertex 66.1548 -44.5216 48
      vertex 66.1548 -45.4784 48
      vertex 66.1837 -45.4018 48
    endloop
  endfacet
  facet normal 0 0 1
    outer loop
      vertex 66.1211 -44.4471 48
      vertex 66.1548 -45.4784 48
      vertex 66.1548 -44.5216 48
    endloop
  endfacet
  facet normal 0 0 1
    outer loop
      vertex 66.1211 -44.4471 48
      vertex 66.1211 -45.5529 48
      vertex 66.1548 -45.4784 48
    endloop
  endfacet
  facet normal 0 0 1
    outer loop
      vertex 66.0825 -44.375 48
      vertex 66.1211 -45.5529 48
      vertex 66.1211 -44.4471 48
    endloop
  endfacet
  facet normal 0 0 1
    outer loop
      vertex 66.0825 -44.375 48
      vertex 66.0825 -45.625 48
      vertex 66.1211 -45.5529 48
    endloop
  endfacet
  facet normal 0 0 1
    outer loop
      vertex 66.0393 -44.3055 48
      vertex 66.0825 -45.625 48
      vertex 66.0825 -44.375 48
    endloop
  endfacet
  facet normal 0 0 1
    outer loop
      vertex 66.0393 -44.3055 48
      vertex 66.0393 -45.6945 48
      vertex 66.0825 -45.625 48
    endloop
  endfacet
  facet normal 0 0 1
    outer loop
      vertex 65.9917 -44.239 48
      vertex 66.0393 -45.6945 48
      vertex 66.0393 -44.3055 48
    endloop
  endfacet
  facet normal 0 0 1
    outer loop
      vertex 65.9917 -44.239 48
      vertex 65.9917 -45.761 48
      vertex 66.0393 -45.6945 48
    endloop
  endfacet
  facet normal 0 0 1
    outer loop
      vertex 65.9398 -44.1758 48
      vertex 65.9917 -45.761 48
      vertex 65.9917 -44.239 48
    endloop
  endfacet
  facet normal 0 0 1
    outer loop
      vertex 65.9398 -44.1758 48
      vertex 65.9398 -45.8242 48
      vertex 65.9917 -45.761 48
    endloop
  endfacet
  facet normal 0 0 1
    outer loop
      vertex 65.8839 -44.1161 48
      vertex 65.9398 -45.8242 48
      vertex 65.9398 -44.1758 48
    endloop
  endfacet
  facet normal 0 0 1
    outer loop
      vertex 65.8839 -44.1161 48
      vertex 65.8839 -45.8839 48
      vertex 65.9398 -45.8242 48
    endloop
  endfacet
  facet normal 0 0 1
    outer loop
      vertex 65.8242 -44.0602 48
      vertex 65.8839 -45.8839 48
      vertex 65.8839 -44.1161 48
    endloop
  endfacet
  facet normal 0 0 1
    outer loop
      vertex 65.8242 -44.0602 48
      vertex 65.8242 -45.9398 48
      vertex 65.8839 -45.8839 48
    endloop
  endfacet
  facet normal 0 0 1
    outer loop
      vertex 65.7609 -44.0083 48
      vertex 65.8242 -45.9398 48
      vertex 65.8242 -44.0602 48
    endloop
  endfacet
  facet normal 0 0 1
    outer loop
      vertex 65.7609 -44.0083 48
      vertex 65.7609 -45.9917 48
      vertex 65.8242 -45.9398 48
    endloop
  endfacet
  facet normal 0 0 1
    outer loop
      vertex 65.6945 -43.9607 48
      vertex 65.7609 -45.9917 48
      vertex 65.7609 -44.0083 48
    endloop
  endfacet
  facet normal 0 0 1
    outer loop
      vertex 65.6945 -43.9607 48
      vertex 65.6945 -46.0393 48
      vertex 65.7609 -45.9917 48
    endloop
  endfacet
  facet normal 0 0 1
    outer loop
      vertex 65.625 -43.9175 48
      vertex 65.6945 -46.0393 48
      vertex 65.6945 -43.9607 48
    endloop
  endfacet
  facet normal 0 0 1
    outer loop
      vertex 65.625 -43.9175 48
      vertex 65.625 -46.0825 48
      vertex 65.6945 -46.0393 48
    endloop
  endfacet
  facet normal 0 0 1
    outer loop
      vertex 65.5529 -43.8789 48
      vertex 65.625 -46.0825 48
      vertex 65.625 -43.9175 48
    endloop
  endfacet
  facet normal 0 0 1
    outer loop
      vertex 65.5529 -43.8789 48
      vertex 65.5529 -46.1211 48
      vertex 65.625 -46.0825 48
    endloop
  endfacet
  facet normal 0 0 1
    outer loop
      vertex 65.4784 -43.8451 48
      vertex 65.5529 -46.1211 48
      vertex 65.5529 -43.8789 48
    endloop
  endfacet
  facet normal 0 0 1
    outer loop
      vertex 65.4784 -43.8451 48
      vertex 65.4784 -46.1549 48
      vertex 65.5529 -46.1211 48
    endloop
  endfacet
  facet normal 0 0 1
    outer loop
      vertex 65.4018 -43.8163 48
      vertex 65.4784 -46.1549 48
      vertex 65.4784 -43.8451 48
    endloop
  endfacet
  facet normal 0 0 1
    outer loop
      vertex 65.4018 -43.8163 48
      vertex 65.4018 -46.1837 48
      vertex 65.4784 -46.1549 48
    endloop
  endfacet
  facet normal 0 0 1
    outer loop
      vertex 65.3235 -43.7926 48
      vertex 65.4018 -46.1837 48
      vertex 65.4018 -43.8163 48
    endloop
  endfacet
  facet normal 0 0 1
    outer loop
      vertex 65.3235 -43.7926 48
      vertex 65.3235 -46.2074 48
      vertex 65.4018 -46.1837 48
    endloop
  endfacet
  facet normal 0 0 1
    outer loop
      vertex 65.2439 -43.774 48
      vertex 65.3235 -46.2074 48
      vertex 65.3235 -43.7926 48
    endloop
  endfacet
  facet normal 0 0 1
    outer loop
      vertex 65.2439 -43.774 48
      vertex 65.2439 -46.226 48
      vertex 65.3235 -46.2074 48
    endloop
  endfacet
  facet normal 0 0 1
    outer loop
      vertex 65.1632 -43.7607 48
      vertex 65.2439 -46.226 48
      vertex 65.2439 -43.774 48
    endloop
  endfacet
  facet normal 0 0 1
    outer loop
      vertex 65.1632 -43.7607 48
      vertex 65.1632 -46.2393 48
      vertex 65.2439 -46.226 48
    endloop
  endfacet
  facet normal 0 0 1
    outer loop
      vertex 65.0818 -43.7527 48
      vertex 65.1632 -46.2393 48
      vertex 65.1632 -43.7607 48
    endloop
  endfacet
  facet normal 0 0 1
    outer loop
      vertex 65.0818 -43.7527 48
      vertex 65.0818 -46.2473 48
      vertex 65.1632 -46.2393 48
    endloop
  endfacet
  facet normal 0 0 1
    outer loop
      vertex 65 -43.75 48
      vertex 65.0818 -46.2473 48
      vertex 65.0818 -43.7527 48
    endloop
  endfacet
  facet normal 0 0 1
    outer loop
      vertex 65 -43.75 48
      vertex 65 -46.25 48
      vertex 65.0818 -46.2473 48
    endloop
  endfacet
  facet normal -0 0 1
    outer loop
      vertex 64.9182 -43.7527 48
      vertex 65 -46.25 48
      vertex 65 -43.75 48
    endloop
  endfacet
  facet normal 0 0 1
    outer loop
      vertex 64.9182 -43.7527 48
      vertex 64.9182 -46.2473 48
      vertex 65 -46.25 48
    endloop
  endfacet
  facet normal -0 0 1
    outer loop
      vertex 64.8368 -43.7607 48
      vertex 64.9182 -46.2473 48
      vertex 64.9182 -43.7527 48
    endloop
  endfacet
  facet normal 0 0 1
    outer loop
      vertex 64.8368 -43.7607 48
      vertex 64.8368 -46.2393 48
      vertex 64.9182 -46.2473 48
    endloop
  endfacet
  facet normal -0 0 1
    outer loop
      vertex 64.7561 -43.774 48
      vertex 64.8368 -46.2393 48
      vertex 64.8368 -43.7607 48
    endloop
  endfacet
  facet normal 0 0 1
    outer loop
      vertex 64.7561 -43.774 48
      vertex 64.7561 -46.226 48
      vertex 64.8368 -46.2393 48
    endloop
  endfacet
  facet normal -0 0 1
    outer loop
      vertex 64.6765 -43.7926 48
      vertex 64.7561 -46.226 48
      vertex 64.7561 -43.774 48
    endloop
  endfacet
  facet normal 0 0 1
    outer loop
      vertex 64.6765 -43.7926 48
      vertex 64.6765 -46.2074 48
      vertex 64.7561 -46.226 48
    endloop
  endfacet
  facet normal -0 0 1
    outer loop
      vertex 64.5982 -43.8163 48
      vertex 64.6765 -46.2074 48
      vertex 64.6765 -43.7926 48
    endloop
  endfacet
  facet normal 0 0 1
    outer loop
      vertex 64.5982 -43.8163 48
      vertex 64.5982 -46.1837 48
      vertex 64.6765 -46.2074 48
    endloop
  endfacet
  facet normal -0 0 1
    outer loop
      vertex 64.5216 -43.8451 48
      vertex 64.5982 -46.1837 48
      vertex 64.5982 -43.8163 48
    endloop
  endfacet
  facet normal 0 0 1
    outer loop
      vertex 64.5216 -43.8451 48
      vertex 64.5216 -46.1549 48
      vertex 64.5982 -46.1837 48
    endloop
  endfacet
  facet normal -0 0 1
    outer loop
      vertex 64.4471 -43.8789 48
      vertex 64.5216 -46.1549 48
      vertex 64.5216 -43.8451 48
    endloop
  endfacet
  facet normal 0 0 1
    outer loop
      vertex 64.4471 -43.8789 48
      vertex 64.4471 -46.1211 48
      vertex 64.5216 -46.1549 48
    endloop
  endfacet
  facet normal -0 0 1
    outer loop
      vertex 64.375 -43.9175 48
      vertex 64.4471 -46.1211 48
      vertex 64.4471 -43.8789 48
    endloop
  endfacet
  facet normal 0 0 1
    outer loop
      vertex 64.375 -43.9175 48
      vertex 64.375 -46.0825 48
      vertex 64.4471 -46.1211 48
    endloop
  endfacet
  facet normal -0 0 1
    outer loop
      vertex 64.3055 -43.9607 48
      vertex 64.375 -46.0825 48
      vertex 64.375 -43.9175 48
    endloop
  endfacet
  facet normal 0 0 1
    outer loop
      vertex 64.3055 -43.9607 48
      vertex 64.3055 -46.0393 48
      vertex 64.375 -46.0825 48
    endloop
  endfacet
  facet normal -0 0 1
    outer loop
      vertex 64.239 -44.0083 48
      vertex 64.3055 -46.0393 48
      vertex 64.3055 -43.9607 48
    endloop
  endfacet
  facet normal 0 0 1
    outer loop
      vertex 64.239 -44.0083 48
      vertex 64.239 -45.9917 48
      vertex 64.3055 -46.0393 48
    endloop
  endfacet
  facet normal -0 0 1
    outer loop
      vertex 64.1758 -44.0602 48
      vertex 64.239 -45.9917 48
      vertex 64.239 -44.0083 48
    endloop
  endfacet
  facet normal 0 0 1
    outer loop
      vertex 64.1758 -44.0602 48
      vertex 64.1758 -45.9398 48
      vertex 64.239 -45.9917 48
    endloop
  endfacet
  facet normal -0 0 1
    outer loop
      vertex 64.1161 -44.1161 48
      vertex 64.1758 -45.9398 48
      vertex 64.1758 -44.0602 48
    endloop
  endfacet
  facet normal 0 0 1
    outer loop
      vertex 64.1161 -44.1161 48
      vertex 64.1161 -45.8839 48
      vertex 64.1758 -45.9398 48
    endloop
  endfacet
  facet normal -0 0 1
    outer loop
      vertex 64.0602 -44.1758 48
      vertex 64.1161 -45.8839 48
      vertex 64.1161 -44.1161 48
    endloop
  endfacet
  facet normal 0 0 1
    outer loop
      vertex 64.0602 -44.1758 48
      vertex 64.0602 -45.8242 48
      vertex 64.1161 -45.8839 48
    endloop
  endfacet
  facet normal -0 0 1
    outer loop
      vertex 64.0083 -44.239 48
      vertex 64.0602 -45.8242 48
      vertex 64.0602 -44.1758 48
    endloop
  endfacet
  facet normal 0 0 1
    outer loop
      vertex 64.0083 -44.239 48
      vertex 64.0083 -45.761 48
      vertex 64.0602 -45.8242 48
    endloop
  endfacet
  facet normal -0 0 1
    outer loop
      vertex 63.9607 -44.3055 48
      vertex 64.0083 -45.761 48
      vertex 64.0083 -44.239 48
    endloop
  endfacet
  facet normal 0 0 1
    outer loop
      vertex 63.9607 -44.3055 48
      vertex 63.9607 -45.6945 48
      vertex 64.0083 -45.761 48
    endloop
  endfacet
  facet normal -0 0 1
    outer loop
      vertex 63.9175 -44.375 48
      vertex 63.9607 -45.6945 48
      vertex 63.9607 -44.3055 48
    endloop
  endfacet
  facet normal 0 0 1
    outer loop
      vertex 63.9175 -44.375 48
      vertex 63.9175 -45.625 48
      vertex 63.9607 -45.6945 48
    endloop
  endfacet
  facet normal -0 0 1
    outer loop
      vertex 63.8789 -44.4471 48
      vertex 63.9175 -45.625 48
      vertex 63.9175 -44.375 48
    endloop
  endfacet
  facet normal 0 0 1
    outer loop
      vertex 63.8789 -44.4471 48
      vertex 63.8789 -45.5529 48
      vertex 63.9175 -45.625 48
    endloop
  endfacet
  facet normal -0 0 1
    outer loop
      vertex 63.8451 -44.5216 48
      vertex 63.8789 -45.5529 48
      vertex 63.8789 -44.4471 48
    endloop
  endfacet
  facet normal 0 0 1
    outer loop
      vertex 63.8451 -44.5216 48
      vertex 63.8451 -45.4784 48
      vertex 63.8789 -45.5529 48
    endloop
  endfacet
  facet normal -0 0 1
    outer loop
      vertex 63.8163 -44.5982 48
      vertex 63.8451 -45.4784 48
      vertex 63.8451 -44.5216 48
    endloop
  endfacet
  facet normal 0 0 1
    outer loop
      vertex 63.8163 -44.5982 48
      vertex 63.8163 -45.4018 48
      vertex 63.8451 -45.4784 48
    endloop
  endfacet
  facet normal -0 0 1
    outer loop
      vertex 63.7926 -44.6765 48
      vertex 63.8163 -45.4018 48
      vertex 63.8163 -44.5982 48
    endloop
  endfacet
  facet normal 0 0 1
    outer loop
      vertex 63.7926 -44.6765 48
      vertex 63.7926 -45.3235 48
      vertex 63.8163 -45.4018 48
    endloop
  endfacet
  facet normal -0 0 1
    outer loop
      vertex 63.774 -44.7561 48
      vertex 63.7926 -45.3235 48
      vertex 63.7926 -44.6765 48
    endloop
  endfacet
  facet normal 0 0 1
    outer loop
      vertex 63.774 -44.7561 48
      vertex 63.774 -45.2439 48
      vertex 63.7926 -45.3235 48
    endloop
  endfacet
  facet normal -0 0 1
    outer loop
      vertex 63.7607 -44.8368 48
      vertex 63.774 -45.2439 48
      vertex 63.774 -44.7561 48
    endloop
  endfacet
  facet normal 0 0 1
    outer loop
      vertex 63.7607 -44.8368 48
      vertex 63.7607 -45.1632 48
      vertex 63.774 -45.2439 48
    endloop
  endfacet
  facet normal -0 0 1
    outer loop
      vertex 63.7527 -44.9182 48
      vertex 63.7607 -45.1632 48
      vertex 63.7607 -44.8368 48
    endloop
  endfacet
  facet normal 0 0 1
    outer loop
      vertex 63.7527 -44.9182 48
      vertex 63.7527 -45.0818 48
      vertex 63.7607 -45.1632 48
    endloop
  endfacet
  facet normal 0 -0 1
    outer loop
      vertex 63.7527 -45.0818 48
      vertex 63.7527 -44.9182 48
      vertex 63.75 -45 48
    endloop
  endfacet
  facet normal 0.957117 -0.289702 0
    outer loop
      vertex 63.7926 -44.6765 60
      vertex 63.8163 -44.5982 48
      vertex 63.8163 -44.5982 60
    endloop
  endfacet
  facet normal 0.957117 -0.289702 0
    outer loop
      vertex 63.8163 -44.5982 48
      vertex 63.7926 -44.6765 60
      vertex 63.7926 -44.6765 48
    endloop
  endfacet
  facet normal 0.98669 -0.162614 0
    outer loop
      vertex 63.7607 -44.8368 60
      vertex 63.774 -44.7561 48
      vertex 63.774 -44.7561 60
    endloop
  endfacet
  facet normal 0.98669 -0.162614 0
    outer loop
      vertex 63.774 -44.7561 48
      vertex 63.7607 -44.8368 60
      vertex 63.7607 -44.8368 48
    endloop
  endfacet
  facet normal 0.881607 -0.471984 0
    outer loop
      vertex 63.8789 -44.4471 60
      vertex 63.9175 -44.375 48
      vertex 63.9175 -44.375 60
    endloop
  endfacet
  facet normal 0.881607 -0.471984 0
    outer loop
      vertex 63.9175 -44.375 48
      vertex 63.8789 -44.4471 60
      vertex 63.8789 -44.4471 48
    endloop
  endfacet
  facet normal 0.8493 -0.52791 0
    outer loop
      vertex 63.9175 -44.375 60
      vertex 63.9607 -44.3055 48
      vertex 63.9607 -44.3055 60
    endloop
  endfacet
  facet normal 0.8493 -0.52791 0
    outer loop
      vertex 63.9607 -44.3055 48
      vertex 63.9175 -44.375 60
      vertex 63.9175 -44.375 48
    endloop
  endfacet
  facet normal 0.289702 -0.957117 0
    outer loop
      vertex 64.5982 -43.8163 48
      vertex 64.6765 -43.7926 60
      vertex 64.5982 -43.8163 60
    endloop
  endfacet
  facet normal 0.289702 -0.957117 0
    outer loop
      vertex 64.6765 -43.7926 60
      vertex 64.5982 -43.8163 48
      vertex 64.6765 -43.7926 48
    endloop
  endfacet
  facet normal 0.0978089 -0.995205 0
    outer loop
      vertex 64.8368 -43.7607 48
      vertex 64.9182 -43.7527 60
      vertex 64.8368 -43.7607 60
    endloop
  endfacet
  facet normal 0.0978089 -0.995205 0
    outer loop
      vertex 64.9182 -43.7527 60
      vertex 64.8368 -43.7607 48
      vertex 64.9182 -43.7527 48
    endloop
  endfacet
  facet normal 0.582048 -0.813155 0
    outer loop
      vertex 64.239 -44.0083 48
      vertex 64.3055 -43.9607 60
      vertex 64.239 -44.0083 60
    endloop
  endfacet
  facet normal 0.582048 -0.813155 0
    outer loop
      vertex 64.3055 -43.9607 60
      vertex 64.239 -44.0083 48
      vertex 64.3055 -43.9607 48
    endloop
  endfacet
  facet normal 0.52791 -0.8493 0
    outer loop
      vertex 64.3055 -43.9607 48
      vertex 64.375 -43.9175 60
      vertex 64.3055 -43.9607 60
    endloop
  endfacet
  facet normal 0.52791 -0.8493 0
    outer loop
      vertex 64.375 -43.9175 60
      vertex 64.3055 -43.9607 48
      vertex 64.375 -43.9175 48
    endloop
  endfacet
  facet normal 0.729956 -0.683494 0
    outer loop
      vertex 64.0602 -44.1758 60
      vertex 64.1161 -44.1161 48
      vertex 64.1161 -44.1161 60
    endloop
  endfacet
  facet normal 0.729956 -0.683494 0
    outer loop
      vertex 64.1161 -44.1161 48
      vertex 64.0602 -44.1758 60
      vertex 64.0602 -44.1758 48
    endloop
  endfacet
  facet normal -0.999456 -0.0329894 0
    outer loop
      vertex 66.25 -45 48
      vertex 66.2473 -44.9182 60
      vertex 66.2473 -44.9182 48
    endloop
  endfacet
  facet normal -0.999456 -0.0329894 0
    outer loop
      vertex 66.2473 -44.9182 60
      vertex 66.25 -45 48
      vertex 66.25 -45 60
    endloop
  endfacet
  facet normal -0.957117 0.289702 0
    outer loop
      vertex 66.1837 -45.4018 48
      vertex 66.2074 -45.3235 60
      vertex 66.2074 -45.3235 48
    endloop
  endfacet
  facet normal -0.957117 0.289702 0
    outer loop
      vertex 66.2074 -45.3235 60
      vertex 66.1837 -45.4018 48
      vertex 66.1837 -45.4018 60
    endloop
  endfacet
  facet normal 0.881607 0.471984 0
    outer loop
      vertex 63.9175 -45.625 60
      vertex 63.8789 -45.5529 48
      vertex 63.8789 -45.5529 60
    endloop
  endfacet
  facet normal 0.881607 0.471984 0
    outer loop
      vertex 63.8789 -45.5529 48
      vertex 63.9175 -45.625 60
      vertex 63.9175 -45.625 48
    endloop
  endfacet
  facet normal -0.957117 -0.289702 0
    outer loop
      vertex 66.2074 -44.6765 48
      vertex 66.1837 -44.5982 60
      vertex 66.1837 -44.5982 48
    endloop
  endfacet
  facet normal -0.957117 -0.289702 0
    outer loop
      vertex 66.1837 -44.5982 60
      vertex 66.2074 -44.6765 48
      vertex 66.2074 -44.6765 60
    endloop
  endfacet
  facet normal -0.8493 -0.52791 0
    outer loop
      vertex 66.0825 -44.375 48
      vertex 66.0393 -44.3055 60
      vertex 66.0393 -44.3055 48
    endloop
  endfacet
  facet normal -0.8493 -0.52791 0
    outer loop
      vertex 66.0393 -44.3055 60
      vertex 66.0825 -44.375 48
      vertex 66.0825 -44.375 60
    endloop
  endfacet
  facet normal -0.772812 -0.634635 0
    outer loop
      vertex 65.9917 -44.239 48
      vertex 65.9398 -44.1758 60
      vertex 65.9398 -44.1758 48
    endloop
  endfacet
  facet normal -0.772812 -0.634635 0
    outer loop
      vertex 65.9398 -44.1758 60
      vertex 65.9917 -44.239 48
      vertex 65.9917 -44.239 60
    endloop
  endfacet
  facet normal -0.729956 -0.683494 0
    outer loop
      vertex 65.9398 -44.1758 48
      vertex 65.8839 -44.1161 60
      vertex 65.8839 -44.1161 48
    endloop
  endfacet
  facet normal -0.729956 -0.683494 0
    outer loop
      vertex 65.8839 -44.1161 60
      vertex 65.9398 -44.1758 48
      vertex 65.9398 -44.1758 60
    endloop
  endfacet
  facet normal 0.0329894 -0.999456 0
    outer loop
      vertex 64.9182 -43.7527 48
      vertex 65 -43.75 60
      vertex 64.9182 -43.7527 60
    endloop
  endfacet
  facet normal 0.0329894 -0.999456 0
    outer loop
      vertex 65 -43.75 60
      vertex 64.9182 -43.7527 48
      vertex 65 -43.75 48
    endloop
  endfacet
  facet normal -0.227539 -0.973769 0
    outer loop
      vertex 65.2439 -43.774 48
      vertex 65.3235 -43.7926 60
      vertex 65.2439 -43.774 60
    endloop
  endfacet
  facet normal -0.227539 -0.973769 -0
    outer loop
      vertex 65.3235 -43.7926 60
      vertex 65.2439 -43.774 48
      vertex 65.3235 -43.7926 48
    endloop
  endfacet
  facet normal -0.413158 -0.910659 0
    outer loop
      vertex 65.4784 -43.8451 48
      vertex 65.5529 -43.8789 60
      vertex 65.4784 -43.8451 60
    endloop
  endfacet
  facet normal -0.413158 -0.910659 -0
    outer loop
      vertex 65.5529 -43.8789 60
      vertex 65.4784 -43.8451 48
      vertex 65.5529 -43.8789 48
    endloop
  endfacet
  facet normal -0.582627 -0.81274 0
    outer loop
      vertex 65.6945 -43.9607 48
      vertex 65.7609 -44.0083 60
      vertex 65.6945 -43.9607 60
    endloop
  endfacet
  facet normal -0.582627 -0.81274 -0
    outer loop
      vertex 65.7609 -44.0083 60
      vertex 65.6945 -43.9607 48
      vertex 65.7609 -44.0083 48
    endloop
  endfacet
  facet normal 0.999456 0.0329894 0
    outer loop
      vertex 63.7527 -45.0818 60
      vertex 63.75 -45 48
      vertex 63.75 -45 60
    endloop
  endfacet
  facet normal 0.999456 0.0329894 0
    outer loop
      vertex 63.75 -45 48
      vertex 63.7527 -45.0818 60
      vertex 63.7527 -45.0818 48
    endloop
  endfacet
  facet normal 0.973769 -0.227539 0
    outer loop
      vertex 63.774 -44.7561 60
      vertex 63.7926 -44.6765 48
      vertex 63.7926 -44.6765 60
    endloop
  endfacet
  facet normal 0.973769 -0.227539 0
    outer loop
      vertex 63.7926 -44.6765 48
      vertex 63.774 -44.7561 60
      vertex 63.774 -44.7561 48
    endloop
  endfacet
  facet normal 0.910659 -0.413158 0
    outer loop
      vertex 63.8451 -44.5216 60
      vertex 63.8789 -44.4471 48
      vertex 63.8789 -44.4471 60
    endloop
  endfacet
  facet normal 0.910659 -0.413158 0
    outer loop
      vertex 63.8789 -44.4471 48
      vertex 63.8451 -44.5216 60
      vertex 63.8451 -44.5216 48
    endloop
  endfacet
  facet normal 0.813155 -0.582048 0
    outer loop
      vertex 63.9607 -44.3055 60
      vertex 64.0083 -44.239 48
      vertex 64.0083 -44.239 60
    endloop
  endfacet
  facet normal 0.813155 -0.582048 0
    outer loop
      vertex 64.0083 -44.239 48
      vertex 63.9607 -44.3055 60
      vertex 63.9607 -44.3055 48
    endloop
  endfacet
  facet normal 0.351927 -0.936028 0
    outer loop
      vertex 64.5216 -43.8451 48
      vertex 64.5982 -43.8163 60
      vertex 64.5216 -43.8451 60
    endloop
  endfacet
  facet normal 0.351927 -0.936028 0
    outer loop
      vertex 64.5982 -43.8163 60
      vertex 64.5216 -43.8451 48
      vertex 64.5982 -43.8163 48
    endloop
  endfacet
  facet normal 0.162614 -0.98669 0
    outer loop
      vertex 64.7561 -43.774 48
      vertex 64.8368 -43.7607 60
      vertex 64.7561 -43.774 60
    endloop
  endfacet
  facet normal 0.162614 -0.98669 0
    outer loop
      vertex 64.8368 -43.7607 60
      vertex 64.7561 -43.774 48
      vertex 64.8368 -43.7607 48
    endloop
  endfacet
  facet normal 0.471984 -0.881607 0
    outer loop
      vertex 64.375 -43.9175 48
      vertex 64.4471 -43.8789 60
      vertex 64.375 -43.9175 60
    endloop
  endfacet
  facet normal 0.471984 -0.881607 0
    outer loop
      vertex 64.4471 -43.8789 60
      vertex 64.375 -43.9175 48
      vertex 64.4471 -43.8789 48
    endloop
  endfacet
  facet normal 0.683494 -0.729956 0
    outer loop
      vertex 64.1161 -44.1161 48
      vertex 64.1758 -44.0602 60
      vertex 64.1161 -44.1161 60
    endloop
  endfacet
  facet normal 0.683494 -0.729956 0
    outer loop
      vertex 64.1758 -44.0602 60
      vertex 64.1161 -44.1161 48
      vertex 64.1758 -44.0602 48
    endloop
  endfacet
  facet normal 0.634635 -0.772812 0
    outer loop
      vertex 64.1758 -44.0602 48
      vertex 64.239 -44.0083 60
      vertex 64.1758 -44.0602 60
    endloop
  endfacet
  facet normal 0.634635 -0.772812 0
    outer loop
      vertex 64.239 -44.0083 60
      vertex 64.1758 -44.0602 48
      vertex 64.239 -44.0083 48
    endloop
  endfacet
  facet normal -0.999456 0.0329894 0
    outer loop
      vertex 66.2473 -45.0818 48
      vertex 66.25 -45 60
      vertex 66.25 -45 48
    endloop
  endfacet
  facet normal -0.999456 0.0329894 0
    outer loop
      vertex 66.25 -45 60
      vertex 66.2473 -45.0818 48
      vertex 66.2473 -45.0818 60
    endloop
  endfacet
  facet normal -0.98669 0.162614 0
    outer loop
      vertex 66.226 -45.2439 48
      vertex 66.2393 -45.1632 60
      vertex 66.2393 -45.1632 48
    endloop
  endfacet
  facet normal -0.98669 0.162614 0
    outer loop
      vertex 66.2393 -45.1632 60
      vertex 66.226 -45.2439 48
      vertex 66.226 -45.2439 60
    endloop
  endfacet
  facet normal -0.634036 0.773304 0
    outer loop
      vertex 65.8242 -45.9398 48
      vertex 65.7609 -45.9917 60
      vertex 65.8242 -45.9398 60
    endloop
  endfacet
  facet normal -0.634036 0.773304 0
    outer loop
      vertex 65.7609 -45.9917 60
      vertex 65.8242 -45.9398 48
      vertex 65.7609 -45.9917 48
    endloop
  endfacet
  facet normal -0.813155 0.582048 0
    outer loop
      vertex 65.9917 -45.761 48
      vertex 66.0393 -45.6945 60
      vertex 66.0393 -45.6945 48
    endloop
  endfacet
  facet normal -0.813155 0.582048 0
    outer loop
      vertex 66.0393 -45.6945 60
      vertex 65.9917 -45.761 48
      vertex 65.9917 -45.761 60
    endloop
  endfacet
  facet normal -0.881607 0.471984 0
    outer loop
      vertex 66.0825 -45.625 48
      vertex 66.1211 -45.5529 60
      vertex 66.1211 -45.5529 48
    endloop
  endfacet
  facet normal -0.881607 0.471984 0
    outer loop
      vertex 66.1211 -45.5529 60
      vertex 66.0825 -45.625 48
      vertex 66.0825 -45.625 60
    endloop
  endfacet
  facet normal -0.0329894 0.999456 0
    outer loop
      vertex 65.0818 -46.2473 48
      vertex 65 -46.25 60
      vertex 65.0818 -46.2473 60
    endloop
  endfacet
  facet normal -0.0329894 0.999456 0
    outer loop
      vertex 65 -46.25 60
      vertex 65.0818 -46.2473 48
      vertex 65 -46.25 48
    endloop
  endfacet
  facet normal 0.772812 0.634635 0
    outer loop
      vertex 64.0602 -45.8242 60
      vertex 64.0083 -45.761 48
      vertex 64.0083 -45.761 60
    endloop
  endfacet
  facet normal 0.772812 0.634635 0
    outer loop
      vertex 64.0083 -45.761 48
      vertex 64.0602 -45.8242 60
      vertex 64.0602 -45.8242 48
    endloop
  endfacet
  facet normal 0.910659 0.413158 0
    outer loop
      vertex 63.8789 -45.5529 60
      vertex 63.8451 -45.4784 48
      vertex 63.8451 -45.4784 60
    endloop
  endfacet
  facet normal 0.910659 0.413158 0
    outer loop
      vertex 63.8451 -45.4784 48
      vertex 63.8789 -45.5529 60
      vertex 63.8789 -45.5529 48
    endloop
  endfacet
  facet normal 0.957117 0.289702 0
    outer loop
      vertex 63.8163 -45.4018 60
      vertex 63.7926 -45.3235 48
      vertex 63.7926 -45.3235 60
    endloop
  endfacet
  facet normal 0.957117 0.289702 0
    outer loop
      vertex 63.7926 -45.3235 48
      vertex 63.8163 -45.4018 60
      vertex 63.8163 -45.4018 48
    endloop
  endfacet
  facet normal -0.0978089 0.995205 0
    outer loop
      vertex 65.1632 -46.2393 48
      vertex 65.0818 -46.2473 60
      vertex 65.1632 -46.2393 60
    endloop
  endfacet
  facet normal -0.0978089 0.995205 0
    outer loop
      vertex 65.0818 -46.2473 60
      vertex 65.1632 -46.2393 48
      vertex 65.0818 -46.2473 48
    endloop
  endfacet
  facet normal -0.351927 0.936028 0
    outer loop
      vertex 65.4784 -46.1549 48
      vertex 65.4018 -46.1837 60
      vertex 65.4784 -46.1549 60
    endloop
  endfacet
  facet normal -0.351927 0.936028 0
    outer loop
      vertex 65.4018 -46.1837 60
      vertex 65.4784 -46.1549 48
      vertex 65.4018 -46.1837 48
    endloop
  endfacet
  facet normal -0.98669 -0.162614 0
    outer loop
      vertex 66.2393 -44.8368 48
      vertex 66.226 -44.7561 60
      vertex 66.226 -44.7561 48
    endloop
  endfacet
  facet normal -0.98669 -0.162614 0
    outer loop
      vertex 66.226 -44.7561 60
      vertex 66.2393 -44.8368 48
      vertex 66.2393 -44.8368 60
    endloop
  endfacet
  facet normal -0.973769 -0.227539 0
    outer loop
      vertex 66.226 -44.7561 48
      vertex 66.2074 -44.6765 60
      vertex 66.2074 -44.6765 48
    endloop
  endfacet
  facet normal -0.973769 -0.227539 0
    outer loop
      vertex 66.2074 -44.6765 60
      vertex 66.226 -44.7561 48
      vertex 66.226 -44.7561 60
    endloop
  endfacet
  facet normal -0.911119 -0.412144 0
    outer loop
      vertex 66.1548 -44.5216 48
      vertex 66.1211 -44.4471 60
      vertex 66.1211 -44.4471 48
    endloop
  endfacet
  facet normal -0.911119 -0.412144 0
    outer loop
      vertex 66.1211 -44.4471 60
      vertex 66.1548 -44.5216 48
      vertex 66.1548 -44.5216 60
    endloop
  endfacet
  facet normal -0.935625 -0.352997 0
    outer loop
      vertex 66.1837 -44.5982 48
      vertex 66.1548 -44.5216 60
      vertex 66.1548 -44.5216 48
    endloop
  endfacet
  facet normal -0.935625 -0.352997 0
    outer loop
      vertex 66.1548 -44.5216 60
      vertex 66.1837 -44.5982 48
      vertex 66.1837 -44.5982 60
    endloop
  endfacet
  facet normal 0.999456 -0.0329894 0
    outer loop
      vertex 63.75 -45 60
      vertex 63.7527 -44.9182 48
      vertex 63.7527 -44.9182 60
    endloop
  endfacet
  facet normal 0.999456 -0.0329894 0
    outer loop
      vertex 63.7527 -44.9182 48
      vertex 63.75 -45 60
      vertex 63.75 -45 48
    endloop
  endfacet
  facet normal -0.973769 0.227539 0
    outer loop
      vertex 66.2074 -45.3235 48
      vertex 66.226 -45.2439 60
      vertex 66.226 -45.2439 48
    endloop
  endfacet
  facet normal -0.973769 0.227539 0
    outer loop
      vertex 66.226 -45.2439 60
      vertex 66.2074 -45.3235 48
      vertex 66.2074 -45.3235 60
    endloop
  endfacet
  facet normal -0.772812 0.634635 0
    outer loop
      vertex 65.9398 -45.8242 48
      vertex 65.9917 -45.761 60
      vertex 65.9917 -45.761 48
    endloop
  endfacet
  facet normal -0.772812 0.634635 0
    outer loop
      vertex 65.9917 -45.761 60
      vertex 65.9398 -45.8242 48
      vertex 65.9398 -45.8242 60
    endloop
  endfacet
  facet normal -0.8493 0.52791 0
    outer loop
      vertex 66.0393 -45.6945 48
      vertex 66.0825 -45.625 60
      vertex 66.0825 -45.625 48
    endloop
  endfacet
  facet normal -0.8493 0.52791 0
    outer loop
      vertex 66.0825 -45.625 60
      vertex 66.0393 -45.6945 48
      vertex 66.0393 -45.6945 60
    endloop
  endfacet
  facet normal -0.911119 0.412144 0
    outer loop
      vertex 66.1211 -45.5529 48
      vertex 66.1548 -45.4784 60
      vertex 66.1548 -45.4784 48
    endloop
  endfacet
  facet normal -0.911119 0.412144 0
    outer loop
      vertex 66.1548 -45.4784 60
      vertex 66.1211 -45.5529 48
      vertex 66.1211 -45.5529 60
    endloop
  endfacet
  facet normal 0.289702 0.957117 -0
    outer loop
      vertex 64.6765 -46.2074 48
      vertex 64.5982 -46.1837 60
      vertex 64.6765 -46.2074 60
    endloop
  endfacet
  facet normal 0.289702 0.957117 0
    outer loop
      vertex 64.5982 -46.1837 60
      vertex 64.6765 -46.2074 48
      vertex 64.5982 -46.1837 48
    endloop
  endfacet
  facet normal 0.683494 0.729956 -0
    outer loop
      vertex 64.1758 -45.9398 48
      vertex 64.1161 -45.8839 60
      vertex 64.1758 -45.9398 60
    endloop
  endfacet
  facet normal 0.683494 0.729956 0
    outer loop
      vertex 64.1161 -45.8839 60
      vertex 64.1758 -45.9398 48
      vertex 64.1161 -45.8839 48
    endloop
  endfacet
  facet normal 0.936028 0.351927 0
    outer loop
      vertex 63.8451 -45.4784 60
      vertex 63.8163 -45.4018 48
      vertex 63.8163 -45.4018 60
    endloop
  endfacet
  facet normal 0.936028 0.351927 0
    outer loop
      vertex 63.8163 -45.4018 48
      vertex 63.8451 -45.4784 60
      vertex 63.8451 -45.4784 48
    endloop
  endfacet
  facet normal 0.98669 0.162614 0
    outer loop
      vertex 63.774 -45.2439 60
      vertex 63.7607 -45.1632 48
      vertex 63.7607 -45.1632 60
    endloop
  endfacet
  facet normal 0.98669 0.162614 0
    outer loop
      vertex 63.7607 -45.1632 48
      vertex 63.774 -45.2439 60
      vertex 63.774 -45.2439 48
    endloop
  endfacet
  facet normal 0.995205 0.0978089 0
    outer loop
      vertex 63.7607 -45.1632 60
      vertex 63.7527 -45.0818 48
      vertex 63.7527 -45.0818 60
    endloop
  endfacet
  facet normal 0.995205 0.0978089 0
    outer loop
      vertex 63.7527 -45.0818 48
      vertex 63.7607 -45.1632 60
      vertex 63.7607 -45.1632 48
    endloop
  endfacet
  facet normal -0.162614 0.98669 0
    outer loop
      vertex 65.2439 -46.226 48
      vertex 65.1632 -46.2393 60
      vertex 65.2439 -46.226 60
    endloop
  endfacet
  facet normal -0.162614 0.98669 0
    outer loop
      vertex 65.1632 -46.2393 60
      vertex 65.2439 -46.226 48
      vertex 65.1632 -46.2393 48
    endloop
  endfacet
  facet normal -0.289702 0.957117 0
    outer loop
      vertex 65.4018 -46.1837 48
      vertex 65.3235 -46.2074 60
      vertex 65.4018 -46.1837 60
    endloop
  endfacet
  facet normal -0.289702 0.957117 0
    outer loop
      vertex 65.3235 -46.2074 60
      vertex 65.4018 -46.1837 48
      vertex 65.3235 -46.2074 48
    endloop
  endfacet
  facet normal -0.413158 0.910659 0
    outer loop
      vertex 65.5529 -46.1211 48
      vertex 65.4784 -46.1549 60
      vertex 65.5529 -46.1211 60
    endloop
  endfacet
  facet normal -0.413158 0.910659 0
    outer loop
      vertex 65.4784 -46.1549 60
      vertex 65.5529 -46.1211 48
      vertex 65.4784 -46.1549 48
    endloop
  endfacet
  facet normal -0.582627 0.81274 0
    outer loop
      vertex 65.7609 -45.9917 48
      vertex 65.6945 -46.0393 60
      vertex 65.7609 -45.9917 60
    endloop
  endfacet
  facet normal -0.582627 0.81274 0
    outer loop
      vertex 65.6945 -46.0393 60
      vertex 65.7609 -45.9917 48
      vertex 65.6945 -46.0393 48
    endloop
  endfacet
  facet normal -0.729956 0.683494 0
    outer loop
      vertex 65.8839 -45.8839 48
      vertex 65.9398 -45.8242 60
      vertex 65.9398 -45.8242 48
    endloop
  endfacet
  facet normal -0.729956 0.683494 0
    outer loop
      vertex 65.9398 -45.8242 60
      vertex 65.8839 -45.8839 48
      vertex 65.8839 -45.8839 60
    endloop
  endfacet
  facet normal -0.683494 0.729956 0
    outer loop
      vertex 65.8839 -45.8839 48
      vertex 65.8242 -45.9398 60
      vertex 65.8839 -45.8839 60
    endloop
  endfacet
  facet normal -0.683494 0.729956 0
    outer loop
      vertex 65.8242 -45.9398 60
      vertex 65.8839 -45.8839 48
      vertex 65.8242 -45.9398 48
    endloop
  endfacet
  facet normal 0.471984 0.881607 -0
    outer loop
      vertex 64.4471 -46.1211 48
      vertex 64.375 -46.0825 60
      vertex 64.4471 -46.1211 60
    endloop
  endfacet
  facet normal 0.471984 0.881607 0
    outer loop
      vertex 64.375 -46.0825 60
      vertex 64.4471 -46.1211 48
      vertex 64.375 -46.0825 48
    endloop
  endfacet
  facet normal 0.52791 0.8493 -0
    outer loop
      vertex 64.375 -46.0825 48
      vertex 64.3055 -46.0393 60
      vertex 64.375 -46.0825 60
    endloop
  endfacet
  facet normal 0.52791 0.8493 0
    outer loop
      vertex 64.3055 -46.0393 60
      vertex 64.375 -46.0825 48
      vertex 64.3055 -46.0393 48
    endloop
  endfacet
  facet normal 0.162614 0.98669 -0
    outer loop
      vertex 64.8368 -46.2393 48
      vertex 64.7561 -46.226 60
      vertex 64.8368 -46.2393 60
    endloop
  endfacet
  facet normal 0.162614 0.98669 0
    outer loop
      vertex 64.7561 -46.226 60
      vertex 64.8368 -46.2393 48
      vertex 64.7561 -46.226 48
    endloop
  endfacet
  facet normal 0.0978089 0.995205 -0
    outer loop
      vertex 64.9182 -46.2473 48
      vertex 64.8368 -46.2393 60
      vertex 64.9182 -46.2473 60
    endloop
  endfacet
  facet normal 0.0978089 0.995205 0
    outer loop
      vertex 64.8368 -46.2393 60
      vertex 64.9182 -46.2473 48
      vertex 64.8368 -46.2393 48
    endloop
  endfacet
  facet normal 0.0329894 0.999456 -0
    outer loop
      vertex 65 -46.25 48
      vertex 64.9182 -46.2473 60
      vertex 65 -46.25 60
    endloop
  endfacet
  facet normal 0.0329894 0.999456 0
    outer loop
      vertex 64.9182 -46.2473 60
      vertex 65 -46.25 48
      vertex 64.9182 -46.2473 48
    endloop
  endfacet
  facet normal 0.813155 0.582048 0
    outer loop
      vertex 64.0083 -45.761 60
      vertex 63.9607 -45.6945 48
      vertex 63.9607 -45.6945 60
    endloop
  endfacet
  facet normal 0.813155 0.582048 0
    outer loop
      vertex 63.9607 -45.6945 48
      vertex 64.0083 -45.761 60
      vertex 64.0083 -45.761 48
    endloop
  endfacet
  facet normal 0.973769 0.227539 0
    outer loop
      vertex 63.7926 -45.3235 60
      vertex 63.774 -45.2439 48
      vertex 63.774 -45.2439 60
    endloop
  endfacet
  facet normal 0.973769 0.227539 0
    outer loop
      vertex 63.774 -45.2439 48
      vertex 63.7926 -45.3235 60
      vertex 63.7926 -45.3235 48
    endloop
  endfacet
  facet normal -0.227539 0.973769 0
    outer loop
      vertex 65.3235 -46.2074 48
      vertex 65.2439 -46.226 60
      vertex 65.3235 -46.2074 60
    endloop
  endfacet
  facet normal -0.227539 0.973769 0
    outer loop
      vertex 65.2439 -46.226 60
      vertex 65.3235 -46.2074 48
      vertex 65.2439 -46.226 48
    endloop
  endfacet
  facet normal -0.52791 0.8493 0
    outer loop
      vertex 65.6945 -46.0393 48
      vertex 65.625 -46.0825 60
      vertex 65.6945 -46.0393 60
    endloop
  endfacet
  facet normal -0.52791 0.8493 0
    outer loop
      vertex 65.625 -46.0825 60
      vertex 65.6945 -46.0393 48
      vertex 65.625 -46.0825 48
    endloop
  endfacet
  facet normal -0.471984 0.881607 0
    outer loop
      vertex 65.625 -46.0825 48
      vertex 65.5529 -46.1211 60
      vertex 65.625 -46.0825 60
    endloop
  endfacet
  facet normal -0.471984 0.881607 0
    outer loop
      vertex 65.5529 -46.1211 60
      vertex 65.625 -46.0825 48
      vertex 65.5529 -46.1211 48
    endloop
  endfacet
  facet normal 0.413158 0.910659 -0
    outer loop
      vertex 64.5216 -46.1549 48
      vertex 64.4471 -46.1211 60
      vertex 64.5216 -46.1549 60
    endloop
  endfacet
  facet normal 0.413158 0.910659 0
    outer loop
      vertex 64.4471 -46.1211 60
      vertex 64.5216 -46.1549 48
      vertex 64.4471 -46.1211 48
    endloop
  endfacet
  facet normal 0.351927 0.936028 -0
    outer loop
      vertex 64.5982 -46.1837 48
      vertex 64.5216 -46.1549 60
      vertex 64.5982 -46.1837 60
    endloop
  endfacet
  facet normal 0.351927 0.936028 0
    outer loop
      vertex 64.5216 -46.1549 60
      vertex 64.5982 -46.1837 48
      vertex 64.5216 -46.1549 48
    endloop
  endfacet
  facet normal 0.582048 0.813155 -0
    outer loop
      vertex 64.3055 -46.0393 48
      vertex 64.239 -45.9917 60
      vertex 64.3055 -46.0393 60
    endloop
  endfacet
  facet normal 0.582048 0.813155 0
    outer loop
      vertex 64.239 -45.9917 60
      vertex 64.3055 -46.0393 48
      vertex 64.239 -45.9917 48
    endloop
  endfacet
  facet normal 0.634635 0.772812 -0
    outer loop
      vertex 64.239 -45.9917 48
      vertex 64.1758 -45.9398 60
      vertex 64.239 -45.9917 60
    endloop
  endfacet
  facet normal 0.634635 0.772812 0
    outer loop
      vertex 64.1758 -45.9398 60
      vertex 64.239 -45.9917 48
      vertex 64.1758 -45.9398 48
    endloop
  endfacet
  facet normal 0.227539 0.973769 -0
    outer loop
      vertex 64.7561 -46.226 48
      vertex 64.6765 -46.2074 60
      vertex 64.7561 -46.226 60
    endloop
  endfacet
  facet normal 0.227539 0.973769 0
    outer loop
      vertex 64.6765 -46.2074 60
      vertex 64.7561 -46.226 48
      vertex 64.6765 -46.2074 48
    endloop
  endfacet
  facet normal 0.729956 0.683494 0
    outer loop
      vertex 64.1161 -45.8839 60
      vertex 64.0602 -45.8242 48
      vertex 64.0602 -45.8242 60
    endloop
  endfacet
  facet normal 0.729956 0.683494 0
    outer loop
      vertex 64.0602 -45.8242 48
      vertex 64.1161 -45.8839 60
      vertex 64.1161 -45.8839 48
    endloop
  endfacet
  facet normal 0.8493 0.52791 0
    outer loop
      vertex 63.9607 -45.6945 60
      vertex 63.9175 -45.625 48
      vertex 63.9175 -45.625 60
    endloop
  endfacet
  facet normal 0.8493 0.52791 0
    outer loop
      vertex 63.9175 -45.625 48
      vertex 63.9607 -45.6945 60
      vertex 63.9607 -45.6945 48
    endloop
  endfacet
  facet normal -0.999456 -0.0329894 0
    outer loop
      vertex 66.25 45 48
      vertex 66.2473 45.0818 60
      vertex 66.2473 45.0818 48
    endloop
  endfacet
  facet normal -0.999456 -0.0329894 0
    outer loop
      vertex 66.2473 45.0818 60
      vertex 66.25 45 48
      vertex 66.25 45 60
    endloop
  endfacet
  facet normal 0.0329894 -0.999456 0
    outer loop
      vertex 64.9182 46.2473 48
      vertex 65 46.25 60
      vertex 64.9182 46.2473 60
    endloop
  endfacet
  facet normal 0.0329894 -0.999456 0
    outer loop
      vertex 65 46.25 60
      vertex 64.9182 46.2473 48
      vertex 65 46.25 48
    endloop
  endfacet
  facet normal -0.0329894 0.999456 0
    outer loop
      vertex 65.0818 43.7527 48
      vertex 65 43.75 60
      vertex 65.0818 43.7527 60
    endloop
  endfacet
  facet normal -0.0329894 0.999456 0
    outer loop
      vertex 65 43.75 60
      vertex 65.0818 43.7527 48
      vertex 65 43.75 48
    endloop
  endfacet
  facet normal -0.683494 -0.729956 0
    outer loop
      vertex 65.8242 45.9398 48
      vertex 65.8839 45.8839 60
      vertex 65.8242 45.9398 60
    endloop
  endfacet
  facet normal -0.683494 -0.729956 -0
    outer loop
      vertex 65.8839 45.8839 60
      vertex 65.8242 45.9398 48
      vertex 65.8839 45.8839 48
    endloop
  endfacet
  facet normal 0.729956 -0.683494 0
    outer loop
      vertex 64.0602 45.8242 60
      vertex 64.1161 45.8839 48
      vertex 64.1161 45.8839 60
    endloop
  endfacet
  facet normal 0.729956 -0.683494 0
    outer loop
      vertex 64.1161 45.8839 48
      vertex 64.0602 45.8242 60
      vertex 64.0602 45.8242 48
    endloop
  endfacet
  facet normal 0.957117 0.289702 0
    outer loop
      vertex 63.8163 44.5982 60
      vertex 63.7926 44.6765 48
      vertex 63.7926 44.6765 60
    endloop
  endfacet
  facet normal 0.957117 0.289702 0
    outer loop
      vertex 63.7926 44.6765 48
      vertex 63.8163 44.5982 60
      vertex 63.8163 44.5982 48
    endloop
  endfacet
  facet normal -0.911119 -0.412144 0
    outer loop
      vertex 66.1548 45.4784 48
      vertex 66.1211 45.5529 60
      vertex 66.1211 45.5529 48
    endloop
  endfacet
  facet normal -0.911119 -0.412144 0
    outer loop
      vertex 66.1211 45.5529 60
      vertex 66.1548 45.4784 48
      vertex 66.1548 45.4784 60
    endloop
  endfacet
  facet normal -0.413158 -0.910659 0
    outer loop
      vertex 65.4784 46.1549 48
      vertex 65.5529 46.1211 60
      vertex 65.4784 46.1549 60
    endloop
  endfacet
  facet normal -0.413158 -0.910659 -0
    outer loop
      vertex 65.5529 46.1211 60
      vertex 65.4784 46.1549 48
      vertex 65.5529 46.1211 48
    endloop
  endfacet
  facet normal 0.881607 -0.471984 0
    outer loop
      vertex 63.8789 45.5529 60
      vertex 63.9175 45.625 48
      vertex 63.9175 45.625 60
    endloop
  endfacet
  facet normal 0.881607 -0.471984 0
    outer loop
      vertex 63.9175 45.625 48
      vertex 63.8789 45.5529 60
      vertex 63.8789 45.5529 48
    endloop
  endfacet
  facet normal 0.162614 -0.98669 0
    outer loop
      vertex 64.7561 46.226 48
      vertex 64.8368 46.2393 60
      vertex 64.7561 46.226 60
    endloop
  endfacet
  facet normal 0.162614 -0.98669 0
    outer loop
      vertex 64.8368 46.2393 60
      vertex 64.7561 46.226 48
      vertex 64.8368 46.2393 48
    endloop
  endfacet
  facet normal -0.881607 0.471984 0
    outer loop
      vertex 66.0825 44.375 48
      vertex 66.1211 44.4471 60
      vertex 66.1211 44.4471 48
    endloop
  endfacet
  facet normal -0.881607 0.471984 0
    outer loop
      vertex 66.1211 44.4471 60
      vertex 66.0825 44.375 48
      vertex 66.0825 44.375 60
    endloop
  endfacet
  facet normal -0.289702 0.957117 0
    outer loop
      vertex 65.4018 43.8163 48
      vertex 65.3235 43.7926 60
      vertex 65.4018 43.8163 60
    endloop
  endfacet
  facet normal -0.289702 0.957117 0
    outer loop
      vertex 65.3235 43.7926 60
      vertex 65.4018 43.8163 48
      vertex 65.3235 43.7926 48
    endloop
  endfacet
  facet normal -0.729956 0.683494 0
    outer loop
      vertex 65.8839 44.1161 48
      vertex 65.9398 44.1758 60
      vertex 65.9398 44.1758 48
    endloop
  endfacet
  facet normal -0.729956 0.683494 0
    outer loop
      vertex 65.9398 44.1758 60
      vertex 65.8839 44.1161 48
      vertex 65.8839 44.1161 60
    endloop
  endfacet
  facet normal -0.957117 0.289702 0
    outer loop
      vertex 66.1837 44.5982 48
      vertex 66.2074 44.6765 60
      vertex 66.2074 44.6765 48
    endloop
  endfacet
  facet normal -0.957117 0.289702 0
    outer loop
      vertex 66.2074 44.6765 60
      vertex 66.1837 44.5982 48
      vertex 66.1837 44.5982 60
    endloop
  endfacet
  facet normal 0.289702 0.957117 -0
    outer loop
      vertex 64.6765 43.7926 48
      vertex 64.5982 43.8163 60
      vertex 64.6765 43.7926 60
    endloop
  endfacet
  facet normal 0.289702 0.957117 0
    outer loop
      vertex 64.5982 43.8163 60
      vertex 64.6765 43.7926 48
      vertex 64.5982 43.8163 48
    endloop
  endfacet
  facet normal -0.995205 -0.0978089 0
    outer loop
      vertex 66.2473 45.0818 48
      vertex 66.2393 45.1632 60
      vertex 66.2393 45.1632 48
    endloop
  endfacet
  facet normal -0.995205 -0.0978089 0
    outer loop
      vertex 66.2393 45.1632 60
      vertex 66.2473 45.0818 48
      vertex 66.2473 45.0818 60
    endloop
  endfacet
  facet normal -0.957117 -0.289702 0
    outer loop
      vertex 66.2074 45.3235 48
      vertex 66.1837 45.4018 60
      vertex 66.1837 45.4018 48
    endloop
  endfacet
  facet normal -0.957117 -0.289702 0
    outer loop
      vertex 66.1837 45.4018 60
      vertex 66.2074 45.3235 48
      vertex 66.2074 45.3235 60
    endloop
  endfacet
  facet normal -0.813155 -0.582048 0
    outer loop
      vertex 66.0393 45.6945 48
      vertex 65.9917 45.761 60
      vertex 65.9917 45.761 48
    endloop
  endfacet
  facet normal -0.813155 -0.582048 0
    outer loop
      vertex 65.9917 45.761 60
      vertex 66.0393 45.6945 48
      vertex 66.0393 45.6945 60
    endloop
  endfacet
  facet normal -0.729956 -0.683494 0
    outer loop
      vertex 65.9398 45.8242 48
      vertex 65.8839 45.8839 60
      vertex 65.8839 45.8839 48
    endloop
  endfacet
  facet normal -0.729956 -0.683494 0
    outer loop
      vertex 65.8839 45.8839 60
      vertex 65.9398 45.8242 48
      vertex 65.9398 45.8242 60
    endloop
  endfacet
  facet normal -0.162614 -0.98669 0
    outer loop
      vertex 65.1632 46.2393 48
      vertex 65.2439 46.226 60
      vertex 65.1632 46.2393 60
    endloop
  endfacet
  facet normal -0.162614 -0.98669 -0
    outer loop
      vertex 65.2439 46.226 60
      vertex 65.1632 46.2393 48
      vertex 65.2439 46.226 48
    endloop
  endfacet
  facet normal -0.289702 -0.957117 0
    outer loop
      vertex 65.3235 46.2074 48
      vertex 65.4018 46.1837 60
      vertex 65.3235 46.2074 60
    endloop
  endfacet
  facet normal -0.289702 -0.957117 -0
    outer loop
      vertex 65.4018 46.1837 60
      vertex 65.3235 46.2074 48
      vertex 65.4018 46.1837 48
    endloop
  endfacet
  facet normal -0.634036 -0.773304 0
    outer loop
      vertex 65.7609 45.9917 48
      vertex 65.8242 45.9398 60
      vertex 65.7609 45.9917 60
    endloop
  endfacet
  facet normal -0.634036 -0.773304 -0
    outer loop
      vertex 65.8242 45.9398 60
      vertex 65.7609 45.9917 48
      vertex 65.8242 45.9398 48
    endloop
  endfacet
  facet normal 0.98669 -0.162614 0
    outer loop
      vertex 63.7607 45.1632 60
      vertex 63.774 45.2439 48
      vertex 63.774 45.2439 60
    endloop
  endfacet
  facet normal 0.98669 -0.162614 0
    outer loop
      vertex 63.774 45.2439 48
      vertex 63.7607 45.1632 60
      vertex 63.7607 45.1632 48
    endloop
  endfacet
  facet normal 0.957117 -0.289702 0
    outer loop
      vertex 63.7926 45.3235 60
      vertex 63.8163 45.4018 48
      vertex 63.8163 45.4018 60
    endloop
  endfacet
  facet normal 0.957117 -0.289702 0
    outer loop
      vertex 63.8163 45.4018 48
      vertex 63.7926 45.3235 60
      vertex 63.7926 45.3235 48
    endloop
  endfacet
  facet normal 0.995205 -0.0978089 0
    outer loop
      vertex 63.7527 45.0818 60
      vertex 63.7607 45.1632 48
      vertex 63.7607 45.1632 60
    endloop
  endfacet
  facet normal 0.995205 -0.0978089 0
    outer loop
      vertex 63.7607 45.1632 48
      vertex 63.7527 45.0818 60
      vertex 63.7527 45.0818 48
    endloop
  endfacet
  facet normal 0.582048 -0.813155 0
    outer loop
      vertex 64.239 45.9917 48
      vertex 64.3055 46.0393 60
      vertex 64.239 45.9917 60
    endloop
  endfacet
  facet normal 0.582048 -0.813155 0
    outer loop
      vertex 64.3055 46.0393 60
      vertex 64.239 45.9917 48
      vertex 64.3055 46.0393 48
    endloop
  endfacet
  facet normal 0.683494 -0.729956 0
    outer loop
      vertex 64.1161 45.8839 48
      vertex 64.1758 45.9398 60
      vertex 64.1161 45.8839 60
    endloop
  endfacet
  facet normal 0.683494 -0.729956 0
    outer loop
      vertex 64.1758 45.9398 60
      vertex 64.1161 45.8839 48
      vertex 64.1758 45.9398 48
    endloop
  endfacet
  facet normal 0.289702 -0.957117 0
    outer loop
      vertex 64.5982 46.1837 48
      vertex 64.6765 46.2074 60
      vertex 64.5982 46.1837 60
    endloop
  endfacet
  facet normal 0.289702 -0.957117 0
    outer loop
      vertex 64.6765 46.2074 60
      vertex 64.5982 46.1837 48
      vertex 64.6765 46.2074 48
    endloop
  endfacet
  facet normal 0.351927 -0.936028 0
    outer loop
      vertex 64.5216 46.1549 48
      vertex 64.5982 46.1837 60
      vertex 64.5216 46.1549 60
    endloop
  endfacet
  facet normal 0.351927 -0.936028 0
    outer loop
      vertex 64.5982 46.1837 60
      vertex 64.5216 46.1549 48
      vertex 64.5982 46.1837 48
    endloop
  endfacet
  facet normal 0.0978089 -0.995205 0
    outer loop
      vertex 64.8368 46.2393 48
      vertex 64.9182 46.2473 60
      vertex 64.8368 46.2393 60
    endloop
  endfacet
  facet normal 0.0978089 -0.995205 0
    outer loop
      vertex 64.9182 46.2473 60
      vertex 64.8368 46.2393 48
      vertex 64.9182 46.2473 48
    endloop
  endfacet
  facet normal -0.0978089 0.995205 0
    outer loop
      vertex 65.1632 43.7607 48
      vertex 65.0818 43.7527 60
      vertex 65.1632 43.7607 60
    endloop
  endfacet
  facet normal -0.0978089 0.995205 0
    outer loop
      vertex 65.0818 43.7527 60
      vertex 65.1632 43.7607 48
      vertex 65.0818 43.7527 48
    endloop
  endfacet
  facet normal -0.772812 0.634635 0
    outer loop
      vertex 65.9398 44.1758 48
      vertex 65.9917 44.239 60
      vertex 65.9917 44.239 48
    endloop
  endfacet
  facet normal -0.772812 0.634635 0
    outer loop
      vertex 65.9917 44.239 60
      vertex 65.9398 44.1758 48
      vertex 65.9398 44.1758 60
    endloop
  endfacet
  facet normal 0.634635 0.772812 -0
    outer loop
      vertex 64.239 44.0083 48
      vertex 64.1758 44.0602 60
      vertex 64.239 44.0083 60
    endloop
  endfacet
  facet normal 0.634635 0.772812 0
    outer loop
      vertex 64.1758 44.0602 60
      vertex 64.239 44.0083 48
      vertex 64.1758 44.0602 48
    endloop
  endfacet
  facet normal 0.52791 0.8493 -0
    outer loop
      vertex 64.375 43.9175 48
      vertex 64.3055 43.9607 60
      vertex 64.375 43.9175 60
    endloop
  endfacet
  facet normal 0.52791 0.8493 0
    outer loop
      vertex 64.3055 43.9607 60
      vertex 64.375 43.9175 48
      vertex 64.3055 43.9607 48
    endloop
  endfacet
  facet normal 0.471984 0.881607 -0
    outer loop
      vertex 64.4471 43.8789 48
      vertex 64.375 43.9175 60
      vertex 64.4471 43.8789 60
    endloop
  endfacet
  facet normal 0.471984 0.881607 0
    outer loop
      vertex 64.375 43.9175 60
      vertex 64.4471 43.8789 48
      vertex 64.375 43.9175 48
    endloop
  endfacet
  facet normal 0.0978089 0.995205 -0
    outer loop
      vertex 64.9182 43.7527 48
      vertex 64.8368 43.7607 60
      vertex 64.9182 43.7527 60
    endloop
  endfacet
  facet normal 0.0978089 0.995205 0
    outer loop
      vertex 64.8368 43.7607 60
      vertex 64.9182 43.7527 48
      vertex 64.8368 43.7607 48
    endloop
  endfacet
  facet normal 0.881607 0.471984 0
    outer loop
      vertex 63.9175 44.375 60
      vertex 63.8789 44.4471 48
      vertex 63.8789 44.4471 60
    endloop
  endfacet
  facet normal 0.881607 0.471984 0
    outer loop
      vertex 63.8789 44.4471 48
      vertex 63.9175 44.375 60
      vertex 63.9175 44.375 48
    endloop
  endfacet
  facet normal 0.995205 0.0978089 0
    outer loop
      vertex 63.7607 44.8368 60
      vertex 63.7527 44.9182 48
      vertex 63.7527 44.9182 60
    endloop
  endfacet
  facet normal 0.995205 0.0978089 0
    outer loop
      vertex 63.7527 44.9182 48
      vertex 63.7607 44.8368 60
      vertex 63.7607 44.8368 48
    endloop
  endfacet
  facet normal -0.973769 -0.227539 0
    outer loop
      vertex 66.226 45.2439 48
      vertex 66.2074 45.3235 60
      vertex 66.2074 45.3235 48
    endloop
  endfacet
  facet normal -0.973769 -0.227539 0
    outer loop
      vertex 66.2074 45.3235 60
      vertex 66.226 45.2439 48
      vertex 66.226 45.2439 60
    endloop
  endfacet
  facet normal -0.98669 -0.162614 0
    outer loop
      vertex 66.2393 45.1632 48
      vertex 66.226 45.2439 60
      vertex 66.226 45.2439 48
    endloop
  endfacet
  facet normal -0.98669 -0.162614 0
    outer loop
      vertex 66.226 45.2439 60
      vertex 66.2393 45.1632 48
      vertex 66.2393 45.1632 60
    endloop
  endfacet
  facet normal -0.935625 -0.352997 0
    outer loop
      vertex 66.1837 45.4018 48
      vertex 66.1548 45.4784 60
      vertex 66.1548 45.4784 48
    endloop
  endfacet
  facet normal -0.935625 -0.352997 0
    outer loop
      vertex 66.1548 45.4784 60
      vertex 66.1837 45.4018 48
      vertex 66.1837 45.4018 60
    endloop
  endfacet
  facet normal -0.772812 -0.634635 0
    outer loop
      vertex 65.9917 45.761 48
      vertex 65.9398 45.8242 60
      vertex 65.9398 45.8242 48
    endloop
  endfacet
  facet normal -0.772812 -0.634635 0
    outer loop
      vertex 65.9398 45.8242 60
      vertex 65.9917 45.761 48
      vertex 65.9917 45.761 60
    endloop
  endfacet
  facet normal -0.8493 -0.52791 0
    outer loop
      vertex 66.0825 45.625 48
      vertex 66.0393 45.6945 60
      vertex 66.0393 45.6945 48
    endloop
  endfacet
  facet normal -0.8493 -0.52791 0
    outer loop
      vertex 66.0393 45.6945 60
      vertex 66.0825 45.625 48
      vertex 66.0825 45.625 60
    endloop
  endfacet
  facet normal -0.881607 -0.471984 0
    outer loop
      vertex 66.1211 45.5529 48
      vertex 66.0825 45.625 60
      vertex 66.0825 45.625 48
    endloop
  endfacet
  facet normal -0.881607 -0.471984 0
    outer loop
      vertex 66.0825 45.625 60
      vertex 66.1211 45.5529 48
      vertex 66.1211 45.5529 60
    endloop
  endfacet
  facet normal -0.227539 -0.973769 0
    outer loop
      vertex 65.2439 46.226 48
      vertex 65.3235 46.2074 60
      vertex 65.2439 46.226 60
    endloop
  endfacet
  facet normal -0.227539 -0.973769 -0
    outer loop
      vertex 65.3235 46.2074 60
      vertex 65.2439 46.226 48
      vertex 65.3235 46.2074 48
    endloop
  endfacet
  facet normal -0.0978089 -0.995205 0
    outer loop
      vertex 65.0818 46.2473 48
      vertex 65.1632 46.2393 60
      vertex 65.0818 46.2473 60
    endloop
  endfacet
  facet normal -0.0978089 -0.995205 -0
    outer loop
      vertex 65.1632 46.2393 60
      vertex 65.0818 46.2473 48
      vertex 65.1632 46.2393 48
    endloop
  endfacet
  facet normal -0.0329894 -0.999456 0
    outer loop
      vertex 65 46.25 48
      vertex 65.0818 46.2473 60
      vertex 65 46.25 60
    endloop
  endfacet
  facet normal -0.0329894 -0.999456 -0
    outer loop
      vertex 65.0818 46.2473 60
      vertex 65 46.25 48
      vertex 65.0818 46.2473 48
    endloop
  endfacet
  facet normal -0.351927 -0.936028 0
    outer loop
      vertex 65.4018 46.1837 48
      vertex 65.4784 46.1549 60
      vertex 65.4018 46.1837 60
    endloop
  endfacet
  facet normal -0.351927 -0.936028 -0
    outer loop
      vertex 65.4784 46.1549 60
      vertex 65.4018 46.1837 48
      vertex 65.4784 46.1549 48
    endloop
  endfacet
  facet normal -0.471984 -0.881607 0
    outer loop
      vertex 65.5529 46.1211 48
      vertex 65.625 46.0825 60
      vertex 65.5529 46.1211 60
    endloop
  endfacet
  facet normal -0.471984 -0.881607 -0
    outer loop
      vertex 65.625 46.0825 60
      vertex 65.5529 46.1211 48
      vertex 65.625 46.0825 48
    endloop
  endfacet
  facet normal -0.52791 -0.8493 0
    outer loop
      vertex 65.625 46.0825 48
      vertex 65.6945 46.0393 60
      vertex 65.625 46.0825 60
    endloop
  endfacet
  facet normal -0.52791 -0.8493 -0
    outer loop
      vertex 65.6945 46.0393 60
      vertex 65.625 46.0825 48
      vertex 65.6945 46.0393 48
    endloop
  endfacet
  facet normal -0.582627 -0.81274 0
    outer loop
      vertex 65.6945 46.0393 48
      vertex 65.7609 45.9917 60
      vertex 65.6945 46.0393 60
    endloop
  endfacet
  facet normal -0.582627 -0.81274 -0
    outer loop
      vertex 65.7609 45.9917 60
      vertex 65.6945 46.0393 48
      vertex 65.7609 45.9917 48
    endloop
  endfacet
  facet normal 0 0 1
    outer loop
      vertex 66.2473 45.0818 48
      vertex 66.2473 44.9182 48
      vertex 66.25 45 48
    endloop
  endfacet
  facet normal 0 0 1
    outer loop
      vertex 66.2393 45.1632 48
      vertex 66.2473 44.9182 48
      vertex 66.2473 45.0818 48
    endloop
  endfacet
  facet normal 0 0 1
    outer loop
      vertex 66.2393 45.1632 48
      vertex 66.2393 44.8368 48
      vertex 66.2473 44.9182 48
    endloop
  endfacet
  facet normal 0 0 1
    outer loop
      vertex 66.226 45.2439 48
      vertex 66.2393 44.8368 48
      vertex 66.2393 45.1632 48
    endloop
  endfacet
  facet normal 0 0 1
    outer loop
      vertex 66.226 45.2439 48
      vertex 66.226 44.7561 48
      vertex 66.2393 44.8368 48
    endloop
  endfacet
  facet normal 0 0 1
    outer loop
      vertex 66.2074 45.3235 48
      vertex 66.226 44.7561 48
      vertex 66.226 45.2439 48
    endloop
  endfacet
  facet normal 0 0 1
    outer loop
      vertex 66.2074 45.3235 48
      vertex 66.2074 44.6765 48
      vertex 66.226 44.7561 48
    endloop
  endfacet
  facet normal 0 0 1
    outer loop
      vertex 66.1837 45.4018 48
      vertex 66.2074 44.6765 48
      vertex 66.2074 45.3235 48
    endloop
  endfacet
  facet normal 0 0 1
    outer loop
      vertex 66.1837 45.4018 48
      vertex 66.1837 44.5982 48
      vertex 66.2074 44.6765 48
    endloop
  endfacet
  facet normal 0 0 1
    outer loop
      vertex 66.1548 45.4784 48
      vertex 66.1837 44.5982 48
      vertex 66.1837 45.4018 48
    endloop
  endfacet
  facet normal 0 0 1
    outer loop
      vertex 66.1548 45.4784 48
      vertex 66.1548 44.5216 48
      vertex 66.1837 44.5982 48
    endloop
  endfacet
  facet normal 0 0 1
    outer loop
      vertex 66.1211 45.5529 48
      vertex 66.1548 44.5216 48
      vertex 66.1548 45.4784 48
    endloop
  endfacet
  facet normal 0 0 1
    outer loop
      vertex 66.1211 45.5529 48
      vertex 66.1211 44.4471 48
      vertex 66.1548 44.5216 48
    endloop
  endfacet
  facet normal 0 0 1
    outer loop
      vertex 66.0825 45.625 48
      vertex 66.1211 44.4471 48
      vertex 66.1211 45.5529 48
    endloop
  endfacet
  facet normal 0 0 1
    outer loop
      vertex 66.0825 45.625 48
      vertex 66.0825 44.375 48
      vertex 66.1211 44.4471 48
    endloop
  endfacet
  facet normal 0 0 1
    outer loop
      vertex 66.0393 45.6945 48
      vertex 66.0825 44.375 48
      vertex 66.0825 45.625 48
    endloop
  endfacet
  facet normal 0 0 1
    outer loop
      vertex 66.0393 45.6945 48
      vertex 66.0393 44.3055 48
      vertex 66.0825 44.375 48
    endloop
  endfacet
  facet normal 0 0 1
    outer loop
      vertex 65.9917 45.761 48
      vertex 66.0393 44.3055 48
      vertex 66.0393 45.6945 48
    endloop
  endfacet
  facet normal 0 0 1
    outer loop
      vertex 65.9917 45.761 48
      vertex 65.9917 44.239 48
      vertex 66.0393 44.3055 48
    endloop
  endfacet
  facet normal 0 0 1
    outer loop
      vertex 65.9398 45.8242 48
      vertex 65.9917 44.239 48
      vertex 65.9917 45.761 48
    endloop
  endfacet
  facet normal 0 0 1
    outer loop
      vertex 65.9398 45.8242 48
      vertex 65.9398 44.1758 48
      vertex 65.9917 44.239 48
    endloop
  endfacet
  facet normal 0 0 1
    outer loop
      vertex 65.8839 45.8839 48
      vertex 65.9398 44.1758 48
      vertex 65.9398 45.8242 48
    endloop
  endfacet
  facet normal 0 0 1
    outer loop
      vertex 65.8839 45.8839 48
      vertex 65.8839 44.1161 48
      vertex 65.9398 44.1758 48
    endloop
  endfacet
  facet normal 0 0 1
    outer loop
      vertex 65.8242 45.9398 48
      vertex 65.8839 44.1161 48
      vertex 65.8839 45.8839 48
    endloop
  endfacet
  facet normal 0 0 1
    outer loop
      vertex 65.8242 45.9398 48
      vertex 65.8242 44.0602 48
      vertex 65.8839 44.1161 48
    endloop
  endfacet
  facet normal 0 0 1
    outer loop
      vertex 65.7609 45.9917 48
      vertex 65.8242 44.0602 48
      vertex 65.8242 45.9398 48
    endloop
  endfacet
  facet normal 0 0 1
    outer loop
      vertex 65.7609 45.9917 48
      vertex 65.7609 44.0083 48
      vertex 65.8242 44.0602 48
    endloop
  endfacet
  facet normal 0 0 1
    outer loop
      vertex 65.6945 46.0393 48
      vertex 65.7609 44.0083 48
      vertex 65.7609 45.9917 48
    endloop
  endfacet
  facet normal 0 0 1
    outer loop
      vertex 65.6945 46.0393 48
      vertex 65.6945 43.9607 48
      vertex 65.7609 44.0083 48
    endloop
  endfacet
  facet normal 0 0 1
    outer loop
      vertex 65.625 46.0825 48
      vertex 65.6945 43.9607 48
      vertex 65.6945 46.0393 48
    endloop
  endfacet
  facet normal 0 0 1
    outer loop
      vertex 65.625 46.0825 48
      vertex 65.625 43.9175 48
      vertex 65.6945 43.9607 48
    endloop
  endfacet
  facet normal 0 0 1
    outer loop
      vertex 65.5529 46.1211 48
      vertex 65.625 43.9175 48
      vertex 65.625 46.0825 48
    endloop
  endfacet
  facet normal 0 0 1
    outer loop
      vertex 65.5529 46.1211 48
      vertex 65.5529 43.8789 48
      vertex 65.625 43.9175 48
    endloop
  endfacet
  facet normal 0 0 1
    outer loop
      vertex 65.4784 46.1549 48
      vertex 65.5529 43.8789 48
      vertex 65.5529 46.1211 48
    endloop
  endfacet
  facet normal 0 0 1
    outer loop
      vertex 65.4784 46.1549 48
      vertex 65.4784 43.8451 48
      vertex 65.5529 43.8789 48
    endloop
  endfacet
  facet normal 0 0 1
    outer loop
      vertex 65.4018 46.1837 48
      vertex 65.4784 43.8451 48
      vertex 65.4784 46.1549 48
    endloop
  endfacet
  facet normal 0 0 1
    outer loop
      vertex 65.4018 46.1837 48
      vertex 65.4018 43.8163 48
      vertex 65.4784 43.8451 48
    endloop
  endfacet
  facet normal 0 0 1
    outer loop
      vertex 65.3235 46.2074 48
      vertex 65.4018 43.8163 48
      vertex 65.4018 46.1837 48
    endloop
  endfacet
  facet normal 0 0 1
    outer loop
      vertex 65.3235 46.2074 48
      vertex 65.3235 43.7926 48
      vertex 65.4018 43.8163 48
    endloop
  endfacet
  facet normal 0 0 1
    outer loop
      vertex 65.2439 46.226 48
      vertex 65.3235 43.7926 48
      vertex 65.3235 46.2074 48
    endloop
  endfacet
  facet normal 0 0 1
    outer loop
      vertex 65.2439 46.226 48
      vertex 65.2439 43.774 48
      vertex 65.3235 43.7926 48
    endloop
  endfacet
  facet normal 0 0 1
    outer loop
      vertex 65.1632 46.2393 48
      vertex 65.2439 43.774 48
      vertex 65.2439 46.226 48
    endloop
  endfacet
  facet normal 0 0 1
    outer loop
      vertex 65.1632 46.2393 48
      vertex 65.1632 43.7607 48
      vertex 65.2439 43.774 48
    endloop
  endfacet
  facet normal 0 0 1
    outer loop
      vertex 65.0818 46.2473 48
      vertex 65.1632 43.7607 48
      vertex 65.1632 46.2393 48
    endloop
  endfacet
  facet normal 0 0 1
    outer loop
      vertex 65.0818 46.2473 48
      vertex 65.0818 43.7527 48
      vertex 65.1632 43.7607 48
    endloop
  endfacet
  facet normal 0 0 1
    outer loop
      vertex 65 46.25 48
      vertex 65.0818 43.7527 48
      vertex 65.0818 46.2473 48
    endloop
  endfacet
  facet normal 0 0 1
    outer loop
      vertex 65 46.25 48
      vertex 65 43.75 48
      vertex 65.0818 43.7527 48
    endloop
  endfacet
  facet normal -0 0 1
    outer loop
      vertex 64.9182 46.2473 48
      vertex 65 43.75 48
      vertex 65 46.25 48
    endloop
  endfacet
  facet normal 0 0 1
    outer loop
      vertex 64.9182 46.2473 48
      vertex 64.9182 43.7527 48
      vertex 65 43.75 48
    endloop
  endfacet
  facet normal -0 0 1
    outer loop
      vertex 64.8368 46.2393 48
      vertex 64.9182 43.7527 48
      vertex 64.9182 46.2473 48
    endloop
  endfacet
  facet normal 0 0 1
    outer loop
      vertex 64.8368 46.2393 48
      vertex 64.8368 43.7607 48
      vertex 64.9182 43.7527 48
    endloop
  endfacet
  facet normal -0 0 1
    outer loop
      vertex 64.7561 46.226 48
      vertex 64.8368 43.7607 48
      vertex 64.8368 46.2393 48
    endloop
  endfacet
  facet normal 0 0 1
    outer loop
      vertex 64.7561 46.226 48
      vertex 64.7561 43.774 48
      vertex 64.8368 43.7607 48
    endloop
  endfacet
  facet normal -0 0 1
    outer loop
      vertex 64.6765 46.2074 48
      vertex 64.7561 43.774 48
      vertex 64.7561 46.226 48
    endloop
  endfacet
  facet normal 0 0 1
    outer loop
      vertex 64.6765 46.2074 48
      vertex 64.6765 43.7926 48
      vertex 64.7561 43.774 48
    endloop
  endfacet
  facet normal -0 0 1
    outer loop
      vertex 64.5982 46.1837 48
      vertex 64.6765 43.7926 48
      vertex 64.6765 46.2074 48
    endloop
  endfacet
  facet normal 0 0 1
    outer loop
      vertex 64.5982 46.1837 48
      vertex 64.5982 43.8163 48
      vertex 64.6765 43.7926 48
    endloop
  endfacet
  facet normal -0 0 1
    outer loop
      vertex 64.5216 46.1549 48
      vertex 64.5982 43.8163 48
      vertex 64.5982 46.1837 48
    endloop
  endfacet
  facet normal 0 0 1
    outer loop
      vertex 64.5216 46.1549 48
      vertex 64.5216 43.8451 48
      vertex 64.5982 43.8163 48
    endloop
  endfacet
  facet normal -0 0 1
    outer loop
      vertex 64.4471 46.1211 48
      vertex 64.5216 43.8451 48
      vertex 64.5216 46.1549 48
    endloop
  endfacet
  facet normal 0 0 1
    outer loop
      vertex 64.4471 46.1211 48
      vertex 64.4471 43.8789 48
      vertex 64.5216 43.8451 48
    endloop
  endfacet
  facet normal -0 0 1
    outer loop
      vertex 64.375 46.0825 48
      vertex 64.4471 43.8789 48
      vertex 64.4471 46.1211 48
    endloop
  endfacet
  facet normal 0 0 1
    outer loop
      vertex 64.375 46.0825 48
      vertex 64.375 43.9175 48
      vertex 64.4471 43.8789 48
    endloop
  endfacet
  facet normal -0 0 1
    outer loop
      vertex 64.3055 46.0393 48
      vertex 64.375 43.9175 48
      vertex 64.375 46.0825 48
    endloop
  endfacet
  facet normal 0 0 1
    outer loop
      vertex 64.3055 46.0393 48
      vertex 64.3055 43.9607 48
      vertex 64.375 43.9175 48
    endloop
  endfacet
  facet normal -0 0 1
    outer loop
      vertex 64.239 45.9917 48
      vertex 64.3055 43.9607 48
      vertex 64.3055 46.0393 48
    endloop
  endfacet
  facet normal 0 0 1
    outer loop
      vertex 64.239 45.9917 48
      vertex 64.239 44.0083 48
      vertex 64.3055 43.9607 48
    endloop
  endfacet
  facet normal -0 0 1
    outer loop
      vertex 64.1758 45.9398 48
      vertex 64.239 44.0083 48
      vertex 64.239 45.9917 48
    endloop
  endfacet
  facet normal 0 0 1
    outer loop
      vertex 64.1758 45.9398 48
      vertex 64.1758 44.0602 48
      vertex 64.239 44.0083 48
    endloop
  endfacet
  facet normal -0 0 1
    outer loop
      vertex 64.1161 45.8839 48
      vertex 64.1758 44.0602 48
      vertex 64.1758 45.9398 48
    endloop
  endfacet
  facet normal 0 0 1
    outer loop
      vertex 64.1161 45.8839 48
      vertex 64.1161 44.1161 48
      vertex 64.1758 44.0602 48
    endloop
  endfacet
  facet normal -0 0 1
    outer loop
      vertex 64.0602 45.8242 48
      vertex 64.1161 44.1161 48
      vertex 64.1161 45.8839 48
    endloop
  endfacet
  facet normal 0 0 1
    outer loop
      vertex 64.0602 45.8242 48
      vertex 64.0602 44.1758 48
      vertex 64.1161 44.1161 48
    endloop
  endfacet
  facet normal -0 0 1
    outer loop
      vertex 64.0083 45.761 48
      vertex 64.0602 44.1758 48
      vertex 64.0602 45.8242 48
    endloop
  endfacet
  facet normal 0 0 1
    outer loop
      vertex 64.0083 45.761 48
      vertex 64.0083 44.239 48
      vertex 64.0602 44.1758 48
    endloop
  endfacet
  facet normal -0 0 1
    outer loop
      vertex 63.9607 45.6945 48
      vertex 64.0083 44.239 48
      vertex 64.0083 45.761 48
    endloop
  endfacet
  facet normal 0 0 1
    outer loop
      vertex 63.9607 45.6945 48
      vertex 63.9607 44.3055 48
      vertex 64.0083 44.239 48
    endloop
  endfacet
  facet normal -0 0 1
    outer loop
      vertex 63.9175 45.625 48
      vertex 63.9607 44.3055 48
      vertex 63.9607 45.6945 48
    endloop
  endfacet
  facet normal 0 0 1
    outer loop
      vertex 63.9175 45.625 48
      vertex 63.9175 44.375 48
      vertex 63.9607 44.3055 48
    endloop
  endfacet
  facet normal -0 0 1
    outer loop
      vertex 63.8789 45.5529 48
      vertex 63.9175 44.375 48
      vertex 63.9175 45.625 48
    endloop
  endfacet
  facet normal 0 0 1
    outer loop
      vertex 63.8789 45.5529 48
      vertex 63.8789 44.4471 48
      vertex 63.9175 44.375 48
    endloop
  endfacet
  facet normal -0 0 1
    outer loop
      vertex 63.8451 45.4784 48
      vertex 63.8789 44.4471 48
      vertex 63.8789 45.5529 48
    endloop
  endfacet
  facet normal 0 0 1
    outer loop
      vertex 63.8451 45.4784 48
      vertex 63.8451 44.5216 48
      vertex 63.8789 44.4471 48
    endloop
  endfacet
  facet normal -0 0 1
    outer loop
      vertex 63.8163 45.4018 48
      vertex 63.8451 44.5216 48
      vertex 63.8451 45.4784 48
    endloop
  endfacet
  facet normal 0 0 1
    outer loop
      vertex 63.8163 45.4018 48
      vertex 63.8163 44.5982 48
      vertex 63.8451 44.5216 48
    endloop
  endfacet
  facet normal -0 0 1
    outer loop
      vertex 63.7926 45.3235 48
      vertex 63.8163 44.5982 48
      vertex 63.8163 45.4018 48
    endloop
  endfacet
  facet normal 0 0 1
    outer loop
      vertex 63.7926 45.3235 48
      vertex 63.7926 44.6765 48
      vertex 63.8163 44.5982 48
    endloop
  endfacet
  facet normal -0 0 1
    outer loop
      vertex 63.774 45.2439 48
      vertex 63.7926 44.6765 48
      vertex 63.7926 45.3235 48
    endloop
  endfacet
  facet normal 0 0 1
    outer loop
      vertex 63.774 45.2439 48
      vertex 63.774 44.7561 48
      vertex 63.7926 44.6765 48
    endloop
  endfacet
  facet normal -0 0 1
    outer loop
      vertex 63.7607 45.1632 48
      vertex 63.774 44.7561 48
      vertex 63.774 45.2439 48
    endloop
  endfacet
  facet normal 0 0 1
    outer loop
      vertex 63.7607 45.1632 48
      vertex 63.7607 44.8368 48
      vertex 63.774 44.7561 48
    endloop
  endfacet
  facet normal -0 0 1
    outer loop
      vertex 63.7527 45.0818 48
      vertex 63.7607 44.8368 48
      vertex 63.7607 45.1632 48
    endloop
  endfacet
  facet normal 0 0 1
    outer loop
      vertex 63.7527 45.0818 48
      vertex 63.7527 44.9182 48
      vertex 63.7607 44.8368 48
    endloop
  endfacet
  facet normal 0 -0 1
    outer loop
      vertex 63.7527 44.9182 48
      vertex 63.7527 45.0818 48
      vertex 63.75 45 48
    endloop
  endfacet
  facet normal 0.936028 -0.351927 0
    outer loop
      vertex 63.8163 45.4018 60
      vertex 63.8451 45.4784 48
      vertex 63.8451 45.4784 60
    endloop
  endfacet
  facet normal 0.936028 -0.351927 0
    outer loop
      vertex 63.8451 45.4784 48
      vertex 63.8163 45.4018 60
      vertex 63.8163 45.4018 48
    endloop
  endfacet
  facet normal 0.910659 -0.413158 0
    outer loop
      vertex 63.8451 45.4784 60
      vertex 63.8789 45.5529 48
      vertex 63.8789 45.5529 60
    endloop
  endfacet
  facet normal 0.910659 -0.413158 0
    outer loop
      vertex 63.8789 45.5529 48
      vertex 63.8451 45.4784 60
      vertex 63.8451 45.4784 48
    endloop
  endfacet
  facet normal 0.973769 -0.227539 0
    outer loop
      vertex 63.774 45.2439 60
      vertex 63.7926 45.3235 48
      vertex 63.7926 45.3235 60
    endloop
  endfacet
  facet normal 0.973769 -0.227539 0
    outer loop
      vertex 63.7926 45.3235 48
      vertex 63.774 45.2439 60
      vertex 63.774 45.2439 48
    endloop
  endfacet
  facet normal 0.999456 -0.0329894 0
    outer loop
      vertex 63.75 45 60
      vertex 63.7527 45.0818 48
      vertex 63.7527 45.0818 60
    endloop
  endfacet
  facet normal 0.999456 -0.0329894 0
    outer loop
      vertex 63.7527 45.0818 48
      vertex 63.75 45 60
      vertex 63.75 45 48
    endloop
  endfacet
  facet normal 0.471984 -0.881607 0
    outer loop
      vertex 64.375 46.0825 48
      vertex 64.4471 46.1211 60
      vertex 64.375 46.0825 60
    endloop
  endfacet
  facet normal 0.471984 -0.881607 0
    outer loop
      vertex 64.4471 46.1211 60
      vertex 64.375 46.0825 48
      vertex 64.4471 46.1211 48
    endloop
  endfacet
  facet normal 0.52791 -0.8493 0
    outer loop
      vertex 64.3055 46.0393 48
      vertex 64.375 46.0825 60
      vertex 64.3055 46.0393 60
    endloop
  endfacet
  facet normal 0.52791 -0.8493 0
    outer loop
      vertex 64.375 46.0825 60
      vertex 64.3055 46.0393 48
      vertex 64.375 46.0825 48
    endloop
  endfacet
  facet normal 0.634635 -0.772812 0
    outer loop
      vertex 64.1758 45.9398 48
      vertex 64.239 45.9917 60
      vertex 64.1758 45.9398 60
    endloop
  endfacet
  facet normal 0.634635 -0.772812 0
    outer loop
      vertex 64.239 45.9917 60
      vertex 64.1758 45.9398 48
      vertex 64.239 45.9917 48
    endloop
  endfacet
  facet normal 0.413158 -0.910659 0
    outer loop
      vertex 64.4471 46.1211 48
      vertex 64.5216 46.1549 60
      vertex 64.4471 46.1211 60
    endloop
  endfacet
  facet normal 0.413158 -0.910659 0
    outer loop
      vertex 64.5216 46.1549 60
      vertex 64.4471 46.1211 48
      vertex 64.5216 46.1549 48
    endloop
  endfacet
  facet normal 0.227539 -0.973769 0
    outer loop
      vertex 64.6765 46.2074 48
      vertex 64.7561 46.226 60
      vertex 64.6765 46.2074 60
    endloop
  endfacet
  facet normal 0.227539 -0.973769 0
    outer loop
      vertex 64.7561 46.226 60
      vertex 64.6765 46.2074 48
      vertex 64.7561 46.226 48
    endloop
  endfacet
  facet normal -0.999456 0.0329894 0
    outer loop
      vertex 66.2473 44.9182 48
      vertex 66.25 45 60
      vertex 66.25 45 48
    endloop
  endfacet
  facet normal -0.999456 0.0329894 0
    outer loop
      vertex 66.25 45 60
      vertex 66.2473 44.9182 48
      vertex 66.2473 44.9182 60
    endloop
  endfacet
  facet normal -0.162614 0.98669 0
    outer loop
      vertex 65.2439 43.774 48
      vertex 65.1632 43.7607 60
      vertex 65.2439 43.774 60
    endloop
  endfacet
  facet normal -0.162614 0.98669 0
    outer loop
      vertex 65.1632 43.7607 60
      vertex 65.2439 43.774 48
      vertex 65.1632 43.7607 48
    endloop
  endfacet
  facet normal -0.351927 0.936028 0
    outer loop
      vertex 65.4784 43.8451 48
      vertex 65.4018 43.8163 60
      vertex 65.4784 43.8451 60
    endloop
  endfacet
  facet normal -0.351927 0.936028 0
    outer loop
      vertex 65.4018 43.8163 60
      vertex 65.4784 43.8451 48
      vertex 65.4018 43.8163 48
    endloop
  endfacet
  facet normal -0.634036 0.773304 0
    outer loop
      vertex 65.8242 44.0602 48
      vertex 65.7609 44.0083 60
      vertex 65.8242 44.0602 60
    endloop
  endfacet
  facet normal -0.634036 0.773304 0
    outer loop
      vertex 65.7609 44.0083 60
      vertex 65.8242 44.0602 48
      vertex 65.7609 44.0083 48
    endloop
  endfacet
  facet normal -0.582627 0.81274 0
    outer loop
      vertex 65.7609 44.0083 48
      vertex 65.6945 43.9607 60
      vertex 65.7609 44.0083 60
    endloop
  endfacet
  facet normal -0.582627 0.81274 0
    outer loop
      vertex 65.6945 43.9607 60
      vertex 65.7609 44.0083 48
      vertex 65.6945 43.9607 48
    endloop
  endfacet
  facet normal -0.471984 0.881607 0
    outer loop
      vertex 65.625 43.9175 48
      vertex 65.5529 43.8789 60
      vertex 65.625 43.9175 60
    endloop
  endfacet
  facet normal -0.471984 0.881607 0
    outer loop
      vertex 65.5529 43.8789 60
      vertex 65.625 43.9175 48
      vertex 65.5529 43.8789 48
    endloop
  endfacet
  facet normal -0.813155 0.582048 0
    outer loop
      vertex 65.9917 44.239 48
      vertex 66.0393 44.3055 60
      vertex 66.0393 44.3055 48
    endloop
  endfacet
  facet normal -0.813155 0.582048 0
    outer loop
      vertex 66.0393 44.3055 60
      vertex 65.9917 44.239 48
      vertex 65.9917 44.239 60
    endloop
  endfacet
  facet normal -0.935625 0.352997 0
    outer loop
      vertex 66.1548 44.5216 48
      vertex 66.1837 44.5982 60
      vertex 66.1837 44.5982 48
    endloop
  endfacet
  facet normal -0.935625 0.352997 0
    outer loop
      vertex 66.1837 44.5982 60
      vertex 66.1548 44.5216 48
      vertex 66.1548 44.5216 60
    endloop
  endfacet
  facet normal -0.911119 0.412144 0
    outer loop
      vertex 66.1211 44.4471 48
      vertex 66.1548 44.5216 60
      vertex 66.1548 44.5216 48
    endloop
  endfacet
  facet normal -0.911119 0.412144 0
    outer loop
      vertex 66.1548 44.5216 60
      vertex 66.1211 44.4471 48
      vertex 66.1211 44.4471 60
    endloop
  endfacet
  facet normal -0.973769 0.227539 0
    outer loop
      vertex 66.2074 44.6765 48
      vertex 66.226 44.7561 60
      vertex 66.226 44.7561 48
    endloop
  endfacet
  facet normal -0.973769 0.227539 0
    outer loop
      vertex 66.226 44.7561 60
      vertex 66.2074 44.6765 48
      vertex 66.2074 44.6765 60
    endloop
  endfacet
  facet normal -0.995205 0.0978089 0
    outer loop
      vertex 66.2393 44.8368 48
      vertex 66.2473 44.9182 60
      vertex 66.2473 44.9182 48
    endloop
  endfacet
  facet normal -0.995205 0.0978089 0
    outer loop
      vertex 66.2473 44.9182 60
      vertex 66.2393 44.8368 48
      vertex 66.2393 44.8368 60
    endloop
  endfacet
  facet normal 0.582048 0.813155 -0
    outer loop
      vertex 64.3055 43.9607 48
      vertex 64.239 44.0083 60
      vertex 64.3055 43.9607 60
    endloop
  endfacet
  facet normal 0.582048 0.813155 0
    outer loop
      vertex 64.239 44.0083 60
      vertex 64.3055 43.9607 48
      vertex 64.239 44.0083 48
    endloop
  endfacet
  facet normal 0.413158 0.910659 -0
    outer loop
      vertex 64.5216 43.8451 48
      vertex 64.4471 43.8789 60
      vertex 64.5216 43.8451 60
    endloop
  endfacet
  facet normal 0.413158 0.910659 0
    outer loop
      vertex 64.4471 43.8789 60
      vertex 64.5216 43.8451 48
      vertex 64.4471 43.8789 48
    endloop
  endfacet
  facet normal 0.227539 0.973769 -0
    outer loop
      vertex 64.7561 43.774 48
      vertex 64.6765 43.7926 60
      vertex 64.7561 43.774 60
    endloop
  endfacet
  facet normal 0.227539 0.973769 0
    outer loop
      vertex 64.6765 43.7926 60
      vertex 64.7561 43.774 48
      vertex 64.6765 43.7926 48
    endloop
  endfacet
  facet normal 0.0329894 0.999456 -0
    outer loop
      vertex 65 43.75 48
      vertex 64.9182 43.7527 60
      vertex 65 43.75 60
    endloop
  endfacet
  facet normal 0.0329894 0.999456 0
    outer loop
      vertex 64.9182 43.7527 60
      vertex 65 43.75 48
      vertex 64.9182 43.7527 48
    endloop
  endfacet
  facet normal 0.772812 0.634635 0
    outer loop
      vertex 64.0602 44.1758 60
      vertex 64.0083 44.239 48
      vertex 64.0083 44.239 60
    endloop
  endfacet
  facet normal 0.772812 0.634635 0
    outer loop
      vertex 64.0083 44.239 48
      vertex 64.0602 44.1758 60
      vertex 64.0602 44.1758 48
    endloop
  endfacet
  facet normal 0.683494 0.729956 -0
    outer loop
      vertex 64.1758 44.0602 48
      vertex 64.1161 44.1161 60
      vertex 64.1758 44.0602 60
    endloop
  endfacet
  facet normal 0.683494 0.729956 0
    outer loop
      vertex 64.1161 44.1161 60
      vertex 64.1758 44.0602 48
      vertex 64.1161 44.1161 48
    endloop
  endfacet
  facet normal 0.813155 0.582048 0
    outer loop
      vertex 64.0083 44.239 60
      vertex 63.9607 44.3055 48
      vertex 63.9607 44.3055 60
    endloop
  endfacet
  facet normal 0.813155 0.582048 0
    outer loop
      vertex 63.9607 44.3055 48
      vertex 64.0083 44.239 60
      vertex 64.0083 44.239 48
    endloop
  endfacet
  facet normal 0.936028 0.351927 0
    outer loop
      vertex 63.8451 44.5216 60
      vertex 63.8163 44.5982 48
      vertex 63.8163 44.5982 60
    endloop
  endfacet
  facet normal 0.936028 0.351927 0
    outer loop
      vertex 63.8163 44.5982 48
      vertex 63.8451 44.5216 60
      vertex 63.8451 44.5216 48
    endloop
  endfacet
  facet normal 0.98669 0.162614 0
    outer loop
      vertex 63.774 44.7561 60
      vertex 63.7607 44.8368 48
      vertex 63.7607 44.8368 60
    endloop
  endfacet
  facet normal 0.98669 0.162614 0
    outer loop
      vertex 63.7607 44.8368 48
      vertex 63.774 44.7561 60
      vertex 63.774 44.7561 48
    endloop
  endfacet
  facet normal 0.973769 0.227539 0
    outer loop
      vertex 63.7926 44.6765 60
      vertex 63.774 44.7561 48
      vertex 63.774 44.7561 60
    endloop
  endfacet
  facet normal 0.973769 0.227539 0
    outer loop
      vertex 63.774 44.7561 48
      vertex 63.7926 44.6765 60
      vertex 63.7926 44.6765 48
    endloop
  endfacet
  facet normal 0.8493 -0.52791 0
    outer loop
      vertex 63.9175 45.625 60
      vertex 63.9607 45.6945 48
      vertex 63.9607 45.6945 60
    endloop
  endfacet
  facet normal 0.8493 -0.52791 0
    outer loop
      vertex 63.9607 45.6945 48
      vertex 63.9175 45.625 60
      vertex 63.9175 45.625 48
    endloop
  endfacet
  facet normal 0.813155 -0.582048 0
    outer loop
      vertex 63.9607 45.6945 60
      vertex 64.0083 45.761 48
      vertex 64.0083 45.761 60
    endloop
  endfacet
  facet normal 0.813155 -0.582048 0
    outer loop
      vertex 64.0083 45.761 48
      vertex 63.9607 45.6945 60
      vertex 63.9607 45.6945 48
    endloop
  endfacet
  facet normal 0.772812 -0.634635 0
    outer loop
      vertex 64.0083 45.761 60
      vertex 64.0602 45.8242 48
      vertex 64.0602 45.8242 60
    endloop
  endfacet
  facet normal 0.772812 -0.634635 0
    outer loop
      vertex 64.0602 45.8242 48
      vertex 64.0083 45.761 60
      vertex 64.0083 45.761 48
    endloop
  endfacet
  facet normal 0.999456 0.0329894 0
    outer loop
      vertex 63.7527 44.9182 60
      vertex 63.75 45 48
      vertex 63.75 45 60
    endloop
  endfacet
  facet normal 0.999456 0.0329894 0
    outer loop
      vertex 63.75 45 48
      vertex 63.7527 44.9182 60
      vertex 63.7527 44.9182 48
    endloop
  endfacet
  facet normal -0.227539 0.973769 0
    outer loop
      vertex 65.3235 43.7926 48
      vertex 65.2439 43.774 60
      vertex 65.3235 43.7926 60
    endloop
  endfacet
  facet normal -0.227539 0.973769 0
    outer loop
      vertex 65.2439 43.774 60
      vertex 65.3235 43.7926 48
      vertex 65.2439 43.774 48
    endloop
  endfacet
  facet normal -0.413158 0.910659 0
    outer loop
      vertex 65.5529 43.8789 48
      vertex 65.4784 43.8451 60
      vertex 65.5529 43.8789 60
    endloop
  endfacet
  facet normal -0.413158 0.910659 0
    outer loop
      vertex 65.4784 43.8451 60
      vertex 65.5529 43.8789 48
      vertex 65.4784 43.8451 48
    endloop
  endfacet
  facet normal -0.683494 0.729956 0
    outer loop
      vertex 65.8839 44.1161 48
      vertex 65.8242 44.0602 60
      vertex 65.8839 44.1161 60
    endloop
  endfacet
  facet normal -0.683494 0.729956 0
    outer loop
      vertex 65.8242 44.0602 60
      vertex 65.8839 44.1161 48
      vertex 65.8242 44.0602 48
    endloop
  endfacet
  facet normal -0.52791 0.8493 0
    outer loop
      vertex 65.6945 43.9607 48
      vertex 65.625 43.9175 60
      vertex 65.6945 43.9607 60
    endloop
  endfacet
  facet normal -0.52791 0.8493 0
    outer loop
      vertex 65.625 43.9175 60
      vertex 65.6945 43.9607 48
      vertex 65.625 43.9175 48
    endloop
  endfacet
  facet normal -0.8493 0.52791 0
    outer loop
      vertex 66.0393 44.3055 48
      vertex 66.0825 44.375 60
      vertex 66.0825 44.375 48
    endloop
  endfacet
  facet normal -0.8493 0.52791 0
    outer loop
      vertex 66.0825 44.375 60
      vertex 66.0393 44.3055 48
      vertex 66.0393 44.3055 60
    endloop
  endfacet
  facet normal 0.351927 0.936028 -0
    outer loop
      vertex 64.5982 43.8163 48
      vertex 64.5216 43.8451 60
      vertex 64.5982 43.8163 60
    endloop
  endfacet
  facet normal 0.351927 0.936028 0
    outer loop
      vertex 64.5216 43.8451 60
      vertex 64.5982 43.8163 48
      vertex 64.5216 43.8451 48
    endloop
  endfacet
  facet normal 0.162614 0.98669 -0
    outer loop
      vertex 64.8368 43.7607 48
      vertex 64.7561 43.774 60
      vertex 64.8368 43.7607 60
    endloop
  endfacet
  facet normal 0.162614 0.98669 0
    outer loop
      vertex 64.7561 43.774 60
      vertex 64.8368 43.7607 48
      vertex 64.7561 43.774 48
    endloop
  endfacet
  facet normal 0.729956 0.683494 0
    outer loop
      vertex 64.1161 44.1161 60
      vertex 64.0602 44.1758 48
      vertex 64.0602 44.1758 60
    endloop
  endfacet
  facet normal 0.729956 0.683494 0
    outer loop
      vertex 64.0602 44.1758 48
      vertex 64.1161 44.1161 60
      vertex 64.1161 44.1161 48
    endloop
  endfacet
  facet normal 0.8493 0.52791 0
    outer loop
      vertex 63.9607 44.3055 60
      vertex 63.9175 44.375 48
      vertex 63.9175 44.375 60
    endloop
  endfacet
  facet normal 0.8493 0.52791 0
    outer loop
      vertex 63.9175 44.375 48
      vertex 63.9607 44.3055 60
      vertex 63.9607 44.3055 48
    endloop
  endfacet
  facet normal 0.910659 0.413158 0
    outer loop
      vertex 63.8789 44.4471 60
      vertex 63.8451 44.5216 48
      vertex 63.8451 44.5216 60
    endloop
  endfacet
  facet normal 0.910659 0.413158 0
    outer loop
      vertex 63.8451 44.5216 48
      vertex 63.8789 44.4471 60
      vertex 63.8789 44.4471 48
    endloop
  endfacet
  facet normal -0.98669 0.162614 0
    outer loop
      vertex 66.226 44.7561 48
      vertex 66.2393 44.8368 60
      vertex 66.2393 44.8368 48
    endloop
  endfacet
  facet normal -0.98669 0.162614 0
    outer loop
      vertex 66.2393 44.8368 60
      vertex 66.226 44.7561 48
      vertex 66.226 44.7561 60
    endloop
  endfacet
  facet normal -0.999464 -0.0327498 0
    outer loop
      vertex -6.1 48 45
      vertex -6.10193 48.0589 55
      vertex -6.10193 48.0589 45
    endloop
  endfacet
  facet normal -0.999464 -0.0327498 0
    outer loop
      vertex -6.10193 48.0589 55
      vertex -6.1 48 45
      vertex -6.1 48 55
    endloop
  endfacet
  facet normal 0.0322632 -0.999479 0
    outer loop
      vertex -7.05886 48.8981 45
      vertex -7 48.9 55
      vertex -7.05886 48.8981 55
    endloop
  endfacet
  facet normal 0.0322632 -0.999479 0
    outer loop
      vertex -7 48.9 55
      vertex -7.05886 48.8981 45
      vertex -7 48.9 45
    endloop
  endfacet
  facet normal -0.0322632 0.999479 0
    outer loop
      vertex -6.94114 47.1019 45
      vertex -7 47.1 55
      vertex -6.94114 47.1019 55
    endloop
  endfacet
  facet normal -0.0322632 0.999479 0
    outer loop
      vertex -7 47.1 55
      vertex -6.94114 47.1019 45
      vertex -7 47.1 45
    endloop
  endfacet
  facet normal -0.683913 -0.729564 0
    outer loop
      vertex -6.40659 48.6767 45
      vertex -6.3636 48.6364 55
      vertex -6.40659 48.6767 55
    endloop
  endfacet
  facet normal -0.683913 -0.729564 -0
    outer loop
      vertex -6.3636 48.6364 55
      vertex -6.40659 48.6767 45
      vertex -6.3636 48.6364 45
    endloop
  endfacet
  facet normal 0.729982 -0.683467 0
    outer loop
      vertex -7.67666 48.5934 55
      vertex -7.6364 48.6364 45
      vertex -7.6364 48.6364 55
    endloop
  endfacet
  facet normal 0.729982 -0.683467 0
    outer loop
      vertex -7.6364 48.6364 45
      vertex -7.67666 48.5934 55
      vertex -7.67666 48.5934 45
    endloop
  endfacet
  facet normal 0.412587 -0.910918 0
    outer loop
      vertex -7.39806 48.8072 45
      vertex -7.34441 48.8315 55
      vertex -7.39806 48.8072 55
    endloop
  endfacet
  facet normal 0.412587 -0.910918 0
    outer loop
      vertex -7.34441 48.8315 55
      vertex -7.39806 48.8072 45
      vertex -7.34441 48.8315 45
    endloop
  endfacet
  facet normal -0.911062 -0.412268 0
    outer loop
      vertex -6.16851 48.3444 45
      vertex -6.19281 48.3981 55
      vertex -6.19281 48.3981 45
    endloop
  endfacet
  facet normal -0.911062 -0.412268 0
    outer loop
      vertex -6.19281 48.3981 55
      vertex -6.16851 48.3444 45
      vertex -6.16851 48.3444 55
    endloop
  endfacet
  facet normal -0.35157 -0.936162 0
    outer loop
      vertex -6.7107 48.8522 45
      vertex -6.65558 48.8315 55
      vertex -6.7107 48.8522 55
    endloop
  endfacet
  facet normal -0.35157 -0.936162 -0
    outer loop
      vertex -6.65558 48.8315 55
      vertex -6.7107 48.8522 45
      vertex -6.65558 48.8315 45
    endloop
  endfacet
  facet normal -0.582362 -0.81293 0
    outer loop
      vertex -6.49999 48.7483 45
      vertex -6.45211 48.714 55
      vertex -6.49999 48.7483 55
    endloop
  endfacet
  facet normal -0.582362 -0.81293 -0
    outer loop
      vertex -6.45211 48.714 55
      vertex -6.49999 48.7483 45
      vertex -6.45211 48.714 45
    endloop
  endfacet
  facet normal 0.881717 -0.471778 0
    outer loop
      vertex -7.80719 48.3981 55
      vertex -7.77942 48.45 45
      vertex -7.77942 48.45 55
    endloop
  endfacet
  facet normal 0.881717 -0.471778 0
    outer loop
      vertex -7.77942 48.45 45
      vertex -7.80719 48.3981 55
      vertex -7.80719 48.3981 45
    endloop
  endfacet
  facet normal 0.683913 -0.729564 0
    outer loop
      vertex -7.6364 48.6364 45
      vertex -7.59341 48.6767 55
      vertex -7.6364 48.6364 55
    endloop
  endfacet
  facet normal 0.683913 -0.729564 0
    outer loop
      vertex -7.59341 48.6767 55
      vertex -7.6364 48.6364 45
      vertex -7.59341 48.6767 45
    endloop
  endfacet
  facet normal 0.227487 -0.973781 0
    outer loop
      vertex -7.23294 48.8693 45
      vertex -7.17558 48.8827 55
      vertex -7.23294 48.8693 55
    endloop
  endfacet
  facet normal 0.227487 -0.973781 0
    outer loop
      vertex -7.17558 48.8827 55
      vertex -7.23294 48.8693 45
      vertex -7.17558 48.8827 45
    endloop
  endfacet
  facet normal -0.973804 -0.227391 0
    outer loop
      vertex -6.11729 48.1756 45
      vertex -6.13067 48.2329 55
      vertex -6.13067 48.2329 45
    endloop
  endfacet
  facet normal -0.973804 -0.227391 0
    outer loop
      vertex -6.13067 48.2329 55
      vertex -6.11729 48.1756 45
      vertex -6.11729 48.1756 55
    endloop
  endfacet
  facet normal -0.772851 -0.634587 0
    outer loop
      vertex -6.28598 48.5479 45
      vertex -6.32334 48.5934 55
      vertex -6.32334 48.5934 45
    endloop
  endfacet
  facet normal -0.772851 -0.634587 0
    outer loop
      vertex -6.32334 48.5934 55
      vertex -6.28598 48.5479 45
      vertex -6.28598 48.5479 55
    endloop
  endfacet
  facet normal -0.849141 -0.528166 0
    outer loop
      vertex -6.22058 48.45 45
      vertex -6.25168 48.5 55
      vertex -6.25168 48.5 45
    endloop
  endfacet
  facet normal -0.849141 -0.528166 0
    outer loop
      vertex -6.25168 48.5 55
      vertex -6.22058 48.45 45
      vertex -6.22058 48.45 55
    endloop
  endfacet
  facet normal -0.162995 -0.986627 0
    outer loop
      vertex -6.88253 48.8923 45
      vertex -6.82442 48.8827 55
      vertex -6.88253 48.8923 55
    endloop
  endfacet
  facet normal -0.162995 -0.986627 -0
    outer loop
      vertex -6.82442 48.8827 55
      vertex -6.88253 48.8923 45
      vertex -6.82442 48.8827 45
    endloop
  endfacet
  facet normal -0.633811 -0.773488 0
    outer loop
      vertex -6.45211 48.714 45
      vertex -6.40659 48.6767 55
      vertex -6.45211 48.714 55
    endloop
  endfacet
  facet normal -0.633811 -0.773488 -0
    outer loop
      vertex -6.40659 48.6767 55
      vertex -6.45211 48.714 45
      vertex -6.40659 48.6767 45
    endloop
  endfacet
  facet normal 0.98665 -0.162857 0
    outer loop
      vertex -7.8923 48.1175 55
      vertex -7.88271 48.1756 45
      vertex -7.88271 48.1756 55
    endloop
  endfacet
  facet normal 0.98665 -0.162857 0
    outer loop
      vertex -7.88271 48.1756 45
      vertex -7.8923 48.1175 55
      vertex -7.8923 48.1175 45
    endloop
  endfacet
  facet normal 0 0 1
    outer loop
      vertex -6.10193 48.0589 45
      vertex -6.10193 47.9411 45
      vertex -6.1 48 45
    endloop
  endfacet
  facet normal 0 0 1
    outer loop
      vertex -6.1077 48.1175 45
      vertex -6.10193 47.9411 45
      vertex -6.10193 48.0589 45
    endloop
  endfacet
  facet normal 0 0 1
    outer loop
      vertex -6.1077 48.1175 45
      vertex -6.1077 47.8825 45
      vertex -6.10193 47.9411 45
    endloop
  endfacet
  facet normal 0 0 1
    outer loop
      vertex -6.11729 48.1756 45
      vertex -6.1077 47.8825 45
      vertex -6.1077 48.1175 45
    endloop
  endfacet
  facet normal 0 0 1
    outer loop
      vertex -6.11729 48.1756 45
      vertex -6.11729 47.8244 45
      vertex -6.1077 47.8825 45
    endloop
  endfacet
  facet normal 0 0 1
    outer loop
      vertex -6.13067 48.2329 45
      vertex -6.11729 47.8244 45
      vertex -6.11729 48.1756 45
    endloop
  endfacet
  facet normal 0 0 1
    outer loop
      vertex -6.13067 48.2329 45
      vertex -6.13067 47.7671 45
      vertex -6.11729 47.8244 45
    endloop
  endfacet
  facet normal 0 0 1
    outer loop
      vertex -6.14776 48.2893 45
      vertex -6.13067 47.7671 45
      vertex -6.13067 48.2329 45
    endloop
  endfacet
  facet normal 0 0 1
    outer loop
      vertex -6.14776 48.2893 45
      vertex -6.14776 47.7107 45
      vertex -6.13067 47.7671 45
    endloop
  endfacet
  facet normal 0 0 1
    outer loop
      vertex -6.16851 48.3444 45
      vertex -6.14776 47.7107 45
      vertex -6.14776 48.2893 45
    endloop
  endfacet
  facet normal 0 0 1
    outer loop
      vertex -6.16851 48.3444 45
      vertex -6.16851 47.6556 45
      vertex -6.14776 47.7107 45
    endloop
  endfacet
  facet normal 0 0 1
    outer loop
      vertex -6.19281 48.3981 45
      vertex -6.16851 47.6556 45
      vertex -6.16851 48.3444 45
    endloop
  endfacet
  facet normal 0 0 1
    outer loop
      vertex -6.19281 48.3981 45
      vertex -6.19281 47.6019 45
      vertex -6.16851 47.6556 45
    endloop
  endfacet
  facet normal 0 0 1
    outer loop
      vertex -6.22058 48.45 45
      vertex -6.19281 47.6019 45
      vertex -6.19281 48.3981 45
    endloop
  endfacet
  facet normal 0 0 1
    outer loop
      vertex -6.22058 48.45 45
      vertex -6.22058 47.55 45
      vertex -6.19281 47.6019 45
    endloop
  endfacet
  facet normal 0 0 1
    outer loop
      vertex -6.25168 48.5 45
      vertex -6.22058 47.55 45
      vertex -6.22058 48.45 45
    endloop
  endfacet
  facet normal 0 0 1
    outer loop
      vertex -6.25168 48.5 45
      vertex -6.25168 47.5 45
      vertex -6.22058 47.55 45
    endloop
  endfacet
  facet normal 0 0 1
    outer loop
      vertex -6.28598 48.5479 45
      vertex -6.25168 47.5 45
      vertex -6.25168 48.5 45
    endloop
  endfacet
  facet normal 0 0 1
    outer loop
      vertex -6.28598 48.5479 45
      vertex -6.28598 47.4521 45
      vertex -6.25168 47.5 45
    endloop
  endfacet
  facet normal 0 0 1
    outer loop
      vertex -6.32334 48.5934 45
      vertex -6.28598 47.4521 45
      vertex -6.28598 48.5479 45
    endloop
  endfacet
  facet normal 0 0 1
    outer loop
      vertex -6.32334 48.5934 45
      vertex -6.32334 47.4066 45
      vertex -6.28598 47.4521 45
    endloop
  endfacet
  facet normal 0 0 1
    outer loop
      vertex -6.3636 48.6364 45
      vertex -6.32334 47.4066 45
      vertex -6.32334 48.5934 45
    endloop
  endfacet
  facet normal 0 0 1
    outer loop
      vertex -6.3636 48.6364 45
      vertex -6.3636 47.3636 45
      vertex -6.32334 47.4066 45
    endloop
  endfacet
  facet normal 0 0 1
    outer loop
      vertex -6.40659 48.6767 45
      vertex -6.3636 47.3636 45
      vertex -6.3636 48.6364 45
    endloop
  endfacet
  facet normal 0 0 1
    outer loop
      vertex -6.40659 48.6767 45
      vertex -6.40659 47.3233 45
      vertex -6.3636 47.3636 45
    endloop
  endfacet
  facet normal 0 0 1
    outer loop
      vertex -6.45211 48.714 45
      vertex -6.40659 47.3233 45
      vertex -6.40659 48.6767 45
    endloop
  endfacet
  facet normal 0 0 1
    outer loop
      vertex -6.45211 48.714 45
      vertex -6.45211 47.286 45
      vertex -6.40659 47.3233 45
    endloop
  endfacet
  facet normal 0 0 1
    outer loop
      vertex -6.49999 48.7483 45
      vertex -6.45211 47.286 45
      vertex -6.45211 48.714 45
    endloop
  endfacet
  facet normal 0 0 1
    outer loop
      vertex -6.49999 48.7483 45
      vertex -6.49999 47.2517 45
      vertex -6.45211 47.286 45
    endloop
  endfacet
  facet normal 0 0 1
    outer loop
      vertex -6.55 48.7794 45
      vertex -6.49999 47.2517 45
      vertex -6.49999 48.7483 45
    endloop
  endfacet
  facet normal 0 0 1
    outer loop
      vertex -6.55 48.7794 45
      vertex -6.55 47.2206 45
      vertex -6.49999 47.2517 45
    endloop
  endfacet
  facet normal 0 0 1
    outer loop
      vertex -6.60194 48.8072 45
      vertex -6.55 47.2206 45
      vertex -6.55 48.7794 45
    endloop
  endfacet
  facet normal 0 0 1
    outer loop
      vertex -6.60194 48.8072 45
      vertex -6.60194 47.1928 45
      vertex -6.55 47.2206 45
    endloop
  endfacet
  facet normal 0 0 1
    outer loop
      vertex -6.65558 48.8315 45
      vertex -6.60194 47.1928 45
      vertex -6.60194 48.8072 45
    endloop
  endfacet
  facet normal 0 0 1
    outer loop
      vertex -6.65558 48.8315 45
      vertex -6.65558 47.1685 45
      vertex -6.60194 47.1928 45
    endloop
  endfacet
  facet normal 0 0 1
    outer loop
      vertex -6.7107 48.8522 45
      vertex -6.65558 47.1685 45
      vertex -6.65558 48.8315 45
    endloop
  endfacet
  facet normal 0 0 1
    outer loop
      vertex -6.7107 48.8522 45
      vertex -6.7107 47.1478 45
      vertex -6.65558 47.1685 45
    endloop
  endfacet
  facet normal 0 0 1
    outer loop
      vertex -6.76706 48.8693 45
      vertex -6.7107 47.1478 45
      vertex -6.7107 48.8522 45
    endloop
  endfacet
  facet normal 0 0 1
    outer loop
      vertex -6.76706 48.8693 45
      vertex -6.76706 47.1307 45
      vertex -6.7107 47.1478 45
    endloop
  endfacet
  facet normal 0 0 1
    outer loop
      vertex -6.82442 48.8827 45
      vertex -6.76706 47.1307 45
      vertex -6.76706 48.8693 45
    endloop
  endfacet
  facet normal 0 0 1
    outer loop
      vertex -6.82442 48.8827 45
      vertex -6.82442 47.1173 45
      vertex -6.76706 47.1307 45
    endloop
  endfacet
  facet normal 0 0 1
    outer loop
      vertex -6.88253 48.8923 45
      vertex -6.82442 47.1173 45
      vertex -6.82442 48.8827 45
    endloop
  endfacet
  facet normal 0 0 1
    outer loop
      vertex -6.88253 48.8923 45
      vertex -6.88253 47.1077 45
      vertex -6.82442 47.1173 45
    endloop
  endfacet
  facet normal 0 0 1
    outer loop
      vertex -6.94114 48.8981 45
      vertex -6.88253 47.1077 45
      vertex -6.88253 48.8923 45
    endloop
  endfacet
  facet normal 0 0 1
    outer loop
      vertex -6.94114 48.8981 45
      vertex -6.94114 47.1019 45
      vertex -6.88253 47.1077 45
    endloop
  endfacet
  facet normal 0 0 1
    outer loop
      vertex -7 48.9 45
      vertex -6.94114 47.1019 45
      vertex -6.94114 48.8981 45
    endloop
  endfacet
  facet normal 0 0 1
    outer loop
      vertex -7 48.9 45
      vertex -7 47.1 45
      vertex -6.94114 47.1019 45
    endloop
  endfacet
  facet normal -0 0 1
    outer loop
      vertex -7.05886 48.8981 45
      vertex -7 47.1 45
      vertex -7 48.9 45
    endloop
  endfacet
  facet normal 0 0 1
    outer loop
      vertex -7.05886 48.8981 45
      vertex -7.05886 47.1019 45
      vertex -7 47.1 45
    endloop
  endfacet
  facet normal -0 0 1
    outer loop
      vertex -7.11747 48.8923 45
      vertex -7.05886 47.1019 45
      vertex -7.05886 48.8981 45
    endloop
  endfacet
  facet normal 0 0 1
    outer loop
      vertex -7.11747 48.8923 45
      vertex -7.11747 47.1077 45
      vertex -7.05886 47.1019 45
    endloop
  endfacet
  facet normal -0 0 1
    outer loop
      vertex -7.17558 48.8827 45
      vertex -7.11747 47.1077 45
      vertex -7.11747 48.8923 45
    endloop
  endfacet
  facet normal 0 0 1
    outer loop
      vertex -7.17558 48.8827 45
      vertex -7.17558 47.1173 45
      vertex -7.11747 47.1077 45
    endloop
  endfacet
  facet normal -0 0 1
    outer loop
      vertex -7.23294 48.8693 45
      vertex -7.17558 47.1173 45
      vertex -7.17558 48.8827 45
    endloop
  endfacet
  facet normal 0 0 1
    outer loop
      vertex -7.23294 48.8693 45
      vertex -7.23294 47.1307 45
      vertex -7.17558 47.1173 45
    endloop
  endfacet
  facet normal -0 0 1
    outer loop
      vertex -7.2893 48.8522 45
      vertex -7.23294 47.1307 45
      vertex -7.23294 48.8693 45
    endloop
  endfacet
  facet normal 0 0 1
    outer loop
      vertex -7.2893 48.8522 45
      vertex -7.2893 47.1478 45
      vertex -7.23294 47.1307 45
    endloop
  endfacet
  facet normal -0 0 1
    outer loop
      vertex -7.34441 48.8315 45
      vertex -7.2893 47.1478 45
      vertex -7.2893 48.8522 45
    endloop
  endfacet
  facet normal 0 0 1
    outer loop
      vertex -7.34441 48.8315 45
      vertex -7.34441 47.1685 45
      vertex -7.2893 47.1478 45
    endloop
  endfacet
  facet normal -0 0 1
    outer loop
      vertex -7.39806 48.8072 45
      vertex -7.34441 47.1685 45
      vertex -7.34441 48.8315 45
    endloop
  endfacet
  facet normal 0 0 1
    outer loop
      vertex -7.39806 48.8072 45
      vertex -7.39806 47.1928 45
      vertex -7.34441 47.1685 45
    endloop
  endfacet
  facet normal -0 0 1
    outer loop
      vertex -7.45 48.7794 45
      vertex -7.39806 47.1928 45
      vertex -7.39806 48.8072 45
    endloop
  endfacet
  facet normal 0 0 1
    outer loop
      vertex -7.45 48.7794 45
      vertex -7.45 47.2206 45
      vertex -7.39806 47.1928 45
    endloop
  endfacet
  facet normal -0 0 1
    outer loop
      vertex -7.50001 48.7483 45
      vertex -7.45 47.2206 45
      vertex -7.45 48.7794 45
    endloop
  endfacet
  facet normal 0 0 1
    outer loop
      vertex -7.50001 48.7483 45
      vertex -7.50001 47.2517 45
      vertex -7.45 47.2206 45
    endloop
  endfacet
  facet normal -0 0 1
    outer loop
      vertex -7.54788 48.714 45
      vertex -7.50001 47.2517 45
      vertex -7.50001 48.7483 45
    endloop
  endfacet
  facet normal 0 0 1
    outer loop
      vertex -7.54788 48.714 45
      vertex -7.54788 47.286 45
      vertex -7.50001 47.2517 45
    endloop
  endfacet
  facet normal -0 0 1
    outer loop
      vertex -7.59341 48.6767 45
      vertex -7.54788 47.286 45
      vertex -7.54788 48.714 45
    endloop
  endfacet
  facet normal 0 0 1
    outer loop
      vertex -7.59341 48.6767 45
      vertex -7.59341 47.3233 45
      vertex -7.54788 47.286 45
    endloop
  endfacet
  facet normal -0 0 1
    outer loop
      vertex -7.6364 48.6364 45
      vertex -7.59341 47.3233 45
      vertex -7.59341 48.6767 45
    endloop
  endfacet
  facet normal 0 0 1
    outer loop
      vertex -7.6364 48.6364 45
      vertex -7.6364 47.3636 45
      vertex -7.59341 47.3233 45
    endloop
  endfacet
  facet normal -0 0 1
    outer loop
      vertex -7.67666 48.5934 45
      vertex -7.6364 47.3636 45
      vertex -7.6364 48.6364 45
    endloop
  endfacet
  facet normal 0 0 1
    outer loop
      vertex -7.67666 48.5934 45
      vertex -7.67666 47.4066 45
      vertex -7.6364 47.3636 45
    endloop
  endfacet
  facet normal -0 0 1
    outer loop
      vertex -7.71402 48.5479 45
      vertex -7.67666 47.4066 45
      vertex -7.67666 48.5934 45
    endloop
  endfacet
  facet normal 0 0 1
    outer loop
      vertex -7.71402 48.5479 45
      vertex -7.71402 47.4521 45
      vertex -7.67666 47.4066 45
    endloop
  endfacet
  facet normal -0 0 1
    outer loop
      vertex -7.74832 48.5 45
      vertex -7.71402 47.4521 45
      vertex -7.71402 48.5479 45
    endloop
  endfacet
  facet normal 0 0 1
    outer loop
      vertex -7.74832 48.5 45
      vertex -7.74832 47.5 45
      vertex -7.71402 47.4521 45
    endloop
  endfacet
  facet normal -0 0 1
    outer loop
      vertex -7.77942 48.45 45
      vertex -7.74832 47.5 45
      vertex -7.74832 48.5 45
    endloop
  endfacet
  facet normal 0 0 1
    outer loop
      vertex -7.77942 48.45 45
      vertex -7.77942 47.55 45
      vertex -7.74832 47.5 45
    endloop
  endfacet
  facet normal -0 0 1
    outer loop
      vertex -7.80719 48.3981 45
      vertex -7.77942 47.55 45
      vertex -7.77942 48.45 45
    endloop
  endfacet
  facet normal 0 0 1
    outer loop
      vertex -7.80719 48.3981 45
      vertex -7.80719 47.6019 45
      vertex -7.77942 47.55 45
    endloop
  endfacet
  facet normal -0 0 1
    outer loop
      vertex -7.83149 48.3444 45
      vertex -7.80719 47.6019 45
      vertex -7.80719 48.3981 45
    endloop
  endfacet
  facet normal 0 0 1
    outer loop
      vertex -7.83149 48.3444 45
      vertex -7.83149 47.6556 45
      vertex -7.80719 47.6019 45
    endloop
  endfacet
  facet normal -0 0 1
    outer loop
      vertex -7.85224 48.2893 45
      vertex -7.83149 47.6556 45
      vertex -7.83149 48.3444 45
    endloop
  endfacet
  facet normal 0 0 1
    outer loop
      vertex -7.85224 48.2893 45
      vertex -7.85224 47.7107 45
      vertex -7.83149 47.6556 45
    endloop
  endfacet
  facet normal -0 0 1
    outer loop
      vertex -7.86933 48.2329 45
      vertex -7.85224 47.7107 45
      vertex -7.85224 48.2893 45
    endloop
  endfacet
  facet normal 0 0 1
    outer loop
      vertex -7.86933 48.2329 45
      vertex -7.86933 47.7671 45
      vertex -7.85224 47.7107 45
    endloop
  endfacet
  facet normal -0 0 1
    outer loop
      vertex -7.88271 48.1756 45
      vertex -7.86933 47.7671 45
      vertex -7.86933 48.2329 45
    endloop
  endfacet
  facet normal 0 0 1
    outer loop
      vertex -7.88271 48.1756 45
      vertex -7.88271 47.8244 45
      vertex -7.86933 47.7671 45
    endloop
  endfacet
  facet normal -0 0 1
    outer loop
      vertex -7.8923 48.1175 45
      vertex -7.88271 47.8244 45
      vertex -7.88271 48.1756 45
    endloop
  endfacet
  facet normal 0 0 1
    outer loop
      vertex -7.8923 48.1175 45
      vertex -7.8923 47.8825 45
      vertex -7.88271 47.8244 45
    endloop
  endfacet
  facet normal -0 0 1
    outer loop
      vertex -7.89807 48.0589 45
      vertex -7.8923 47.8825 45
      vertex -7.8923 48.1175 45
    endloop
  endfacet
  facet normal 0 0 1
    outer loop
      vertex -7.89807 48.0589 45
      vertex -7.89807 47.9411 45
      vertex -7.8923 47.8825 45
    endloop
  endfacet
  facet normal 0 -0 1
    outer loop
      vertex -7.89807 47.9411 45
      vertex -7.89807 48.0589 45
      vertex -7.9 48 45
    endloop
  endfacet
  facet normal 0.93584 -0.352426 0
    outer loop
      vertex -7.85224 48.2893 55
      vertex -7.83149 48.3444 45
      vertex -7.83149 48.3444 55
    endloop
  endfacet
  facet normal 0.93584 -0.352426 0
    outer loop
      vertex -7.83149 48.3444 45
      vertex -7.85224 48.2893 55
      vertex -7.85224 48.2893 45
    endloop
  endfacet
  facet normal 0.582442 -0.812872 0
    outer loop
      vertex -7.54788 48.714 45
      vertex -7.50001 48.7483 55
      vertex -7.54788 48.714 55
    endloop
  endfacet
  facet normal 0.582442 -0.812872 0
    outer loop
      vertex -7.50001 48.7483 55
      vertex -7.54788 48.714 45
      vertex -7.50001 48.7483 45
    endloop
  endfacet
  facet normal 0.471892 -0.881657 0
    outer loop
      vertex -7.45 48.7794 45
      vertex -7.39806 48.8072 55
      vertex -7.45 48.7794 55
    endloop
  endfacet
  facet normal 0.471892 -0.881657 0
    outer loop
      vertex -7.39806 48.8072 55
      vertex -7.45 48.7794 45
      vertex -7.39806 48.8072 45
    endloop
  endfacet
  facet normal 0.162995 -0.986627 0
    outer loop
      vertex -7.17558 48.8827 45
      vertex -7.11747 48.8923 55
      vertex -7.17558 48.8827 55
    endloop
  endfacet
  facet normal 0.162995 -0.986627 0
    outer loop
      vertex -7.11747 48.8923 55
      vertex -7.17558 48.8827 45
      vertex -7.11747 48.8923 45
    endloop
  endfacet
  facet normal -0.93584 0.352426 0
    outer loop
      vertex -6.16851 47.6556 45
      vertex -6.14776 47.7107 55
      vertex -6.14776 47.7107 45
    endloop
  endfacet
  facet normal -0.93584 0.352426 0
    outer loop
      vertex -6.14776 47.7107 55
      vertex -6.16851 47.6556 45
      vertex -6.16851 47.6556 55
    endloop
  endfacet
  facet normal 0.351626 0.936141 -0
    outer loop
      vertex -7.2893 47.1478 45
      vertex -7.34441 47.1685 55
      vertex -7.2893 47.1478 55
    endloop
  endfacet
  facet normal 0.351626 0.936141 0
    outer loop
      vertex -7.34441 47.1685 55
      vertex -7.2893 47.1478 45
      vertex -7.34441 47.1685 45
    endloop
  endfacet
  facet normal 0.772851 0.634587 0
    outer loop
      vertex -7.67666 47.4066 55
      vertex -7.71402 47.4521 45
      vertex -7.71402 47.4521 55
    endloop
  endfacet
  facet normal 0.772851 0.634587 0
    outer loop
      vertex -7.71402 47.4521 45
      vertex -7.67666 47.4066 55
      vertex -7.67666 47.4066 45
    endloop
  endfacet
  facet normal -0.35157 0.936162 0
    outer loop
      vertex -6.65558 47.1685 45
      vertex -6.7107 47.1478 55
      vertex -6.65558 47.1685 55
    endloop
  endfacet
  facet normal -0.35157 0.936162 0
    outer loop
      vertex -6.7107 47.1478 55
      vertex -6.65558 47.1685 45
      vertex -6.7107 47.1478 45
    endloop
  endfacet
  facet normal -0.98665 -0.162857 0
    outer loop
      vertex -6.1077 48.1175 45
      vertex -6.11729 48.1756 55
      vertex -6.11729 48.1756 45
    endloop
  endfacet
  facet normal -0.98665 -0.162857 0
    outer loop
      vertex -6.11729 48.1756 55
      vertex -6.1077 48.1175 45
      vertex -6.1077 48.1175 55
    endloop
  endfacet
  facet normal -0.995187 -0.0979903 0
    outer loop
      vertex -6.10193 48.0589 45
      vertex -6.1077 48.1175 55
      vertex -6.1077 48.1175 45
    endloop
  endfacet
  facet normal -0.995187 -0.0979903 0
    outer loop
      vertex -6.1077 48.1175 55
      vertex -6.10193 48.0589 45
      vertex -6.10193 48.0589 55
    endloop
  endfacet
  facet normal -0.957029 -0.289993 0
    outer loop
      vertex -6.13067 48.2329 45
      vertex -6.14776 48.2893 55
      vertex -6.14776 48.2893 45
    endloop
  endfacet
  facet normal -0.957029 -0.289993 0
    outer loop
      vertex -6.14776 48.2893 55
      vertex -6.13067 48.2329 45
      vertex -6.13067 48.2329 55
    endloop
  endfacet
  facet normal -0.93584 -0.352426 0
    outer loop
      vertex -6.14776 48.2893 45
      vertex -6.16851 48.3444 55
      vertex -6.16851 48.3444 45
    endloop
  endfacet
  facet normal -0.93584 -0.352426 0
    outer loop
      vertex -6.16851 48.3444 55
      vertex -6.14776 48.2893 45
      vertex -6.14776 48.2893 55
    endloop
  endfacet
  facet normal -0.729982 -0.683467 0
    outer loop
      vertex -6.32334 48.5934 45
      vertex -6.3636 48.6364 55
      vertex -6.3636 48.6364 45
    endloop
  endfacet
  facet normal -0.729982 -0.683467 0
    outer loop
      vertex -6.3636 48.6364 55
      vertex -6.32334 48.5934 45
      vertex -6.32334 48.5934 55
    endloop
  endfacet
  facet normal -0.813045 -0.582201 0
    outer loop
      vertex -6.25168 48.5 45
      vertex -6.28598 48.5479 55
      vertex -6.28598 48.5479 45
    endloop
  endfacet
  facet normal -0.813045 -0.582201 0
    outer loop
      vertex -6.28598 48.5479 55
      vertex -6.25168 48.5 45
      vertex -6.25168 48.5 55
    endloop
  endfacet
  facet normal -0.881717 -0.471778 0
    outer loop
      vertex -6.19281 48.3981 45
      vertex -6.22058 48.45 55
      vertex -6.22058 48.45 45
    endloop
  endfacet
  facet normal -0.881717 -0.471778 0
    outer loop
      vertex -6.22058 48.45 55
      vertex -6.19281 48.3981 45
      vertex -6.19281 48.3981 55
    endloop
  endfacet
  facet normal -0.227487 -0.973781 0
    outer loop
      vertex -6.82442 48.8827 45
      vertex -6.76706 48.8693 55
      vertex -6.82442 48.8827 55
    endloop
  endfacet
  facet normal -0.227487 -0.973781 -0
    outer loop
      vertex -6.76706 48.8693 55
      vertex -6.82442 48.8827 45
      vertex -6.76706 48.8693 45
    endloop
  endfacet
  facet normal -0.0984782 -0.995139 0
    outer loop
      vertex -6.94114 48.8981 45
      vertex -6.88253 48.8923 55
      vertex -6.94114 48.8981 55
    endloop
  endfacet
  facet normal -0.0984782 -0.995139 -0
    outer loop
      vertex -6.88253 48.8923 55
      vertex -6.94114 48.8981 45
      vertex -6.88253 48.8923 45
    endloop
  endfacet
  facet normal -0.0322632 -0.999479 0
    outer loop
      vertex -7 48.9 45
      vertex -6.94114 48.8981 55
      vertex -7 48.9 55
    endloop
  endfacet
  facet normal -0.0322632 -0.999479 -0
    outer loop
      vertex -6.94114 48.8981 55
      vertex -7 48.9 45
      vertex -6.94114 48.8981 45
    endloop
  endfacet
  facet normal -0.471892 -0.881657 0
    outer loop
      vertex -6.60194 48.8072 45
      vertex -6.55 48.7794 55
      vertex -6.60194 48.8072 55
    endloop
  endfacet
  facet normal -0.471892 -0.881657 -0
    outer loop
      vertex -6.55 48.7794 55
      vertex -6.60194 48.8072 45
      vertex -6.55 48.7794 45
    endloop
  endfacet
  facet normal -0.412651 -0.910889 0
    outer loop
      vertex -6.65558 48.8315 45
      vertex -6.60194 48.8072 55
      vertex -6.65558 48.8315 55
    endloop
  endfacet
  facet normal -0.412651 -0.910889 -0
    outer loop
      vertex -6.60194 48.8072 55
      vertex -6.65558 48.8315 45
      vertex -6.60194 48.8072 45
    endloop
  endfacet
  facet normal -0.52809 -0.849189 0
    outer loop
      vertex -6.55 48.7794 45
      vertex -6.49999 48.7483 55
      vertex -6.55 48.7794 55
    endloop
  endfacet
  facet normal -0.52809 -0.849189 -0
    outer loop
      vertex -6.49999 48.7483 55
      vertex -6.55 48.7794 45
      vertex -6.49999 48.7483 45
    endloop
  endfacet
  facet normal 0.911062 -0.412268 0
    outer loop
      vertex -7.83149 48.3444 55
      vertex -7.80719 48.3981 45
      vertex -7.80719 48.3981 55
    endloop
  endfacet
  facet normal 0.911062 -0.412268 0
    outer loop
      vertex -7.80719 48.3981 45
      vertex -7.83149 48.3444 55
      vertex -7.83149 48.3444 45
    endloop
  endfacet
  facet normal 0.957029 -0.289993 0
    outer loop
      vertex -7.86933 48.2329 55
      vertex -7.85224 48.2893 45
      vertex -7.85224 48.2893 55
    endloop
  endfacet
  facet normal 0.957029 -0.289993 0
    outer loop
      vertex -7.85224 48.2893 45
      vertex -7.86933 48.2329 55
      vertex -7.86933 48.2329 45
    endloop
  endfacet
  facet normal 0.973804 -0.227391 0
    outer loop
      vertex -7.88271 48.1756 55
      vertex -7.86933 48.2329 45
      vertex -7.86933 48.2329 55
    endloop
  endfacet
  facet normal 0.973804 -0.227391 0
    outer loop
      vertex -7.86933 48.2329 45
      vertex -7.88271 48.1756 55
      vertex -7.88271 48.1756 45
    endloop
  endfacet
  facet normal 0.995187 -0.0979903 0
    outer loop
      vertex -7.89807 48.0589 55
      vertex -7.8923 48.1175 45
      vertex -7.8923 48.1175 55
    endloop
  endfacet
  facet normal 0.995187 -0.0979903 0
    outer loop
      vertex -7.8923 48.1175 45
      vertex -7.89807 48.0589 55
      vertex -7.89807 48.0589 45
    endloop
  endfacet
  facet normal 0.999464 -0.0327498 0
    outer loop
      vertex -7.9 48 55
      vertex -7.89807 48.0589 45
      vertex -7.89807 48.0589 55
    endloop
  endfacet
  facet normal 0.999464 -0.0327498 0
    outer loop
      vertex -7.89807 48.0589 45
      vertex -7.9 48 55
      vertex -7.9 48 45
    endloop
  endfacet
  facet normal 0.999464 0.0327498 0
    outer loop
      vertex -7.89807 47.9411 55
      vertex -7.9 48 45
      vertex -7.9 48 55
    endloop
  endfacet
  facet normal 0.999464 0.0327498 0
    outer loop
      vertex -7.9 48 45
      vertex -7.89807 47.9411 55
      vertex -7.89807 47.9411 45
    endloop
  endfacet
  facet normal 0.633728 -0.773556 0
    outer loop
      vertex -7.59341 48.6767 45
      vertex -7.54788 48.714 55
      vertex -7.59341 48.6767 55
    endloop
  endfacet
  facet normal 0.633728 -0.773556 0
    outer loop
      vertex -7.54788 48.714 55
      vertex -7.59341 48.6767 45
      vertex -7.54788 48.714 45
    endloop
  endfacet
  facet normal 0.52809 -0.849189 0
    outer loop
      vertex -7.50001 48.7483 45
      vertex -7.45 48.7794 55
      vertex -7.50001 48.7483 55
    endloop
  endfacet
  facet normal 0.52809 -0.849189 0
    outer loop
      vertex -7.45 48.7794 55
      vertex -7.50001 48.7483 45
      vertex -7.45 48.7794 45
    endloop
  endfacet
  facet normal 0.290337 -0.956924 0
    outer loop
      vertex -7.2893 48.8522 45
      vertex -7.23294 48.8693 55
      vertex -7.2893 48.8522 55
    endloop
  endfacet
  facet normal 0.290337 -0.956924 0
    outer loop
      vertex -7.23294 48.8693 55
      vertex -7.2893 48.8522 45
      vertex -7.23294 48.8693 45
    endloop
  endfacet
  facet normal 0.351626 -0.936141 0
    outer loop
      vertex -7.34441 48.8315 45
      vertex -7.2893 48.8522 55
      vertex -7.34441 48.8315 55
    endloop
  endfacet
  facet normal 0.351626 -0.936141 0
    outer loop
      vertex -7.2893 48.8522 55
      vertex -7.34441 48.8315 45
      vertex -7.2893 48.8522 45
    endloop
  endfacet
  facet normal 0.0984782 -0.995139 0
    outer loop
      vertex -7.11747 48.8923 45
      vertex -7.05886 48.8981 55
      vertex -7.11747 48.8923 55
    endloop
  endfacet
  facet normal 0.0984782 -0.995139 0
    outer loop
      vertex -7.05886 48.8981 55
      vertex -7.11747 48.8923 45
      vertex -7.05886 48.8981 45
    endloop
  endfacet
  facet normal -0.999464 0.0327498 0
    outer loop
      vertex -6.10193 47.9411 45
      vertex -6.1 48 55
      vertex -6.1 48 45
    endloop
  endfacet
  facet normal -0.999464 0.0327498 0
    outer loop
      vertex -6.1 48 55
      vertex -6.10193 47.9411 45
      vertex -6.10193 47.9411 55
    endloop
  endfacet
  facet normal -0.98665 0.162857 0
    outer loop
      vertex -6.11729 47.8244 45
      vertex -6.1077 47.8825 55
      vertex -6.1077 47.8825 45
    endloop
  endfacet
  facet normal -0.98665 0.162857 0
    outer loop
      vertex -6.1077 47.8825 55
      vertex -6.11729 47.8244 45
      vertex -6.11729 47.8244 55
    endloop
  endfacet
  facet normal -0.772851 0.634587 0
    outer loop
      vertex -6.32334 47.4066 45
      vertex -6.28598 47.4521 55
      vertex -6.28598 47.4521 45
    endloop
  endfacet
  facet normal -0.772851 0.634587 0
    outer loop
      vertex -6.28598 47.4521 55
      vertex -6.32334 47.4066 45
      vertex -6.32334 47.4066 55
    endloop
  endfacet
  facet normal 0.729982 0.683467 0
    outer loop
      vertex -7.6364 47.3636 55
      vertex -7.67666 47.4066 45
      vertex -7.67666 47.4066 55
    endloop
  endfacet
  facet normal 0.729982 0.683467 0
    outer loop
      vertex -7.67666 47.4066 45
      vertex -7.6364 47.3636 55
      vertex -7.6364 47.3636 45
    endloop
  endfacet
  facet normal 0.881717 0.471778 0
    outer loop
      vertex -7.77942 47.55 55
      vertex -7.80719 47.6019 45
      vertex -7.80719 47.6019 55
    endloop
  endfacet
  facet normal 0.881717 0.471778 0
    outer loop
      vertex -7.80719 47.6019 45
      vertex -7.77942 47.55 55
      vertex -7.77942 47.55 45
    endloop
  endfacet
  facet normal 0.957029 0.289993 0
    outer loop
      vertex -7.85224 47.7107 55
      vertex -7.86933 47.7671 45
      vertex -7.86933 47.7671 55
    endloop
  endfacet
  facet normal 0.957029 0.289993 0
    outer loop
      vertex -7.86933 47.7671 45
      vertex -7.85224 47.7107 55
      vertex -7.85224 47.7107 45
    endloop
  endfacet
  facet normal 0.911062 0.412268 0
    outer loop
      vertex -7.80719 47.6019 55
      vertex -7.83149 47.6556 45
      vertex -7.83149 47.6556 55
    endloop
  endfacet
  facet normal 0.911062 0.412268 0
    outer loop
      vertex -7.83149 47.6556 45
      vertex -7.80719 47.6019 55
      vertex -7.80719 47.6019 45
    endloop
  endfacet
  facet normal -0.0984782 0.995139 0
    outer loop
      vertex -6.88253 47.1077 45
      vertex -6.94114 47.1019 55
      vertex -6.88253 47.1077 55
    endloop
  endfacet
  facet normal -0.0984782 0.995139 0
    outer loop
      vertex -6.94114 47.1019 55
      vertex -6.88253 47.1077 45
      vertex -6.94114 47.1019 45
    endloop
  endfacet
  facet normal -0.412651 0.910889 0
    outer loop
      vertex -6.60194 47.1928 45
      vertex -6.65558 47.1685 55
      vertex -6.60194 47.1928 55
    endloop
  endfacet
  facet normal -0.412651 0.910889 0
    outer loop
      vertex -6.65558 47.1685 55
      vertex -6.60194 47.1928 45
      vertex -6.65558 47.1685 45
    endloop
  endfacet
  facet normal -0.290337 -0.956924 0
    outer loop
      vertex -6.76706 48.8693 45
      vertex -6.7107 48.8522 55
      vertex -6.76706 48.8693 55
    endloop
  endfacet
  facet normal -0.290337 -0.956924 -0
    outer loop
      vertex -6.7107 48.8522 55
      vertex -6.76706 48.8693 45
      vertex -6.7107 48.8522 45
    endloop
  endfacet
  facet normal 0.849141 -0.528166 0
    outer loop
      vertex -7.77942 48.45 55
      vertex -7.74832 48.5 45
      vertex -7.74832 48.5 55
    endloop
  endfacet
  facet normal 0.849141 -0.528166 0
    outer loop
      vertex -7.74832 48.5 45
      vertex -7.77942 48.45 55
      vertex -7.77942 48.45 45
    endloop
  endfacet
  facet normal 0.813045 -0.582201 0
    outer loop
      vertex -7.74832 48.5 55
      vertex -7.71402 48.5479 45
      vertex -7.71402 48.5479 55
    endloop
  endfacet
  facet normal 0.813045 -0.582201 0
    outer loop
      vertex -7.71402 48.5479 45
      vertex -7.74832 48.5 55
      vertex -7.74832 48.5 45
    endloop
  endfacet
  facet normal 0.772851 -0.634587 0
    outer loop
      vertex -7.71402 48.5479 55
      vertex -7.67666 48.5934 45
      vertex -7.67666 48.5934 55
    endloop
  endfacet
  facet normal 0.772851 -0.634587 0
    outer loop
      vertex -7.67666 48.5934 45
      vertex -7.71402 48.5479 55
      vertex -7.71402 48.5479 45
    endloop
  endfacet
  facet normal -0.881717 0.471778 0
    outer loop
      vertex -6.22058 47.55 45
      vertex -6.19281 47.6019 55
      vertex -6.19281 47.6019 45
    endloop
  endfacet
  facet normal -0.881717 0.471778 0
    outer loop
      vertex -6.19281 47.6019 55
      vertex -6.22058 47.55 45
      vertex -6.22058 47.55 55
    endloop
  endfacet
  facet normal -0.957029 0.289993 0
    outer loop
      vertex -6.14776 47.7107 45
      vertex -6.13067 47.7671 55
      vertex -6.13067 47.7671 45
    endloop
  endfacet
  facet normal -0.957029 0.289993 0
    outer loop
      vertex -6.13067 47.7671 55
      vertex -6.14776 47.7107 45
      vertex -6.14776 47.7107 55
    endloop
  endfacet
  facet normal -0.973804 0.227391 0
    outer loop
      vertex -6.13067 47.7671 45
      vertex -6.11729 47.8244 55
      vertex -6.11729 47.8244 45
    endloop
  endfacet
  facet normal -0.973804 0.227391 0
    outer loop
      vertex -6.11729 47.8244 55
      vertex -6.13067 47.7671 45
      vertex -6.13067 47.7671 55
    endloop
  endfacet
  facet normal -0.813045 0.582201 0
    outer loop
      vertex -6.28598 47.4521 45
      vertex -6.25168 47.5 55
      vertex -6.25168 47.5 45
    endloop
  endfacet
  facet normal -0.813045 0.582201 0
    outer loop
      vertex -6.25168 47.5 55
      vertex -6.28598 47.4521 45
      vertex -6.28598 47.4521 55
    endloop
  endfacet
  facet normal -0.849141 0.528166 0
    outer loop
      vertex -6.25168 47.5 45
      vertex -6.22058 47.55 55
      vertex -6.22058 47.55 45
    endloop
  endfacet
  facet normal -0.849141 0.528166 0
    outer loop
      vertex -6.22058 47.55 55
      vertex -6.25168 47.5 45
      vertex -6.25168 47.5 55
    endloop
  endfacet
  facet normal -0.471892 0.881657 0
    outer loop
      vertex -6.55 47.2206 45
      vertex -6.60194 47.1928 55
      vertex -6.55 47.2206 55
    endloop
  endfacet
  facet normal -0.471892 0.881657 0
    outer loop
      vertex -6.60194 47.1928 55
      vertex -6.55 47.2206 45
      vertex -6.60194 47.1928 45
    endloop
  endfacet
  facet normal -0.683913 0.729564 0
    outer loop
      vertex -6.3636 47.3636 45
      vertex -6.40659 47.3233 55
      vertex -6.3636 47.3636 55
    endloop
  endfacet
  facet normal -0.683913 0.729564 0
    outer loop
      vertex -6.40659 47.3233 55
      vertex -6.3636 47.3636 45
      vertex -6.40659 47.3233 45
    endloop
  endfacet
  facet normal -0.633811 0.773488 0
    outer loop
      vertex -6.40659 47.3233 45
      vertex -6.45211 47.286 55
      vertex -6.40659 47.3233 55
    endloop
  endfacet
  facet normal -0.633811 0.773488 0
    outer loop
      vertex -6.45211 47.286 55
      vertex -6.40659 47.3233 45
      vertex -6.45211 47.286 45
    endloop
  endfacet
  facet normal -0.582362 0.81293 0
    outer loop
      vertex -6.45211 47.286 45
      vertex -6.49999 47.2517 55
      vertex -6.45211 47.286 55
    endloop
  endfacet
  facet normal -0.582362 0.81293 0
    outer loop
      vertex -6.49999 47.2517 55
      vertex -6.45211 47.286 45
      vertex -6.49999 47.2517 45
    endloop
  endfacet
  facet normal 0.0984782 0.995139 -0
    outer loop
      vertex -7.05886 47.1019 45
      vertex -7.11747 47.1077 55
      vertex -7.05886 47.1019 55
    endloop
  endfacet
  facet normal 0.0984782 0.995139 0
    outer loop
      vertex -7.11747 47.1077 55
      vertex -7.05886 47.1019 45
      vertex -7.11747 47.1077 45
    endloop
  endfacet
  facet normal 0.849141 0.528166 0
    outer loop
      vertex -7.74832 47.5 55
      vertex -7.77942 47.55 45
      vertex -7.77942 47.55 55
    endloop
  endfacet
  facet normal 0.849141 0.528166 0
    outer loop
      vertex -7.77942 47.55 45
      vertex -7.74832 47.5 55
      vertex -7.74832 47.5 45
    endloop
  endfacet
  facet normal 0.813045 0.582201 0
    outer loop
      vertex -7.71402 47.4521 55
      vertex -7.74832 47.5 45
      vertex -7.74832 47.5 55
    endloop
  endfacet
  facet normal 0.813045 0.582201 0
    outer loop
      vertex -7.74832 47.5 45
      vertex -7.71402 47.4521 55
      vertex -7.71402 47.4521 45
    endloop
  endfacet
  facet normal 0.973804 0.227391 0
    outer loop
      vertex -7.86933 47.7671 55
      vertex -7.88271 47.8244 45
      vertex -7.88271 47.8244 55
    endloop
  endfacet
  facet normal 0.973804 0.227391 0
    outer loop
      vertex -7.88271 47.8244 45
      vertex -7.86933 47.7671 55
      vertex -7.86933 47.7671 45
    endloop
  endfacet
  facet normal -0.227487 0.973781 0
    outer loop
      vertex -6.76706 47.1307 45
      vertex -6.82442 47.1173 55
      vertex -6.76706 47.1307 55
    endloop
  endfacet
  facet normal -0.227487 0.973781 0
    outer loop
      vertex -6.82442 47.1173 55
      vertex -6.76706 47.1307 45
      vertex -6.82442 47.1173 45
    endloop
  endfacet
  facet normal -0.290337 0.956924 0
    outer loop
      vertex -6.7107 47.1478 45
      vertex -6.76706 47.1307 55
      vertex -6.7107 47.1478 55
    endloop
  endfacet
  facet normal -0.290337 0.956924 0
    outer loop
      vertex -6.76706 47.1307 55
      vertex -6.7107 47.1478 45
      vertex -6.76706 47.1307 45
    endloop
  endfacet
  facet normal -0.162995 0.986627 0
    outer loop
      vertex -6.82442 47.1173 45
      vertex -6.88253 47.1077 55
      vertex -6.82442 47.1173 55
    endloop
  endfacet
  facet normal -0.162995 0.986627 0
    outer loop
      vertex -6.88253 47.1077 55
      vertex -6.82442 47.1173 45
      vertex -6.88253 47.1077 45
    endloop
  endfacet
  facet normal -0.995187 0.0979903 0
    outer loop
      vertex -6.1077 47.8825 45
      vertex -6.10193 47.9411 55
      vertex -6.10193 47.9411 45
    endloop
  endfacet
  facet normal -0.995187 0.0979903 0
    outer loop
      vertex -6.10193 47.9411 55
      vertex -6.1077 47.8825 45
      vertex -6.1077 47.8825 55
    endloop
  endfacet
  facet normal -0.911062 0.412268 0
    outer loop
      vertex -6.19281 47.6019 45
      vertex -6.16851 47.6556 55
      vertex -6.16851 47.6556 45
    endloop
  endfacet
  facet normal -0.911062 0.412268 0
    outer loop
      vertex -6.16851 47.6556 55
      vertex -6.19281 47.6019 45
      vertex -6.19281 47.6019 55
    endloop
  endfacet
  facet normal -0.729982 0.683467 0
    outer loop
      vertex -6.3636 47.3636 45
      vertex -6.32334 47.4066 55
      vertex -6.32334 47.4066 45
    endloop
  endfacet
  facet normal -0.729982 0.683467 0
    outer loop
      vertex -6.32334 47.4066 55
      vertex -6.3636 47.3636 45
      vertex -6.3636 47.3636 55
    endloop
  endfacet
  facet normal -0.52809 0.849189 0
    outer loop
      vertex -6.49999 47.2517 45
      vertex -6.55 47.2206 55
      vertex -6.49999 47.2517 55
    endloop
  endfacet
  facet normal -0.52809 0.849189 0
    outer loop
      vertex -6.55 47.2206 55
      vertex -6.49999 47.2517 45
      vertex -6.55 47.2206 45
    endloop
  endfacet
  facet normal 0.0322632 0.999479 -0
    outer loop
      vertex -7 47.1 45
      vertex -7.05886 47.1019 55
      vertex -7 47.1 55
    endloop
  endfacet
  facet normal 0.0322632 0.999479 0
    outer loop
      vertex -7.05886 47.1019 55
      vertex -7 47.1 45
      vertex -7.05886 47.1019 45
    endloop
  endfacet
  facet normal 0.633728 0.773556 -0
    outer loop
      vertex -7.54788 47.286 45
      vertex -7.59341 47.3233 55
      vertex -7.54788 47.286 55
    endloop
  endfacet
  facet normal 0.633728 0.773556 0
    outer loop
      vertex -7.59341 47.3233 55
      vertex -7.54788 47.286 45
      vertex -7.59341 47.3233 45
    endloop
  endfacet
  facet normal 0.162995 0.986627 -0
    outer loop
      vertex -7.11747 47.1077 45
      vertex -7.17558 47.1173 55
      vertex -7.11747 47.1077 55
    endloop
  endfacet
  facet normal 0.162995 0.986627 0
    outer loop
      vertex -7.17558 47.1173 55
      vertex -7.11747 47.1077 45
      vertex -7.17558 47.1173 45
    endloop
  endfacet
  facet normal 0.683913 0.729564 -0
    outer loop
      vertex -7.59341 47.3233 45
      vertex -7.6364 47.3636 55
      vertex -7.59341 47.3233 55
    endloop
  endfacet
  facet normal 0.683913 0.729564 0
    outer loop
      vertex -7.6364 47.3636 55
      vertex -7.59341 47.3233 45
      vertex -7.6364 47.3636 45
    endloop
  endfacet
  facet normal 0.93584 0.352426 0
    outer loop
      vertex -7.83149 47.6556 55
      vertex -7.85224 47.7107 45
      vertex -7.85224 47.7107 55
    endloop
  endfacet
  facet normal 0.93584 0.352426 0
    outer loop
      vertex -7.85224 47.7107 45
      vertex -7.83149 47.6556 55
      vertex -7.83149 47.6556 45
    endloop
  endfacet
  facet normal 0.98665 0.162857 0
    outer loop
      vertex -7.88271 47.8244 55
      vertex -7.8923 47.8825 45
      vertex -7.8923 47.8825 55
    endloop
  endfacet
  facet normal 0.98665 0.162857 0
    outer loop
      vertex -7.8923 47.8825 45
      vertex -7.88271 47.8244 55
      vertex -7.88271 47.8244 45
    endloop
  endfacet
  facet normal 0.995187 0.0979903 0
    outer loop
      vertex -7.8923 47.8825 55
      vertex -7.89807 47.9411 45
      vertex -7.89807 47.9411 55
    endloop
  endfacet
  facet normal 0.995187 0.0979903 0
    outer loop
      vertex -7.89807 47.9411 45
      vertex -7.8923 47.8825 55
      vertex -7.8923 47.8825 45
    endloop
  endfacet
  facet normal 0.412587 0.910918 -0
    outer loop
      vertex -7.34441 47.1685 45
      vertex -7.39806 47.1928 55
      vertex -7.34441 47.1685 55
    endloop
  endfacet
  facet normal 0.412587 0.910918 0
    outer loop
      vertex -7.39806 47.1928 55
      vertex -7.34441 47.1685 45
      vertex -7.39806 47.1928 45
    endloop
  endfacet
  facet normal 0.471892 0.881657 -0
    outer loop
      vertex -7.39806 47.1928 45
      vertex -7.45 47.2206 55
      vertex -7.39806 47.1928 55
    endloop
  endfacet
  facet normal 0.471892 0.881657 0
    outer loop
      vertex -7.45 47.2206 55
      vertex -7.39806 47.1928 45
      vertex -7.45 47.2206 45
    endloop
  endfacet
  facet normal 0.52809 0.849189 -0
    outer loop
      vertex -7.45 47.2206 45
      vertex -7.50001 47.2517 55
      vertex -7.45 47.2206 55
    endloop
  endfacet
  facet normal 0.52809 0.849189 0
    outer loop
      vertex -7.50001 47.2517 55
      vertex -7.45 47.2206 45
      vertex -7.50001 47.2517 45
    endloop
  endfacet
  facet normal 0.582442 0.812872 -0
    outer loop
      vertex -7.50001 47.2517 45
      vertex -7.54788 47.286 55
      vertex -7.50001 47.2517 55
    endloop
  endfacet
  facet normal 0.582442 0.812872 0
    outer loop
      vertex -7.54788 47.286 55
      vertex -7.50001 47.2517 45
      vertex -7.54788 47.286 45
    endloop
  endfacet
  facet normal 0.227487 0.973781 -0
    outer loop
      vertex -7.17558 47.1173 45
      vertex -7.23294 47.1307 55
      vertex -7.17558 47.1173 55
    endloop
  endfacet
  facet normal 0.227487 0.973781 0
    outer loop
      vertex -7.23294 47.1307 55
      vertex -7.17558 47.1173 45
      vertex -7.23294 47.1307 45
    endloop
  endfacet
  facet normal 0.290337 0.956924 -0
    outer loop
      vertex -7.23294 47.1307 45
      vertex -7.2893 47.1478 55
      vertex -7.23294 47.1307 55
    endloop
  endfacet
  facet normal 0.290337 0.956924 0
    outer loop
      vertex -7.2893 47.1478 55
      vertex -7.23294 47.1307 45
      vertex -7.2893 47.1478 45
    endloop
  endfacet
  facet normal -0.999464 -0.0327498 0
    outer loop
      vertex 7.9 48 45
      vertex 7.89807 48.0589 55
      vertex 7.89807 48.0589 45
    endloop
  endfacet
  facet normal -0.999464 -0.0327498 0
    outer loop
      vertex 7.89807 48.0589 55
      vertex 7.9 48 45
      vertex 7.9 48 55
    endloop
  endfacet
  facet normal 0.0322632 -0.999479 0
    outer loop
      vertex 6.94114 48.8981 45
      vertex 7 48.9 55
      vertex 6.94114 48.8981 55
    endloop
  endfacet
  facet normal 0.0322632 -0.999479 0
    outer loop
      vertex 7 48.9 55
      vertex 6.94114 48.8981 45
      vertex 7 48.9 45
    endloop
  endfacet
  facet normal -0.0322632 0.999479 0
    outer loop
      vertex 7.05886 47.1019 45
      vertex 7 47.1 55
      vertex 7.05886 47.1019 55
    endloop
  endfacet
  facet normal -0.0322632 0.999479 0
    outer loop
      vertex 7 47.1 55
      vertex 7.05886 47.1019 45
      vertex 7 47.1 45
    endloop
  endfacet
  facet normal -0.683913 -0.729564 0
    outer loop
      vertex 7.59341 48.6767 45
      vertex 7.6364 48.6364 55
      vertex 7.59341 48.6767 55
    endloop
  endfacet
  facet normal -0.683913 -0.729564 -0
    outer loop
      vertex 7.6364 48.6364 55
      vertex 7.59341 48.6767 45
      vertex 7.6364 48.6364 45
    endloop
  endfacet
  facet normal 0.729982 -0.683467 0
    outer loop
      vertex 6.32334 48.5934 55
      vertex 6.3636 48.6364 45
      vertex 6.3636 48.6364 55
    endloop
  endfacet
  facet normal 0.729982 -0.683467 0
    outer loop
      vertex 6.3636 48.6364 45
      vertex 6.32334 48.5934 55
      vertex 6.32334 48.5934 45
    endloop
  endfacet
  facet normal 0.412651 -0.910889 0
    outer loop
      vertex 6.60194 48.8072 45
      vertex 6.65558 48.8315 55
      vertex 6.60194 48.8072 55
    endloop
  endfacet
  facet normal 0.412651 -0.910889 0
    outer loop
      vertex 6.65558 48.8315 55
      vertex 6.60194 48.8072 45
      vertex 6.65558 48.8315 45
    endloop
  endfacet
  facet normal -0.911062 -0.412268 0
    outer loop
      vertex 7.83149 48.3444 45
      vertex 7.80719 48.3981 55
      vertex 7.80719 48.3981 45
    endloop
  endfacet
  facet normal -0.911062 -0.412268 0
    outer loop
      vertex 7.80719 48.3981 55
      vertex 7.83149 48.3444 45
      vertex 7.83149 48.3444 55
    endloop
  endfacet
  facet normal -0.351626 -0.936141 0
    outer loop
      vertex 7.2893 48.8522 45
      vertex 7.34441 48.8315 55
      vertex 7.2893 48.8522 55
    endloop
  endfacet
  facet normal -0.351626 -0.936141 -0
    outer loop
      vertex 7.34441 48.8315 55
      vertex 7.2893 48.8522 45
      vertex 7.34441 48.8315 45
    endloop
  endfacet
  facet normal -0.582442 -0.812872 0
    outer loop
      vertex 7.50001 48.7483 45
      vertex 7.54788 48.714 55
      vertex 7.50001 48.7483 55
    endloop
  endfacet
  facet normal -0.582442 -0.812872 -0
    outer loop
      vertex 7.54788 48.714 55
      vertex 7.50001 48.7483 45
      vertex 7.54788 48.714 45
    endloop
  endfacet
  facet normal 0.227487 -0.973781 0
    outer loop
      vertex 6.76706 48.8693 45
      vertex 6.82442 48.8827 55
      vertex 6.76706 48.8693 55
    endloop
  endfacet
  facet normal 0.227487 -0.973781 0
    outer loop
      vertex 6.82442 48.8827 55
      vertex 6.76706 48.8693 45
      vertex 6.82442 48.8827 45
    endloop
  endfacet
  facet normal -0.973804 -0.227391 0
    outer loop
      vertex 7.88271 48.1756 45
      vertex 7.86933 48.2329 55
      vertex 7.86933 48.2329 45
    endloop
  endfacet
  facet normal -0.973804 -0.227391 0
    outer loop
      vertex 7.86933 48.2329 55
      vertex 7.88271 48.1756 45
      vertex 7.88271 48.1756 55
    endloop
  endfacet
  facet normal -0.772851 -0.634587 0
    outer loop
      vertex 7.71402 48.5479 45
      vertex 7.67666 48.5934 55
      vertex 7.67666 48.5934 45
    endloop
  endfacet
  facet normal -0.772851 -0.634587 0
    outer loop
      vertex 7.67666 48.5934 55
      vertex 7.71402 48.5479 45
      vertex 7.71402 48.5479 55
    endloop
  endfacet
  facet normal -0.162995 -0.986627 0
    outer loop
      vertex 7.11747 48.8923 45
      vertex 7.17558 48.8827 55
      vertex 7.11747 48.8923 55
    endloop
  endfacet
  facet normal -0.162995 -0.986627 -0
    outer loop
      vertex 7.17558 48.8827 55
      vertex 7.11747 48.8923 45
      vertex 7.17558 48.8827 45
    endloop
  endfacet
  facet normal -0.633728 -0.773556 0
    outer loop
      vertex 7.54788 48.714 45
      vertex 7.59341 48.6767 55
      vertex 7.54788 48.714 55
    endloop
  endfacet
  facet normal -0.633728 -0.773556 -0
    outer loop
      vertex 7.59341 48.6767 55
      vertex 7.54788 48.714 45
      vertex 7.59341 48.6767 45
    endloop
  endfacet
  facet normal 0.98665 -0.162857 0
    outer loop
      vertex 6.1077 48.1175 55
      vertex 6.11729 48.1756 45
      vertex 6.11729 48.1756 55
    endloop
  endfacet
  facet normal 0.98665 -0.162857 0
    outer loop
      vertex 6.11729 48.1756 45
      vertex 6.1077 48.1175 55
      vertex 6.1077 48.1175 45
    endloop
  endfacet
  facet normal 0 0 1
    outer loop
      vertex 7.89807 48.0589 45
      vertex 7.89807 47.9411 45
      vertex 7.9 48 45
    endloop
  endfacet
  facet normal 0 0 1
    outer loop
      vertex 7.8923 48.1175 45
      vertex 7.89807 47.9411 45
      vertex 7.89807 48.0589 45
    endloop
  endfacet
  facet normal 0 0 1
    outer loop
      vertex 7.8923 48.1175 45
      vertex 7.8923 47.8825 45
      vertex 7.89807 47.9411 45
    endloop
  endfacet
  facet normal 0 0 1
    outer loop
      vertex 7.88271 48.1756 45
      vertex 7.8923 47.8825 45
      vertex 7.8923 48.1175 45
    endloop
  endfacet
  facet normal 0 0 1
    outer loop
      vertex 7.88271 48.1756 45
      vertex 7.88271 47.8244 45
      vertex 7.8923 47.8825 45
    endloop
  endfacet
  facet normal 0 0 1
    outer loop
      vertex 7.86933 48.2329 45
      vertex 7.88271 47.8244 45
      vertex 7.88271 48.1756 45
    endloop
  endfacet
  facet normal 0 0 1
    outer loop
      vertex 7.86933 48.2329 45
      vertex 7.86933 47.7671 45
      vertex 7.88271 47.8244 45
    endloop
  endfacet
  facet normal 0 0 1
    outer loop
      vertex 7.85224 48.2893 45
      vertex 7.86933 47.7671 45
      vertex 7.86933 48.2329 45
    endloop
  endfacet
  facet normal 0 0 1
    outer loop
      vertex 7.85224 48.2893 45
      vertex 7.85224 47.7107 45
      vertex 7.86933 47.7671 45
    endloop
  endfacet
  facet normal 0 0 1
    outer loop
      vertex 7.83149 48.3444 45
      vertex 7.85224 47.7107 45
      vertex 7.85224 48.2893 45
    endloop
  endfacet
  facet normal 0 0 1
    outer loop
      vertex 7.83149 48.3444 45
      vertex 7.83149 47.6556 45
      vertex 7.85224 47.7107 45
    endloop
  endfacet
  facet normal 0 0 1
    outer loop
      vertex 7.80719 48.3981 45
      vertex 7.83149 47.6556 45
      vertex 7.83149 48.3444 45
    endloop
  endfacet
  facet normal 0 0 1
    outer loop
      vertex 7.80719 48.3981 45
      vertex 7.80719 47.6019 45
      vertex 7.83149 47.6556 45
    endloop
  endfacet
  facet normal 0 0 1
    outer loop
      vertex 7.77942 48.45 45
      vertex 7.80719 47.6019 45
      vertex 7.80719 48.3981 45
    endloop
  endfacet
  facet normal 0 0 1
    outer loop
      vertex 7.77942 48.45 45
      vertex 7.77942 47.55 45
      vertex 7.80719 47.6019 45
    endloop
  endfacet
  facet normal 0 0 1
    outer loop
      vertex 7.74832 48.5 45
      vertex 7.77942 47.55 45
      vertex 7.77942 48.45 45
    endloop
  endfacet
  facet normal 0 0 1
    outer loop
      vertex 7.74832 48.5 45
      vertex 7.74832 47.5 45
      vertex 7.77942 47.55 45
    endloop
  endfacet
  facet normal 0 0 1
    outer loop
      vertex 7.71402 48.5479 45
      vertex 7.74832 47.5 45
      vertex 7.74832 48.5 45
    endloop
  endfacet
  facet normal 0 0 1
    outer loop
      vertex 7.71402 48.5479 45
      vertex 7.71402 47.4521 45
      vertex 7.74832 47.5 45
    endloop
  endfacet
  facet normal 0 0 1
    outer loop
      vertex 7.67666 48.5934 45
      vertex 7.71402 47.4521 45
      vertex 7.71402 48.5479 45
    endloop
  endfacet
  facet normal 0 0 1
    outer loop
      vertex 7.67666 48.5934 45
      vertex 7.67666 47.4066 45
      vertex 7.71402 47.4521 45
    endloop
  endfacet
  facet normal 0 0 1
    outer loop
      vertex 7.6364 48.6364 45
      vertex 7.67666 47.4066 45
      vertex 7.67666 48.5934 45
    endloop
  endfacet
  facet normal 0 0 1
    outer loop
      vertex 7.6364 48.6364 45
      vertex 7.6364 47.3636 45
      vertex 7.67666 47.4066 45
    endloop
  endfacet
  facet normal 0 0 1
    outer loop
      vertex 7.59341 48.6767 45
      vertex 7.6364 47.3636 45
      vertex 7.6364 48.6364 45
    endloop
  endfacet
  facet normal 0 0 1
    outer loop
      vertex 7.59341 48.6767 45
      vertex 7.59341 47.3233 45
      vertex 7.6364 47.3636 45
    endloop
  endfacet
  facet normal 0 0 1
    outer loop
      vertex 7.54788 48.714 45
      vertex 7.59341 47.3233 45
      vertex 7.59341 48.6767 45
    endloop
  endfacet
  facet normal 0 0 1
    outer loop
      vertex 7.54788 48.714 45
      vertex 7.54788 47.286 45
      vertex 7.59341 47.3233 45
    endloop
  endfacet
  facet normal 0 0 1
    outer loop
      vertex 7.50001 48.7483 45
      vertex 7.54788 47.286 45
      vertex 7.54788 48.714 45
    endloop
  endfacet
  facet normal 0 0 1
    outer loop
      vertex 7.50001 48.7483 45
      vertex 7.50001 47.2517 45
      vertex 7.54788 47.286 45
    endloop
  endfacet
  facet normal 0 0 1
    outer loop
      vertex 7.45 48.7794 45
      vertex 7.50001 47.2517 45
      vertex 7.50001 48.7483 45
    endloop
  endfacet
  facet normal 0 0 1
    outer loop
      vertex 7.45 48.7794 45
      vertex 7.45 47.2206 45
      vertex 7.50001 47.2517 45
    endloop
  endfacet
  facet normal 0 0 1
    outer loop
      vertex 7.39806 48.8072 45
      vertex 7.45 47.2206 45
      vertex 7.45 48.7794 45
    endloop
  endfacet
  facet normal 0 0 1
    outer loop
      vertex 7.39806 48.8072 45
      vertex 7.39806 47.1928 45
      vertex 7.45 47.2206 45
    endloop
  endfacet
  facet normal 0 0 1
    outer loop
      vertex 7.34441 48.8315 45
      vertex 7.39806 47.1928 45
      vertex 7.39806 48.8072 45
    endloop
  endfacet
  facet normal 0 0 1
    outer loop
      vertex 7.34441 48.8315 45
      vertex 7.34441 47.1685 45
      vertex 7.39806 47.1928 45
    endloop
  endfacet
  facet normal 0 0 1
    outer loop
      vertex 7.2893 48.8522 45
      vertex 7.34441 47.1685 45
      vertex 7.34441 48.8315 45
    endloop
  endfacet
  facet normal 0 0 1
    outer loop
      vertex 7.2893 48.8522 45
      vertex 7.2893 47.1478 45
      vertex 7.34441 47.1685 45
    endloop
  endfacet
  facet normal 0 0 1
    outer loop
      vertex 7.23294 48.8693 45
      vertex 7.2893 47.1478 45
      vertex 7.2893 48.8522 45
    endloop
  endfacet
  facet normal 0 0 1
    outer loop
      vertex 7.23294 48.8693 45
      vertex 7.23294 47.1307 45
      vertex 7.2893 47.1478 45
    endloop
  endfacet
  facet normal 0 0 1
    outer loop
      vertex 7.17558 48.8827 45
      vertex 7.23294 47.1307 45
      vertex 7.23294 48.8693 45
    endloop
  endfacet
  facet normal 0 0 1
    outer loop
      vertex 7.17558 48.8827 45
      vertex 7.17558 47.1173 45
      vertex 7.23294 47.1307 45
    endloop
  endfacet
  facet normal 0 0 1
    outer loop
      vertex 7.11747 48.8923 45
      vertex 7.17558 47.1173 45
      vertex 7.17558 48.8827 45
    endloop
  endfacet
  facet normal 0 0 1
    outer loop
      vertex 7.11747 48.8923 45
      vertex 7.11747 47.1077 45
      vertex 7.17558 47.1173 45
    endloop
  endfacet
  facet normal 0 0 1
    outer loop
      vertex 7.05886 48.8981 45
      vertex 7.11747 47.1077 45
      vertex 7.11747 48.8923 45
    endloop
  endfacet
  facet normal 0 0 1
    outer loop
      vertex 7.05886 48.8981 45
      vertex 7.05886 47.1019 45
      vertex 7.11747 47.1077 45
    endloop
  endfacet
  facet normal 0 0 1
    outer loop
      vertex 7 48.9 45
      vertex 7.05886 47.1019 45
      vertex 7.05886 48.8981 45
    endloop
  endfacet
  facet normal 0 0 1
    outer loop
      vertex 7 48.9 45
      vertex 7 47.1 45
      vertex 7.05886 47.1019 45
    endloop
  endfacet
  facet normal -0 0 1
    outer loop
      vertex 6.94114 48.8981 45
      vertex 7 47.1 45
      vertex 7 48.9 45
    endloop
  endfacet
  facet normal 0 0 1
    outer loop
      vertex 6.94114 48.8981 45
      vertex 6.94114 47.1019 45
      vertex 7 47.1 45
    endloop
  endfacet
  facet normal -0 0 1
    outer loop
      vertex 6.88253 48.8923 45
      vertex 6.94114 47.1019 45
      vertex 6.94114 48.8981 45
    endloop
  endfacet
  facet normal 0 0 1
    outer loop
      vertex 6.88253 48.8923 45
      vertex 6.88253 47.1077 45
      vertex 6.94114 47.1019 45
    endloop
  endfacet
  facet normal -0 0 1
    outer loop
      vertex 6.82442 48.8827 45
      vertex 6.88253 47.1077 45
      vertex 6.88253 48.8923 45
    endloop
  endfacet
  facet normal 0 0 1
    outer loop
      vertex 6.82442 48.8827 45
      vertex 6.82442 47.1173 45
      vertex 6.88253 47.1077 45
    endloop
  endfacet
  facet normal -0 0 1
    outer loop
      vertex 6.76706 48.8693 45
      vertex 6.82442 47.1173 45
      vertex 6.82442 48.8827 45
    endloop
  endfacet
  facet normal 0 0 1
    outer loop
      vertex 6.76706 48.8693 45
      vertex 6.76706 47.1307 45
      vertex 6.82442 47.1173 45
    endloop
  endfacet
  facet normal -0 0 1
    outer loop
      vertex 6.7107 48.8522 45
      vertex 6.76706 47.1307 45
      vertex 6.76706 48.8693 45
    endloop
  endfacet
  facet normal 0 0 1
    outer loop
      vertex 6.7107 48.8522 45
      vertex 6.7107 47.1478 45
      vertex 6.76706 47.1307 45
    endloop
  endfacet
  facet normal -0 0 1
    outer loop
      vertex 6.65558 48.8315 45
      vertex 6.7107 47.1478 45
      vertex 6.7107 48.8522 45
    endloop
  endfacet
  facet normal 0 0 1
    outer loop
      vertex 6.65558 48.8315 45
      vertex 6.65558 47.1685 45
      vertex 6.7107 47.1478 45
    endloop
  endfacet
  facet normal -0 0 1
    outer loop
      vertex 6.60194 48.8072 45
      vertex 6.65558 47.1685 45
      vertex 6.65558 48.8315 45
    endloop
  endfacet
  facet normal 0 0 1
    outer loop
      vertex 6.60194 48.8072 45
      vertex 6.60194 47.1928 45
      vertex 6.65558 47.1685 45
    endloop
  endfacet
  facet normal -0 0 1
    outer loop
      vertex 6.55 48.7794 45
      vertex 6.60194 47.1928 45
      vertex 6.60194 48.8072 45
    endloop
  endfacet
  facet normal 0 0 1
    outer loop
      vertex 6.55 48.7794 45
      vertex 6.55 47.2206 45
      vertex 6.60194 47.1928 45
    endloop
  endfacet
  facet normal -0 0 1
    outer loop
      vertex 6.49999 48.7483 45
      vertex 6.55 47.2206 45
      vertex 6.55 48.7794 45
    endloop
  endfacet
  facet normal 0 0 1
    outer loop
      vertex 6.49999 48.7483 45
      vertex 6.49999 47.2517 45
      vertex 6.55 47.2206 45
    endloop
  endfacet
  facet normal -0 0 1
    outer loop
      vertex 6.45211 48.714 45
      vertex 6.49999 47.2517 45
      vertex 6.49999 48.7483 45
    endloop
  endfacet
  facet normal 0 0 1
    outer loop
      vertex 6.45211 48.714 45
      vertex 6.45211 47.286 45
      vertex 6.49999 47.2517 45
    endloop
  endfacet
  facet normal -0 0 1
    outer loop
      vertex 6.40659 48.6767 45
      vertex 6.45211 47.286 45
      vertex 6.45211 48.714 45
    endloop
  endfacet
  facet normal 0 0 1
    outer loop
      vertex 6.40659 48.6767 45
      vertex 6.40659 47.3233 45
      vertex 6.45211 47.286 45
    endloop
  endfacet
  facet normal -0 0 1
    outer loop
      vertex 6.3636 48.6364 45
      vertex 6.40659 47.3233 45
      vertex 6.40659 48.6767 45
    endloop
  endfacet
  facet normal 0 0 1
    outer loop
      vertex 6.3636 48.6364 45
      vertex 6.3636 47.3636 45
      vertex 6.40659 47.3233 45
    endloop
  endfacet
  facet normal -0 0 1
    outer loop
      vertex 6.32334 48.5934 45
      vertex 6.3636 47.3636 45
      vertex 6.3636 48.6364 45
    endloop
  endfacet
  facet normal 0 0 1
    outer loop
      vertex 6.32334 48.5934 45
      vertex 6.32334 47.4066 45
      vertex 6.3636 47.3636 45
    endloop
  endfacet
  facet normal -0 0 1
    outer loop
      vertex 6.28598 48.5479 45
      vertex 6.32334 47.4066 45
      vertex 6.32334 48.5934 45
    endloop
  endfacet
  facet normal 0 0 1
    outer loop
      vertex 6.28598 48.5479 45
      vertex 6.28598 47.4521 45
      vertex 6.32334 47.4066 45
    endloop
  endfacet
  facet normal -0 0 1
    outer loop
      vertex 6.25168 48.5 45
      vertex 6.28598 47.4521 45
      vertex 6.28598 48.5479 45
    endloop
  endfacet
  facet normal 0 0 1
    outer loop
      vertex 6.25168 48.5 45
      vertex 6.25168 47.5 45
      vertex 6.28598 47.4521 45
    endloop
  endfacet
  facet normal -0 0 1
    outer loop
      vertex 6.22058 48.45 45
      vertex 6.25168 47.5 45
      vertex 6.25168 48.5 45
    endloop
  endfacet
  facet normal 0 0 1
    outer loop
      vertex 6.22058 48.45 45
      vertex 6.22058 47.55 45
      vertex 6.25168 47.5 45
    endloop
  endfacet
  facet normal -0 0 1
    outer loop
      vertex 6.19281 48.3981 45
      vertex 6.22058 47.55 45
      vertex 6.22058 48.45 45
    endloop
  endfacet
  facet normal 0 0 1
    outer loop
      vertex 6.19281 48.3981 45
      vertex 6.19281 47.6019 45
      vertex 6.22058 47.55 45
    endloop
  endfacet
  facet normal -0 0 1
    outer loop
      vertex 6.16851 48.3444 45
      vertex 6.19281 47.6019 45
      vertex 6.19281 48.3981 45
    endloop
  endfacet
  facet normal 0 0 1
    outer loop
      vertex 6.16851 48.3444 45
      vertex 6.16851 47.6556 45
      vertex 6.19281 47.6019 45
    endloop
  endfacet
  facet normal -0 0 1
    outer loop
      vertex 6.14776 48.2893 45
      vertex 6.16851 47.6556 45
      vertex 6.16851 48.3444 45
    endloop
  endfacet
  facet normal 0 0 1
    outer loop
      vertex 6.14776 48.2893 45
      vertex 6.14776 47.7107 45
      vertex 6.16851 47.6556 45
    endloop
  endfacet
  facet normal -0 0 1
    outer loop
      vertex 6.13067 48.2329 45
      vertex 6.14776 47.7107 45
      vertex 6.14776 48.2893 45
    endloop
  endfacet
  facet normal 0 0 1
    outer loop
      vertex 6.13067 48.2329 45
      vertex 6.13067 47.7671 45
      vertex 6.14776 47.7107 45
    endloop
  endfacet
  facet normal -0 0 1
    outer loop
      vertex 6.11729 48.1756 45
      vertex 6.13067 47.7671 45
      vertex 6.13067 48.2329 45
    endloop
  endfacet
  facet normal 0 0 1
    outer loop
      vertex 6.11729 48.1756 45
      vertex 6.11729 47.8244 45
      vertex 6.13067 47.7671 45
    endloop
  endfacet
  facet normal -0 0 1
    outer loop
      vertex 6.1077 48.1175 45
      vertex 6.11729 47.8244 45
      vertex 6.11729 48.1756 45
    endloop
  endfacet
  facet normal 0 0 1
    outer loop
      vertex 6.1077 48.1175 45
      vertex 6.1077 47.8825 45
      vertex 6.11729 47.8244 45
    endloop
  endfacet
  facet normal -0 0 1
    outer loop
      vertex 6.10193 48.0589 45
      vertex 6.1077 47.8825 45
      vertex 6.1077 48.1175 45
    endloop
  endfacet
  facet normal 0 0 1
    outer loop
      vertex 6.10193 48.0589 45
      vertex 6.10193 47.9411 45
      vertex 6.1077 47.8825 45
    endloop
  endfacet
  facet normal 0 -0 1
    outer loop
      vertex 6.10193 47.9411 45
      vertex 6.10193 48.0589 45
      vertex 6.1 48 45
    endloop
  endfacet
  facet normal 0.93584 -0.352426 0
    outer loop
      vertex 6.14776 48.2893 55
      vertex 6.16851 48.3444 45
      vertex 6.16851 48.3444 55
    endloop
  endfacet
  facet normal 0.93584 -0.352426 0
    outer loop
      vertex 6.16851 48.3444 45
      vertex 6.14776 48.2893 55
      vertex 6.14776 48.2893 45
    endloop
  endfacet
  facet normal 0.911062 -0.412268 0
    outer loop
      vertex 6.16851 48.3444 55
      vertex 6.19281 48.3981 45
      vertex 6.19281 48.3981 55
    endloop
  endfacet
  facet normal 0.911062 -0.412268 0
    outer loop
      vertex 6.19281 48.3981 45
      vertex 6.16851 48.3444 55
      vertex 6.16851 48.3444 45
    endloop
  endfacet
  facet normal 0.973804 -0.227391 0
    outer loop
      vertex 6.11729 48.1756 55
      vertex 6.13067 48.2329 45
      vertex 6.13067 48.2329 55
    endloop
  endfacet
  facet normal 0.973804 -0.227391 0
    outer loop
      vertex 6.13067 48.2329 45
      vertex 6.11729 48.1756 55
      vertex 6.11729 48.1756 45
    endloop
  endfacet
  facet normal 0.52809 -0.849189 0
    outer loop
      vertex 6.49999 48.7483 45
      vertex 6.55 48.7794 55
      vertex 6.49999 48.7483 55
    endloop
  endfacet
  facet normal 0.52809 -0.849189 0
    outer loop
      vertex 6.55 48.7794 55
      vertex 6.49999 48.7483 45
      vertex 6.55 48.7794 45
    endloop
  endfacet
  facet normal 0.633811 -0.773488 0
    outer loop
      vertex 6.40659 48.6767 45
      vertex 6.45211 48.714 55
      vertex 6.40659 48.6767 55
    endloop
  endfacet
  facet normal 0.633811 -0.773488 0
    outer loop
      vertex 6.45211 48.714 55
      vertex 6.40659 48.6767 45
      vertex 6.45211 48.714 45
    endloop
  endfacet
  facet normal 0.35157 -0.936162 0
    outer loop
      vertex 6.65558 48.8315 45
      vertex 6.7107 48.8522 55
      vertex 6.65558 48.8315 55
    endloop
  endfacet
  facet normal 0.35157 -0.936162 0
    outer loop
      vertex 6.7107 48.8522 55
      vertex 6.65558 48.8315 45
      vertex 6.7107 48.8522 45
    endloop
  endfacet
  facet normal 0.162995 -0.986627 0
    outer loop
      vertex 6.82442 48.8827 45
      vertex 6.88253 48.8923 55
      vertex 6.82442 48.8827 55
    endloop
  endfacet
  facet normal 0.162995 -0.986627 0
    outer loop
      vertex 6.88253 48.8923 55
      vertex 6.82442 48.8827 45
      vertex 6.88253 48.8923 45
    endloop
  endfacet
  facet normal -0.412587 0.910918 0
    outer loop
      vertex 7.39806 47.1928 45
      vertex 7.34441 47.1685 55
      vertex 7.39806 47.1928 55
    endloop
  endfacet
  facet normal -0.412587 0.910918 0
    outer loop
      vertex 7.34441 47.1685 55
      vertex 7.39806 47.1928 45
      vertex 7.34441 47.1685 45
    endloop
  endfacet
  facet normal -0.98665 -0.162857 0
    outer loop
      vertex 7.8923 48.1175 45
      vertex 7.88271 48.1756 55
      vertex 7.88271 48.1756 45
    endloop
  endfacet
  facet normal -0.98665 -0.162857 0
    outer loop
      vertex 7.88271 48.1756 55
      vertex 7.8923 48.1175 45
      vertex 7.8923 48.1175 55
    endloop
  endfacet
  facet normal -0.995187 -0.0979903 0
    outer loop
      vertex 7.89807 48.0589 45
      vertex 7.8923 48.1175 55
      vertex 7.8923 48.1175 45
    endloop
  endfacet
  facet normal -0.995187 -0.0979903 0
    outer loop
      vertex 7.8923 48.1175 55
      vertex 7.89807 48.0589 45
      vertex 7.89807 48.0589 55
    endloop
  endfacet
  facet normal -0.957029 -0.289993 0
    outer loop
      vertex 7.86933 48.2329 45
      vertex 7.85224 48.2893 55
      vertex 7.85224 48.2893 45
    endloop
  endfacet
  facet normal -0.957029 -0.289993 0
    outer loop
      vertex 7.85224 48.2893 55
      vertex 7.86933 48.2329 45
      vertex 7.86933 48.2329 55
    endloop
  endfacet
  facet normal -0.93584 -0.352426 0
    outer loop
      vertex 7.85224 48.2893 45
      vertex 7.83149 48.3444 55
      vertex 7.83149 48.3444 45
    endloop
  endfacet
  facet normal -0.93584 -0.352426 0
    outer loop
      vertex 7.83149 48.3444 55
      vertex 7.85224 48.2893 45
      vertex 7.85224 48.2893 55
    endloop
  endfacet
  facet normal -0.729982 -0.683467 0
    outer loop
      vertex 7.67666 48.5934 45
      vertex 7.6364 48.6364 55
      vertex 7.6364 48.6364 45
    endloop
  endfacet
  facet normal -0.729982 -0.683467 0
    outer loop
      vertex 7.6364 48.6364 55
      vertex 7.67666 48.5934 45
      vertex 7.67666 48.5934 55
    endloop
  endfacet
  facet normal -0.813045 -0.582201 0
    outer loop
      vertex 7.74832 48.5 45
      vertex 7.71402 48.5479 55
      vertex 7.71402 48.5479 45
    endloop
  endfacet
  facet normal -0.813045 -0.582201 0
    outer loop
      vertex 7.71402 48.5479 55
      vertex 7.74832 48.5 45
      vertex 7.74832 48.5 55
    endloop
  endfacet
  facet normal -0.881717 -0.471778 0
    outer loop
      vertex 7.80719 48.3981 45
      vertex 7.77942 48.45 55
      vertex 7.77942 48.45 45
    endloop
  endfacet
  facet normal -0.881717 -0.471778 0
    outer loop
      vertex 7.77942 48.45 55
      vertex 7.80719 48.3981 45
      vertex 7.80719 48.3981 55
    endloop
  endfacet
  facet normal -0.290337 -0.956924 0
    outer loop
      vertex 7.23294 48.8693 45
      vertex 7.2893 48.8522 55
      vertex 7.23294 48.8693 55
    endloop
  endfacet
  facet normal -0.290337 -0.956924 -0
    outer loop
      vertex 7.2893 48.8522 55
      vertex 7.23294 48.8693 45
      vertex 7.2893 48.8522 45
    endloop
  endfacet
  facet normal -0.227487 -0.973781 0
    outer loop
      vertex 7.17558 48.8827 45
      vertex 7.23294 48.8693 55
      vertex 7.17558 48.8827 55
    endloop
  endfacet
  facet normal -0.227487 -0.973781 -0
    outer loop
      vertex 7.23294 48.8693 55
      vertex 7.17558 48.8827 45
      vertex 7.23294 48.8693 45
    endloop
  endfacet
  facet normal -0.0984782 -0.995139 0
    outer loop
      vertex 7.05886 48.8981 45
      vertex 7.11747 48.8923 55
      vertex 7.05886 48.8981 55
    endloop
  endfacet
  facet normal -0.0984782 -0.995139 -0
    outer loop
      vertex 7.11747 48.8923 55
      vertex 7.05886 48.8981 45
      vertex 7.11747 48.8923 45
    endloop
  endfacet
  facet normal -0.0322632 -0.999479 0
    outer loop
      vertex 7 48.9 45
      vertex 7.05886 48.8981 55
      vertex 7 48.9 55
    endloop
  endfacet
  facet normal -0.0322632 -0.999479 -0
    outer loop
      vertex 7.05886 48.8981 55
      vertex 7 48.9 45
      vertex 7.05886 48.8981 45
    endloop
  endfacet
  facet normal -0.471892 -0.881657 0
    outer loop
      vertex 7.39806 48.8072 45
      vertex 7.45 48.7794 55
      vertex 7.39806 48.8072 55
    endloop
  endfacet
  facet normal -0.471892 -0.881657 -0
    outer loop
      vertex 7.45 48.7794 55
      vertex 7.39806 48.8072 45
      vertex 7.45 48.7794 45
    endloop
  endfacet
  facet normal -0.412587 -0.910918 0
    outer loop
      vertex 7.34441 48.8315 45
      vertex 7.39806 48.8072 55
      vertex 7.34441 48.8315 55
    endloop
  endfacet
  facet normal -0.412587 -0.910918 -0
    outer loop
      vertex 7.39806 48.8072 55
      vertex 7.34441 48.8315 45
      vertex 7.39806 48.8072 45
    endloop
  endfacet
  facet normal -0.52809 -0.849189 0
    outer loop
      vertex 7.45 48.7794 45
      vertex 7.50001 48.7483 55
      vertex 7.45 48.7794 55
    endloop
  endfacet
  facet normal -0.52809 -0.849189 -0
    outer loop
      vertex 7.50001 48.7483 55
      vertex 7.45 48.7794 45
      vertex 7.50001 48.7483 45
    endloop
  endfacet
  facet normal 0.999464 -0.0327498 0
    outer loop
      vertex 6.1 48 55
      vertex 6.10193 48.0589 45
      vertex 6.10193 48.0589 55
    endloop
  endfacet
  facet normal 0.999464 -0.0327498 0
    outer loop
      vertex 6.10193 48.0589 45
      vertex 6.1 48 55
      vertex 6.1 48 45
    endloop
  endfacet
  facet normal 0.999464 0.0327498 0
    outer loop
      vertex 6.10193 47.9411 55
      vertex 6.1 48 45
      vertex 6.1 48 55
    endloop
  endfacet
  facet normal 0.999464 0.0327498 0
    outer loop
      vertex 6.1 48 45
      vertex 6.10193 47.9411 55
      vertex 6.10193 47.9411 45
    endloop
  endfacet
  facet normal 0.471892 -0.881657 0
    outer loop
      vertex 6.55 48.7794 45
      vertex 6.60194 48.8072 55
      vertex 6.55 48.7794 55
    endloop
  endfacet
  facet normal 0.471892 -0.881657 0
    outer loop
      vertex 6.60194 48.8072 55
      vertex 6.55 48.7794 45
      vertex 6.60194 48.8072 45
    endloop
  endfacet
  facet normal 0.582362 -0.81293 0
    outer loop
      vertex 6.45211 48.714 45
      vertex 6.49999 48.7483 55
      vertex 6.45211 48.714 55
    endloop
  endfacet
  facet normal 0.582362 -0.81293 0
    outer loop
      vertex 6.49999 48.7483 55
      vertex 6.45211 48.714 45
      vertex 6.49999 48.7483 45
    endloop
  endfacet
  facet normal 0.0984782 -0.995139 0
    outer loop
      vertex 6.88253 48.8923 45
      vertex 6.94114 48.8981 55
      vertex 6.88253 48.8923 55
    endloop
  endfacet
  facet normal 0.0984782 -0.995139 0
    outer loop
      vertex 6.94114 48.8981 55
      vertex 6.88253 48.8923 45
      vertex 6.94114 48.8981 45
    endloop
  endfacet
  facet normal -0.98665 0.162857 0
    outer loop
      vertex 7.88271 47.8244 45
      vertex 7.8923 47.8825 55
      vertex 7.8923 47.8825 45
    endloop
  endfacet
  facet normal -0.98665 0.162857 0
    outer loop
      vertex 7.8923 47.8825 55
      vertex 7.88271 47.8244 45
      vertex 7.88271 47.8244 55
    endloop
  endfacet
  facet normal -0.772851 0.634587 0
    outer loop
      vertex 7.67666 47.4066 45
      vertex 7.71402 47.4521 55
      vertex 7.71402 47.4521 45
    endloop
  endfacet
  facet normal -0.772851 0.634587 0
    outer loop
      vertex 7.71402 47.4521 55
      vertex 7.67666 47.4066 45
      vertex 7.67666 47.4066 55
    endloop
  endfacet
  facet normal 0.633811 0.773488 -0
    outer loop
      vertex 6.45211 47.286 45
      vertex 6.40659 47.3233 55
      vertex 6.45211 47.286 55
    endloop
  endfacet
  facet normal 0.633811 0.773488 0
    outer loop
      vertex 6.40659 47.3233 55
      vertex 6.45211 47.286 45
      vertex 6.40659 47.3233 45
    endloop
  endfacet
  facet normal 0.729982 0.683467 0
    outer loop
      vertex 6.3636 47.3636 55
      vertex 6.32334 47.4066 45
      vertex 6.32334 47.4066 55
    endloop
  endfacet
  facet normal 0.729982 0.683467 0
    outer loop
      vertex 6.32334 47.4066 45
      vertex 6.3636 47.3636 55
      vertex 6.3636 47.3636 45
    endloop
  endfacet
  facet normal 0.772851 0.634587 0
    outer loop
      vertex 6.32334 47.4066 55
      vertex 6.28598 47.4521 45
      vertex 6.28598 47.4521 55
    endloop
  endfacet
  facet normal 0.772851 0.634587 0
    outer loop
      vertex 6.28598 47.4521 45
      vertex 6.32334 47.4066 55
      vertex 6.32334 47.4066 45
    endloop
  endfacet
  facet normal 0.881717 0.471778 0
    outer loop
      vertex 6.22058 47.55 55
      vertex 6.19281 47.6019 45
      vertex 6.19281 47.6019 55
    endloop
  endfacet
  facet normal 0.881717 0.471778 0
    outer loop
      vertex 6.19281 47.6019 45
      vertex 6.22058 47.55 55
      vertex 6.22058 47.55 45
    endloop
  endfacet
  facet normal 0.813045 0.582201 0
    outer loop
      vertex 6.28598 47.4521 55
      vertex 6.25168 47.5 45
      vertex 6.25168 47.5 55
    endloop
  endfacet
  facet normal 0.813045 0.582201 0
    outer loop
      vertex 6.25168 47.5 45
      vertex 6.28598 47.4521 55
      vertex 6.28598 47.4521 45
    endloop
  endfacet
  facet normal -0.351626 0.936141 0
    outer loop
      vertex 7.34441 47.1685 45
      vertex 7.2893 47.1478 55
      vertex 7.34441 47.1685 55
    endloop
  endfacet
  facet normal -0.351626 0.936141 0
    outer loop
      vertex 7.2893 47.1478 55
      vertex 7.34441 47.1685 45
      vertex 7.2893 47.1478 45
    endloop
  endfacet
  facet normal -0.849141 -0.528166 0
    outer loop
      vertex 7.77942 48.45 45
      vertex 7.74832 48.5 55
      vertex 7.74832 48.5 45
    endloop
  endfacet
  facet normal -0.849141 -0.528166 0
    outer loop
      vertex 7.74832 48.5 55
      vertex 7.77942 48.45 45
      vertex 7.77942 48.45 55
    endloop
  endfacet
  facet normal 0.849141 -0.528166 0
    outer loop
      vertex 6.22058 48.45 55
      vertex 6.25168 48.5 45
      vertex 6.25168 48.5 55
    endloop
  endfacet
  facet normal 0.849141 -0.528166 0
    outer loop
      vertex 6.25168 48.5 45
      vertex 6.22058 48.45 55
      vertex 6.22058 48.45 45
    endloop
  endfacet
  facet normal 0.813045 -0.582201 0
    outer loop
      vertex 6.25168 48.5 55
      vertex 6.28598 48.5479 45
      vertex 6.28598 48.5479 55
    endloop
  endfacet
  facet normal 0.813045 -0.582201 0
    outer loop
      vertex 6.28598 48.5479 45
      vertex 6.25168 48.5 55
      vertex 6.25168 48.5 45
    endloop
  endfacet
  facet normal 0.772851 -0.634587 0
    outer loop
      vertex 6.28598 48.5479 55
      vertex 6.32334 48.5934 45
      vertex 6.32334 48.5934 55
    endloop
  endfacet
  facet normal 0.772851 -0.634587 0
    outer loop
      vertex 6.32334 48.5934 45
      vertex 6.28598 48.5479 55
      vertex 6.28598 48.5479 45
    endloop
  endfacet
  facet normal 0.881717 -0.471778 0
    outer loop
      vertex 6.19281 48.3981 55
      vertex 6.22058 48.45 45
      vertex 6.22058 48.45 55
    endloop
  endfacet
  facet normal 0.881717 -0.471778 0
    outer loop
      vertex 6.22058 48.45 45
      vertex 6.19281 48.3981 55
      vertex 6.19281 48.3981 45
    endloop
  endfacet
  facet normal 0.957029 -0.289993 0
    outer loop
      vertex 6.13067 48.2329 55
      vertex 6.14776 48.2893 45
      vertex 6.14776 48.2893 55
    endloop
  endfacet
  facet normal 0.957029 -0.289993 0
    outer loop
      vertex 6.14776 48.2893 45
      vertex 6.13067 48.2329 55
      vertex 6.13067 48.2329 45
    endloop
  endfacet
  facet normal 0.995187 -0.0979903 0
    outer loop
      vertex 6.10193 48.0589 55
      vertex 6.1077 48.1175 45
      vertex 6.1077 48.1175 55
    endloop
  endfacet
  facet normal 0.995187 -0.0979903 0
    outer loop
      vertex 6.1077 48.1175 45
      vertex 6.10193 48.0589 55
      vertex 6.10193 48.0589 45
    endloop
  endfacet
  facet normal 0.683913 -0.729564 0
    outer loop
      vertex 6.3636 48.6364 45
      vertex 6.40659 48.6767 55
      vertex 6.3636 48.6364 55
    endloop
  endfacet
  facet normal 0.683913 -0.729564 0
    outer loop
      vertex 6.40659 48.6767 55
      vertex 6.3636 48.6364 45
      vertex 6.40659 48.6767 45
    endloop
  endfacet
  facet normal 0.290337 -0.956924 0
    outer loop
      vertex 6.7107 48.8522 45
      vertex 6.76706 48.8693 55
      vertex 6.7107 48.8522 55
    endloop
  endfacet
  facet normal 0.290337 -0.956924 0
    outer loop
      vertex 6.76706 48.8693 55
      vertex 6.7107 48.8522 45
      vertex 6.76706 48.8693 45
    endloop
  endfacet
  facet normal -0.995187 0.0979903 0
    outer loop
      vertex 7.8923 47.8825 45
      vertex 7.89807 47.9411 55
      vertex 7.89807 47.9411 45
    endloop
  endfacet
  facet normal -0.995187 0.0979903 0
    outer loop
      vertex 7.89807 47.9411 55
      vertex 7.8923 47.8825 45
      vertex 7.8923 47.8825 55
    endloop
  endfacet
  facet normal -0.999464 0.0327498 0
    outer loop
      vertex 7.89807 47.9411 45
      vertex 7.9 48 55
      vertex 7.9 48 45
    endloop
  endfacet
  facet normal -0.999464 0.0327498 0
    outer loop
      vertex 7.9 48 55
      vertex 7.89807 47.9411 45
      vertex 7.89807 47.9411 55
    endloop
  endfacet
  facet normal -0.881717 0.471778 0
    outer loop
      vertex 7.77942 47.55 45
      vertex 7.80719 47.6019 55
      vertex 7.80719 47.6019 45
    endloop
  endfacet
  facet normal -0.881717 0.471778 0
    outer loop
      vertex 7.80719 47.6019 55
      vertex 7.77942 47.55 45
      vertex 7.77942 47.55 55
    endloop
  endfacet
  facet normal -0.93584 0.352426 0
    outer loop
      vertex 7.83149 47.6556 45
      vertex 7.85224 47.7107 55
      vertex 7.85224 47.7107 45
    endloop
  endfacet
  facet normal -0.93584 0.352426 0
    outer loop
      vertex 7.85224 47.7107 55
      vertex 7.83149 47.6556 45
      vertex 7.83149 47.6556 55
    endloop
  endfacet
  facet normal -0.957029 0.289993 0
    outer loop
      vertex 7.85224 47.7107 45
      vertex 7.86933 47.7671 55
      vertex 7.86933 47.7671 45
    endloop
  endfacet
  facet normal -0.957029 0.289993 0
    outer loop
      vertex 7.86933 47.7671 55
      vertex 7.85224 47.7107 45
      vertex 7.85224 47.7107 55
    endloop
  endfacet
  facet normal -0.471892 0.881657 0
    outer loop
      vertex 7.45 47.2206 45
      vertex 7.39806 47.1928 55
      vertex 7.45 47.2206 55
    endloop
  endfacet
  facet normal -0.471892 0.881657 0
    outer loop
      vertex 7.39806 47.1928 55
      vertex 7.45 47.2206 45
      vertex 7.39806 47.1928 45
    endloop
  endfacet
  facet normal -0.683913 0.729564 0
    outer loop
      vertex 7.6364 47.3636 45
      vertex 7.59341 47.3233 55
      vertex 7.6364 47.3636 55
    endloop
  endfacet
  facet normal -0.683913 0.729564 0
    outer loop
      vertex 7.59341 47.3233 55
      vertex 7.6364 47.3636 45
      vertex 7.59341 47.3233 45
    endloop
  endfacet
  facet normal -0.633728 0.773556 0
    outer loop
      vertex 7.59341 47.3233 45
      vertex 7.54788 47.286 55
      vertex 7.59341 47.3233 55
    endloop
  endfacet
  facet normal -0.633728 0.773556 0
    outer loop
      vertex 7.54788 47.286 55
      vertex 7.59341 47.3233 45
      vertex 7.54788 47.286 45
    endloop
  endfacet
  facet normal -0.582442 0.812872 0
    outer loop
      vertex 7.54788 47.286 45
      vertex 7.50001 47.2517 55
      vertex 7.54788 47.286 55
    endloop
  endfacet
  facet normal -0.582442 0.812872 0
    outer loop
      vertex 7.50001 47.2517 55
      vertex 7.54788 47.286 45
      vertex 7.50001 47.2517 45
    endloop
  endfacet
  facet normal 0.162995 0.986627 -0
    outer loop
      vertex 6.88253 47.1077 45
      vertex 6.82442 47.1173 55
      vertex 6.88253 47.1077 55
    endloop
  endfacet
  facet normal 0.162995 0.986627 0
    outer loop
      vertex 6.82442 47.1173 55
      vertex 6.88253 47.1077 45
      vertex 6.82442 47.1173 45
    endloop
  endfacet
  facet normal 0.0984782 0.995139 -0
    outer loop
      vertex 6.94114 47.1019 45
      vertex 6.88253 47.1077 55
      vertex 6.94114 47.1019 55
    endloop
  endfacet
  facet normal 0.0984782 0.995139 0
    outer loop
      vertex 6.88253 47.1077 55
      vertex 6.94114 47.1019 45
      vertex 6.88253 47.1077 45
    endloop
  endfacet
  facet normal 0.683913 0.729564 -0
    outer loop
      vertex 6.40659 47.3233 45
      vertex 6.3636 47.3636 55
      vertex 6.40659 47.3233 55
    endloop
  endfacet
  facet normal 0.683913 0.729564 0
    outer loop
      vertex 6.3636 47.3636 55
      vertex 6.40659 47.3233 45
      vertex 6.3636 47.3636 45
    endloop
  endfacet
  facet normal 0.849141 0.528166 0
    outer loop
      vertex 6.25168 47.5 55
      vertex 6.22058 47.55 45
      vertex 6.22058 47.55 55
    endloop
  endfacet
  facet normal 0.849141 0.528166 0
    outer loop
      vertex 6.22058 47.55 45
      vertex 6.25168 47.5 55
      vertex 6.25168 47.5 45
    endloop
  endfacet
  facet normal 0.911062 0.412268 0
    outer loop
      vertex 6.19281 47.6019 55
      vertex 6.16851 47.6556 45
      vertex 6.16851 47.6556 55
    endloop
  endfacet
  facet normal 0.911062 0.412268 0
    outer loop
      vertex 6.16851 47.6556 45
      vertex 6.19281 47.6019 55
      vertex 6.19281 47.6019 45
    endloop
  endfacet
  facet normal 0.973804 0.227391 0
    outer loop
      vertex 6.13067 47.7671 55
      vertex 6.11729 47.8244 45
      vertex 6.11729 47.8244 55
    endloop
  endfacet
  facet normal 0.973804 0.227391 0
    outer loop
      vertex 6.11729 47.8244 45
      vertex 6.13067 47.7671 55
      vertex 6.13067 47.7671 45
    endloop
  endfacet
  facet normal -0.162995 0.986627 0
    outer loop
      vertex 7.17558 47.1173 45
      vertex 7.11747 47.1077 55
      vertex 7.17558 47.1173 55
    endloop
  endfacet
  facet normal -0.162995 0.986627 0
    outer loop
      vertex 7.11747 47.1077 55
      vertex 7.17558 47.1173 45
      vertex 7.11747 47.1077 45
    endloop
  endfacet
  facet normal -0.0984782 0.995139 0
    outer loop
      vertex 7.11747 47.1077 45
      vertex 7.05886 47.1019 55
      vertex 7.11747 47.1077 55
    endloop
  endfacet
  facet normal -0.0984782 0.995139 0
    outer loop
      vertex 7.05886 47.1019 55
      vertex 7.11747 47.1077 45
      vertex 7.05886 47.1019 45
    endloop
  endfacet
  facet normal -0.911062 0.412268 0
    outer loop
      vertex 7.80719 47.6019 45
      vertex 7.83149 47.6556 55
      vertex 7.83149 47.6556 45
    endloop
  endfacet
  facet normal -0.911062 0.412268 0
    outer loop
      vertex 7.83149 47.6556 55
      vertex 7.80719 47.6019 45
      vertex 7.80719 47.6019 55
    endloop
  endfacet
  facet normal -0.973804 0.227391 0
    outer loop
      vertex 7.86933 47.7671 45
      vertex 7.88271 47.8244 55
      vertex 7.88271 47.8244 45
    endloop
  endfacet
  facet normal -0.973804 0.227391 0
    outer loop
      vertex 7.88271 47.8244 55
      vertex 7.86933 47.7671 45
      vertex 7.86933 47.7671 55
    endloop
  endfacet
  facet normal -0.849141 0.528166 0
    outer loop
      vertex 7.74832 47.5 45
      vertex 7.77942 47.55 55
      vertex 7.77942 47.55 45
    endloop
  endfacet
  facet normal -0.849141 0.528166 0
    outer loop
      vertex 7.77942 47.55 55
      vertex 7.74832 47.5 45
      vertex 7.74832 47.5 55
    endloop
  endfacet
  facet normal -0.813045 0.582201 0
    outer loop
      vertex 7.71402 47.4521 45
      vertex 7.74832 47.5 55
      vertex 7.74832 47.5 45
    endloop
  endfacet
  facet normal -0.813045 0.582201 0
    outer loop
      vertex 7.74832 47.5 55
      vertex 7.71402 47.4521 45
      vertex 7.71402 47.4521 55
    endloop
  endfacet
  facet normal -0.729982 0.683467 0
    outer loop
      vertex 7.6364 47.3636 45
      vertex 7.67666 47.4066 55
      vertex 7.67666 47.4066 45
    endloop
  endfacet
  facet normal -0.729982 0.683467 0
    outer loop
      vertex 7.67666 47.4066 55
      vertex 7.6364 47.3636 45
      vertex 7.6364 47.3636 55
    endloop
  endfacet
  facet normal -0.52809 0.849189 0
    outer loop
      vertex 7.50001 47.2517 45
      vertex 7.45 47.2206 55
      vertex 7.50001 47.2517 55
    endloop
  endfacet
  facet normal -0.52809 0.849189 0
    outer loop
      vertex 7.45 47.2206 55
      vertex 7.50001 47.2517 45
      vertex 7.45 47.2206 45
    endloop
  endfacet
  facet normal 0.0322632 0.999479 -0
    outer loop
      vertex 7 47.1 45
      vertex 6.94114 47.1019 55
      vertex 7 47.1 55
    endloop
  endfacet
  facet normal 0.0322632 0.999479 0
    outer loop
      vertex 6.94114 47.1019 55
      vertex 7 47.1 45
      vertex 6.94114 47.1019 45
    endloop
  endfacet
  facet normal 0.471892 0.881657 -0
    outer loop
      vertex 6.60194 47.1928 45
      vertex 6.55 47.2206 55
      vertex 6.60194 47.1928 55
    endloop
  endfacet
  facet normal 0.471892 0.881657 0
    outer loop
      vertex 6.55 47.2206 55
      vertex 6.60194 47.1928 45
      vertex 6.55 47.2206 45
    endloop
  endfacet
  facet normal 0.93584 0.352426 0
    outer loop
      vertex 6.16851 47.6556 55
      vertex 6.14776 47.7107 45
      vertex 6.14776 47.7107 55
    endloop
  endfacet
  facet normal 0.93584 0.352426 0
    outer loop
      vertex 6.14776 47.7107 45
      vertex 6.16851 47.6556 55
      vertex 6.16851 47.6556 45
    endloop
  endfacet
  facet normal 0.957029 0.289993 0
    outer loop
      vertex 6.14776 47.7107 55
      vertex 6.13067 47.7671 45
      vertex 6.13067 47.7671 55
    endloop
  endfacet
  facet normal 0.957029 0.289993 0
    outer loop
      vertex 6.13067 47.7671 45
      vertex 6.14776 47.7107 55
      vertex 6.14776 47.7107 45
    endloop
  endfacet
  facet normal 0.98665 0.162857 0
    outer loop
      vertex 6.11729 47.8244 55
      vertex 6.1077 47.8825 45
      vertex 6.1077 47.8825 55
    endloop
  endfacet
  facet normal 0.98665 0.162857 0
    outer loop
      vertex 6.1077 47.8825 45
      vertex 6.11729 47.8244 55
      vertex 6.11729 47.8244 45
    endloop
  endfacet
  facet normal 0.995187 0.0979903 0
    outer loop
      vertex 6.1077 47.8825 55
      vertex 6.10193 47.9411 45
      vertex 6.10193 47.9411 55
    endloop
  endfacet
  facet normal 0.995187 0.0979903 0
    outer loop
      vertex 6.10193 47.9411 45
      vertex 6.1077 47.8825 55
      vertex 6.1077 47.8825 45
    endloop
  endfacet
  facet normal -0.290337 0.956924 0
    outer loop
      vertex 7.2893 47.1478 45
      vertex 7.23294 47.1307 55
      vertex 7.2893 47.1478 55
    endloop
  endfacet
  facet normal -0.290337 0.956924 0
    outer loop
      vertex 7.23294 47.1307 55
      vertex 7.2893 47.1478 45
      vertex 7.23294 47.1307 45
    endloop
  endfacet
  facet normal -0.227487 0.973781 0
    outer loop
      vertex 7.23294 47.1307 45
      vertex 7.17558 47.1173 55
      vertex 7.23294 47.1307 55
    endloop
  endfacet
  facet normal -0.227487 0.973781 0
    outer loop
      vertex 7.17558 47.1173 55
      vertex 7.23294 47.1307 45
      vertex 7.17558 47.1173 45
    endloop
  endfacet
  facet normal 0.52809 0.849189 -0
    outer loop
      vertex 6.55 47.2206 45
      vertex 6.49999 47.2517 55
      vertex 6.55 47.2206 55
    endloop
  endfacet
  facet normal 0.52809 0.849189 0
    outer loop
      vertex 6.49999 47.2517 55
      vertex 6.55 47.2206 45
      vertex 6.49999 47.2517 45
    endloop
  endfacet
  facet normal 0.582362 0.81293 -0
    outer loop
      vertex 6.49999 47.2517 45
      vertex 6.45211 47.286 55
      vertex 6.49999 47.2517 55
    endloop
  endfacet
  facet normal 0.582362 0.81293 0
    outer loop
      vertex 6.45211 47.286 55
      vertex 6.49999 47.2517 45
      vertex 6.45211 47.286 45
    endloop
  endfacet
  facet normal 0.412651 0.910889 -0
    outer loop
      vertex 6.65558 47.1685 45
      vertex 6.60194 47.1928 55
      vertex 6.65558 47.1685 55
    endloop
  endfacet
  facet normal 0.412651 0.910889 0
    outer loop
      vertex 6.60194 47.1928 55
      vertex 6.65558 47.1685 45
      vertex 6.60194 47.1928 45
    endloop
  endfacet
  facet normal 0.35157 0.936162 -0
    outer loop
      vertex 6.7107 47.1478 45
      vertex 6.65558 47.1685 55
      vertex 6.7107 47.1478 55
    endloop
  endfacet
  facet normal 0.35157 0.936162 0
    outer loop
      vertex 6.65558 47.1685 55
      vertex 6.7107 47.1478 45
      vertex 6.65558 47.1685 45
    endloop
  endfacet
  facet normal 0.227487 0.973781 -0
    outer loop
      vertex 6.82442 47.1173 45
      vertex 6.76706 47.1307 55
      vertex 6.82442 47.1173 55
    endloop
  endfacet
  facet normal 0.227487 0.973781 0
    outer loop
      vertex 6.76706 47.1307 55
      vertex 6.82442 47.1173 45
      vertex 6.76706 47.1307 45
    endloop
  endfacet
  facet normal 0.290337 0.956924 -0
    outer loop
      vertex 6.76706 47.1307 45
      vertex 6.7107 47.1478 55
      vertex 6.76706 47.1307 55
    endloop
  endfacet
  facet normal 0.290337 0.956924 0
    outer loop
      vertex 6.7107 47.1478 55
      vertex 6.76706 47.1307 45
      vertex 6.7107 47.1478 45
    endloop
  endfacet
  facet normal 1 -0 0
    outer loop
      vertex -4 51 55
      vertex -4 55 52
      vertex -4 55 55
    endloop
  endfacet
  facet normal 1 0 0
    outer loop
      vertex -4 55 52
      vertex -4 51 55
      vertex -4 51 52
    endloop
  endfacet
  facet normal -1 0 0
    outer loop
      vertex 4 51 52
      vertex 4 55 55
      vertex 4 55 52
    endloop
  endfacet
  facet normal -1 -0 0
    outer loop
      vertex 4 55 55
      vertex 4 51 52
      vertex 4 51 55
    endloop
  endfacet
  facet normal -0 0 1
    outer loop
      vertex -4 55 52
      vertex 4 51 52
      vertex 4 55 52
    endloop
  endfacet
  facet normal 0 0 1
    outer loop
      vertex 4 51 52
      vertex -4 55 52
      vertex -4 51 52
    endloop
  endfacet
  facet normal 0 1 0
    outer loop
      vertex 4 51 55
      vertex 1.99572 51 54.8692
      vertex 2 51 55
    endloop
  endfacet
  facet normal 0 1 0
    outer loop
      vertex 4 51 55
      vertex 1.98289 51 54.7389
      vertex 1.99572 51 54.8692
    endloop
  endfacet
  facet normal 0 1 0
    outer loop
      vertex 4 51 55
      vertex 1.96157 51 54.6098
      vertex 1.98289 51 54.7389
    endloop
  endfacet
  facet normal 0 1 0
    outer loop
      vertex 4 51 55
      vertex 1.93185 51 54.4824
      vertex 1.96157 51 54.6098
    endloop
  endfacet
  facet normal 0 1 0
    outer loop
      vertex 4 51 55
      vertex 1.89386 51 54.3571
      vertex 1.93185 51 54.4824
    endloop
  endfacet
  facet normal 0 1 0
    outer loop
      vertex 4 51 55
      vertex 1.84776 51 54.2346
      vertex 1.89386 51 54.3571
    endloop
  endfacet
  facet normal 0 1 0
    outer loop
      vertex 4 51 55
      vertex 1.79375 51 54.1154
      vertex 1.84776 51 54.2346
    endloop
  endfacet
  facet normal 0 1 -0
    outer loop
      vertex 4 51 52
      vertex 1.79375 51 54.1154
      vertex 4 51 55
    endloop
  endfacet
  facet normal 0 1 0
    outer loop
      vertex 1.79375 51 54.1154
      vertex 4 51 52
      vertex 1.73205 51 54
    endloop
  endfacet
  facet normal 0 1 0
    outer loop
      vertex 1.73205 51 54
      vertex 4 51 52
      vertex 1.66294 51 53.8889
    endloop
  endfacet
  facet normal 0 1 0
    outer loop
      vertex 1.66294 51 53.8889
      vertex 4 51 52
      vertex 1.58671 51 53.7825
    endloop
  endfacet
  facet normal 0 1 0
    outer loop
      vertex 1.58671 51 53.7825
      vertex 4 51 52
      vertex 1.50368 51 53.6813
    endloop
  endfacet
  facet normal 0 1 0
    outer loop
      vertex 1.50368 51 53.6813
      vertex 4 51 52
      vertex 1.41421 51 53.5858
    endloop
  endfacet
  facet normal 0 1 0
    outer loop
      vertex 1.41421 51 53.5858
      vertex 4 51 52
      vertex 1.31869 51 53.4963
    endloop
  endfacet
  facet normal 0 1 0
    outer loop
      vertex 1.31869 51 53.4963
      vertex 4 51 52
      vertex 1.21752 51 53.4133
    endloop
  endfacet
  facet normal 0 1 0
    outer loop
      vertex 1.21752 51 53.4133
      vertex 4 51 52
      vertex 1.11114 51 53.3371
    endloop
  endfacet
  facet normal 0 1 0
    outer loop
      vertex 0.130806 51 53.0043
      vertex 4 51 52
      vertex 0 51 53
    endloop
  endfacet
  facet normal 0 1 0
    outer loop
      vertex 0.261052 51 53.0171
      vertex 4 51 52
      vertex 0.130806 51 53.0043
    endloop
  endfacet
  facet normal 0 1 0
    outer loop
      vertex 0.390181 51 53.0384
      vertex 4 51 52
      vertex 0.261052 51 53.0171
    endloop
  endfacet
  facet normal 0 1 0
    outer loop
      vertex 0.517637 51 53.0681
      vertex 4 51 52
      vertex 0.390181 51 53.0384
    endloop
  endfacet
  facet normal 0 1 0
    outer loop
      vertex 0.642879 51 53.1061
      vertex 4 51 52
      vertex 0.517637 51 53.0681
    endloop
  endfacet
  facet normal 0 1 0
    outer loop
      vertex 0.765367 51 53.1522
      vertex 4 51 52
      vertex 0.642879 51 53.1061
    endloop
  endfacet
  facet normal 0 1 0
    outer loop
      vertex 0.884577 51 53.2063
      vertex 4 51 52
      vertex 0.765367 51 53.1522
    endloop
  endfacet
  facet normal 0 1 0
    outer loop
      vertex 1 51 53.2679
      vertex 4 51 52
      vertex 0.884577 51 53.2063
    endloop
  endfacet
  facet normal 0 1 0
    outer loop
      vertex 1.11114 51 53.3371
      vertex 4 51 52
      vertex 1 51 53.2679
    endloop
  endfacet
  facet normal 0 1 0
    outer loop
      vertex -1.99572 51 54.8692
      vertex -4 51 55
      vertex -2 51 55
    endloop
  endfacet
  facet normal 0 1 0
    outer loop
      vertex -1.98289 51 54.7389
      vertex -4 51 55
      vertex -1.99572 51 54.8692
    endloop
  endfacet
  facet normal 0 1 0
    outer loop
      vertex -1.96157 51 54.6098
      vertex -4 51 55
      vertex -1.98289 51 54.7389
    endloop
  endfacet
  facet normal 0 1 0
    outer loop
      vertex -1.93185 51 54.4824
      vertex -4 51 55
      vertex -1.96157 51 54.6098
    endloop
  endfacet
  facet normal 0 1 0
    outer loop
      vertex -1.89386 51 54.3571
      vertex -4 51 55
      vertex -1.93185 51 54.4824
    endloop
  endfacet
  facet normal 0 1 0
    outer loop
      vertex -1.84776 51 54.2346
      vertex -4 51 55
      vertex -1.89386 51 54.3571
    endloop
  endfacet
  facet normal 0 1 0
    outer loop
      vertex -1.79375 51 54.1154
      vertex -4 51 55
      vertex -1.84776 51 54.2346
    endloop
  endfacet
  facet normal 0 1 0
    outer loop
      vertex -4 51 52
      vertex -1.79375 51 54.1154
      vertex -1.73205 51 54
    endloop
  endfacet
  facet normal 0 1 0
    outer loop
      vertex -4 51 52
      vertex -1.73205 51 54
      vertex -1.66294 51 53.8889
    endloop
  endfacet
  facet normal 0 1 0
    outer loop
      vertex -4 51 52
      vertex -1.66294 51 53.8889
      vertex -1.58671 51 53.7825
    endloop
  endfacet
  facet normal 0 1 0
    outer loop
      vertex -4 51 52
      vertex -1.58671 51 53.7825
      vertex -1.50368 51 53.6813
    endloop
  endfacet
  facet normal 0 1 0
    outer loop
      vertex -4 51 52
      vertex -1.50368 51 53.6813
      vertex -1.41421 51 53.5858
    endloop
  endfacet
  facet normal 0 1 0
    outer loop
      vertex -4 51 52
      vertex -1.41421 51 53.5858
      vertex -1.31869 51 53.4963
    endloop
  endfacet
  facet normal 0 1 0
    outer loop
      vertex -4 51 52
      vertex -1.31869 51 53.4963
      vertex -1.21752 51 53.4133
    endloop
  endfacet
  facet normal 0 1 0
    outer loop
      vertex -4 51 52
      vertex -1.21752 51 53.4133
      vertex -1.11114 51 53.3371
    endloop
  endfacet
  facet normal 0 1 0
    outer loop
      vertex -4 51 52
      vertex -1.11114 51 53.3371
      vertex -1 51 53.2679
    endloop
  endfacet
  facet normal 0 1 0
    outer loop
      vertex -4 51 52
      vertex 0 51 53
      vertex 4 51 52
    endloop
  endfacet
  facet normal 0 1 0
    outer loop
      vertex 0 51 53
      vertex -4 51 52
      vertex -0.130806 51 53.0043
    endloop
  endfacet
  facet normal 0 1 0
    outer loop
      vertex -0.130806 51 53.0043
      vertex -4 51 52
      vertex -0.261052 51 53.0171
    endloop
  endfacet
  facet normal 0 1 0
    outer loop
      vertex -0.261052 51 53.0171
      vertex -4 51 52
      vertex -0.390181 51 53.0384
    endloop
  endfacet
  facet normal 0 1 0
    outer loop
      vertex -1.79375 51 54.1154
      vertex -4 51 52
      vertex -4 51 55
    endloop
  endfacet
  facet normal 0 1 0
    outer loop
      vertex -0.884577 51 53.2063
      vertex -4 51 52
      vertex -1 51 53.2679
    endloop
  endfacet
  facet normal 0 1 0
    outer loop
      vertex -0.765367 51 53.1522
      vertex -4 51 52
      vertex -0.884577 51 53.2063
    endloop
  endfacet
  facet normal 0 1 0
    outer loop
      vertex -0.642879 51 53.1061
      vertex -4 51 52
      vertex -0.765367 51 53.1522
    endloop
  endfacet
  facet normal 0 1 0
    outer loop
      vertex -0.517637 51 53.0681
      vertex -4 51 52
      vertex -0.642879 51 53.1061
    endloop
  endfacet
  facet normal 0 1 0
    outer loop
      vertex -0.390181 51 53.0384
      vertex -4 51 52
      vertex -0.517637 51 53.0681
    endloop
  endfacet
  facet normal 1 -0 0
    outer loop
      vertex -11.2 52.6 60
      vertex -11.2 55 55
      vertex -11.2 55 60
    endloop
  endfacet
  facet normal 1 0 0
    outer loop
      vertex -11.2 55 55
      vertex -11.2 52.6 60
      vertex -11.2 52.6 55
    endloop
  endfacet
  facet normal -1 0 0
    outer loop
      vertex 11.2 52.6 55
      vertex 11.2 55 60
      vertex 11.2 55 55
    endloop
  endfacet
  facet normal -1 -0 0
    outer loop
      vertex 11.2 55 60
      vertex 11.2 52.6 55
      vertex 11.2 52.6 60
    endloop
  endfacet
  facet normal 0.999465 -0 0.0327042
    outer loop
      vertex -2 43 55
      vertex -1.99572 51 54.8692
      vertex -2 51 55
    endloop
  endfacet
  facet normal 0.999465 0 0.0327042
    outer loop
      vertex -1.99572 51 54.8692
      vertex -2 43 55
      vertex -1.99572 43 54.8692
    endloop
  endfacet
  facet normal -0.956981 0 0.290149
    outer loop
      vertex 1.89386 43 54.3571
      vertex 1.93185 51 54.4824
      vertex 1.89386 51 54.3571
    endloop
  endfacet
  facet normal -0.956981 0 0.290149
    outer loop
      vertex 1.93185 51 54.4824
      vertex 1.89386 43 54.3571
      vertex 1.93185 43 54.4824
    endloop
  endfacet
  facet normal 0.290342 0 0.956923
    outer loop
      vertex -0.642879 51 53.1061
      vertex -0.517637 43 53.0681
      vertex -0.517637 51 53.0681
    endloop
  endfacet
  facet normal 0.290342 0 0.956923
    outer loop
      vertex -0.517637 43 53.0681
      vertex -0.642879 51 53.1061
      vertex -0.642879 43 53.1061
    endloop
  endfacet
  facet normal -0.0978044 0 0.995206
    outer loop
      vertex 0.130806 51 53.0043
      vertex 0.261052 43 53.0171
      vertex 0.261052 51 53.0171
    endloop
  endfacet
  facet normal -0.0978044 0 0.995206
    outer loop
      vertex 0.261052 43 53.0171
      vertex 0.130806 51 53.0043
      vertex 0.130806 43 53.0043
    endloop
  endfacet
  facet normal -0.226942 0 0.973908
    outer loop
      vertex 0.390181 51 53.0384
      vertex 0.517637 43 53.0681
      vertex 0.517637 51 53.0681
    endloop
  endfacet
  facet normal -0.226942 0 0.973908
    outer loop
      vertex 0.517637 43 53.0681
      vertex 0.390181 51 53.0384
      vertex 0.390181 43 53.0384
    endloop
  endfacet
  facet normal -0.290342 0 0.956923
    outer loop
      vertex 0.517637 51 53.0681
      vertex 0.642879 43 53.1061
      vertex 0.642879 51 53.1061
    endloop
  endfacet
  facet normal -0.290342 0 0.956923
    outer loop
      vertex 0.642879 43 53.1061
      vertex 0.517637 51 53.0681
      vertex 0.517637 43 53.0681
    endloop
  endfacet
  facet normal -0.634265 0 0.773116
    outer loop
      vertex 1.21752 51 53.4133
      vertex 1.31869 43 53.4963
      vertex 1.31869 51 53.4963
    endloop
  endfacet
  facet normal -0.634265 0 0.773116
    outer loop
      vertex 1.31869 43 53.4963
      vertex 1.21752 51 53.4133
      vertex 1.21752 43 53.4133
    endloop
  endfacet
  facet normal -0.849121 0 0.528198
    outer loop
      vertex 1.66294 43 53.8889
      vertex 1.73205 51 54
      vertex 1.66294 51 53.8889
    endloop
  endfacet
  facet normal -0.849121 0 0.528198
    outer loop
      vertex 1.73205 51 54
      vertex 1.66294 43 53.8889
      vertex 1.73205 43 54
    endloop
  endfacet
  facet normal -0.881866 0 0.4715
    outer loop
      vertex 1.73205 43 54
      vertex 1.79375 51 54.1154
      vertex 1.73205 51 54
    endloop
  endfacet
  facet normal -0.881866 0 0.4715
    outer loop
      vertex 1.79375 51 54.1154
      vertex 1.73205 43 54
      vertex 1.79375 43 54.1154
    endloop
  endfacet
  facet normal 0.0978044 0 0.995206
    outer loop
      vertex -0.261052 51 53.0171
      vertex -0.130806 43 53.0043
      vertex -0.130806 51 53.0043
    endloop
  endfacet
  facet normal 0.0978044 0 0.995206
    outer loop
      vertex -0.130806 43 53.0043
      vertex -0.261052 51 53.0171
      vertex -0.261052 43 53.0171
    endloop
  endfacet
  facet normal 0.470833 0 0.882223
    outer loop
      vertex -1 51 53.2679
      vertex -0.884577 43 53.2063
      vertex -0.884577 51 53.2063
    endloop
  endfacet
  facet normal 0.470833 0 0.882223
    outer loop
      vertex -0.884577 43 53.2063
      vertex -1 51 53.2679
      vertex -1 43 53.2679
    endloop
  endfacet
  facet normal 0.528556 0 0.848898
    outer loop
      vertex -1.11114 51 53.3371
      vertex -1 43 53.2679
      vertex -1 51 53.2679
    endloop
  endfacet
  facet normal 0.528556 0 0.848898
    outer loop
      vertex -1 43 53.2679
      vertex -1.11114 51 53.3371
      vertex -1.11114 43 53.3371
    endloop
  endfacet
  facet normal 0.995187 -0 0.0979912
    outer loop
      vertex -1.99572 43 54.8692
      vertex -1.98289 51 54.7389
      vertex -1.99572 51 54.8692
    endloop
  endfacet
  facet normal 0.995187 0 0.0979912
    outer loop
      vertex -1.98289 51 54.7389
      vertex -1.99572 43 54.8692
      vertex -1.98289 43 54.7389
    endloop
  endfacet
  facet normal -0.162752 0 0.986667
    outer loop
      vertex 0.261052 51 53.0171
      vertex 0.390181 43 53.0384
      vertex 0.390181 51 53.0384
    endloop
  endfacet
  facet normal -0.162752 0 0.986667
    outer loop
      vertex 0.390181 43 53.0384
      vertex 0.261052 51 53.0171
      vertex 0.261052 43 53.0171
    endloop
  endfacet
  facet normal -0.470833 0 0.882223
    outer loop
      vertex 0.884577 51 53.2063
      vertex 1 43 53.2679
      vertex 1 51 53.2679
    endloop
  endfacet
  facet normal -0.470833 0 0.882223
    outer loop
      vertex 1 43 53.2679
      vertex 0.884577 51 53.2063
      vertex 0.884577 43 53.2063
    endloop
  endfacet
  facet normal -0.582322 0 0.812958
    outer loop
      vertex 1.11114 51 53.3371
      vertex 1.21752 43 53.4133
      vertex 1.21752 51 53.4133
    endloop
  endfacet
  facet normal -0.582322 0 0.812958
    outer loop
      vertex 1.21752 43 53.4133
      vertex 1.11114 51 53.3371
      vertex 1.11114 43 53.3371
    endloop
  endfacet
  facet normal -0.773095 0 0.63429
    outer loop
      vertex 1.50368 43 53.6813
      vertex 1.58671 51 53.7825
      vertex 1.50368 51 53.6813
    endloop
  endfacet
  facet normal -0.773095 0 0.63429
    outer loop
      vertex 1.58671 51 53.7825
      vertex 1.50368 43 53.6813
      vertex 1.58671 43 53.7825
    endloop
  endfacet
  facet normal 0.634265 0 0.773116
    outer loop
      vertex -1.31869 51 53.4963
      vertex -1.21752 43 53.4133
      vertex -1.21752 51 53.4133
    endloop
  endfacet
  facet normal 0.634265 0 0.773116
    outer loop
      vertex -1.21752 43 53.4133
      vertex -1.31869 51 53.4963
      vertex -1.31869 43 53.4963
    endloop
  endfacet
  facet normal 0.773095 -0 0.63429
    outer loop
      vertex -1.58671 43 53.7825
      vertex -1.50368 51 53.6813
      vertex -1.58671 51 53.7825
    endloop
  endfacet
  facet normal 0.773095 0 0.63429
    outer loop
      vertex -1.50368 51 53.6813
      vertex -1.58671 43 53.7825
      vertex -1.50368 43 53.6813
    endloop
  endfacet
  facet normal 0.812902 -0 0.582401
    outer loop
      vertex -1.66294 43 53.8889
      vertex -1.58671 51 53.7825
      vertex -1.66294 51 53.8889
    endloop
  endfacet
  facet normal 0.812902 0 0.582401
    outer loop
      vertex -1.58671 51 53.7825
      vertex -1.66294 43 53.8889
      vertex -1.58671 43 53.7825
    endloop
  endfacet
  facet normal 0.881866 -0 0.4715
    outer loop
      vertex -1.79375 43 54.1154
      vertex -1.73205 51 54
      vertex -1.79375 51 54.1154
    endloop
  endfacet
  facet normal 0.881866 0 0.4715
    outer loop
      vertex -1.73205 51 54
      vertex -1.79375 43 54.1154
      vertex -1.73205 43 54
    endloop
  endfacet
  facet normal 0.956981 -0 0.290149
    outer loop
      vertex -1.93185 43 54.4824
      vertex -1.89386 51 54.3571
      vertex -1.93185 51 54.4824
    endloop
  endfacet
  facet normal 0.956981 0 0.290149
    outer loop
      vertex -1.89386 51 54.3571
      vertex -1.93185 43 54.4824
      vertex -1.89386 43 54.3571
    endloop
  endfacet
  facet normal -0.352242 0 0.935909
    outer loop
      vertex 0.642879 51 53.1061
      vertex 0.765367 43 53.1522
      vertex 0.765367 51 53.1522
    endloop
  endfacet
  facet normal -0.352242 0 0.935909
    outer loop
      vertex 0.765367 43 53.1522
      vertex 0.642879 51 53.1061
      vertex 0.642879 43 53.1061
    endloop
  endfacet
  facet normal -0.413256 0 0.910615
    outer loop
      vertex 0.765367 51 53.1522
      vertex 0.884577 43 53.2063
      vertex 0.884577 51 53.2063
    endloop
  endfacet
  facet normal -0.413256 0 0.910615
    outer loop
      vertex 0.884577 43 53.2063
      vertex 0.765367 51 53.1522
      vertex 0.765367 43 53.1522
    endloop
  endfacet
  facet normal -0.683738 0 0.729728
    outer loop
      vertex 1.31869 51 53.4963
      vertex 1.41421 43 53.5858
      vertex 1.41421 51 53.5858
    endloop
  endfacet
  facet normal -0.683738 0 0.729728
    outer loop
      vertex 1.41421 43 53.5858
      vertex 1.31869 51 53.4963
      vertex 1.31869 43 53.4963
    endloop
  endfacet
  facet normal -0.729771 0 0.683692
    outer loop
      vertex 1.41421 43 53.5858
      vertex 1.50368 51 53.6813
      vertex 1.41421 51 53.5858
    endloop
  endfacet
  facet normal -0.729771 0 0.683692
    outer loop
      vertex 1.50368 51 53.6813
      vertex 1.41421 43 53.5858
      vertex 1.50368 43 53.6813
    endloop
  endfacet
  facet normal -0.528556 0 0.848898
    outer loop
      vertex 1 51 53.2679
      vertex 1.11114 43 53.3371
      vertex 1.11114 51 53.3371
    endloop
  endfacet
  facet normal -0.528556 0 0.848898
    outer loop
      vertex 1.11114 43 53.3371
      vertex 1 51 53.2679
      vertex 1 43 53.2679
    endloop
  endfacet
  facet normal -0.812902 0 0.582401
    outer loop
      vertex 1.58671 43 53.7825
      vertex 1.66294 51 53.8889
      vertex 1.58671 51 53.7825
    endloop
  endfacet
  facet normal -0.812902 0 0.582401
    outer loop
      vertex 1.66294 51 53.8889
      vertex 1.58671 43 53.7825
      vertex 1.66294 43 53.8889
    endloop
  endfacet
  facet normal -0.91086 0 0.412715
    outer loop
      vertex 1.79375 43 54.1154
      vertex 1.84776 51 54.2346
      vertex 1.79375 51 54.1154
    endloop
  endfacet
  facet normal -0.91086 0 0.412715
    outer loop
      vertex 1.84776 51 54.2346
      vertex 1.79375 43 54.1154
      vertex 1.84776 43 54.2346
    endloop
  endfacet
  facet normal -0.93592 0 0.352212
    outer loop
      vertex 1.84776 43 54.2346
      vertex 1.89386 51 54.3571
      vertex 1.84776 51 54.2346
    endloop
  endfacet
  facet normal -0.93592 0 0.352212
    outer loop
      vertex 1.89386 51 54.3571
      vertex 1.84776 43 54.2346
      vertex 1.89386 43 54.3571
    endloop
  endfacet
  facet normal -0.973852 0 0.227181
    outer loop
      vertex 1.93185 43 54.4824
      vertex 1.96157 51 54.6098
      vertex 1.93185 51 54.4824
    endloop
  endfacet
  facet normal -0.973852 0 0.227181
    outer loop
      vertex 1.96157 51 54.6098
      vertex 1.93185 43 54.4824
      vertex 1.96157 43 54.6098
    endloop
  endfacet
  facet normal -0.995187 0 0.0979912
    outer loop
      vertex 1.98289 43 54.7389
      vertex 1.99572 51 54.8692
      vertex 1.98289 51 54.7389
    endloop
  endfacet
  facet normal -0.995187 0 0.0979912
    outer loop
      vertex 1.99572 51 54.8692
      vertex 1.98289 43 54.7389
      vertex 1.99572 43 54.8692
    endloop
  endfacet
  facet normal -0.999465 0 0.0327042
    outer loop
      vertex 1.99572 43 54.8692
      vertex 2 51 55
      vertex 1.99572 51 54.8692
    endloop
  endfacet
  facet normal -0.999465 0 0.0327042
    outer loop
      vertex 2 51 55
      vertex 1.99572 43 54.8692
      vertex 2 43 55
    endloop
  endfacet
  facet normal 0.226942 0 0.973908
    outer loop
      vertex -0.517637 51 53.0681
      vertex -0.390181 43 53.0384
      vertex -0.390181 51 53.0384
    endloop
  endfacet
  facet normal 0.226942 0 0.973908
    outer loop
      vertex -0.390181 43 53.0384
      vertex -0.517637 51 53.0681
      vertex -0.517637 43 53.0681
    endloop
  endfacet
  facet normal 0.162752 0 0.986667
    outer loop
      vertex -0.390181 51 53.0384
      vertex -0.261052 43 53.0171
      vertex -0.261052 51 53.0171
    endloop
  endfacet
  facet normal 0.162752 0 0.986667
    outer loop
      vertex -0.261052 43 53.0171
      vertex -0.390181 51 53.0384
      vertex -0.390181 43 53.0384
    endloop
  endfacet
  facet normal 0.0328554 0 0.99946
    outer loop
      vertex -0.130806 51 53.0043
      vertex 0 43 53
      vertex 0 51 53
    endloop
  endfacet
  facet normal 0.0328554 0 0.99946
    outer loop
      vertex 0 43 53
      vertex -0.130806 51 53.0043
      vertex -0.130806 43 53.0043
    endloop
  endfacet
  facet normal -0.0328554 0 0.99946
    outer loop
      vertex 0 51 53
      vertex 0.130806 43 53.0043
      vertex 0.130806 51 53.0043
    endloop
  endfacet
  facet normal -0.0328554 0 0.99946
    outer loop
      vertex 0.130806 43 53.0043
      vertex 0 51 53
      vertex 0 43 53
    endloop
  endfacet
  facet normal 0.413256 0 0.910615
    outer loop
      vertex -0.884577 51 53.2063
      vertex -0.765367 43 53.1522
      vertex -0.765367 51 53.1522
    endloop
  endfacet
  facet normal 0.413256 0 0.910615
    outer loop
      vertex -0.765367 43 53.1522
      vertex -0.884577 51 53.2063
      vertex -0.884577 43 53.2063
    endloop
  endfacet
  facet normal 0.352242 0 0.935909
    outer loop
      vertex -0.765367 51 53.1522
      vertex -0.642879 43 53.1061
      vertex -0.642879 51 53.1061
    endloop
  endfacet
  facet normal 0.352242 0 0.935909
    outer loop
      vertex -0.642879 43 53.1061
      vertex -0.765367 51 53.1522
      vertex -0.765367 43 53.1522
    endloop
  endfacet
  facet normal 0.582322 0 0.812958
    outer loop
      vertex -1.21752 51 53.4133
      vertex -1.11114 43 53.3371
      vertex -1.11114 51 53.3371
    endloop
  endfacet
  facet normal 0.582322 0 0.812958
    outer loop
      vertex -1.11114 43 53.3371
      vertex -1.21752 51 53.4133
      vertex -1.21752 43 53.4133
    endloop
  endfacet
  facet normal 0.729771 -0 0.683692
    outer loop
      vertex -1.50368 43 53.6813
      vertex -1.41421 51 53.5858
      vertex -1.50368 51 53.6813
    endloop
  endfacet
  facet normal 0.729771 0 0.683692
    outer loop
      vertex -1.41421 51 53.5858
      vertex -1.50368 43 53.6813
      vertex -1.41421 43 53.5858
    endloop
  endfacet
  facet normal 0.683738 0 0.729728
    outer loop
      vertex -1.41421 51 53.5858
      vertex -1.31869 43 53.4963
      vertex -1.31869 51 53.4963
    endloop
  endfacet
  facet normal 0.683738 0 0.729728
    outer loop
      vertex -1.31869 43 53.4963
      vertex -1.41421 51 53.5858
      vertex -1.41421 43 53.5858
    endloop
  endfacet
  facet normal 0.849121 -0 0.528198
    outer loop
      vertex -1.73205 43 54
      vertex -1.66294 51 53.8889
      vertex -1.73205 51 54
    endloop
  endfacet
  facet normal 0.849121 0 0.528198
    outer loop
      vertex -1.66294 51 53.8889
      vertex -1.73205 43 54
      vertex -1.66294 43 53.8889
    endloop
  endfacet
  facet normal 0.986637 -0 0.162936
    outer loop
      vertex -1.98289 43 54.7389
      vertex -1.96157 51 54.6098
      vertex -1.98289 51 54.7389
    endloop
  endfacet
  facet normal 0.986637 0 0.162936
    outer loop
      vertex -1.96157 51 54.6098
      vertex -1.98289 43 54.7389
      vertex -1.96157 43 54.6098
    endloop
  endfacet
  facet normal 0.973852 -0 0.227181
    outer loop
      vertex -1.96157 43 54.6098
      vertex -1.93185 51 54.4824
      vertex -1.96157 51 54.6098
    endloop
  endfacet
  facet normal 0.973852 0 0.227181
    outer loop
      vertex -1.93185 51 54.4824
      vertex -1.96157 43 54.6098
      vertex -1.93185 43 54.4824
    endloop
  endfacet
  facet normal 0.93592 -0 0.352212
    outer loop
      vertex -1.89386 43 54.3571
      vertex -1.84776 51 54.2346
      vertex -1.89386 51 54.3571
    endloop
  endfacet
  facet normal 0.93592 0 0.352212
    outer loop
      vertex -1.84776 51 54.2346
      vertex -1.89386 43 54.3571
      vertex -1.84776 43 54.2346
    endloop
  endfacet
  facet normal 0.91086 -0 0.412715
    outer loop
      vertex -1.84776 43 54.2346
      vertex -1.79375 51 54.1154
      vertex -1.84776 51 54.2346
    endloop
  endfacet
  facet normal 0.91086 0 0.412715
    outer loop
      vertex -1.79375 51 54.1154
      vertex -1.84776 43 54.2346
      vertex -1.79375 43 54.1154
    endloop
  endfacet
  facet normal -0.986637 0 0.162936
    outer loop
      vertex 1.96157 43 54.6098
      vertex 1.98289 51 54.7389
      vertex 1.96157 51 54.6098
    endloop
  endfacet
  facet normal -0.986637 0 0.162936
    outer loop
      vertex 1.98289 51 54.7389
      vertex 1.96157 43 54.6098
      vertex 1.98289 43 54.7389
    endloop
  endfacet
endsolid OpenSCAD_Model
