solid OpenSCAD_Model
  facet normal -0.97398 -0.226633 0
    outer loop
      vertex -78.3327 -44.6683 0
      vertex -78.3579 -44.56 3
      vertex -78.3579 -44.56 0
    endloop
  endfacet
  facet normal -0.97398 -0.226633 0
    outer loop
      vertex -78.3579 -44.56 3
      vertex -78.3327 -44.6683 0
      vertex -78.3327 -44.6683 3
    endloop
  endfacet
  facet normal -0.999476 -0.0323571 0
    outer loop
      vertex -78.3 -45 0
      vertex -78.3036 -44.8888 3
      vertex -78.3036 -44.8888 0
    endloop
  endfacet
  facet normal -0.999476 -0.0323571 0
    outer loop
      vertex -78.3036 -44.8888 3
      vertex -78.3 -45 0
      vertex -78.3 -45 3
    endloop
  endfacet
  facet normal 0.999476 -0.0323571 0
    outer loop
      vertex -81.7 -45 3
      vertex -81.6964 -44.8888 0
      vertex -81.6964 -44.8888 3
    endloop
  endfacet
  facet normal 0.999476 -0.0323571 0
    outer loop
      vertex -81.6964 -44.8888 0
      vertex -81.7 -45 3
      vertex -81.7 -45 0
    endloop
  endfacet
  facet normal -0.0323571 -0.999476 0
    outer loop
      vertex -80 -43.3 0
      vertex -79.8888 -43.3036 3
      vertex -80 -43.3 3
    endloop
  endfacet
  facet normal -0.0323571 -0.999476 -0
    outer loop
      vertex -79.8888 -43.3036 3
      vertex -80 -43.3 0
      vertex -79.8888 -43.3036 0
    endloop
  endfacet
  facet normal 0.683343 -0.730098 0
    outer loop
      vertex -81.2021 -43.7979 0
      vertex -81.1209 -43.7219 3
      vertex -81.2021 -43.7979 3
    endloop
  endfacet
  facet normal 0.683343 -0.730098 0
    outer loop
      vertex -81.1209 -43.7219 3
      vertex -81.2021 -43.7979 0
      vertex -81.1209 -43.7219 0
    endloop
  endfacet
  facet normal -0.956881 -0.290482 0
    outer loop
      vertex -78.3579 -44.56 0
      vertex -78.3902 -44.4536 3
      vertex -78.3902 -44.4536 0
    endloop
  endfacet
  facet normal -0.956881 -0.290482 0
    outer loop
      vertex -78.3902 -44.4536 3
      vertex -78.3579 -44.56 0
      vertex -78.3579 -44.56 3
    endloop
  endfacet
  facet normal -0.730098 -0.683343 0
    outer loop
      vertex -78.7219 -43.8791 0
      vertex -78.7979 -43.7979 3
      vertex -78.7979 -43.7979 0
    endloop
  endfacet
  facet normal -0.730098 -0.683343 0
    outer loop
      vertex -78.7979 -43.7979 3
      vertex -78.7219 -43.8791 0
      vertex -78.7219 -43.8791 3
    endloop
  endfacet
  facet normal -0.412719 -0.910859 0
    outer loop
      vertex -79.3494 -43.4294 0
      vertex -79.2481 -43.4753 3
      vertex -79.3494 -43.4294 3
    endloop
  endfacet
  facet normal -0.412719 -0.910859 -0
    outer loop
      vertex -79.2481 -43.4753 3
      vertex -79.3494 -43.4294 0
      vertex -79.2481 -43.4753 0
    endloop
  endfacet
  facet normal 0.84946 -0.527654 0
    outer loop
      vertex -81.4722 -44.15 3
      vertex -81.4135 -44.0555 0
      vertex -81.4135 -44.0555 3
    endloop
  endfacet
  facet normal 0.84946 -0.527654 0
    outer loop
      vertex -81.4135 -44.0555 0
      vertex -81.4722 -44.15 3
      vertex -81.4722 -44.15 0
    endloop
  endfacet
  facet normal 0.290482 -0.956881 0
    outer loop
      vertex -80.5464 -43.3902 0
      vertex -80.44 -43.3579 3
      vertex -80.5464 -43.3902 3
    endloop
  endfacet
  facet normal 0.290482 -0.956881 0
    outer loop
      vertex -80.44 -43.3579 3
      vertex -80.5464 -43.3902 0
      vertex -80.44 -43.3579 0
    endloop
  endfacet
  facet normal -0.88168 0.471847 0
    outer loop
      vertex -78.5278 -45.85 0
      vertex -78.4753 -45.7519 3
      vertex -78.4753 -45.7519 0
    endloop
  endfacet
  facet normal -0.88168 0.471847 0
    outer loop
      vertex -78.4753 -45.7519 3
      vertex -78.5278 -45.85 0
      vertex -78.5278 -45.85 3
    endloop
  endfacet
  facet normal -0.226434 0.974026 0
    outer loop
      vertex -79.56 -46.6421 0
      vertex -79.6684 -46.6673 3
      vertex -79.56 -46.6421 3
    endloop
  endfacet
  facet normal -0.226434 0.974026 0
    outer loop
      vertex -79.6684 -46.6673 3
      vertex -79.56 -46.6421 0
      vertex -79.6684 -46.6673 0
    endloop
  endfacet
  facet normal -0.683343 0.730098 0
    outer loop
      vertex -78.7979 -46.2021 0
      vertex -78.8791 -46.2781 3
      vertex -78.7979 -46.2021 3
    endloop
  endfacet
  facet normal -0.683343 0.730098 0
    outer loop
      vertex -78.8791 -46.2781 3
      vertex -78.7979 -46.2021 0
      vertex -78.8791 -46.2781 0
    endloop
  endfacet
  facet normal 0.352108 0.93596 -0
    outer loop
      vertex -80.5464 -46.6098 0
      vertex -80.6506 -46.5706 3
      vertex -80.5464 -46.6098 3
    endloop
  endfacet
  facet normal 0.352108 0.93596 0
    outer loop
      vertex -80.6506 -46.5706 3
      vertex -80.5464 -46.6098 0
      vertex -80.6506 -46.5706 0
    endloop
  endfacet
  facet normal -0.910859 -0.412719 0
    outer loop
      vertex -78.4294 -44.3494 0
      vertex -78.4753 -44.2481 3
      vertex -78.4753 -44.2481 0
    endloop
  endfacet
  facet normal -0.910859 -0.412719 0
    outer loop
      vertex -78.4753 -44.2481 3
      vertex -78.4294 -44.3494 0
      vertex -78.4294 -44.3494 3
    endloop
  endfacet
  facet normal -0.84946 -0.527654 0
    outer loop
      vertex -78.5278 -44.15 0
      vertex -78.5865 -44.0555 3
      vertex -78.5865 -44.0555 0
    endloop
  endfacet
  facet normal -0.84946 -0.527654 0
    outer loop
      vertex -78.5865 -44.0555 3
      vertex -78.5278 -44.15 0
      vertex -78.5278 -44.15 3
    endloop
  endfacet
  facet normal -0.81276 -0.582598 0
    outer loop
      vertex -78.5865 -44.0555 0
      vertex -78.6513 -43.9651 3
      vertex -78.6513 -43.9651 0
    endloop
  endfacet
  facet normal -0.81276 -0.582598 0
    outer loop
      vertex -78.6513 -43.9651 3
      vertex -78.5865 -44.0555 0
      vertex -78.5865 -44.0555 3
    endloop
  endfacet
  facet normal -0.226434 -0.974026 0
    outer loop
      vertex -79.6684 -43.3327 0
      vertex -79.56 -43.3579 3
      vertex -79.6684 -43.3327 3
    endloop
  endfacet
  facet normal -0.226434 -0.974026 -0
    outer loop
      vertex -79.56 -43.3579 3
      vertex -79.6684 -43.3327 0
      vertex -79.56 -43.3579 0
    endloop
  endfacet
  facet normal -0.0979904 -0.995187 0
    outer loop
      vertex -79.8888 -43.3036 0
      vertex -79.7781 -43.3145 3
      vertex -79.8888 -43.3036 3
    endloop
  endfacet
  facet normal -0.0979904 -0.995187 -0
    outer loop
      vertex -79.7781 -43.3145 3
      vertex -79.8888 -43.3036 0
      vertex -79.7781 -43.3145 0
    endloop
  endfacet
  facet normal -0.634509 -0.772915 0
    outer loop
      vertex -78.9651 -43.6513 0
      vertex -78.8791 -43.7219 3
      vertex -78.9651 -43.6513 3
    endloop
  endfacet
  facet normal -0.634509 -0.772915 -0
    outer loop
      vertex -78.8791 -43.7219 3
      vertex -78.9651 -43.6513 0
      vertex -78.8791 -43.7219 0
    endloop
  endfacet
  facet normal -0.471847 -0.88168 0
    outer loop
      vertex -79.2481 -43.4753 0
      vertex -79.15 -43.5278 3
      vertex -79.2481 -43.4753 3
    endloop
  endfacet
  facet normal -0.471847 -0.88168 -0
    outer loop
      vertex -79.15 -43.5278 3
      vertex -79.2481 -43.4753 0
      vertex -79.15 -43.5278 0
    endloop
  endfacet
  facet normal -0.582598 -0.81276 0
    outer loop
      vertex -79.0555 -43.5865 0
      vertex -78.9651 -43.6513 3
      vertex -79.0555 -43.5865 3
    endloop
  endfacet
  facet normal -0.582598 -0.81276 -0
    outer loop
      vertex -78.9651 -43.6513 3
      vertex -79.0555 -43.5865 0
      vertex -78.9651 -43.6513 0
    endloop
  endfacet
  facet normal 0.730098 -0.683343 0
    outer loop
      vertex -81.2781 -43.8791 3
      vertex -81.2021 -43.7979 0
      vertex -81.2021 -43.7979 3
    endloop
  endfacet
  facet normal 0.730098 -0.683343 0
    outer loop
      vertex -81.2021 -43.7979 0
      vertex -81.2781 -43.8791 3
      vertex -81.2781 -43.8791 0
    endloop
  endfacet
  facet normal 0.910859 -0.412719 0
    outer loop
      vertex -81.5706 -44.3494 3
      vertex -81.5247 -44.2481 0
      vertex -81.5247 -44.2481 3
    endloop
  endfacet
  facet normal 0.910859 -0.412719 0
    outer loop
      vertex -81.5247 -44.2481 0
      vertex -81.5706 -44.3494 3
      vertex -81.5706 -44.3494 0
    endloop
  endfacet
  facet normal 0.97398 -0.226633 0
    outer loop
      vertex -81.6673 -44.6683 3
      vertex -81.6421 -44.56 0
      vertex -81.6421 -44.56 3
    endloop
  endfacet
  facet normal 0.97398 -0.226633 0
    outer loop
      vertex -81.6421 -44.56 0
      vertex -81.6673 -44.6683 3
      vertex -81.6673 -44.6683 0
    endloop
  endfacet
  facet normal 0.995187 -0.0979904 0
    outer loop
      vertex -81.6964 -44.8888 3
      vertex -81.6855 -44.7781 0
      vertex -81.6855 -44.7781 3
    endloop
  endfacet
  facet normal 0.995187 -0.0979904 0
    outer loop
      vertex -81.6855 -44.7781 0
      vertex -81.6964 -44.8888 3
      vertex -81.6964 -44.8888 0
    endloop
  endfacet
  facet normal 0.527654 -0.84946 0
    outer loop
      vertex -80.9445 -43.5865 0
      vertex -80.85 -43.5278 3
      vertex -80.9445 -43.5865 3
    endloop
  endfacet
  facet normal 0.527654 -0.84946 0
    outer loop
      vertex -80.85 -43.5278 3
      vertex -80.9445 -43.5865 0
      vertex -80.85 -43.5278 0
    endloop
  endfacet
  facet normal 0.412719 -0.910859 0
    outer loop
      vertex -80.7519 -43.4753 0
      vertex -80.6506 -43.4294 3
      vertex -80.7519 -43.4753 3
    endloop
  endfacet
  facet normal 0.412719 -0.910859 0
    outer loop
      vertex -80.6506 -43.4294 3
      vertex -80.7519 -43.4753 0
      vertex -80.6506 -43.4294 0
    endloop
  endfacet
  facet normal 0.634509 -0.772915 0
    outer loop
      vertex -81.1209 -43.7219 0
      vertex -81.0349 -43.6513 3
      vertex -81.1209 -43.7219 3
    endloop
  endfacet
  facet normal 0.634509 -0.772915 0
    outer loop
      vertex -81.0349 -43.6513 3
      vertex -81.1209 -43.7219 0
      vertex -81.0349 -43.6513 0
    endloop
  endfacet
  facet normal 0.0323571 -0.999476 0
    outer loop
      vertex -80.1112 -43.3036 0
      vertex -80 -43.3 3
      vertex -80.1112 -43.3036 3
    endloop
  endfacet
  facet normal 0.0323571 -0.999476 0
    outer loop
      vertex -80 -43.3 3
      vertex -80.1112 -43.3036 0
      vertex -80 -43.3 0
    endloop
  endfacet
  facet normal -0.0323571 0.999476 0
    outer loop
      vertex -79.8888 -46.6964 0
      vertex -80 -46.7 3
      vertex -79.8888 -46.6964 3
    endloop
  endfacet
  facet normal -0.0323571 0.999476 0
    outer loop
      vertex -80 -46.7 3
      vertex -79.8888 -46.6964 0
      vertex -80 -46.7 0
    endloop
  endfacet
  facet normal -0.634509 0.772915 0
    outer loop
      vertex -78.8791 -46.2781 0
      vertex -78.9651 -46.3487 3
      vertex -78.8791 -46.2781 3
    endloop
  endfacet
  facet normal -0.634509 0.772915 0
    outer loop
      vertex -78.9651 -46.3487 3
      vertex -78.8791 -46.2781 0
      vertex -78.9651 -46.3487 0
    endloop
  endfacet
  facet normal -0.772915 0.634509 0
    outer loop
      vertex -78.7219 -46.1209 0
      vertex -78.6513 -46.0349 3
      vertex -78.6513 -46.0349 0
    endloop
  endfacet
  facet normal -0.772915 0.634509 0
    outer loop
      vertex -78.6513 -46.0349 3
      vertex -78.7219 -46.1209 0
      vertex -78.7219 -46.1209 3
    endloop
  endfacet
  facet normal -0.956881 0.290482 0
    outer loop
      vertex -78.3902 -45.5464 0
      vertex -78.3579 -45.44 3
      vertex -78.3579 -45.44 0
    endloop
  endfacet
  facet normal -0.956881 0.290482 0
    outer loop
      vertex -78.3579 -45.44 3
      vertex -78.3902 -45.5464 0
      vertex -78.3902 -45.5464 3
    endloop
  endfacet
  facet normal -0.97398 0.226633 0
    outer loop
      vertex -78.3579 -45.44 0
      vertex -78.3327 -45.3317 3
      vertex -78.3327 -45.3317 0
    endloop
  endfacet
  facet normal -0.97398 0.226633 0
    outer loop
      vertex -78.3327 -45.3317 3
      vertex -78.3579 -45.44 0
      vertex -78.3579 -45.44 3
    endloop
  endfacet
  facet normal 0.683343 0.730098 -0
    outer loop
      vertex -81.1209 -46.2781 0
      vertex -81.2021 -46.2021 3
      vertex -81.1209 -46.2781 3
    endloop
  endfacet
  facet normal 0.683343 0.730098 0
    outer loop
      vertex -81.2021 -46.2021 3
      vertex -81.1209 -46.2781 0
      vertex -81.2021 -46.2021 0
    endloop
  endfacet
  facet normal 0.0323571 0.999476 -0
    outer loop
      vertex -80 -46.7 0
      vertex -80.1112 -46.6964 3
      vertex -80 -46.7 3
    endloop
  endfacet
  facet normal 0.0323571 0.999476 0
    outer loop
      vertex -80.1112 -46.6964 3
      vertex -80 -46.7 0
      vertex -80.1112 -46.6964 0
    endloop
  endfacet
  facet normal 0.582598 0.81276 -0
    outer loop
      vertex -80.9445 -46.4135 0
      vertex -81.0349 -46.3487 3
      vertex -80.9445 -46.4135 3
    endloop
  endfacet
  facet normal 0.582598 0.81276 0
    outer loop
      vertex -81.0349 -46.3487 3
      vertex -80.9445 -46.4135 0
      vertex -81.0349 -46.3487 0
    endloop
  endfacet
  facet normal 0.730098 0.683343 0
    outer loop
      vertex -81.2021 -46.2021 3
      vertex -81.2781 -46.1209 0
      vertex -81.2781 -46.1209 3
    endloop
  endfacet
  facet normal 0.730098 0.683343 0
    outer loop
      vertex -81.2781 -46.1209 0
      vertex -81.2021 -46.2021 3
      vertex -81.2021 -46.2021 0
    endloop
  endfacet
  facet normal 0.910859 0.412719 0
    outer loop
      vertex -81.5247 -45.7519 3
      vertex -81.5706 -45.6506 0
      vertex -81.5706 -45.6506 3
    endloop
  endfacet
  facet normal 0.910859 0.412719 0
    outer loop
      vertex -81.5706 -45.6506 0
      vertex -81.5247 -45.7519 3
      vertex -81.5247 -45.7519 0
    endloop
  endfacet
  facet normal 0.97398 0.226633 0
    outer loop
      vertex -81.6421 -45.44 3
      vertex -81.6673 -45.3317 0
      vertex -81.6673 -45.3317 3
    endloop
  endfacet
  facet normal 0.97398 0.226633 0
    outer loop
      vertex -81.6673 -45.3317 0
      vertex -81.6421 -45.44 3
      vertex -81.6421 -45.44 0
    endloop
  endfacet
  facet normal 0.999476 0.0323571 0
    outer loop
      vertex -81.6964 -45.1112 3
      vertex -81.7 -45 0
      vertex -81.7 -45 3
    endloop
  endfacet
  facet normal 0.999476 0.0323571 0
    outer loop
      vertex -81.7 -45 0
      vertex -81.6964 -45.1112 3
      vertex -81.6964 -45.1112 0
    endloop
  endfacet
  facet normal -0.995187 -0.0979904 0
    outer loop
      vertex -78.3036 -44.8888 0
      vertex -78.3145 -44.7781 3
      vertex -78.3145 -44.7781 0
    endloop
  endfacet
  facet normal -0.995187 -0.0979904 0
    outer loop
      vertex -78.3145 -44.7781 3
      vertex -78.3036 -44.8888 0
      vertex -78.3036 -44.8888 3
    endloop
  endfacet
  facet normal -0.986539 -0.163525 0
    outer loop
      vertex -78.3145 -44.7781 0
      vertex -78.3327 -44.6683 3
      vertex -78.3327 -44.6683 0
    endloop
  endfacet
  facet normal -0.986539 -0.163525 0
    outer loop
      vertex -78.3327 -44.6683 3
      vertex -78.3145 -44.7781 0
      vertex -78.3145 -44.7781 3
    endloop
  endfacet
  facet normal -0.93596 -0.352108 0
    outer loop
      vertex -78.3902 -44.4536 0
      vertex -78.4294 -44.3494 3
      vertex -78.4294 -44.3494 0
    endloop
  endfacet
  facet normal -0.93596 -0.352108 0
    outer loop
      vertex -78.4294 -44.3494 3
      vertex -78.3902 -44.4536 0
      vertex -78.3902 -44.4536 3
    endloop
  endfacet
  facet normal -0.683343 -0.730098 0
    outer loop
      vertex -78.8791 -43.7219 0
      vertex -78.7979 -43.7979 3
      vertex -78.8791 -43.7219 3
    endloop
  endfacet
  facet normal -0.683343 -0.730098 -0
    outer loop
      vertex -78.7979 -43.7979 3
      vertex -78.8791 -43.7219 0
      vertex -78.7979 -43.7979 0
    endloop
  endfacet
  facet normal -0.772915 -0.634509 0
    outer loop
      vertex -78.6513 -43.9651 0
      vertex -78.7219 -43.8791 3
      vertex -78.7219 -43.8791 0
    endloop
  endfacet
  facet normal -0.772915 -0.634509 0
    outer loop
      vertex -78.7219 -43.8791 3
      vertex -78.6513 -43.9651 0
      vertex -78.6513 -43.9651 3
    endloop
  endfacet
  facet normal -0.88168 -0.471847 0
    outer loop
      vertex -78.4753 -44.2481 0
      vertex -78.5278 -44.15 3
      vertex -78.5278 -44.15 0
    endloop
  endfacet
  facet normal -0.88168 -0.471847 0
    outer loop
      vertex -78.5278 -44.15 3
      vertex -78.4753 -44.2481 0
      vertex -78.4753 -44.2481 3
    endloop
  endfacet
  facet normal -0.352108 -0.93596 0
    outer loop
      vertex -79.4536 -43.3902 0
      vertex -79.3494 -43.4294 3
      vertex -79.4536 -43.3902 3
    endloop
  endfacet
  facet normal -0.352108 -0.93596 -0
    outer loop
      vertex -79.3494 -43.4294 3
      vertex -79.4536 -43.3902 0
      vertex -79.3494 -43.4294 0
    endloop
  endfacet
  facet normal -0.290482 -0.956881 0
    outer loop
      vertex -79.56 -43.3579 0
      vertex -79.4536 -43.3902 3
      vertex -79.56 -43.3579 3
    endloop
  endfacet
  facet normal -0.290482 -0.956881 -0
    outer loop
      vertex -79.4536 -43.3902 3
      vertex -79.56 -43.3579 0
      vertex -79.4536 -43.3902 0
    endloop
  endfacet
  facet normal -0.16367 -0.986515 0
    outer loop
      vertex -79.7781 -43.3145 0
      vertex -79.6684 -43.3327 3
      vertex -79.7781 -43.3145 3
    endloop
  endfacet
  facet normal -0.16367 -0.986515 -0
    outer loop
      vertex -79.6684 -43.3327 3
      vertex -79.7781 -43.3145 0
      vertex -79.6684 -43.3327 0
    endloop
  endfacet
  facet normal -0.527654 -0.84946 0
    outer loop
      vertex -79.15 -43.5278 0
      vertex -79.0555 -43.5865 3
      vertex -79.15 -43.5278 3
    endloop
  endfacet
  facet normal -0.527654 -0.84946 -0
    outer loop
      vertex -79.0555 -43.5865 3
      vertex -79.15 -43.5278 0
      vertex -79.0555 -43.5865 0
    endloop
  endfacet
  facet normal 0.88168 -0.471847 0
    outer loop
      vertex -81.5247 -44.2481 3
      vertex -81.4722 -44.15 0
      vertex -81.4722 -44.15 3
    endloop
  endfacet
  facet normal 0.88168 -0.471847 0
    outer loop
      vertex -81.4722 -44.15 0
      vertex -81.5247 -44.2481 3
      vertex -81.5247 -44.2481 0
    endloop
  endfacet
  facet normal 0.93596 -0.352108 0
    outer loop
      vertex -81.6098 -44.4536 3
      vertex -81.5706 -44.3494 0
      vertex -81.5706 -44.3494 3
    endloop
  endfacet
  facet normal 0.93596 -0.352108 0
    outer loop
      vertex -81.5706 -44.3494 0
      vertex -81.6098 -44.4536 3
      vertex -81.6098 -44.4536 0
    endloop
  endfacet
  facet normal 0.956881 -0.290482 0
    outer loop
      vertex -81.6421 -44.56 3
      vertex -81.6098 -44.4536 0
      vertex -81.6098 -44.4536 3
    endloop
  endfacet
  facet normal 0.956881 -0.290482 0
    outer loop
      vertex -81.6098 -44.4536 0
      vertex -81.6421 -44.56 3
      vertex -81.6421 -44.56 0
    endloop
  endfacet
  facet normal 0.986539 -0.163525 0
    outer loop
      vertex -81.6855 -44.7781 3
      vertex -81.6673 -44.6683 0
      vertex -81.6673 -44.6683 3
    endloop
  endfacet
  facet normal 0.986539 -0.163525 0
    outer loop
      vertex -81.6673 -44.6683 0
      vertex -81.6855 -44.7781 3
      vertex -81.6855 -44.7781 0
    endloop
  endfacet
  facet normal 0.471847 -0.88168 0
    outer loop
      vertex -80.85 -43.5278 0
      vertex -80.7519 -43.4753 3
      vertex -80.85 -43.5278 3
    endloop
  endfacet
  facet normal 0.471847 -0.88168 0
    outer loop
      vertex -80.7519 -43.4753 3
      vertex -80.85 -43.5278 0
      vertex -80.7519 -43.4753 0
    endloop
  endfacet
  facet normal 0.582598 -0.81276 0
    outer loop
      vertex -81.0349 -43.6513 0
      vertex -80.9445 -43.5865 3
      vertex -81.0349 -43.6513 3
    endloop
  endfacet
  facet normal 0.582598 -0.81276 0
    outer loop
      vertex -80.9445 -43.5865 3
      vertex -81.0349 -43.6513 0
      vertex -80.9445 -43.5865 0
    endloop
  endfacet
  facet normal 0.352108 -0.93596 0
    outer loop
      vertex -80.6506 -43.4294 0
      vertex -80.5464 -43.3902 3
      vertex -80.6506 -43.4294 3
    endloop
  endfacet
  facet normal 0.352108 -0.93596 0
    outer loop
      vertex -80.5464 -43.3902 3
      vertex -80.6506 -43.4294 0
      vertex -80.5464 -43.3902 0
    endloop
  endfacet
  facet normal 0.226434 -0.974026 0
    outer loop
      vertex -80.44 -43.3579 0
      vertex -80.3316 -43.3327 3
      vertex -80.44 -43.3579 3
    endloop
  endfacet
  facet normal 0.226434 -0.974026 0
    outer loop
      vertex -80.3316 -43.3327 3
      vertex -80.44 -43.3579 0
      vertex -80.3316 -43.3327 0
    endloop
  endfacet
  facet normal 0.0979904 -0.995187 0
    outer loop
      vertex -80.2219 -43.3145 0
      vertex -80.1112 -43.3036 3
      vertex -80.2219 -43.3145 3
    endloop
  endfacet
  facet normal 0.0979904 -0.995187 0
    outer loop
      vertex -80.1112 -43.3036 3
      vertex -80.2219 -43.3145 0
      vertex -80.1112 -43.3036 0
    endloop
  endfacet
  facet normal 0.16367 -0.986515 0
    outer loop
      vertex -80.3316 -43.3327 0
      vertex -80.2219 -43.3145 3
      vertex -80.3316 -43.3327 3
    endloop
  endfacet
  facet normal 0.16367 -0.986515 0
    outer loop
      vertex -80.2219 -43.3145 3
      vertex -80.3316 -43.3327 0
      vertex -80.2219 -43.3145 0
    endloop
  endfacet
  facet normal -0.995187 0.0979904 0
    outer loop
      vertex -78.3145 -45.2219 0
      vertex -78.3036 -45.1112 3
      vertex -78.3036 -45.1112 0
    endloop
  endfacet
  facet normal -0.995187 0.0979904 0
    outer loop
      vertex -78.3036 -45.1112 3
      vertex -78.3145 -45.2219 0
      vertex -78.3145 -45.2219 3
    endloop
  endfacet
  facet normal -0.0979904 0.995187 0
    outer loop
      vertex -79.7781 -46.6855 0
      vertex -79.8888 -46.6964 3
      vertex -79.7781 -46.6855 3
    endloop
  endfacet
  facet normal -0.0979904 0.995187 0
    outer loop
      vertex -79.8888 -46.6964 3
      vertex -79.7781 -46.6855 0
      vertex -79.8888 -46.6964 0
    endloop
  endfacet
  facet normal -0.290482 0.956881 0
    outer loop
      vertex -79.4536 -46.6098 0
      vertex -79.56 -46.6421 3
      vertex -79.4536 -46.6098 3
    endloop
  endfacet
  facet normal -0.290482 0.956881 0
    outer loop
      vertex -79.56 -46.6421 3
      vertex -79.4536 -46.6098 0
      vertex -79.56 -46.6421 0
    endloop
  endfacet
  facet normal -0.527654 0.84946 0
    outer loop
      vertex -79.0555 -46.4135 0
      vertex -79.15 -46.4722 3
      vertex -79.0555 -46.4135 3
    endloop
  endfacet
  facet normal -0.527654 0.84946 0
    outer loop
      vertex -79.15 -46.4722 3
      vertex -79.0555 -46.4135 0
      vertex -79.15 -46.4722 0
    endloop
  endfacet
  facet normal -0.412719 0.910859 0
    outer loop
      vertex -79.2481 -46.5247 0
      vertex -79.3494 -46.5706 3
      vertex -79.2481 -46.5247 3
    endloop
  endfacet
  facet normal -0.412719 0.910859 0
    outer loop
      vertex -79.3494 -46.5706 3
      vertex -79.2481 -46.5247 0
      vertex -79.3494 -46.5706 0
    endloop
  endfacet
  facet normal -0.582598 0.81276 0
    outer loop
      vertex -78.9651 -46.3487 0
      vertex -79.0555 -46.4135 3
      vertex -78.9651 -46.3487 3
    endloop
  endfacet
  facet normal -0.582598 0.81276 0
    outer loop
      vertex -79.0555 -46.4135 3
      vertex -78.9651 -46.3487 0
      vertex -79.0555 -46.4135 0
    endloop
  endfacet
  facet normal -0.81276 0.582598 0
    outer loop
      vertex -78.6513 -46.0349 0
      vertex -78.5865 -45.9445 3
      vertex -78.5865 -45.9445 0
    endloop
  endfacet
  facet normal -0.81276 0.582598 0
    outer loop
      vertex -78.5865 -45.9445 3
      vertex -78.6513 -46.0349 0
      vertex -78.6513 -46.0349 3
    endloop
  endfacet
  facet normal -0.93596 0.352108 0
    outer loop
      vertex -78.4294 -45.6506 0
      vertex -78.3902 -45.5464 3
      vertex -78.3902 -45.5464 0
    endloop
  endfacet
  facet normal -0.93596 0.352108 0
    outer loop
      vertex -78.3902 -45.5464 3
      vertex -78.4294 -45.6506 0
      vertex -78.4294 -45.6506 3
    endloop
  endfacet
  facet normal 0.226434 0.974026 -0
    outer loop
      vertex -80.3316 -46.6673 0
      vertex -80.44 -46.6421 3
      vertex -80.3316 -46.6673 3
    endloop
  endfacet
  facet normal 0.226434 0.974026 0
    outer loop
      vertex -80.44 -46.6421 3
      vertex -80.3316 -46.6673 0
      vertex -80.44 -46.6421 0
    endloop
  endfacet
  facet normal 0.16367 0.986515 -0
    outer loop
      vertex -80.2219 -46.6855 0
      vertex -80.3316 -46.6673 3
      vertex -80.2219 -46.6855 3
    endloop
  endfacet
  facet normal 0.16367 0.986515 0
    outer loop
      vertex -80.3316 -46.6673 3
      vertex -80.2219 -46.6855 0
      vertex -80.3316 -46.6673 0
    endloop
  endfacet
  facet normal 0.527654 0.84946 -0
    outer loop
      vertex -80.85 -46.4722 0
      vertex -80.9445 -46.4135 3
      vertex -80.85 -46.4722 3
    endloop
  endfacet
  facet normal 0.527654 0.84946 0
    outer loop
      vertex -80.9445 -46.4135 3
      vertex -80.85 -46.4722 0
      vertex -80.9445 -46.4135 0
    endloop
  endfacet
  facet normal 0.412719 0.910859 -0
    outer loop
      vertex -80.6506 -46.5706 0
      vertex -80.7519 -46.5247 3
      vertex -80.6506 -46.5706 3
    endloop
  endfacet
  facet normal 0.412719 0.910859 0
    outer loop
      vertex -80.7519 -46.5247 3
      vertex -80.6506 -46.5706 0
      vertex -80.7519 -46.5247 0
    endloop
  endfacet
  facet normal 0.634509 0.772915 -0
    outer loop
      vertex -81.0349 -46.3487 0
      vertex -81.1209 -46.2781 3
      vertex -81.0349 -46.3487 3
    endloop
  endfacet
  facet normal 0.634509 0.772915 0
    outer loop
      vertex -81.1209 -46.2781 3
      vertex -81.0349 -46.3487 0
      vertex -81.1209 -46.2781 0
    endloop
  endfacet
  facet normal 0.81276 0.582598 0
    outer loop
      vertex -81.3487 -46.0349 3
      vertex -81.4135 -45.9445 0
      vertex -81.4135 -45.9445 3
    endloop
  endfacet
  facet normal 0.81276 0.582598 0
    outer loop
      vertex -81.4135 -45.9445 0
      vertex -81.3487 -46.0349 3
      vertex -81.3487 -46.0349 0
    endloop
  endfacet
  facet normal 0.88168 0.471847 0
    outer loop
      vertex -81.4722 -45.85 3
      vertex -81.5247 -45.7519 0
      vertex -81.5247 -45.7519 3
    endloop
  endfacet
  facet normal 0.88168 0.471847 0
    outer loop
      vertex -81.5247 -45.7519 0
      vertex -81.4722 -45.85 3
      vertex -81.4722 -45.85 0
    endloop
  endfacet
  facet normal 0.995187 0.0979904 0
    outer loop
      vertex -81.6855 -45.2219 3
      vertex -81.6964 -45.1112 0
      vertex -81.6964 -45.1112 3
    endloop
  endfacet
  facet normal 0.995187 0.0979904 0
    outer loop
      vertex -81.6964 -45.1112 0
      vertex -81.6855 -45.2219 3
      vertex -81.6855 -45.2219 0
    endloop
  endfacet
  facet normal 0.956881 0.290482 0
    outer loop
      vertex -81.6098 -45.5464 3
      vertex -81.6421 -45.44 0
      vertex -81.6421 -45.44 3
    endloop
  endfacet
  facet normal 0.956881 0.290482 0
    outer loop
      vertex -81.6421 -45.44 0
      vertex -81.6098 -45.5464 3
      vertex -81.6098 -45.5464 0
    endloop
  endfacet
  facet normal 0.81276 -0.582598 0
    outer loop
      vertex -81.4135 -44.0555 3
      vertex -81.3487 -43.9651 0
      vertex -81.3487 -43.9651 3
    endloop
  endfacet
  facet normal 0.81276 -0.582598 0
    outer loop
      vertex -81.3487 -43.9651 0
      vertex -81.4135 -44.0555 3
      vertex -81.4135 -44.0555 0
    endloop
  endfacet
  facet normal 0.772915 -0.634509 0
    outer loop
      vertex -81.3487 -43.9651 3
      vertex -81.2781 -43.8791 0
      vertex -81.2781 -43.8791 3
    endloop
  endfacet
  facet normal 0.772915 -0.634509 0
    outer loop
      vertex -81.2781 -43.8791 0
      vertex -81.3487 -43.9651 3
      vertex -81.3487 -43.9651 0
    endloop
  endfacet
  facet normal -0.999476 0.0323571 0
    outer loop
      vertex -78.3036 -45.1112 0
      vertex -78.3 -45 3
      vertex -78.3 -45 0
    endloop
  endfacet
  facet normal -0.999476 0.0323571 0
    outer loop
      vertex -78.3 -45 3
      vertex -78.3036 -45.1112 0
      vertex -78.3036 -45.1112 3
    endloop
  endfacet
  facet normal -0.16367 0.986515 0
    outer loop
      vertex -79.6684 -46.6673 0
      vertex -79.7781 -46.6855 3
      vertex -79.6684 -46.6673 3
    endloop
  endfacet
  facet normal -0.16367 0.986515 0
    outer loop
      vertex -79.7781 -46.6855 3
      vertex -79.6684 -46.6673 0
      vertex -79.7781 -46.6855 0
    endloop
  endfacet
  facet normal -0.352108 0.93596 0
    outer loop
      vertex -79.3494 -46.5706 0
      vertex -79.4536 -46.6098 3
      vertex -79.3494 -46.5706 3
    endloop
  endfacet
  facet normal -0.352108 0.93596 0
    outer loop
      vertex -79.4536 -46.6098 3
      vertex -79.3494 -46.5706 0
      vertex -79.4536 -46.6098 0
    endloop
  endfacet
  facet normal -0.730098 0.683343 0
    outer loop
      vertex -78.7979 -46.2021 0
      vertex -78.7219 -46.1209 3
      vertex -78.7219 -46.1209 0
    endloop
  endfacet
  facet normal -0.730098 0.683343 0
    outer loop
      vertex -78.7219 -46.1209 3
      vertex -78.7979 -46.2021 0
      vertex -78.7979 -46.2021 3
    endloop
  endfacet
  facet normal -0.471847 0.88168 0
    outer loop
      vertex -79.15 -46.4722 0
      vertex -79.2481 -46.5247 3
      vertex -79.15 -46.4722 3
    endloop
  endfacet
  facet normal -0.471847 0.88168 0
    outer loop
      vertex -79.2481 -46.5247 3
      vertex -79.15 -46.4722 0
      vertex -79.2481 -46.5247 0
    endloop
  endfacet
  facet normal -0.84946 0.527654 0
    outer loop
      vertex -78.5865 -45.9445 0
      vertex -78.5278 -45.85 3
      vertex -78.5278 -45.85 0
    endloop
  endfacet
  facet normal -0.84946 0.527654 0
    outer loop
      vertex -78.5278 -45.85 3
      vertex -78.5865 -45.9445 0
      vertex -78.5865 -45.9445 3
    endloop
  endfacet
  facet normal -0.910859 0.412719 0
    outer loop
      vertex -78.4753 -45.7519 0
      vertex -78.4294 -45.6506 3
      vertex -78.4294 -45.6506 0
    endloop
  endfacet
  facet normal -0.910859 0.412719 0
    outer loop
      vertex -78.4294 -45.6506 3
      vertex -78.4753 -45.7519 0
      vertex -78.4753 -45.7519 3
    endloop
  endfacet
  facet normal -0.986539 0.163525 0
    outer loop
      vertex -78.3327 -45.3317 0
      vertex -78.3145 -45.2219 3
      vertex -78.3145 -45.2219 0
    endloop
  endfacet
  facet normal -0.986539 0.163525 0
    outer loop
      vertex -78.3145 -45.2219 3
      vertex -78.3327 -45.3317 0
      vertex -78.3327 -45.3317 3
    endloop
  endfacet
  facet normal 0.290482 0.956881 -0
    outer loop
      vertex -80.44 -46.6421 0
      vertex -80.5464 -46.6098 3
      vertex -80.44 -46.6421 3
    endloop
  endfacet
  facet normal 0.290482 0.956881 0
    outer loop
      vertex -80.5464 -46.6098 3
      vertex -80.44 -46.6421 0
      vertex -80.5464 -46.6098 0
    endloop
  endfacet
  facet normal 0.0979904 0.995187 -0
    outer loop
      vertex -80.1112 -46.6964 0
      vertex -80.2219 -46.6855 3
      vertex -80.1112 -46.6964 3
    endloop
  endfacet
  facet normal 0.0979904 0.995187 0
    outer loop
      vertex -80.2219 -46.6855 3
      vertex -80.1112 -46.6964 0
      vertex -80.2219 -46.6855 0
    endloop
  endfacet
  facet normal 0.471847 0.88168 -0
    outer loop
      vertex -80.7519 -46.5247 0
      vertex -80.85 -46.4722 3
      vertex -80.7519 -46.5247 3
    endloop
  endfacet
  facet normal 0.471847 0.88168 0
    outer loop
      vertex -80.85 -46.4722 3
      vertex -80.7519 -46.5247 0
      vertex -80.85 -46.4722 0
    endloop
  endfacet
  facet normal 0.772915 0.634509 0
    outer loop
      vertex -81.2781 -46.1209 3
      vertex -81.3487 -46.0349 0
      vertex -81.3487 -46.0349 3
    endloop
  endfacet
  facet normal 0.772915 0.634509 0
    outer loop
      vertex -81.3487 -46.0349 0
      vertex -81.2781 -46.1209 3
      vertex -81.2781 -46.1209 0
    endloop
  endfacet
  facet normal 0.84946 0.527654 0
    outer loop
      vertex -81.4135 -45.9445 3
      vertex -81.4722 -45.85 0
      vertex -81.4722 -45.85 3
    endloop
  endfacet
  facet normal 0.84946 0.527654 0
    outer loop
      vertex -81.4722 -45.85 0
      vertex -81.4135 -45.9445 3
      vertex -81.4135 -45.9445 0
    endloop
  endfacet
  facet normal 0.986539 0.163525 0
    outer loop
      vertex -81.6673 -45.3317 3
      vertex -81.6855 -45.2219 0
      vertex -81.6855 -45.2219 3
    endloop
  endfacet
  facet normal 0.986539 0.163525 0
    outer loop
      vertex -81.6855 -45.2219 0
      vertex -81.6673 -45.3317 3
      vertex -81.6673 -45.3317 0
    endloop
  endfacet
  facet normal 0.93596 0.352108 0
    outer loop
      vertex -81.5706 -45.6506 3
      vertex -81.6098 -45.5464 0
      vertex -81.6098 -45.5464 3
    endloop
  endfacet
  facet normal 0.93596 0.352108 0
    outer loop
      vertex -81.6098 -45.5464 0
      vertex -81.5706 -45.6506 3
      vertex -81.5706 -45.6506 0
    endloop
  endfacet
  facet normal -0.88168 -0.471847 0
    outer loop
      vertex -78.4753 45.7519 0
      vertex -78.5278 45.85 3
      vertex -78.5278 45.85 0
    endloop
  endfacet
  facet normal -0.88168 -0.471847 0
    outer loop
      vertex -78.5278 45.85 3
      vertex -78.4753 45.7519 0
      vertex -78.4753 45.7519 3
    endloop
  endfacet
  facet normal -0.352108 -0.93596 0
    outer loop
      vertex -79.4536 46.6098 0
      vertex -79.3494 46.5706 3
      vertex -79.4536 46.6098 3
    endloop
  endfacet
  facet normal -0.352108 -0.93596 -0
    outer loop
      vertex -79.3494 46.5706 3
      vertex -79.4536 46.6098 0
      vertex -79.3494 46.5706 0
    endloop
  endfacet
  facet normal 0.412719 -0.910859 0
    outer loop
      vertex -80.7519 46.5247 0
      vertex -80.6506 46.5706 3
      vertex -80.7519 46.5247 3
    endloop
  endfacet
  facet normal 0.412719 -0.910859 0
    outer loop
      vertex -80.6506 46.5706 3
      vertex -80.7519 46.5247 0
      vertex -80.6506 46.5706 0
    endloop
  endfacet
  facet normal 0.93596 -0.352108 0
    outer loop
      vertex -81.6098 45.5464 3
      vertex -81.5706 45.6506 0
      vertex -81.5706 45.6506 3
    endloop
  endfacet
  facet normal 0.93596 -0.352108 0
    outer loop
      vertex -81.5706 45.6506 0
      vertex -81.6098 45.5464 3
      vertex -81.6098 45.5464 0
    endloop
  endfacet
  facet normal -0.999476 0.0323571 0
    outer loop
      vertex -78.3036 44.8888 0
      vertex -78.3 45 3
      vertex -78.3 45 0
    endloop
  endfacet
  facet normal -0.999476 0.0323571 0
    outer loop
      vertex -78.3 45 3
      vertex -78.3036 44.8888 0
      vertex -78.3036 44.8888 3
    endloop
  endfacet
  facet normal -0.527654 -0.84946 0
    outer loop
      vertex -79.15 46.4722 0
      vertex -79.0555 46.4135 3
      vertex -79.15 46.4722 3
    endloop
  endfacet
  facet normal -0.527654 -0.84946 -0
    outer loop
      vertex -79.0555 46.4135 3
      vertex -79.15 46.4722 0
      vertex -79.0555 46.4135 0
    endloop
  endfacet
  facet normal 0.772915 -0.634509 0
    outer loop
      vertex -81.3487 46.0349 3
      vertex -81.2781 46.1209 0
      vertex -81.2781 46.1209 3
    endloop
  endfacet
  facet normal 0.772915 -0.634509 0
    outer loop
      vertex -81.2781 46.1209 0
      vertex -81.3487 46.0349 3
      vertex -81.3487 46.0349 0
    endloop
  endfacet
  facet normal 0.226434 -0.974026 0
    outer loop
      vertex -80.44 46.6421 0
      vertex -80.3316 46.6673 3
      vertex -80.44 46.6421 3
    endloop
  endfacet
  facet normal 0.226434 -0.974026 0
    outer loop
      vertex -80.3316 46.6673 3
      vertex -80.44 46.6421 0
      vertex -80.3316 46.6673 0
    endloop
  endfacet
  facet normal -0.16367 0.986515 0
    outer loop
      vertex -79.6684 43.3327 0
      vertex -79.7781 43.3145 3
      vertex -79.6684 43.3327 3
    endloop
  endfacet
  facet normal -0.16367 0.986515 0
    outer loop
      vertex -79.7781 43.3145 3
      vertex -79.6684 43.3327 0
      vertex -79.7781 43.3145 0
    endloop
  endfacet
  facet normal -0.93596 -0.352108 0
    outer loop
      vertex -78.3902 45.5464 0
      vertex -78.4294 45.6506 3
      vertex -78.4294 45.6506 0
    endloop
  endfacet
  facet normal -0.93596 -0.352108 0
    outer loop
      vertex -78.4294 45.6506 3
      vertex -78.3902 45.5464 0
      vertex -78.3902 45.5464 3
    endloop
  endfacet
  facet normal -0.81276 -0.582598 0
    outer loop
      vertex -78.5865 45.9445 0
      vertex -78.6513 46.0349 3
      vertex -78.6513 46.0349 0
    endloop
  endfacet
  facet normal -0.81276 -0.582598 0
    outer loop
      vertex -78.6513 46.0349 3
      vertex -78.5865 45.9445 0
      vertex -78.5865 45.9445 3
    endloop
  endfacet
  facet normal -0.730098 -0.683343 0
    outer loop
      vertex -78.7219 46.1209 0
      vertex -78.7979 46.2021 3
      vertex -78.7979 46.2021 0
    endloop
  endfacet
  facet normal -0.730098 -0.683343 0
    outer loop
      vertex -78.7979 46.2021 3
      vertex -78.7219 46.1209 0
      vertex -78.7219 46.1209 3
    endloop
  endfacet
  facet normal 0.0323571 -0.999476 0
    outer loop
      vertex -80.1112 46.6964 0
      vertex -80 46.7 3
      vertex -80.1112 46.6964 3
    endloop
  endfacet
  facet normal 0.0323571 -0.999476 0
    outer loop
      vertex -80 46.7 3
      vertex -80.1112 46.6964 0
      vertex -80 46.7 0
    endloop
  endfacet
  facet normal -0.290482 -0.956881 0
    outer loop
      vertex -79.56 46.6421 0
      vertex -79.4536 46.6098 3
      vertex -79.56 46.6421 3
    endloop
  endfacet
  facet normal -0.290482 -0.956881 -0
    outer loop
      vertex -79.4536 46.6098 3
      vertex -79.56 46.6421 0
      vertex -79.4536 46.6098 0
    endloop
  endfacet
  facet normal -0.16367 -0.986515 0
    outer loop
      vertex -79.7781 46.6855 0
      vertex -79.6684 46.6673 3
      vertex -79.7781 46.6855 3
    endloop
  endfacet
  facet normal -0.16367 -0.986515 -0
    outer loop
      vertex -79.6684 46.6673 3
      vertex -79.7781 46.6855 0
      vertex -79.6684 46.6673 0
    endloop
  endfacet
  facet normal -0.634509 -0.772915 0
    outer loop
      vertex -78.9651 46.3487 0
      vertex -78.8791 46.2781 3
      vertex -78.9651 46.3487 3
    endloop
  endfacet
  facet normal -0.634509 -0.772915 -0
    outer loop
      vertex -78.8791 46.2781 3
      vertex -78.9651 46.3487 0
      vertex -78.8791 46.2781 0
    endloop
  endfacet
  facet normal 0.956881 -0.290482 0
    outer loop
      vertex -81.6421 45.44 3
      vertex -81.6098 45.5464 0
      vertex -81.6098 45.5464 3
    endloop
  endfacet
  facet normal 0.956881 -0.290482 0
    outer loop
      vertex -81.6098 45.5464 0
      vertex -81.6421 45.44 3
      vertex -81.6421 45.44 0
    endloop
  endfacet
  facet normal 0.986539 -0.163525 0
    outer loop
      vertex -81.6855 45.2219 3
      vertex -81.6673 45.3317 0
      vertex -81.6673 45.3317 3
    endloop
  endfacet
  facet normal 0.986539 -0.163525 0
    outer loop
      vertex -81.6673 45.3317 0
      vertex -81.6855 45.2219 3
      vertex -81.6855 45.2219 0
    endloop
  endfacet
  facet normal 0.910859 -0.412719 0
    outer loop
      vertex -81.5706 45.6506 3
      vertex -81.5247 45.7519 0
      vertex -81.5247 45.7519 3
    endloop
  endfacet
  facet normal 0.910859 -0.412719 0
    outer loop
      vertex -81.5247 45.7519 0
      vertex -81.5706 45.6506 3
      vertex -81.5706 45.6506 0
    endloop
  endfacet
  facet normal 0.84946 -0.527654 0
    outer loop
      vertex -81.4722 45.85 3
      vertex -81.4135 45.9445 0
      vertex -81.4135 45.9445 3
    endloop
  endfacet
  facet normal 0.84946 -0.527654 0
    outer loop
      vertex -81.4135 45.9445 0
      vertex -81.4722 45.85 3
      vertex -81.4722 45.85 0
    endloop
  endfacet
  facet normal 0.0979904 -0.995187 0
    outer loop
      vertex -80.2219 46.6855 0
      vertex -80.1112 46.6964 3
      vertex -80.2219 46.6855 3
    endloop
  endfacet
  facet normal 0.0979904 -0.995187 0
    outer loop
      vertex -80.1112 46.6964 3
      vertex -80.2219 46.6855 0
      vertex -80.1112 46.6964 0
    endloop
  endfacet
  facet normal 0.352108 -0.93596 0
    outer loop
      vertex -80.6506 46.5706 0
      vertex -80.5464 46.6098 3
      vertex -80.6506 46.5706 3
    endloop
  endfacet
  facet normal 0.352108 -0.93596 0
    outer loop
      vertex -80.5464 46.6098 3
      vertex -80.6506 46.5706 0
      vertex -80.5464 46.6098 0
    endloop
  endfacet
  facet normal 0.582598 -0.81276 0
    outer loop
      vertex -81.0349 46.3487 0
      vertex -80.9445 46.4135 3
      vertex -81.0349 46.3487 3
    endloop
  endfacet
  facet normal 0.582598 -0.81276 0
    outer loop
      vertex -80.9445 46.4135 3
      vertex -81.0349 46.3487 0
      vertex -80.9445 46.4135 0
    endloop
  endfacet
  facet normal 0.634509 -0.772915 0
    outer loop
      vertex -81.1209 46.2781 0
      vertex -81.0349 46.3487 3
      vertex -81.1209 46.2781 3
    endloop
  endfacet
  facet normal 0.634509 -0.772915 0
    outer loop
      vertex -81.0349 46.3487 3
      vertex -81.1209 46.2781 0
      vertex -81.0349 46.3487 0
    endloop
  endfacet
  facet normal 0.471847 -0.88168 0
    outer loop
      vertex -80.85 46.4722 0
      vertex -80.7519 46.5247 3
      vertex -80.85 46.4722 3
    endloop
  endfacet
  facet normal 0.471847 -0.88168 0
    outer loop
      vertex -80.7519 46.5247 3
      vertex -80.85 46.4722 0
      vertex -80.7519 46.5247 0
    endloop
  endfacet
  facet normal 0.683343 -0.730098 0
    outer loop
      vertex -81.2021 46.2021 0
      vertex -81.1209 46.2781 3
      vertex -81.2021 46.2021 3
    endloop
  endfacet
  facet normal 0.683343 -0.730098 0
    outer loop
      vertex -81.1209 46.2781 3
      vertex -81.2021 46.2021 0
      vertex -81.1209 46.2781 0
    endloop
  endfacet
  facet normal -0.999476 -0.0323571 0
    outer loop
      vertex -78.3 45 0
      vertex -78.3036 45.1112 3
      vertex -78.3036 45.1112 0
    endloop
  endfacet
  facet normal -0.999476 -0.0323571 0
    outer loop
      vertex -78.3036 45.1112 3
      vertex -78.3 45 0
      vertex -78.3 45 3
    endloop
  endfacet
  facet normal -0.772915 0.634509 0
    outer loop
      vertex -78.7219 43.8791 0
      vertex -78.6513 43.9651 3
      vertex -78.6513 43.9651 0
    endloop
  endfacet
  facet normal -0.772915 0.634509 0
    outer loop
      vertex -78.6513 43.9651 3
      vertex -78.7219 43.8791 0
      vertex -78.7219 43.8791 3
    endloop
  endfacet
  facet normal -0.0979904 0.995187 0
    outer loop
      vertex -79.7781 43.3145 0
      vertex -79.8888 43.3036 3
      vertex -79.7781 43.3145 3
    endloop
  endfacet
  facet normal -0.0979904 0.995187 0
    outer loop
      vertex -79.8888 43.3036 3
      vertex -79.7781 43.3145 0
      vertex -79.8888 43.3036 0
    endloop
  endfacet
  facet normal -0.995187 -0.0979904 0
    outer loop
      vertex -78.3036 45.1112 0
      vertex -78.3145 45.2219 3
      vertex -78.3145 45.2219 0
    endloop
  endfacet
  facet normal -0.995187 -0.0979904 0
    outer loop
      vertex -78.3145 45.2219 3
      vertex -78.3036 45.1112 0
      vertex -78.3036 45.1112 3
    endloop
  endfacet
  facet normal -0.910859 -0.412719 0
    outer loop
      vertex -78.4294 45.6506 0
      vertex -78.4753 45.7519 3
      vertex -78.4753 45.7519 0
    endloop
  endfacet
  facet normal -0.910859 -0.412719 0
    outer loop
      vertex -78.4753 45.7519 3
      vertex -78.4294 45.6506 0
      vertex -78.4294 45.6506 3
    endloop
  endfacet
  facet normal -0.97398 -0.226633 0
    outer loop
      vertex -78.3327 45.3317 0
      vertex -78.3579 45.44 3
      vertex -78.3579 45.44 0
    endloop
  endfacet
  facet normal -0.97398 -0.226633 0
    outer loop
      vertex -78.3579 45.44 3
      vertex -78.3327 45.3317 0
      vertex -78.3327 45.3317 3
    endloop
  endfacet
  facet normal -0.84946 -0.527654 0
    outer loop
      vertex -78.5278 45.85 0
      vertex -78.5865 45.9445 3
      vertex -78.5865 45.9445 0
    endloop
  endfacet
  facet normal -0.84946 -0.527654 0
    outer loop
      vertex -78.5865 45.9445 3
      vertex -78.5278 45.85 0
      vertex -78.5278 45.85 3
    endloop
  endfacet
  facet normal -0.683343 -0.730098 0
    outer loop
      vertex -78.8791 46.2781 0
      vertex -78.7979 46.2021 3
      vertex -78.8791 46.2781 3
    endloop
  endfacet
  facet normal -0.683343 -0.730098 -0
    outer loop
      vertex -78.7979 46.2021 3
      vertex -78.8791 46.2781 0
      vertex -78.7979 46.2021 0
    endloop
  endfacet
  facet normal -0.772915 -0.634509 0
    outer loop
      vertex -78.6513 46.0349 0
      vertex -78.7219 46.1209 3
      vertex -78.7219 46.1209 0
    endloop
  endfacet
  facet normal -0.772915 -0.634509 0
    outer loop
      vertex -78.7219 46.1209 3
      vertex -78.6513 46.0349 0
      vertex -78.6513 46.0349 3
    endloop
  endfacet
  facet normal -0.0979904 -0.995187 0
    outer loop
      vertex -79.8888 46.6964 0
      vertex -79.7781 46.6855 3
      vertex -79.8888 46.6964 3
    endloop
  endfacet
  facet normal -0.0979904 -0.995187 -0
    outer loop
      vertex -79.7781 46.6855 3
      vertex -79.8888 46.6964 0
      vertex -79.7781 46.6855 0
    endloop
  endfacet
  facet normal -0.0323571 -0.999476 0
    outer loop
      vertex -80 46.7 0
      vertex -79.8888 46.6964 3
      vertex -80 46.7 3
    endloop
  endfacet
  facet normal -0.0323571 -0.999476 -0
    outer loop
      vertex -79.8888 46.6964 3
      vertex -80 46.7 0
      vertex -79.8888 46.6964 0
    endloop
  endfacet
  facet normal -0.226434 -0.974026 0
    outer loop
      vertex -79.6684 46.6673 0
      vertex -79.56 46.6421 3
      vertex -79.6684 46.6673 3
    endloop
  endfacet
  facet normal -0.226434 -0.974026 -0
    outer loop
      vertex -79.56 46.6421 3
      vertex -79.6684 46.6673 0
      vertex -79.56 46.6421 0
    endloop
  endfacet
  facet normal -0.471847 -0.88168 0
    outer loop
      vertex -79.2481 46.5247 0
      vertex -79.15 46.4722 3
      vertex -79.2481 46.5247 3
    endloop
  endfacet
  facet normal -0.471847 -0.88168 -0
    outer loop
      vertex -79.15 46.4722 3
      vertex -79.2481 46.5247 0
      vertex -79.15 46.4722 0
    endloop
  endfacet
  facet normal -0.412719 -0.910859 0
    outer loop
      vertex -79.3494 46.5706 0
      vertex -79.2481 46.5247 3
      vertex -79.3494 46.5706 3
    endloop
  endfacet
  facet normal -0.412719 -0.910859 -0
    outer loop
      vertex -79.2481 46.5247 3
      vertex -79.3494 46.5706 0
      vertex -79.2481 46.5247 0
    endloop
  endfacet
  facet normal -0.582598 -0.81276 0
    outer loop
      vertex -79.0555 46.4135 0
      vertex -78.9651 46.3487 3
      vertex -79.0555 46.4135 3
    endloop
  endfacet
  facet normal -0.582598 -0.81276 -0
    outer loop
      vertex -78.9651 46.3487 3
      vertex -79.0555 46.4135 0
      vertex -78.9651 46.3487 0
    endloop
  endfacet
  facet normal 0.995187 -0.0979904 0
    outer loop
      vertex -81.6964 45.1112 3
      vertex -81.6855 45.2219 0
      vertex -81.6855 45.2219 3
    endloop
  endfacet
  facet normal 0.995187 -0.0979904 0
    outer loop
      vertex -81.6855 45.2219 0
      vertex -81.6964 45.1112 3
      vertex -81.6964 45.1112 0
    endloop
  endfacet
  facet normal 0.999476 -0.0323571 0
    outer loop
      vertex -81.7 45 3
      vertex -81.6964 45.1112 0
      vertex -81.6964 45.1112 3
    endloop
  endfacet
  facet normal 0.999476 -0.0323571 0
    outer loop
      vertex -81.6964 45.1112 0
      vertex -81.7 45 3
      vertex -81.7 45 0
    endloop
  endfacet
  facet normal 0.999476 0.0323571 0
    outer loop
      vertex -81.6964 44.8888 3
      vertex -81.7 45 0
      vertex -81.7 45 3
    endloop
  endfacet
  facet normal 0.999476 0.0323571 0
    outer loop
      vertex -81.7 45 0
      vertex -81.6964 44.8888 3
      vertex -81.6964 44.8888 0
    endloop
  endfacet
  facet normal 0.97398 -0.226633 0
    outer loop
      vertex -81.6673 45.3317 3
      vertex -81.6421 45.44 0
      vertex -81.6421 45.44 3
    endloop
  endfacet
  facet normal 0.97398 -0.226633 0
    outer loop
      vertex -81.6421 45.44 0
      vertex -81.6673 45.3317 3
      vertex -81.6673 45.3317 0
    endloop
  endfacet
  facet normal 0.88168 -0.471847 0
    outer loop
      vertex -81.5247 45.7519 3
      vertex -81.4722 45.85 0
      vertex -81.4722 45.85 3
    endloop
  endfacet
  facet normal 0.88168 -0.471847 0
    outer loop
      vertex -81.4722 45.85 0
      vertex -81.5247 45.7519 3
      vertex -81.5247 45.7519 0
    endloop
  endfacet
  facet normal 0.81276 -0.582598 0
    outer loop
      vertex -81.4135 45.9445 3
      vertex -81.3487 46.0349 0
      vertex -81.3487 46.0349 3
    endloop
  endfacet
  facet normal 0.81276 -0.582598 0
    outer loop
      vertex -81.3487 46.0349 0
      vertex -81.4135 45.9445 3
      vertex -81.4135 45.9445 0
    endloop
  endfacet
  facet normal 0.290482 -0.956881 0
    outer loop
      vertex -80.5464 46.6098 0
      vertex -80.44 46.6421 3
      vertex -80.5464 46.6098 3
    endloop
  endfacet
  facet normal 0.290482 -0.956881 0
    outer loop
      vertex -80.44 46.6421 3
      vertex -80.5464 46.6098 0
      vertex -80.44 46.6421 0
    endloop
  endfacet
  facet normal 0.16367 -0.986515 0
    outer loop
      vertex -80.3316 46.6673 0
      vertex -80.2219 46.6855 3
      vertex -80.3316 46.6673 3
    endloop
  endfacet
  facet normal 0.16367 -0.986515 0
    outer loop
      vertex -80.2219 46.6855 3
      vertex -80.3316 46.6673 0
      vertex -80.2219 46.6855 0
    endloop
  endfacet
  facet normal 0.527654 -0.84946 0
    outer loop
      vertex -80.9445 46.4135 0
      vertex -80.85 46.4722 3
      vertex -80.9445 46.4135 3
    endloop
  endfacet
  facet normal 0.527654 -0.84946 0
    outer loop
      vertex -80.85 46.4722 3
      vertex -80.9445 46.4135 0
      vertex -80.85 46.4722 0
    endloop
  endfacet
  facet normal 0.730098 -0.683343 0
    outer loop
      vertex -81.2781 46.1209 3
      vertex -81.2021 46.2021 0
      vertex -81.2021 46.2021 3
    endloop
  endfacet
  facet normal 0.730098 -0.683343 0
    outer loop
      vertex -81.2021 46.2021 0
      vertex -81.2781 46.1209 3
      vertex -81.2781 46.1209 0
    endloop
  endfacet
  facet normal -0.986539 0.163525 0
    outer loop
      vertex -78.3327 44.6683 0
      vertex -78.3145 44.7781 3
      vertex -78.3145 44.7781 0
    endloop
  endfacet
  facet normal -0.986539 0.163525 0
    outer loop
      vertex -78.3145 44.7781 3
      vertex -78.3327 44.6683 0
      vertex -78.3327 44.6683 3
    endloop
  endfacet
  facet normal -0.995187 0.0979904 0
    outer loop
      vertex -78.3145 44.7781 0
      vertex -78.3036 44.8888 3
      vertex -78.3036 44.8888 0
    endloop
  endfacet
  facet normal -0.995187 0.0979904 0
    outer loop
      vertex -78.3036 44.8888 3
      vertex -78.3145 44.7781 0
      vertex -78.3145 44.7781 3
    endloop
  endfacet
  facet normal -0.582598 0.81276 0
    outer loop
      vertex -78.9651 43.6513 0
      vertex -79.0555 43.5865 3
      vertex -78.9651 43.6513 3
    endloop
  endfacet
  facet normal -0.582598 0.81276 0
    outer loop
      vertex -79.0555 43.5865 3
      vertex -78.9651 43.6513 0
      vertex -79.0555 43.5865 0
    endloop
  endfacet
  facet normal -0.730098 0.683343 0
    outer loop
      vertex -78.7979 43.7979 0
      vertex -78.7219 43.8791 3
      vertex -78.7219 43.8791 0
    endloop
  endfacet
  facet normal -0.730098 0.683343 0
    outer loop
      vertex -78.7219 43.8791 3
      vertex -78.7979 43.7979 0
      vertex -78.7979 43.7979 3
    endloop
  endfacet
  facet normal -0.412719 0.910859 0
    outer loop
      vertex -79.2481 43.4753 0
      vertex -79.3494 43.4294 3
      vertex -79.2481 43.4753 3
    endloop
  endfacet
  facet normal -0.412719 0.910859 0
    outer loop
      vertex -79.3494 43.4294 3
      vertex -79.2481 43.4753 0
      vertex -79.3494 43.4294 0
    endloop
  endfacet
  facet normal -0.986539 -0.163525 0
    outer loop
      vertex -78.3145 45.2219 0
      vertex -78.3327 45.3317 3
      vertex -78.3327 45.3317 0
    endloop
  endfacet
  facet normal -0.986539 -0.163525 0
    outer loop
      vertex -78.3327 45.3317 3
      vertex -78.3145 45.2219 0
      vertex -78.3145 45.2219 3
    endloop
  endfacet
  facet normal -0.97398 0.226633 0
    outer loop
      vertex -78.3579 44.56 0
      vertex -78.3327 44.6683 3
      vertex -78.3327 44.6683 0
    endloop
  endfacet
  facet normal -0.97398 0.226633 0
    outer loop
      vertex -78.3327 44.6683 3
      vertex -78.3579 44.56 0
      vertex -78.3579 44.56 3
    endloop
  endfacet
  facet normal -0.956881 0.290482 0
    outer loop
      vertex -78.3902 44.4536 0
      vertex -78.3579 44.56 3
      vertex -78.3579 44.56 0
    endloop
  endfacet
  facet normal -0.956881 0.290482 0
    outer loop
      vertex -78.3579 44.56 3
      vertex -78.3902 44.4536 0
      vertex -78.3902 44.4536 3
    endloop
  endfacet
  facet normal -0.88168 0.471847 0
    outer loop
      vertex -78.5278 44.15 0
      vertex -78.4753 44.2481 3
      vertex -78.4753 44.2481 0
    endloop
  endfacet
  facet normal -0.88168 0.471847 0
    outer loop
      vertex -78.4753 44.2481 3
      vertex -78.5278 44.15 0
      vertex -78.5278 44.15 3
    endloop
  endfacet
  facet normal -0.93596 0.352108 0
    outer loop
      vertex -78.4294 44.3494 0
      vertex -78.3902 44.4536 3
      vertex -78.3902 44.4536 0
    endloop
  endfacet
  facet normal -0.93596 0.352108 0
    outer loop
      vertex -78.3902 44.4536 3
      vertex -78.4294 44.3494 0
      vertex -78.4294 44.3494 3
    endloop
  endfacet
  facet normal -0.471847 0.88168 0
    outer loop
      vertex -79.15 43.5278 0
      vertex -79.2481 43.4753 3
      vertex -79.15 43.5278 3
    endloop
  endfacet
  facet normal -0.471847 0.88168 0
    outer loop
      vertex -79.2481 43.4753 3
      vertex -79.15 43.5278 0
      vertex -79.2481 43.4753 0
    endloop
  endfacet
  facet normal -0.634509 0.772915 0
    outer loop
      vertex -78.8791 43.7219 0
      vertex -78.9651 43.6513 3
      vertex -78.8791 43.7219 3
    endloop
  endfacet
  facet normal -0.634509 0.772915 0
    outer loop
      vertex -78.9651 43.6513 3
      vertex -78.8791 43.7219 0
      vertex -78.9651 43.6513 0
    endloop
  endfacet
  facet normal -0.683343 0.730098 0
    outer loop
      vertex -78.7979 43.7979 0
      vertex -78.8791 43.7219 3
      vertex -78.7979 43.7979 3
    endloop
  endfacet
  facet normal -0.683343 0.730098 0
    outer loop
      vertex -78.8791 43.7219 3
      vertex -78.7979 43.7979 0
      vertex -78.8791 43.7219 0
    endloop
  endfacet
  facet normal -0.81276 0.582598 0
    outer loop
      vertex -78.6513 43.9651 0
      vertex -78.5865 44.0555 3
      vertex -78.5865 44.0555 0
    endloop
  endfacet
  facet normal -0.81276 0.582598 0
    outer loop
      vertex -78.5865 44.0555 3
      vertex -78.6513 43.9651 0
      vertex -78.6513 43.9651 3
    endloop
  endfacet
  facet normal -0.84946 0.527654 0
    outer loop
      vertex -78.5865 44.0555 0
      vertex -78.5278 44.15 3
      vertex -78.5278 44.15 0
    endloop
  endfacet
  facet normal -0.84946 0.527654 0
    outer loop
      vertex -78.5278 44.15 3
      vertex -78.5865 44.0555 0
      vertex -78.5865 44.0555 3
    endloop
  endfacet
  facet normal 0.634509 0.772915 -0
    outer loop
      vertex -81.0349 43.6513 0
      vertex -81.1209 43.7219 3
      vertex -81.0349 43.6513 3
    endloop
  endfacet
  facet normal 0.634509 0.772915 0
    outer loop
      vertex -81.1209 43.7219 3
      vertex -81.0349 43.6513 0
      vertex -81.1209 43.7219 0
    endloop
  endfacet
  facet normal -0.0323571 0.999476 0
    outer loop
      vertex -79.8888 43.3036 0
      vertex -80 43.3 3
      vertex -79.8888 43.3036 3
    endloop
  endfacet
  facet normal -0.0323571 0.999476 0
    outer loop
      vertex -80 43.3 3
      vertex -79.8888 43.3036 0
      vertex -80 43.3 0
    endloop
  endfacet
  facet normal 0.352108 0.93596 -0
    outer loop
      vertex -80.5464 43.3902 0
      vertex -80.6506 43.4294 3
      vertex -80.5464 43.3902 3
    endloop
  endfacet
  facet normal 0.352108 0.93596 0
    outer loop
      vertex -80.6506 43.4294 3
      vertex -80.5464 43.3902 0
      vertex -80.6506 43.4294 0
    endloop
  endfacet
  facet normal 0.290482 0.956881 -0
    outer loop
      vertex -80.44 43.3579 0
      vertex -80.5464 43.3902 3
      vertex -80.44 43.3579 3
    endloop
  endfacet
  facet normal 0.290482 0.956881 0
    outer loop
      vertex -80.5464 43.3902 3
      vertex -80.44 43.3579 0
      vertex -80.5464 43.3902 0
    endloop
  endfacet
  facet normal 0.16367 0.986515 -0
    outer loop
      vertex -80.2219 43.3145 0
      vertex -80.3316 43.3327 3
      vertex -80.2219 43.3145 3
    endloop
  endfacet
  facet normal 0.16367 0.986515 0
    outer loop
      vertex -80.3316 43.3327 3
      vertex -80.2219 43.3145 0
      vertex -80.3316 43.3327 0
    endloop
  endfacet
  facet normal 0.527654 0.84946 -0
    outer loop
      vertex -80.85 43.5278 0
      vertex -80.9445 43.5865 3
      vertex -80.85 43.5278 3
    endloop
  endfacet
  facet normal 0.527654 0.84946 0
    outer loop
      vertex -80.9445 43.5865 3
      vertex -80.85 43.5278 0
      vertex -80.9445 43.5865 0
    endloop
  endfacet
  facet normal 0.995187 0.0979904 0
    outer loop
      vertex -81.6855 44.7781 3
      vertex -81.6964 44.8888 0
      vertex -81.6964 44.8888 3
    endloop
  endfacet
  facet normal 0.995187 0.0979904 0
    outer loop
      vertex -81.6964 44.8888 0
      vertex -81.6855 44.7781 3
      vertex -81.6855 44.7781 0
    endloop
  endfacet
  facet normal 0.97398 0.226633 0
    outer loop
      vertex -81.6421 44.56 3
      vertex -81.6673 44.6683 0
      vertex -81.6673 44.6683 3
    endloop
  endfacet
  facet normal 0.97398 0.226633 0
    outer loop
      vertex -81.6673 44.6683 0
      vertex -81.6421 44.56 3
      vertex -81.6421 44.56 0
    endloop
  endfacet
  facet normal 0.910859 0.412719 0
    outer loop
      vertex -81.5247 44.2481 3
      vertex -81.5706 44.3494 0
      vertex -81.5706 44.3494 3
    endloop
  endfacet
  facet normal 0.910859 0.412719 0
    outer loop
      vertex -81.5706 44.3494 0
      vertex -81.5247 44.2481 3
      vertex -81.5247 44.2481 0
    endloop
  endfacet
  facet normal 0.88168 0.471847 0
    outer loop
      vertex -81.4722 44.15 3
      vertex -81.5247 44.2481 0
      vertex -81.5247 44.2481 3
    endloop
  endfacet
  facet normal 0.88168 0.471847 0
    outer loop
      vertex -81.5247 44.2481 0
      vertex -81.4722 44.15 3
      vertex -81.4722 44.15 0
    endloop
  endfacet
  facet normal 0.81276 0.582598 0
    outer loop
      vertex -81.3487 43.9651 3
      vertex -81.4135 44.0555 0
      vertex -81.4135 44.0555 3
    endloop
  endfacet
  facet normal 0.81276 0.582598 0
    outer loop
      vertex -81.4135 44.0555 0
      vertex -81.3487 43.9651 3
      vertex -81.3487 43.9651 0
    endloop
  endfacet
  facet normal 0.772915 0.634509 0
    outer loop
      vertex -81.2781 43.8791 3
      vertex -81.3487 43.9651 0
      vertex -81.3487 43.9651 3
    endloop
  endfacet
  facet normal 0.772915 0.634509 0
    outer loop
      vertex -81.3487 43.9651 0
      vertex -81.2781 43.8791 3
      vertex -81.2781 43.8791 0
    endloop
  endfacet
  facet normal -0.226434 0.974026 0
    outer loop
      vertex -79.56 43.3579 0
      vertex -79.6684 43.3327 3
      vertex -79.56 43.3579 3
    endloop
  endfacet
  facet normal -0.226434 0.974026 0
    outer loop
      vertex -79.6684 43.3327 3
      vertex -79.56 43.3579 0
      vertex -79.6684 43.3327 0
    endloop
  endfacet
  facet normal -0.956881 -0.290482 0
    outer loop
      vertex -78.3579 45.44 0
      vertex -78.3902 45.5464 3
      vertex -78.3902 45.5464 0
    endloop
  endfacet
  facet normal -0.956881 -0.290482 0
    outer loop
      vertex -78.3902 45.5464 3
      vertex -78.3579 45.44 0
      vertex -78.3579 45.44 3
    endloop
  endfacet
  facet normal -0.910859 0.412719 0
    outer loop
      vertex -78.4753 44.2481 0
      vertex -78.4294 44.3494 3
      vertex -78.4294 44.3494 0
    endloop
  endfacet
  facet normal -0.910859 0.412719 0
    outer loop
      vertex -78.4294 44.3494 3
      vertex -78.4753 44.2481 0
      vertex -78.4753 44.2481 3
    endloop
  endfacet
  facet normal -0.527654 0.84946 0
    outer loop
      vertex -79.0555 43.5865 0
      vertex -79.15 43.5278 3
      vertex -79.0555 43.5865 3
    endloop
  endfacet
  facet normal -0.527654 0.84946 0
    outer loop
      vertex -79.15 43.5278 3
      vertex -79.0555 43.5865 0
      vertex -79.15 43.5278 0
    endloop
  endfacet
  facet normal 0.0979904 0.995187 -0
    outer loop
      vertex -80.1112 43.3036 0
      vertex -80.2219 43.3145 3
      vertex -80.1112 43.3036 3
    endloop
  endfacet
  facet normal 0.0979904 0.995187 0
    outer loop
      vertex -80.2219 43.3145 3
      vertex -80.1112 43.3036 0
      vertex -80.2219 43.3145 0
    endloop
  endfacet
  facet normal 0.226434 0.974026 -0
    outer loop
      vertex -80.3316 43.3327 0
      vertex -80.44 43.3579 3
      vertex -80.3316 43.3327 3
    endloop
  endfacet
  facet normal 0.226434 0.974026 0
    outer loop
      vertex -80.44 43.3579 3
      vertex -80.3316 43.3327 0
      vertex -80.44 43.3579 0
    endloop
  endfacet
  facet normal 0.471847 0.88168 -0
    outer loop
      vertex -80.7519 43.4753 0
      vertex -80.85 43.5278 3
      vertex -80.7519 43.4753 3
    endloop
  endfacet
  facet normal 0.471847 0.88168 0
    outer loop
      vertex -80.85 43.5278 3
      vertex -80.7519 43.4753 0
      vertex -80.85 43.5278 0
    endloop
  endfacet
  facet normal 0.582598 0.81276 -0
    outer loop
      vertex -80.9445 43.5865 0
      vertex -81.0349 43.6513 3
      vertex -80.9445 43.5865 3
    endloop
  endfacet
  facet normal 0.582598 0.81276 0
    outer loop
      vertex -81.0349 43.6513 3
      vertex -80.9445 43.5865 0
      vertex -81.0349 43.6513 0
    endloop
  endfacet
  facet normal 0.986539 0.163525 0
    outer loop
      vertex -81.6673 44.6683 3
      vertex -81.6855 44.7781 0
      vertex -81.6855 44.7781 3
    endloop
  endfacet
  facet normal 0.986539 0.163525 0
    outer loop
      vertex -81.6855 44.7781 0
      vertex -81.6673 44.6683 3
      vertex -81.6673 44.6683 0
    endloop
  endfacet
  facet normal 0.93596 0.352108 0
    outer loop
      vertex -81.5706 44.3494 3
      vertex -81.6098 44.4536 0
      vertex -81.6098 44.4536 3
    endloop
  endfacet
  facet normal 0.93596 0.352108 0
    outer loop
      vertex -81.6098 44.4536 0
      vertex -81.5706 44.3494 3
      vertex -81.5706 44.3494 0
    endloop
  endfacet
  facet normal 0.956881 0.290482 0
    outer loop
      vertex -81.6098 44.4536 3
      vertex -81.6421 44.56 0
      vertex -81.6421 44.56 3
    endloop
  endfacet
  facet normal 0.956881 0.290482 0
    outer loop
      vertex -81.6421 44.56 0
      vertex -81.6098 44.4536 3
      vertex -81.6098 44.4536 0
    endloop
  endfacet
  facet normal 0.84946 0.527654 0
    outer loop
      vertex -81.4135 44.0555 3
      vertex -81.4722 44.15 0
      vertex -81.4722 44.15 3
    endloop
  endfacet
  facet normal 0.84946 0.527654 0
    outer loop
      vertex -81.4722 44.15 0
      vertex -81.4135 44.0555 3
      vertex -81.4135 44.0555 0
    endloop
  endfacet
  facet normal 0.683343 0.730098 -0
    outer loop
      vertex -81.1209 43.7219 0
      vertex -81.2021 43.7979 3
      vertex -81.1209 43.7219 3
    endloop
  endfacet
  facet normal 0.683343 0.730098 0
    outer loop
      vertex -81.2021 43.7979 3
      vertex -81.1209 43.7219 0
      vertex -81.2021 43.7979 0
    endloop
  endfacet
  facet normal 0.730098 0.683343 0
    outer loop
      vertex -81.2021 43.7979 3
      vertex -81.2781 43.8791 0
      vertex -81.2781 43.8791 3
    endloop
  endfacet
  facet normal 0.730098 0.683343 0
    outer loop
      vertex -81.2781 43.8791 0
      vertex -81.2021 43.7979 3
      vertex -81.2021 43.7979 0
    endloop
  endfacet
  facet normal -0.352108 0.93596 0
    outer loop
      vertex -79.3494 43.4294 0
      vertex -79.4536 43.3902 3
      vertex -79.3494 43.4294 3
    endloop
  endfacet
  facet normal -0.352108 0.93596 0
    outer loop
      vertex -79.4536 43.3902 3
      vertex -79.3494 43.4294 0
      vertex -79.4536 43.3902 0
    endloop
  endfacet
  facet normal -0.290482 0.956881 0
    outer loop
      vertex -79.4536 43.3902 0
      vertex -79.56 43.3579 3
      vertex -79.4536 43.3902 3
    endloop
  endfacet
  facet normal -0.290482 0.956881 0
    outer loop
      vertex -79.56 43.3579 3
      vertex -79.4536 43.3902 0
      vertex -79.56 43.3579 0
    endloop
  endfacet
  facet normal 0.0323571 0.999476 -0
    outer loop
      vertex -80 43.3 0
      vertex -80.1112 43.3036 3
      vertex -80 43.3 3
    endloop
  endfacet
  facet normal 0.0323571 0.999476 0
    outer loop
      vertex -80.1112 43.3036 3
      vertex -80 43.3 0
      vertex -80.1112 43.3036 0
    endloop
  endfacet
  facet normal 0.412719 0.910859 -0
    outer loop
      vertex -80.6506 43.4294 0
      vertex -80.7519 43.4753 3
      vertex -80.6506 43.4294 3
    endloop
  endfacet
  facet normal 0.412719 0.910859 0
    outer loop
      vertex -80.7519 43.4753 3
      vertex -80.6506 43.4294 0
      vertex -80.7519 43.4753 0
    endloop
  endfacet
  facet normal -0.999476 -0.0323571 0
    outer loop
      vertex 81.7 -45 0
      vertex 81.6964 -44.8888 3
      vertex 81.6964 -44.8888 0
    endloop
  endfacet
  facet normal -0.999476 -0.0323571 0
    outer loop
      vertex 81.6964 -44.8888 3
      vertex 81.7 -45 0
      vertex 81.7 -45 3
    endloop
  endfacet
  facet normal 0.999476 -0.0323571 0
    outer loop
      vertex 78.3 -45 3
      vertex 78.3036 -44.8888 0
      vertex 78.3036 -44.8888 3
    endloop
  endfacet
  facet normal 0.999476 -0.0323571 0
    outer loop
      vertex 78.3036 -44.8888 0
      vertex 78.3 -45 3
      vertex 78.3 -45 0
    endloop
  endfacet
  facet normal -0.0323571 -0.999476 0
    outer loop
      vertex 80 -43.3 0
      vertex 80.1112 -43.3036 3
      vertex 80 -43.3 3
    endloop
  endfacet
  facet normal -0.0323571 -0.999476 -0
    outer loop
      vertex 80.1112 -43.3036 3
      vertex 80 -43.3 0
      vertex 80.1112 -43.3036 0
    endloop
  endfacet
  facet normal 0.0323571 0.999476 -0
    outer loop
      vertex 80 -46.7 0
      vertex 79.8888 -46.6964 3
      vertex 80 -46.7 3
    endloop
  endfacet
  facet normal 0.0323571 0.999476 0
    outer loop
      vertex 79.8888 -46.6964 3
      vertex 80 -46.7 0
      vertex 79.8888 -46.6964 0
    endloop
  endfacet
  facet normal 0.730098 0.683343 0
    outer loop
      vertex 78.7979 -46.2021 3
      vertex 78.7219 -46.1209 0
      vertex 78.7219 -46.1209 3
    endloop
  endfacet
  facet normal 0.730098 0.683343 0
    outer loop
      vertex 78.7219 -46.1209 0
      vertex 78.7979 -46.2021 3
      vertex 78.7979 -46.2021 0
    endloop
  endfacet
  facet normal -0.683343 -0.730098 0
    outer loop
      vertex 81.1209 -43.7219 0
      vertex 81.2021 -43.7979 3
      vertex 81.1209 -43.7219 3
    endloop
  endfacet
  facet normal -0.683343 -0.730098 -0
    outer loop
      vertex 81.2021 -43.7979 3
      vertex 81.1209 -43.7219 0
      vertex 81.2021 -43.7979 0
    endloop
  endfacet
  facet normal 0.683343 -0.730098 0
    outer loop
      vertex 78.7979 -43.7979 0
      vertex 78.8791 -43.7219 3
      vertex 78.7979 -43.7979 3
    endloop
  endfacet
  facet normal 0.683343 -0.730098 0
    outer loop
      vertex 78.8791 -43.7219 3
      vertex 78.7979 -43.7979 0
      vertex 78.8791 -43.7219 0
    endloop
  endfacet
  facet normal 0.352108 -0.93596 0
    outer loop
      vertex 79.3494 -43.4294 0
      vertex 79.4536 -43.3902 3
      vertex 79.3494 -43.4294 3
    endloop
  endfacet
  facet normal 0.352108 -0.93596 0
    outer loop
      vertex 79.4536 -43.3902 3
      vertex 79.3494 -43.4294 0
      vertex 79.4536 -43.3902 0
    endloop
  endfacet
  facet normal -0.730098 0.683343 0
    outer loop
      vertex 81.2021 -46.2021 0
      vertex 81.2781 -46.1209 3
      vertex 81.2781 -46.1209 0
    endloop
  endfacet
  facet normal -0.730098 0.683343 0
    outer loop
      vertex 81.2781 -46.1209 3
      vertex 81.2021 -46.2021 0
      vertex 81.2021 -46.2021 3
    endloop
  endfacet
  facet normal -0.910859 -0.412719 0
    outer loop
      vertex 81.5706 -44.3494 0
      vertex 81.5247 -44.2481 3
      vertex 81.5247 -44.2481 0
    endloop
  endfacet
  facet normal -0.910859 -0.412719 0
    outer loop
      vertex 81.5247 -44.2481 3
      vertex 81.5706 -44.3494 0
      vertex 81.5706 -44.3494 3
    endloop
  endfacet
  facet normal -0.412719 -0.910859 0
    outer loop
      vertex 80.6506 -43.4294 0
      vertex 80.7519 -43.4753 3
      vertex 80.6506 -43.4294 3
    endloop
  endfacet
  facet normal -0.412719 -0.910859 -0
    outer loop
      vertex 80.7519 -43.4753 3
      vertex 80.6506 -43.4294 0
      vertex 80.7519 -43.4753 0
    endloop
  endfacet
  facet normal -0.582598 -0.81276 0
    outer loop
      vertex 80.9445 -43.5865 0
      vertex 81.0349 -43.6513 3
      vertex 80.9445 -43.5865 3
    endloop
  endfacet
  facet normal -0.582598 -0.81276 -0
    outer loop
      vertex 81.0349 -43.6513 3
      vertex 80.9445 -43.5865 0
      vertex 81.0349 -43.6513 0
    endloop
  endfacet
  facet normal 0.910859 -0.412719 0
    outer loop
      vertex 78.4294 -44.3494 3
      vertex 78.4753 -44.2481 0
      vertex 78.4753 -44.2481 3
    endloop
  endfacet
  facet normal 0.910859 -0.412719 0
    outer loop
      vertex 78.4753 -44.2481 0
      vertex 78.4294 -44.3494 3
      vertex 78.4294 -44.3494 0
    endloop
  endfacet
  facet normal 0.16367 -0.986515 0
    outer loop
      vertex 79.6684 -43.3327 0
      vertex 79.7781 -43.3145 3
      vertex 79.6684 -43.3327 3
    endloop
  endfacet
  facet normal 0.16367 -0.986515 0
    outer loop
      vertex 79.7781 -43.3145 3
      vertex 79.6684 -43.3327 0
      vertex 79.7781 -43.3145 0
    endloop
  endfacet
  facet normal 0.995187 0.0979904 0
    outer loop
      vertex 78.3145 -45.2219 3
      vertex 78.3036 -45.1112 0
      vertex 78.3036 -45.1112 3
    endloop
  endfacet
  facet normal 0.995187 0.0979904 0
    outer loop
      vertex 78.3036 -45.1112 0
      vertex 78.3145 -45.2219 3
      vertex 78.3145 -45.2219 0
    endloop
  endfacet
  facet normal -0.97398 -0.226633 0
    outer loop
      vertex 81.6673 -44.6683 0
      vertex 81.6421 -44.56 3
      vertex 81.6421 -44.56 0
    endloop
  endfacet
  facet normal -0.97398 -0.226633 0
    outer loop
      vertex 81.6421 -44.56 3
      vertex 81.6673 -44.6683 0
      vertex 81.6673 -44.6683 3
    endloop
  endfacet
  facet normal -0.81276 -0.582598 0
    outer loop
      vertex 81.4135 -44.0555 0
      vertex 81.3487 -43.9651 3
      vertex 81.3487 -43.9651 0
    endloop
  endfacet
  facet normal -0.81276 -0.582598 0
    outer loop
      vertex 81.3487 -43.9651 3
      vertex 81.4135 -44.0555 0
      vertex 81.4135 -44.0555 3
    endloop
  endfacet
  facet normal -0.772915 -0.634509 0
    outer loop
      vertex 81.3487 -43.9651 0
      vertex 81.2781 -43.8791 3
      vertex 81.2781 -43.8791 0
    endloop
  endfacet
  facet normal -0.772915 -0.634509 0
    outer loop
      vertex 81.2781 -43.8791 3
      vertex 81.3487 -43.9651 0
      vertex 81.3487 -43.9651 3
    endloop
  endfacet
  facet normal -0.84946 -0.527654 0
    outer loop
      vertex 81.4722 -44.15 0
      vertex 81.4135 -44.0555 3
      vertex 81.4135 -44.0555 0
    endloop
  endfacet
  facet normal -0.84946 -0.527654 0
    outer loop
      vertex 81.4135 -44.0555 3
      vertex 81.4722 -44.15 0
      vertex 81.4722 -44.15 3
    endloop
  endfacet
  facet normal -0.226434 -0.974026 0
    outer loop
      vertex 80.3316 -43.3327 0
      vertex 80.44 -43.3579 3
      vertex 80.3316 -43.3327 3
    endloop
  endfacet
  facet normal -0.226434 -0.974026 -0
    outer loop
      vertex 80.44 -43.3579 3
      vertex 80.3316 -43.3327 0
      vertex 80.44 -43.3579 0
    endloop
  endfacet
  facet normal -0.634509 -0.772915 0
    outer loop
      vertex 81.0349 -43.6513 0
      vertex 81.1209 -43.7219 3
      vertex 81.0349 -43.6513 3
    endloop
  endfacet
  facet normal -0.634509 -0.772915 -0
    outer loop
      vertex 81.1209 -43.7219 3
      vertex 81.0349 -43.6513 0
      vertex 81.1209 -43.7219 0
    endloop
  endfacet
  facet normal 0.97398 -0.226633 0
    outer loop
      vertex 78.3327 -44.6683 3
      vertex 78.3579 -44.56 0
      vertex 78.3579 -44.56 3
    endloop
  endfacet
  facet normal 0.97398 -0.226633 0
    outer loop
      vertex 78.3579 -44.56 0
      vertex 78.3327 -44.6683 3
      vertex 78.3327 -44.6683 0
    endloop
  endfacet
  facet normal 0.81276 -0.582598 0
    outer loop
      vertex 78.5865 -44.0555 3
      vertex 78.6513 -43.9651 0
      vertex 78.6513 -43.9651 3
    endloop
  endfacet
  facet normal 0.81276 -0.582598 0
    outer loop
      vertex 78.6513 -43.9651 0
      vertex 78.5865 -44.0555 3
      vertex 78.5865 -44.0555 0
    endloop
  endfacet
  facet normal 0.730098 -0.683343 0
    outer loop
      vertex 78.7219 -43.8791 3
      vertex 78.7979 -43.7979 0
      vertex 78.7979 -43.7979 3
    endloop
  endfacet
  facet normal 0.730098 -0.683343 0
    outer loop
      vertex 78.7979 -43.7979 0
      vertex 78.7219 -43.8791 3
      vertex 78.7219 -43.8791 0
    endloop
  endfacet
  facet normal 0.527654 -0.84946 0
    outer loop
      vertex 79.0555 -43.5865 0
      vertex 79.15 -43.5278 3
      vertex 79.0555 -43.5865 3
    endloop
  endfacet
  facet normal 0.527654 -0.84946 0
    outer loop
      vertex 79.15 -43.5278 3
      vertex 79.0555 -43.5865 0
      vertex 79.15 -43.5278 0
    endloop
  endfacet
  facet normal 0.412719 -0.910859 0
    outer loop
      vertex 79.2481 -43.4753 0
      vertex 79.3494 -43.4294 3
      vertex 79.2481 -43.4753 3
    endloop
  endfacet
  facet normal 0.412719 -0.910859 0
    outer loop
      vertex 79.3494 -43.4294 3
      vertex 79.2481 -43.4753 0
      vertex 79.3494 -43.4294 0
    endloop
  endfacet
  facet normal 0.226434 -0.974026 0
    outer loop
      vertex 79.56 -43.3579 0
      vertex 79.6684 -43.3327 3
      vertex 79.56 -43.3579 3
    endloop
  endfacet
  facet normal 0.226434 -0.974026 0
    outer loop
      vertex 79.6684 -43.3327 3
      vertex 79.56 -43.3579 0
      vertex 79.6684 -43.3327 0
    endloop
  endfacet
  facet normal 0.0323571 -0.999476 0
    outer loop
      vertex 79.8888 -43.3036 0
      vertex 80 -43.3 3
      vertex 79.8888 -43.3036 3
    endloop
  endfacet
  facet normal 0.0323571 -0.999476 0
    outer loop
      vertex 80 -43.3 3
      vertex 79.8888 -43.3036 0
      vertex 80 -43.3 0
    endloop
  endfacet
  facet normal -0.0323571 0.999476 0
    outer loop
      vertex 80.1112 -46.6964 0
      vertex 80 -46.7 3
      vertex 80.1112 -46.6964 3
    endloop
  endfacet
  facet normal -0.0323571 0.999476 0
    outer loop
      vertex 80 -46.7 3
      vertex 80.1112 -46.6964 0
      vertex 80 -46.7 0
    endloop
  endfacet
  facet normal -0.226434 0.974026 0
    outer loop
      vertex 80.44 -46.6421 0
      vertex 80.3316 -46.6673 3
      vertex 80.44 -46.6421 3
    endloop
  endfacet
  facet normal -0.226434 0.974026 0
    outer loop
      vertex 80.3316 -46.6673 3
      vertex 80.44 -46.6421 0
      vertex 80.3316 -46.6673 0
    endloop
  endfacet
  facet normal -0.634509 0.772915 0
    outer loop
      vertex 81.1209 -46.2781 0
      vertex 81.0349 -46.3487 3
      vertex 81.1209 -46.2781 3
    endloop
  endfacet
  facet normal -0.634509 0.772915 0
    outer loop
      vertex 81.0349 -46.3487 3
      vertex 81.1209 -46.2781 0
      vertex 81.0349 -46.3487 0
    endloop
  endfacet
  facet normal -0.772915 0.634509 0
    outer loop
      vertex 81.2781 -46.1209 0
      vertex 81.3487 -46.0349 3
      vertex 81.3487 -46.0349 0
    endloop
  endfacet
  facet normal -0.772915 0.634509 0
    outer loop
      vertex 81.3487 -46.0349 3
      vertex 81.2781 -46.1209 0
      vertex 81.2781 -46.1209 3
    endloop
  endfacet
  facet normal -0.956881 0.290482 0
    outer loop
      vertex 81.6098 -45.5464 0
      vertex 81.6421 -45.44 3
      vertex 81.6421 -45.44 0
    endloop
  endfacet
  facet normal -0.956881 0.290482 0
    outer loop
      vertex 81.6421 -45.44 3
      vertex 81.6098 -45.5464 0
      vertex 81.6098 -45.5464 3
    endloop
  endfacet
  facet normal -0.995187 0.0979904 0
    outer loop
      vertex 81.6855 -45.2219 0
      vertex 81.6964 -45.1112 3
      vertex 81.6964 -45.1112 0
    endloop
  endfacet
  facet normal -0.995187 0.0979904 0
    outer loop
      vertex 81.6964 -45.1112 3
      vertex 81.6855 -45.2219 0
      vertex 81.6855 -45.2219 3
    endloop
  endfacet
  facet normal 0.634509 0.772915 -0
    outer loop
      vertex 78.9651 -46.3487 0
      vertex 78.8791 -46.2781 3
      vertex 78.9651 -46.3487 3
    endloop
  endfacet
  facet normal 0.634509 0.772915 0
    outer loop
      vertex 78.8791 -46.2781 3
      vertex 78.9651 -46.3487 0
      vertex 78.8791 -46.2781 0
    endloop
  endfacet
  facet normal 0.683343 0.730098 -0
    outer loop
      vertex 78.8791 -46.2781 0
      vertex 78.7979 -46.2021 3
      vertex 78.8791 -46.2781 3
    endloop
  endfacet
  facet normal 0.683343 0.730098 0
    outer loop
      vertex 78.7979 -46.2021 3
      vertex 78.8791 -46.2781 0
      vertex 78.7979 -46.2021 0
    endloop
  endfacet
  facet normal 0.88168 0.471847 0
    outer loop
      vertex 78.5278 -45.85 3
      vertex 78.4753 -45.7519 0
      vertex 78.4753 -45.7519 3
    endloop
  endfacet
  facet normal 0.88168 0.471847 0
    outer loop
      vertex 78.4753 -45.7519 0
      vertex 78.5278 -45.85 3
      vertex 78.5278 -45.85 0
    endloop
  endfacet
  facet normal 0.910859 0.412719 0
    outer loop
      vertex 78.4753 -45.7519 3
      vertex 78.4294 -45.6506 0
      vertex 78.4294 -45.6506 3
    endloop
  endfacet
  facet normal 0.910859 0.412719 0
    outer loop
      vertex 78.4294 -45.6506 0
      vertex 78.4753 -45.7519 3
      vertex 78.4753 -45.7519 0
    endloop
  endfacet
  facet normal 0.772915 0.634509 0
    outer loop
      vertex 78.7219 -46.1209 3
      vertex 78.6513 -46.0349 0
      vertex 78.6513 -46.0349 3
    endloop
  endfacet
  facet normal 0.772915 0.634509 0
    outer loop
      vertex 78.6513 -46.0349 0
      vertex 78.7219 -46.1209 3
      vertex 78.7219 -46.1209 0
    endloop
  endfacet
  facet normal 0.97398 0.226633 0
    outer loop
      vertex 78.3579 -45.44 3
      vertex 78.3327 -45.3317 0
      vertex 78.3327 -45.3317 3
    endloop
  endfacet
  facet normal 0.97398 0.226633 0
    outer loop
      vertex 78.3327 -45.3317 0
      vertex 78.3579 -45.44 3
      vertex 78.3579 -45.44 0
    endloop
  endfacet
  facet normal 0.93596 0.352108 0
    outer loop
      vertex 78.4294 -45.6506 3
      vertex 78.3902 -45.5464 0
      vertex 78.3902 -45.5464 3
    endloop
  endfacet
  facet normal 0.93596 0.352108 0
    outer loop
      vertex 78.3902 -45.5464 0
      vertex 78.4294 -45.6506 3
      vertex 78.4294 -45.6506 0
    endloop
  endfacet
  facet normal 0.999476 0.0323571 0
    outer loop
      vertex 78.3036 -45.1112 3
      vertex 78.3 -45 0
      vertex 78.3 -45 3
    endloop
  endfacet
  facet normal 0.999476 0.0323571 0
    outer loop
      vertex 78.3 -45 0
      vertex 78.3036 -45.1112 3
      vertex 78.3036 -45.1112 0
    endloop
  endfacet
  facet normal -0.986539 -0.163525 0
    outer loop
      vertex 81.6855 -44.7781 0
      vertex 81.6673 -44.6683 3
      vertex 81.6673 -44.6683 0
    endloop
  endfacet
  facet normal -0.986539 -0.163525 0
    outer loop
      vertex 81.6673 -44.6683 3
      vertex 81.6855 -44.7781 0
      vertex 81.6855 -44.7781 3
    endloop
  endfacet
  facet normal -0.995187 -0.0979904 0
    outer loop
      vertex 81.6964 -44.8888 0
      vertex 81.6855 -44.7781 3
      vertex 81.6855 -44.7781 0
    endloop
  endfacet
  facet normal -0.995187 -0.0979904 0
    outer loop
      vertex 81.6855 -44.7781 3
      vertex 81.6964 -44.8888 0
      vertex 81.6964 -44.8888 3
    endloop
  endfacet
  facet normal -0.93596 -0.352108 0
    outer loop
      vertex 81.6098 -44.4536 0
      vertex 81.5706 -44.3494 3
      vertex 81.5706 -44.3494 0
    endloop
  endfacet
  facet normal -0.93596 -0.352108 0
    outer loop
      vertex 81.5706 -44.3494 3
      vertex 81.6098 -44.4536 0
      vertex 81.6098 -44.4536 3
    endloop
  endfacet
  facet normal -0.956881 -0.290482 0
    outer loop
      vertex 81.6421 -44.56 0
      vertex 81.6098 -44.4536 3
      vertex 81.6098 -44.4536 0
    endloop
  endfacet
  facet normal -0.956881 -0.290482 0
    outer loop
      vertex 81.6098 -44.4536 3
      vertex 81.6421 -44.56 0
      vertex 81.6421 -44.56 3
    endloop
  endfacet
  facet normal -0.730098 -0.683343 0
    outer loop
      vertex 81.2781 -43.8791 0
      vertex 81.2021 -43.7979 3
      vertex 81.2021 -43.7979 0
    endloop
  endfacet
  facet normal -0.730098 -0.683343 0
    outer loop
      vertex 81.2021 -43.7979 3
      vertex 81.2781 -43.8791 0
      vertex 81.2781 -43.8791 3
    endloop
  endfacet
  facet normal -0.88168 -0.471847 0
    outer loop
      vertex 81.5247 -44.2481 0
      vertex 81.4722 -44.15 3
      vertex 81.4722 -44.15 0
    endloop
  endfacet
  facet normal -0.88168 -0.471847 0
    outer loop
      vertex 81.4722 -44.15 3
      vertex 81.5247 -44.2481 0
      vertex 81.5247 -44.2481 3
    endloop
  endfacet
  facet normal -0.290482 -0.956881 0
    outer loop
      vertex 80.44 -43.3579 0
      vertex 80.5464 -43.3902 3
      vertex 80.44 -43.3579 3
    endloop
  endfacet
  facet normal -0.290482 -0.956881 -0
    outer loop
      vertex 80.5464 -43.3902 3
      vertex 80.44 -43.3579 0
      vertex 80.5464 -43.3902 0
    endloop
  endfacet
  facet normal -0.352108 -0.93596 0
    outer loop
      vertex 80.5464 -43.3902 0
      vertex 80.6506 -43.4294 3
      vertex 80.5464 -43.3902 3
    endloop
  endfacet
  facet normal -0.352108 -0.93596 -0
    outer loop
      vertex 80.6506 -43.4294 3
      vertex 80.5464 -43.3902 0
      vertex 80.6506 -43.4294 0
    endloop
  endfacet
  facet normal -0.16367 -0.986515 0
    outer loop
      vertex 80.2219 -43.3145 0
      vertex 80.3316 -43.3327 3
      vertex 80.2219 -43.3145 3
    endloop
  endfacet
  facet normal -0.16367 -0.986515 -0
    outer loop
      vertex 80.3316 -43.3327 3
      vertex 80.2219 -43.3145 0
      vertex 80.3316 -43.3327 0
    endloop
  endfacet
  facet normal -0.0979904 -0.995187 0
    outer loop
      vertex 80.1112 -43.3036 0
      vertex 80.2219 -43.3145 3
      vertex 80.1112 -43.3036 3
    endloop
  endfacet
  facet normal -0.0979904 -0.995187 -0
    outer loop
      vertex 80.2219 -43.3145 3
      vertex 80.1112 -43.3036 0
      vertex 80.2219 -43.3145 0
    endloop
  endfacet
  facet normal -0.471847 -0.88168 0
    outer loop
      vertex 80.7519 -43.4753 0
      vertex 80.85 -43.5278 3
      vertex 80.7519 -43.4753 3
    endloop
  endfacet
  facet normal -0.471847 -0.88168 -0
    outer loop
      vertex 80.85 -43.5278 3
      vertex 80.7519 -43.4753 0
      vertex 80.85 -43.5278 0
    endloop
  endfacet
  facet normal 0.772915 -0.634509 0
    outer loop
      vertex 78.6513 -43.9651 3
      vertex 78.7219 -43.8791 0
      vertex 78.7219 -43.8791 3
    endloop
  endfacet
  facet normal 0.772915 -0.634509 0
    outer loop
      vertex 78.7219 -43.8791 0
      vertex 78.6513 -43.9651 3
      vertex 78.6513 -43.9651 0
    endloop
  endfacet
  facet normal 0.88168 -0.471847 0
    outer loop
      vertex 78.4753 -44.2481 3
      vertex 78.5278 -44.15 0
      vertex 78.5278 -44.15 3
    endloop
  endfacet
  facet normal 0.88168 -0.471847 0
    outer loop
      vertex 78.5278 -44.15 0
      vertex 78.4753 -44.2481 3
      vertex 78.4753 -44.2481 0
    endloop
  endfacet
  facet normal 0.84946 -0.527654 0
    outer loop
      vertex 78.5278 -44.15 3
      vertex 78.5865 -44.0555 0
      vertex 78.5865 -44.0555 3
    endloop
  endfacet
  facet normal 0.84946 -0.527654 0
    outer loop
      vertex 78.5865 -44.0555 0
      vertex 78.5278 -44.15 3
      vertex 78.5278 -44.15 0
    endloop
  endfacet
  facet normal 0.956881 -0.290482 0
    outer loop
      vertex 78.3579 -44.56 3
      vertex 78.3902 -44.4536 0
      vertex 78.3902 -44.4536 3
    endloop
  endfacet
  facet normal 0.956881 -0.290482 0
    outer loop
      vertex 78.3902 -44.4536 0
      vertex 78.3579 -44.56 3
      vertex 78.3579 -44.56 0
    endloop
  endfacet
  facet normal 0.93596 -0.352108 0
    outer loop
      vertex 78.3902 -44.4536 3
      vertex 78.4294 -44.3494 0
      vertex 78.4294 -44.3494 3
    endloop
  endfacet
  facet normal 0.93596 -0.352108 0
    outer loop
      vertex 78.4294 -44.3494 0
      vertex 78.3902 -44.4536 3
      vertex 78.3902 -44.4536 0
    endloop
  endfacet
  facet normal 0.995187 -0.0979904 0
    outer loop
      vertex 78.3036 -44.8888 3
      vertex 78.3145 -44.7781 0
      vertex 78.3145 -44.7781 3
    endloop
  endfacet
  facet normal 0.995187 -0.0979904 0
    outer loop
      vertex 78.3145 -44.7781 0
      vertex 78.3036 -44.8888 3
      vertex 78.3036 -44.8888 0
    endloop
  endfacet
  facet normal 0.471847 -0.88168 0
    outer loop
      vertex 79.15 -43.5278 0
      vertex 79.2481 -43.4753 3
      vertex 79.15 -43.5278 3
    endloop
  endfacet
  facet normal 0.471847 -0.88168 0
    outer loop
      vertex 79.2481 -43.4753 3
      vertex 79.15 -43.5278 0
      vertex 79.2481 -43.4753 0
    endloop
  endfacet
  facet normal 0.634509 -0.772915 0
    outer loop
      vertex 78.8791 -43.7219 0
      vertex 78.9651 -43.6513 3
      vertex 78.8791 -43.7219 3
    endloop
  endfacet
  facet normal 0.634509 -0.772915 0
    outer loop
      vertex 78.9651 -43.6513 3
      vertex 78.8791 -43.7219 0
      vertex 78.9651 -43.6513 0
    endloop
  endfacet
  facet normal 0.290482 -0.956881 0
    outer loop
      vertex 79.4536 -43.3902 0
      vertex 79.56 -43.3579 3
      vertex 79.4536 -43.3902 3
    endloop
  endfacet
  facet normal 0.290482 -0.956881 0
    outer loop
      vertex 79.56 -43.3579 3
      vertex 79.4536 -43.3902 0
      vertex 79.56 -43.3579 0
    endloop
  endfacet
  facet normal 0.0979904 -0.995187 0
    outer loop
      vertex 79.7781 -43.3145 0
      vertex 79.8888 -43.3036 3
      vertex 79.7781 -43.3145 3
    endloop
  endfacet
  facet normal 0.0979904 -0.995187 0
    outer loop
      vertex 79.8888 -43.3036 3
      vertex 79.7781 -43.3145 0
      vertex 79.8888 -43.3036 0
    endloop
  endfacet
  facet normal -0.0979904 0.995187 0
    outer loop
      vertex 80.2219 -46.6855 0
      vertex 80.1112 -46.6964 3
      vertex 80.2219 -46.6855 3
    endloop
  endfacet
  facet normal -0.0979904 0.995187 0
    outer loop
      vertex 80.1112 -46.6964 3
      vertex 80.2219 -46.6855 0
      vertex 80.1112 -46.6964 0
    endloop
  endfacet
  facet normal -0.290482 0.956881 0
    outer loop
      vertex 80.5464 -46.6098 0
      vertex 80.44 -46.6421 3
      vertex 80.5464 -46.6098 3
    endloop
  endfacet
  facet normal -0.290482 0.956881 0
    outer loop
      vertex 80.44 -46.6421 3
      vertex 80.5464 -46.6098 0
      vertex 80.44 -46.6421 0
    endloop
  endfacet
  facet normal -0.683343 0.730098 0
    outer loop
      vertex 81.2021 -46.2021 0
      vertex 81.1209 -46.2781 3
      vertex 81.2021 -46.2021 3
    endloop
  endfacet
  facet normal -0.683343 0.730098 0
    outer loop
      vertex 81.1209 -46.2781 3
      vertex 81.2021 -46.2021 0
      vertex 81.1209 -46.2781 0
    endloop
  endfacet
  facet normal -0.527654 0.84946 0
    outer loop
      vertex 80.9445 -46.4135 0
      vertex 80.85 -46.4722 3
      vertex 80.9445 -46.4135 3
    endloop
  endfacet
  facet normal -0.527654 0.84946 0
    outer loop
      vertex 80.85 -46.4722 3
      vertex 80.9445 -46.4135 0
      vertex 80.85 -46.4722 0
    endloop
  endfacet
  facet normal -0.582598 0.81276 0
    outer loop
      vertex 81.0349 -46.3487 0
      vertex 80.9445 -46.4135 3
      vertex 81.0349 -46.3487 3
    endloop
  endfacet
  facet normal -0.582598 0.81276 0
    outer loop
      vertex 80.9445 -46.4135 3
      vertex 81.0349 -46.3487 0
      vertex 80.9445 -46.4135 0
    endloop
  endfacet
  facet normal -0.412719 0.910859 0
    outer loop
      vertex 80.7519 -46.5247 0
      vertex 80.6506 -46.5706 3
      vertex 80.7519 -46.5247 3
    endloop
  endfacet
  facet normal -0.412719 0.910859 0
    outer loop
      vertex 80.6506 -46.5706 3
      vertex 80.7519 -46.5247 0
      vertex 80.6506 -46.5706 0
    endloop
  endfacet
  facet normal -0.81276 0.582598 0
    outer loop
      vertex 81.3487 -46.0349 0
      vertex 81.4135 -45.9445 3
      vertex 81.4135 -45.9445 0
    endloop
  endfacet
  facet normal -0.81276 0.582598 0
    outer loop
      vertex 81.4135 -45.9445 3
      vertex 81.3487 -46.0349 0
      vertex 81.3487 -46.0349 3
    endloop
  endfacet
  facet normal -0.910859 0.412719 0
    outer loop
      vertex 81.5247 -45.7519 0
      vertex 81.5706 -45.6506 3
      vertex 81.5706 -45.6506 0
    endloop
  endfacet
  facet normal -0.910859 0.412719 0
    outer loop
      vertex 81.5706 -45.6506 3
      vertex 81.5247 -45.7519 0
      vertex 81.5247 -45.7519 3
    endloop
  endfacet
  facet normal -0.93596 0.352108 0
    outer loop
      vertex 81.5706 -45.6506 0
      vertex 81.6098 -45.5464 3
      vertex 81.6098 -45.5464 0
    endloop
  endfacet
  facet normal -0.93596 0.352108 0
    outer loop
      vertex 81.6098 -45.5464 3
      vertex 81.5706 -45.6506 0
      vertex 81.5706 -45.6506 3
    endloop
  endfacet
  facet normal -0.88168 0.471847 0
    outer loop
      vertex 81.4722 -45.85 0
      vertex 81.5247 -45.7519 3
      vertex 81.5247 -45.7519 0
    endloop
  endfacet
  facet normal -0.88168 0.471847 0
    outer loop
      vertex 81.5247 -45.7519 3
      vertex 81.4722 -45.85 0
      vertex 81.4722 -45.85 3
    endloop
  endfacet
  facet normal -0.97398 0.226633 0
    outer loop
      vertex 81.6421 -45.44 0
      vertex 81.6673 -45.3317 3
      vertex 81.6673 -45.3317 0
    endloop
  endfacet
  facet normal -0.97398 0.226633 0
    outer loop
      vertex 81.6673 -45.3317 3
      vertex 81.6421 -45.44 0
      vertex 81.6421 -45.44 3
    endloop
  endfacet
  facet normal 0.527654 0.84946 -0
    outer loop
      vertex 79.15 -46.4722 0
      vertex 79.0555 -46.4135 3
      vertex 79.15 -46.4722 3
    endloop
  endfacet
  facet normal 0.527654 0.84946 0
    outer loop
      vertex 79.0555 -46.4135 3
      vertex 79.15 -46.4722 0
      vertex 79.0555 -46.4135 0
    endloop
  endfacet
  facet normal 0.412719 0.910859 -0
    outer loop
      vertex 79.3494 -46.5706 0
      vertex 79.2481 -46.5247 3
      vertex 79.3494 -46.5706 3
    endloop
  endfacet
  facet normal 0.412719 0.910859 0
    outer loop
      vertex 79.2481 -46.5247 3
      vertex 79.3494 -46.5706 0
      vertex 79.2481 -46.5247 0
    endloop
  endfacet
  facet normal 0.471847 0.88168 -0
    outer loop
      vertex 79.2481 -46.5247 0
      vertex 79.15 -46.4722 3
      vertex 79.2481 -46.5247 3
    endloop
  endfacet
  facet normal 0.471847 0.88168 0
    outer loop
      vertex 79.15 -46.4722 3
      vertex 79.2481 -46.5247 0
      vertex 79.15 -46.4722 0
    endloop
  endfacet
  facet normal 0.290482 0.956881 -0
    outer loop
      vertex 79.56 -46.6421 0
      vertex 79.4536 -46.6098 3
      vertex 79.56 -46.6421 3
    endloop
  endfacet
  facet normal 0.290482 0.956881 0
    outer loop
      vertex 79.4536 -46.6098 3
      vertex 79.56 -46.6421 0
      vertex 79.4536 -46.6098 0
    endloop
  endfacet
  facet normal 0.352108 0.93596 -0
    outer loop
      vertex 79.4536 -46.6098 0
      vertex 79.3494 -46.5706 3
      vertex 79.4536 -46.6098 3
    endloop
  endfacet
  facet normal 0.352108 0.93596 0
    outer loop
      vertex 79.3494 -46.5706 3
      vertex 79.4536 -46.6098 0
      vertex 79.3494 -46.5706 0
    endloop
  endfacet
  facet normal 0.226434 0.974026 -0
    outer loop
      vertex 79.6684 -46.6673 0
      vertex 79.56 -46.6421 3
      vertex 79.6684 -46.6673 3
    endloop
  endfacet
  facet normal 0.226434 0.974026 0
    outer loop
      vertex 79.56 -46.6421 3
      vertex 79.6684 -46.6673 0
      vertex 79.56 -46.6421 0
    endloop
  endfacet
  facet normal 0.16367 0.986515 -0
    outer loop
      vertex 79.7781 -46.6855 0
      vertex 79.6684 -46.6673 3
      vertex 79.7781 -46.6855 3
    endloop
  endfacet
  facet normal 0.16367 0.986515 0
    outer loop
      vertex 79.6684 -46.6673 3
      vertex 79.7781 -46.6855 0
      vertex 79.6684 -46.6673 0
    endloop
  endfacet
  facet normal 0.81276 0.582598 0
    outer loop
      vertex 78.6513 -46.0349 3
      vertex 78.5865 -45.9445 0
      vertex 78.5865 -45.9445 3
    endloop
  endfacet
  facet normal 0.81276 0.582598 0
    outer loop
      vertex 78.5865 -45.9445 0
      vertex 78.6513 -46.0349 3
      vertex 78.6513 -46.0349 0
    endloop
  endfacet
  facet normal 0.956881 0.290482 0
    outer loop
      vertex 78.3902 -45.5464 3
      vertex 78.3579 -45.44 0
      vertex 78.3579 -45.44 3
    endloop
  endfacet
  facet normal 0.956881 0.290482 0
    outer loop
      vertex 78.3579 -45.44 0
      vertex 78.3902 -45.5464 3
      vertex 78.3902 -45.5464 0
    endloop
  endfacet
  facet normal 0.986539 0.163525 0
    outer loop
      vertex 78.3327 -45.3317 3
      vertex 78.3145 -45.2219 0
      vertex 78.3145 -45.2219 3
    endloop
  endfacet
  facet normal 0.986539 0.163525 0
    outer loop
      vertex 78.3145 -45.2219 0
      vertex 78.3327 -45.3317 3
      vertex 78.3327 -45.3317 0
    endloop
  endfacet
  facet normal -0.527654 -0.84946 0
    outer loop
      vertex 80.85 -43.5278 0
      vertex 80.9445 -43.5865 3
      vertex 80.85 -43.5278 3
    endloop
  endfacet
  facet normal -0.527654 -0.84946 -0
    outer loop
      vertex 80.9445 -43.5865 3
      vertex 80.85 -43.5278 0
      vertex 80.9445 -43.5865 0
    endloop
  endfacet
  facet normal 0.986539 -0.163525 0
    outer loop
      vertex 78.3145 -44.7781 3
      vertex 78.3327 -44.6683 0
      vertex 78.3327 -44.6683 3
    endloop
  endfacet
  facet normal 0.986539 -0.163525 0
    outer loop
      vertex 78.3327 -44.6683 0
      vertex 78.3145 -44.7781 3
      vertex 78.3145 -44.7781 0
    endloop
  endfacet
  facet normal 0.582598 -0.81276 0
    outer loop
      vertex 78.9651 -43.6513 0
      vertex 79.0555 -43.5865 3
      vertex 78.9651 -43.6513 3
    endloop
  endfacet
  facet normal 0.582598 -0.81276 0
    outer loop
      vertex 79.0555 -43.5865 3
      vertex 78.9651 -43.6513 0
      vertex 79.0555 -43.5865 0
    endloop
  endfacet
  facet normal -0.999476 0.0323571 0
    outer loop
      vertex 81.6964 -45.1112 0
      vertex 81.7 -45 3
      vertex 81.7 -45 0
    endloop
  endfacet
  facet normal -0.999476 0.0323571 0
    outer loop
      vertex 81.7 -45 3
      vertex 81.6964 -45.1112 0
      vertex 81.6964 -45.1112 3
    endloop
  endfacet
  facet normal -0.16367 0.986515 0
    outer loop
      vertex 80.3316 -46.6673 0
      vertex 80.2219 -46.6855 3
      vertex 80.3316 -46.6673 3
    endloop
  endfacet
  facet normal -0.16367 0.986515 0
    outer loop
      vertex 80.2219 -46.6855 3
      vertex 80.3316 -46.6673 0
      vertex 80.2219 -46.6855 0
    endloop
  endfacet
  facet normal -0.352108 0.93596 0
    outer loop
      vertex 80.6506 -46.5706 0
      vertex 80.5464 -46.6098 3
      vertex 80.6506 -46.5706 3
    endloop
  endfacet
  facet normal -0.352108 0.93596 0
    outer loop
      vertex 80.5464 -46.6098 3
      vertex 80.6506 -46.5706 0
      vertex 80.5464 -46.6098 0
    endloop
  endfacet
  facet normal -0.471847 0.88168 0
    outer loop
      vertex 80.85 -46.4722 0
      vertex 80.7519 -46.5247 3
      vertex 80.85 -46.4722 3
    endloop
  endfacet
  facet normal -0.471847 0.88168 0
    outer loop
      vertex 80.7519 -46.5247 3
      vertex 80.85 -46.4722 0
      vertex 80.7519 -46.5247 0
    endloop
  endfacet
  facet normal -0.84946 0.527654 0
    outer loop
      vertex 81.4135 -45.9445 0
      vertex 81.4722 -45.85 3
      vertex 81.4722 -45.85 0
    endloop
  endfacet
  facet normal -0.84946 0.527654 0
    outer loop
      vertex 81.4722 -45.85 3
      vertex 81.4135 -45.9445 0
      vertex 81.4135 -45.9445 3
    endloop
  endfacet
  facet normal -0.986539 0.163525 0
    outer loop
      vertex 81.6673 -45.3317 0
      vertex 81.6855 -45.2219 3
      vertex 81.6855 -45.2219 0
    endloop
  endfacet
  facet normal -0.986539 0.163525 0
    outer loop
      vertex 81.6855 -45.2219 3
      vertex 81.6673 -45.3317 0
      vertex 81.6673 -45.3317 3
    endloop
  endfacet
  facet normal 0.582598 0.81276 -0
    outer loop
      vertex 79.0555 -46.4135 0
      vertex 78.9651 -46.3487 3
      vertex 79.0555 -46.4135 3
    endloop
  endfacet
  facet normal 0.582598 0.81276 0
    outer loop
      vertex 78.9651 -46.3487 3
      vertex 79.0555 -46.4135 0
      vertex 78.9651 -46.3487 0
    endloop
  endfacet
  facet normal 0.0979904 0.995187 -0
    outer loop
      vertex 79.8888 -46.6964 0
      vertex 79.7781 -46.6855 3
      vertex 79.8888 -46.6964 3
    endloop
  endfacet
  facet normal 0.0979904 0.995187 0
    outer loop
      vertex 79.7781 -46.6855 3
      vertex 79.8888 -46.6964 0
      vertex 79.7781 -46.6855 0
    endloop
  endfacet
  facet normal 0.84946 0.527654 0
    outer loop
      vertex 78.5865 -45.9445 3
      vertex 78.5278 -45.85 0
      vertex 78.5278 -45.85 3
    endloop
  endfacet
  facet normal 0.84946 0.527654 0
    outer loop
      vertex 78.5278 -45.85 0
      vertex 78.5865 -45.9445 3
      vertex 78.5865 -45.9445 0
    endloop
  endfacet
  facet normal -0.999476 -0.0323571 0
    outer loop
      vertex 81.7 45 0
      vertex 81.6964 45.1112 3
      vertex 81.6964 45.1112 0
    endloop
  endfacet
  facet normal -0.999476 -0.0323571 0
    outer loop
      vertex 81.6964 45.1112 3
      vertex 81.7 45 0
      vertex 81.7 45 3
    endloop
  endfacet
  facet normal 0.0323571 -0.999476 0
    outer loop
      vertex 79.8888 46.6964 0
      vertex 80 46.7 3
      vertex 79.8888 46.6964 3
    endloop
  endfacet
  facet normal 0.0323571 -0.999476 0
    outer loop
      vertex 80 46.7 3
      vertex 79.8888 46.6964 0
      vertex 80 46.7 0
    endloop
  endfacet
  facet normal -0.0323571 0.999476 0
    outer loop
      vertex 80.1112 43.3036 0
      vertex 80 43.3 3
      vertex 80.1112 43.3036 3
    endloop
  endfacet
  facet normal -0.0323571 0.999476 0
    outer loop
      vertex 80 43.3 3
      vertex 80.1112 43.3036 0
      vertex 80 43.3 0
    endloop
  endfacet
  facet normal -0.683343 -0.730098 0
    outer loop
      vertex 81.1209 46.2781 0
      vertex 81.2021 46.2021 3
      vertex 81.1209 46.2781 3
    endloop
  endfacet
  facet normal -0.683343 -0.730098 -0
    outer loop
      vertex 81.2021 46.2021 3
      vertex 81.1209 46.2781 0
      vertex 81.2021 46.2021 0
    endloop
  endfacet
  facet normal 0.730098 -0.683343 0
    outer loop
      vertex 78.7219 46.1209 3
      vertex 78.7979 46.2021 0
      vertex 78.7979 46.2021 3
    endloop
  endfacet
  facet normal 0.730098 -0.683343 0
    outer loop
      vertex 78.7979 46.2021 0
      vertex 78.7219 46.1209 3
      vertex 78.7219 46.1209 0
    endloop
  endfacet
  facet normal 0.412719 -0.910859 0
    outer loop
      vertex 79.2481 46.5247 0
      vertex 79.3494 46.5706 3
      vertex 79.2481 46.5247 3
    endloop
  endfacet
  facet normal 0.412719 -0.910859 0
    outer loop
      vertex 79.3494 46.5706 3
      vertex 79.2481 46.5247 0
      vertex 79.3494 46.5706 0
    endloop
  endfacet
  facet normal -0.910859 -0.412719 0
    outer loop
      vertex 81.5706 45.6506 0
      vertex 81.5247 45.7519 3
      vertex 81.5247 45.7519 0
    endloop
  endfacet
  facet normal -0.910859 -0.412719 0
    outer loop
      vertex 81.5247 45.7519 3
      vertex 81.5706 45.6506 0
      vertex 81.5706 45.6506 3
    endloop
  endfacet
  facet normal -0.352108 -0.93596 0
    outer loop
      vertex 80.5464 46.6098 0
      vertex 80.6506 46.5706 3
      vertex 80.5464 46.6098 3
    endloop
  endfacet
  facet normal -0.352108 -0.93596 -0
    outer loop
      vertex 80.6506 46.5706 3
      vertex 80.5464 46.6098 0
      vertex 80.6506 46.5706 0
    endloop
  endfacet
  facet normal -0.527654 -0.84946 0
    outer loop
      vertex 80.85 46.4722 0
      vertex 80.9445 46.4135 3
      vertex 80.85 46.4722 3
    endloop
  endfacet
  facet normal -0.527654 -0.84946 -0
    outer loop
      vertex 80.9445 46.4135 3
      vertex 80.85 46.4722 0
      vertex 80.9445 46.4135 0
    endloop
  endfacet
  facet normal 0.93596 -0.352108 0
    outer loop
      vertex 78.3902 45.5464 3
      vertex 78.4294 45.6506 0
      vertex 78.4294 45.6506 3
    endloop
  endfacet
  facet normal 0.93596 -0.352108 0
    outer loop
      vertex 78.4294 45.6506 0
      vertex 78.3902 45.5464 3
      vertex 78.3902 45.5464 0
    endloop
  endfacet
  facet normal 0.226434 -0.974026 0
    outer loop
      vertex 79.56 46.6421 0
      vertex 79.6684 46.6673 3
      vertex 79.56 46.6421 3
    endloop
  endfacet
  facet normal 0.226434 -0.974026 0
    outer loop
      vertex 79.6684 46.6673 3
      vertex 79.56 46.6421 0
      vertex 79.6684 46.6673 0
    endloop
  endfacet
  facet normal -0.290482 0.956881 0
    outer loop
      vertex 80.5464 43.3902 0
      vertex 80.44 43.3579 3
      vertex 80.5464 43.3902 3
    endloop
  endfacet
  facet normal -0.290482 0.956881 0
    outer loop
      vertex 80.44 43.3579 3
      vertex 80.5464 43.3902 0
      vertex 80.44 43.3579 0
    endloop
  endfacet
  facet normal -0.97398 -0.226633 0
    outer loop
      vertex 81.6673 45.3317 0
      vertex 81.6421 45.44 3
      vertex 81.6421 45.44 0
    endloop
  endfacet
  facet normal -0.97398 -0.226633 0
    outer loop
      vertex 81.6421 45.44 3
      vertex 81.6673 45.3317 0
      vertex 81.6673 45.3317 3
    endloop
  endfacet
  facet normal -0.81276 -0.582598 0
    outer loop
      vertex 81.4135 45.9445 0
      vertex 81.3487 46.0349 3
      vertex 81.3487 46.0349 0
    endloop
  endfacet
  facet normal -0.81276 -0.582598 0
    outer loop
      vertex 81.3487 46.0349 3
      vertex 81.4135 45.9445 0
      vertex 81.4135 45.9445 3
    endloop
  endfacet
  facet normal -0.772915 -0.634509 0
    outer loop
      vertex 81.3487 46.0349 0
      vertex 81.2781 46.1209 3
      vertex 81.2781 46.1209 0
    endloop
  endfacet
  facet normal -0.772915 -0.634509 0
    outer loop
      vertex 81.2781 46.1209 3
      vertex 81.3487 46.0349 0
      vertex 81.3487 46.0349 3
    endloop
  endfacet
  facet normal -0.84946 -0.527654 0
    outer loop
      vertex 81.4722 45.85 0
      vertex 81.4135 45.9445 3
      vertex 81.4135 45.9445 0
    endloop
  endfacet
  facet normal -0.84946 -0.527654 0
    outer loop
      vertex 81.4135 45.9445 3
      vertex 81.4722 45.85 0
      vertex 81.4722 45.85 3
    endloop
  endfacet
  facet normal -0.16367 -0.986515 0
    outer loop
      vertex 80.2219 46.6855 0
      vertex 80.3316 46.6673 3
      vertex 80.2219 46.6855 3
    endloop
  endfacet
  facet normal -0.16367 -0.986515 -0
    outer loop
      vertex 80.3316 46.6673 3
      vertex 80.2219 46.6855 0
      vertex 80.3316 46.6673 0
    endloop
  endfacet
  facet normal -0.290482 -0.956881 0
    outer loop
      vertex 80.44 46.6421 0
      vertex 80.5464 46.6098 3
      vertex 80.44 46.6421 3
    endloop
  endfacet
  facet normal -0.290482 -0.956881 -0
    outer loop
      vertex 80.5464 46.6098 3
      vertex 80.44 46.6421 0
      vertex 80.5464 46.6098 0
    endloop
  endfacet
  facet normal -0.634509 -0.772915 0
    outer loop
      vertex 81.0349 46.3487 0
      vertex 81.1209 46.2781 3
      vertex 81.0349 46.3487 3
    endloop
  endfacet
  facet normal -0.634509 -0.772915 -0
    outer loop
      vertex 81.1209 46.2781 3
      vertex 81.0349 46.3487 0
      vertex 81.1209 46.2781 0
    endloop
  endfacet
  facet normal 0.97398 -0.226633 0
    outer loop
      vertex 78.3327 45.3317 3
      vertex 78.3579 45.44 0
      vertex 78.3579 45.44 3
    endloop
  endfacet
  facet normal 0.97398 -0.226633 0
    outer loop
      vertex 78.3579 45.44 0
      vertex 78.3327 45.3317 3
      vertex 78.3327 45.3317 0
    endloop
  endfacet
  facet normal 0.84946 -0.527654 0
    outer loop
      vertex 78.5278 45.85 3
      vertex 78.5865 45.9445 0
      vertex 78.5865 45.9445 3
    endloop
  endfacet
  facet normal 0.84946 -0.527654 0
    outer loop
      vertex 78.5865 45.9445 0
      vertex 78.5278 45.85 3
      vertex 78.5278 45.85 0
    endloop
  endfacet
  facet normal 0.772915 -0.634509 0
    outer loop
      vertex 78.6513 46.0349 3
      vertex 78.7219 46.1209 0
      vertex 78.7219 46.1209 3
    endloop
  endfacet
  facet normal 0.772915 -0.634509 0
    outer loop
      vertex 78.7219 46.1209 0
      vertex 78.6513 46.0349 3
      vertex 78.6513 46.0349 0
    endloop
  endfacet
  facet normal 0.956881 -0.290482 0
    outer loop
      vertex 78.3579 45.44 3
      vertex 78.3902 45.5464 0
      vertex 78.3902 45.5464 3
    endloop
  endfacet
  facet normal 0.956881 -0.290482 0
    outer loop
      vertex 78.3902 45.5464 0
      vertex 78.3579 45.44 3
      vertex 78.3579 45.44 0
    endloop
  endfacet
  facet normal 0.582598 -0.81276 0
    outer loop
      vertex 78.9651 46.3487 0
      vertex 79.0555 46.4135 3
      vertex 78.9651 46.3487 3
    endloop
  endfacet
  facet normal 0.582598 -0.81276 0
    outer loop
      vertex 79.0555 46.4135 3
      vertex 78.9651 46.3487 0
      vertex 79.0555 46.4135 0
    endloop
  endfacet
  facet normal 0.527654 -0.84946 0
    outer loop
      vertex 79.0555 46.4135 0
      vertex 79.15 46.4722 3
      vertex 79.0555 46.4135 3
    endloop
  endfacet
  facet normal 0.527654 -0.84946 0
    outer loop
      vertex 79.15 46.4722 3
      vertex 79.0555 46.4135 0
      vertex 79.15 46.4722 0
    endloop
  endfacet
  facet normal 0.634509 -0.772915 0
    outer loop
      vertex 78.8791 46.2781 0
      vertex 78.9651 46.3487 3
      vertex 78.8791 46.2781 3
    endloop
  endfacet
  facet normal 0.634509 -0.772915 0
    outer loop
      vertex 78.9651 46.3487 3
      vertex 78.8791 46.2781 0
      vertex 78.9651 46.3487 0
    endloop
  endfacet
  facet normal 0.352108 -0.93596 0
    outer loop
      vertex 79.3494 46.5706 0
      vertex 79.4536 46.6098 3
      vertex 79.3494 46.5706 3
    endloop
  endfacet
  facet normal 0.352108 -0.93596 0
    outer loop
      vertex 79.4536 46.6098 3
      vertex 79.3494 46.5706 0
      vertex 79.4536 46.6098 0
    endloop
  endfacet
  facet normal 0.16367 -0.986515 0
    outer loop
      vertex 79.6684 46.6673 0
      vertex 79.7781 46.6855 3
      vertex 79.6684 46.6673 3
    endloop
  endfacet
  facet normal 0.16367 -0.986515 0
    outer loop
      vertex 79.7781 46.6855 3
      vertex 79.6684 46.6673 0
      vertex 79.7781 46.6855 0
    endloop
  endfacet
  facet normal -0.986539 -0.163525 0
    outer loop
      vertex 81.6855 45.2219 0
      vertex 81.6673 45.3317 3
      vertex 81.6673 45.3317 0
    endloop
  endfacet
  facet normal -0.986539 -0.163525 0
    outer loop
      vertex 81.6673 45.3317 3
      vertex 81.6855 45.2219 0
      vertex 81.6855 45.2219 3
    endloop
  endfacet
  facet normal -0.995187 -0.0979904 0
    outer loop
      vertex 81.6964 45.1112 0
      vertex 81.6855 45.2219 3
      vertex 81.6855 45.2219 0
    endloop
  endfacet
  facet normal -0.995187 -0.0979904 0
    outer loop
      vertex 81.6855 45.2219 3
      vertex 81.6964 45.1112 0
      vertex 81.6964 45.1112 3
    endloop
  endfacet
  facet normal -0.93596 -0.352108 0
    outer loop
      vertex 81.6098 45.5464 0
      vertex 81.5706 45.6506 3
      vertex 81.5706 45.6506 0
    endloop
  endfacet
  facet normal -0.93596 -0.352108 0
    outer loop
      vertex 81.5706 45.6506 3
      vertex 81.6098 45.5464 0
      vertex 81.6098 45.5464 3
    endloop
  endfacet
  facet normal -0.956881 -0.290482 0
    outer loop
      vertex 81.6421 45.44 0
      vertex 81.6098 45.5464 3
      vertex 81.6098 45.5464 0
    endloop
  endfacet
  facet normal -0.956881 -0.290482 0
    outer loop
      vertex 81.6098 45.5464 3
      vertex 81.6421 45.44 0
      vertex 81.6421 45.44 3
    endloop
  endfacet
  facet normal -0.730098 -0.683343 0
    outer loop
      vertex 81.2781 46.1209 0
      vertex 81.2021 46.2021 3
      vertex 81.2021 46.2021 0
    endloop
  endfacet
  facet normal -0.730098 -0.683343 0
    outer loop
      vertex 81.2021 46.2021 3
      vertex 81.2781 46.1209 0
      vertex 81.2781 46.1209 3
    endloop
  endfacet
  facet normal -0.88168 -0.471847 0
    outer loop
      vertex 81.5247 45.7519 0
      vertex 81.4722 45.85 3
      vertex 81.4722 45.85 0
    endloop
  endfacet
  facet normal -0.88168 -0.471847 0
    outer loop
      vertex 81.4722 45.85 3
      vertex 81.5247 45.7519 0
      vertex 81.5247 45.7519 3
    endloop
  endfacet
  facet normal -0.226434 -0.974026 0
    outer loop
      vertex 80.3316 46.6673 0
      vertex 80.44 46.6421 3
      vertex 80.3316 46.6673 3
    endloop
  endfacet
  facet normal -0.226434 -0.974026 -0
    outer loop
      vertex 80.44 46.6421 3
      vertex 80.3316 46.6673 0
      vertex 80.44 46.6421 0
    endloop
  endfacet
  facet normal -0.0979904 -0.995187 0
    outer loop
      vertex 80.1112 46.6964 0
      vertex 80.2219 46.6855 3
      vertex 80.1112 46.6964 3
    endloop
  endfacet
  facet normal -0.0979904 -0.995187 -0
    outer loop
      vertex 80.2219 46.6855 3
      vertex 80.1112 46.6964 0
      vertex 80.2219 46.6855 0
    endloop
  endfacet
  facet normal -0.0323571 -0.999476 0
    outer loop
      vertex 80 46.7 0
      vertex 80.1112 46.6964 3
      vertex 80 46.7 3
    endloop
  endfacet
  facet normal -0.0323571 -0.999476 -0
    outer loop
      vertex 80.1112 46.6964 3
      vertex 80 46.7 0
      vertex 80.1112 46.6964 0
    endloop
  endfacet
  facet normal -0.471847 -0.88168 0
    outer loop
      vertex 80.7519 46.5247 0
      vertex 80.85 46.4722 3
      vertex 80.7519 46.5247 3
    endloop
  endfacet
  facet normal -0.471847 -0.88168 -0
    outer loop
      vertex 80.85 46.4722 3
      vertex 80.7519 46.5247 0
      vertex 80.85 46.4722 0
    endloop
  endfacet
  facet normal -0.412719 -0.910859 0
    outer loop
      vertex 80.6506 46.5706 0
      vertex 80.7519 46.5247 3
      vertex 80.6506 46.5706 3
    endloop
  endfacet
  facet normal -0.412719 -0.910859 -0
    outer loop
      vertex 80.7519 46.5247 3
      vertex 80.6506 46.5706 0
      vertex 80.7519 46.5247 0
    endloop
  endfacet
  facet normal -0.582598 -0.81276 0
    outer loop
      vertex 80.9445 46.4135 0
      vertex 81.0349 46.3487 3
      vertex 80.9445 46.4135 3
    endloop
  endfacet
  facet normal -0.582598 -0.81276 -0
    outer loop
      vertex 81.0349 46.3487 3
      vertex 80.9445 46.4135 0
      vertex 81.0349 46.3487 0
    endloop
  endfacet
  facet normal 0.88168 -0.471847 0
    outer loop
      vertex 78.4753 45.7519 3
      vertex 78.5278 45.85 0
      vertex 78.5278 45.85 3
    endloop
  endfacet
  facet normal 0.88168 -0.471847 0
    outer loop
      vertex 78.5278 45.85 0
      vertex 78.4753 45.7519 3
      vertex 78.4753 45.7519 0
    endloop
  endfacet
  facet normal 0.910859 -0.412719 0
    outer loop
      vertex 78.4294 45.6506 3
      vertex 78.4753 45.7519 0
      vertex 78.4753 45.7519 3
    endloop
  endfacet
  facet normal 0.910859 -0.412719 0
    outer loop
      vertex 78.4753 45.7519 0
      vertex 78.4294 45.6506 3
      vertex 78.4294 45.6506 0
    endloop
  endfacet
  facet normal 0.986539 -0.163525 0
    outer loop
      vertex 78.3145 45.2219 3
      vertex 78.3327 45.3317 0
      vertex 78.3327 45.3317 3
    endloop
  endfacet
  facet normal 0.986539 -0.163525 0
    outer loop
      vertex 78.3327 45.3317 0
      vertex 78.3145 45.2219 3
      vertex 78.3145 45.2219 0
    endloop
  endfacet
  facet normal 0.999476 -0.0323571 0
    outer loop
      vertex 78.3 45 3
      vertex 78.3036 45.1112 0
      vertex 78.3036 45.1112 3
    endloop
  endfacet
  facet normal 0.999476 -0.0323571 0
    outer loop
      vertex 78.3036 45.1112 0
      vertex 78.3 45 3
      vertex 78.3 45 0
    endloop
  endfacet
  facet normal 0.999476 0.0323571 0
    outer loop
      vertex 78.3036 44.8888 3
      vertex 78.3 45 0
      vertex 78.3 45 3
    endloop
  endfacet
  facet normal 0.999476 0.0323571 0
    outer loop
      vertex 78.3 45 0
      vertex 78.3036 44.8888 3
      vertex 78.3036 44.8888 0
    endloop
  endfacet
  facet normal 0.0979904 -0.995187 0
    outer loop
      vertex 79.7781 46.6855 0
      vertex 79.8888 46.6964 3
      vertex 79.7781 46.6855 3
    endloop
  endfacet
  facet normal 0.0979904 -0.995187 0
    outer loop
      vertex 79.8888 46.6964 3
      vertex 79.7781 46.6855 0
      vertex 79.8888 46.6964 0
    endloop
  endfacet
  facet normal -0.999476 0.0323571 0
    outer loop
      vertex 81.6964 44.8888 0
      vertex 81.7 45 3
      vertex 81.7 45 0
    endloop
  endfacet
  facet normal -0.999476 0.0323571 0
    outer loop
      vertex 81.7 45 3
      vertex 81.6964 44.8888 0
      vertex 81.6964 44.8888 3
    endloop
  endfacet
  facet normal -0.995187 0.0979904 0
    outer loop
      vertex 81.6855 44.7781 0
      vertex 81.6964 44.8888 3
      vertex 81.6964 44.8888 0
    endloop
  endfacet
  facet normal -0.995187 0.0979904 0
    outer loop
      vertex 81.6964 44.8888 3
      vertex 81.6855 44.7781 0
      vertex 81.6855 44.7781 3
    endloop
  endfacet
  facet normal -0.772915 0.634509 0
    outer loop
      vertex 81.2781 43.8791 0
      vertex 81.3487 43.9651 3
      vertex 81.3487 43.9651 0
    endloop
  endfacet
  facet normal -0.772915 0.634509 0
    outer loop
      vertex 81.3487 43.9651 3
      vertex 81.2781 43.8791 0
      vertex 81.2781 43.8791 3
    endloop
  endfacet
  facet normal 0.634509 0.772915 -0
    outer loop
      vertex 78.9651 43.6513 0
      vertex 78.8791 43.7219 3
      vertex 78.9651 43.6513 3
    endloop
  endfacet
  facet normal 0.634509 0.772915 0
    outer loop
      vertex 78.8791 43.7219 3
      vertex 78.9651 43.6513 0
      vertex 78.8791 43.7219 0
    endloop
  endfacet
  facet normal 0.730098 0.683343 0
    outer loop
      vertex 78.7979 43.7979 3
      vertex 78.7219 43.8791 0
      vertex 78.7219 43.8791 3
    endloop
  endfacet
  facet normal 0.730098 0.683343 0
    outer loop
      vertex 78.7219 43.8791 0
      vertex 78.7979 43.7979 3
      vertex 78.7979 43.7979 0
    endloop
  endfacet
  facet normal -0.226434 0.974026 0
    outer loop
      vertex 80.44 43.3579 0
      vertex 80.3316 43.3327 3
      vertex 80.44 43.3579 3
    endloop
  endfacet
  facet normal -0.226434 0.974026 0
    outer loop
      vertex 80.3316 43.3327 3
      vertex 80.44 43.3579 0
      vertex 80.3316 43.3327 0
    endloop
  endfacet
  facet normal -0.412719 0.910859 0
    outer loop
      vertex 80.7519 43.4753 0
      vertex 80.6506 43.4294 3
      vertex 80.7519 43.4753 3
    endloop
  endfacet
  facet normal -0.412719 0.910859 0
    outer loop
      vertex 80.6506 43.4294 3
      vertex 80.7519 43.4753 0
      vertex 80.6506 43.4294 0
    endloop
  endfacet
  facet normal 0.81276 -0.582598 0
    outer loop
      vertex 78.5865 45.9445 3
      vertex 78.6513 46.0349 0
      vertex 78.6513 46.0349 3
    endloop
  endfacet
  facet normal 0.81276 -0.582598 0
    outer loop
      vertex 78.6513 46.0349 0
      vertex 78.5865 45.9445 3
      vertex 78.5865 45.9445 0
    endloop
  endfacet
  facet normal 0.995187 -0.0979904 0
    outer loop
      vertex 78.3036 45.1112 3
      vertex 78.3145 45.2219 0
      vertex 78.3145 45.2219 3
    endloop
  endfacet
  facet normal 0.995187 -0.0979904 0
    outer loop
      vertex 78.3145 45.2219 0
      vertex 78.3036 45.1112 3
      vertex 78.3036 45.1112 0
    endloop
  endfacet
  facet normal 0.471847 -0.88168 0
    outer loop
      vertex 79.15 46.4722 0
      vertex 79.2481 46.5247 3
      vertex 79.15 46.4722 3
    endloop
  endfacet
  facet normal 0.471847 -0.88168 0
    outer loop
      vertex 79.2481 46.5247 3
      vertex 79.15 46.4722 0
      vertex 79.2481 46.5247 0
    endloop
  endfacet
  facet normal 0.683343 -0.730098 0
    outer loop
      vertex 78.7979 46.2021 0
      vertex 78.8791 46.2781 3
      vertex 78.7979 46.2021 3
    endloop
  endfacet
  facet normal 0.683343 -0.730098 0
    outer loop
      vertex 78.8791 46.2781 3
      vertex 78.7979 46.2021 0
      vertex 78.8791 46.2781 0
    endloop
  endfacet
  facet normal 0.290482 -0.956881 0
    outer loop
      vertex 79.4536 46.6098 0
      vertex 79.56 46.6421 3
      vertex 79.4536 46.6098 3
    endloop
  endfacet
  facet normal 0.290482 -0.956881 0
    outer loop
      vertex 79.56 46.6421 3
      vertex 79.4536 46.6098 0
      vertex 79.56 46.6421 0
    endloop
  endfacet
  facet normal -0.956881 0.290482 0
    outer loop
      vertex 81.6098 44.4536 0
      vertex 81.6421 44.56 3
      vertex 81.6421 44.56 0
    endloop
  endfacet
  facet normal -0.956881 0.290482 0
    outer loop
      vertex 81.6421 44.56 3
      vertex 81.6098 44.4536 0
      vertex 81.6098 44.4536 3
    endloop
  endfacet
  facet normal -0.88168 0.471847 0
    outer loop
      vertex 81.4722 44.15 0
      vertex 81.5247 44.2481 3
      vertex 81.5247 44.2481 0
    endloop
  endfacet
  facet normal -0.88168 0.471847 0
    outer loop
      vertex 81.5247 44.2481 3
      vertex 81.4722 44.15 0
      vertex 81.4722 44.15 3
    endloop
  endfacet
  facet normal -0.93596 0.352108 0
    outer loop
      vertex 81.5706 44.3494 0
      vertex 81.6098 44.4536 3
      vertex 81.6098 44.4536 0
    endloop
  endfacet
  facet normal -0.93596 0.352108 0
    outer loop
      vertex 81.6098 44.4536 3
      vertex 81.5706 44.3494 0
      vertex 81.5706 44.3494 3
    endloop
  endfacet
  facet normal -0.97398 0.226633 0
    outer loop
      vertex 81.6421 44.56 0
      vertex 81.6673 44.6683 3
      vertex 81.6673 44.6683 0
    endloop
  endfacet
  facet normal -0.97398 0.226633 0
    outer loop
      vertex 81.6673 44.6683 3
      vertex 81.6421 44.56 0
      vertex 81.6421 44.56 3
    endloop
  endfacet
  facet normal -0.683343 0.730098 0
    outer loop
      vertex 81.2021 43.7979 0
      vertex 81.1209 43.7219 3
      vertex 81.2021 43.7979 3
    endloop
  endfacet
  facet normal -0.683343 0.730098 0
    outer loop
      vertex 81.1209 43.7219 3
      vertex 81.2021 43.7979 0
      vertex 81.1209 43.7219 0
    endloop
  endfacet
  facet normal -0.730098 0.683343 0
    outer loop
      vertex 81.2021 43.7979 0
      vertex 81.2781 43.8791 3
      vertex 81.2781 43.8791 0
    endloop
  endfacet
  facet normal -0.730098 0.683343 0
    outer loop
      vertex 81.2781 43.8791 3
      vertex 81.2021 43.7979 0
      vertex 81.2021 43.7979 3
    endloop
  endfacet
  facet normal -0.471847 0.88168 0
    outer loop
      vertex 80.85 43.5278 0
      vertex 80.7519 43.4753 3
      vertex 80.85 43.5278 3
    endloop
  endfacet
  facet normal -0.471847 0.88168 0
    outer loop
      vertex 80.7519 43.4753 3
      vertex 80.85 43.5278 0
      vertex 80.7519 43.4753 0
    endloop
  endfacet
  facet normal -0.634509 0.772915 0
    outer loop
      vertex 81.1209 43.7219 0
      vertex 81.0349 43.6513 3
      vertex 81.1209 43.7219 3
    endloop
  endfacet
  facet normal -0.634509 0.772915 0
    outer loop
      vertex 81.0349 43.6513 3
      vertex 81.1209 43.7219 0
      vertex 81.0349 43.6513 0
    endloop
  endfacet
  facet normal -0.582598 0.81276 0
    outer loop
      vertex 81.0349 43.6513 0
      vertex 80.9445 43.5865 3
      vertex 81.0349 43.6513 3
    endloop
  endfacet
  facet normal -0.582598 0.81276 0
    outer loop
      vertex 80.9445 43.5865 3
      vertex 81.0349 43.6513 0
      vertex 80.9445 43.5865 0
    endloop
  endfacet
  facet normal -0.81276 0.582598 0
    outer loop
      vertex 81.3487 43.9651 0
      vertex 81.4135 44.0555 3
      vertex 81.4135 44.0555 0
    endloop
  endfacet
  facet normal -0.81276 0.582598 0
    outer loop
      vertex 81.4135 44.0555 3
      vertex 81.3487 43.9651 0
      vertex 81.3487 43.9651 3
    endloop
  endfacet
  facet normal -0.84946 0.527654 0
    outer loop
      vertex 81.4135 44.0555 0
      vertex 81.4722 44.15 3
      vertex 81.4722 44.15 0
    endloop
  endfacet
  facet normal -0.84946 0.527654 0
    outer loop
      vertex 81.4722 44.15 3
      vertex 81.4135 44.0555 0
      vertex 81.4135 44.0555 3
    endloop
  endfacet
  facet normal 0.88168 0.471847 0
    outer loop
      vertex 78.5278 44.15 3
      vertex 78.4753 44.2481 0
      vertex 78.4753 44.2481 3
    endloop
  endfacet
  facet normal 0.88168 0.471847 0
    outer loop
      vertex 78.4753 44.2481 0
      vertex 78.5278 44.15 3
      vertex 78.5278 44.15 0
    endloop
  endfacet
  facet normal 0.81276 0.582598 0
    outer loop
      vertex 78.6513 43.9651 3
      vertex 78.5865 44.0555 0
      vertex 78.5865 44.0555 3
    endloop
  endfacet
  facet normal 0.81276 0.582598 0
    outer loop
      vertex 78.5865 44.0555 0
      vertex 78.6513 43.9651 3
      vertex 78.6513 43.9651 0
    endloop
  endfacet
  facet normal 0.683343 0.730098 -0
    outer loop
      vertex 78.8791 43.7219 0
      vertex 78.7979 43.7979 3
      vertex 78.8791 43.7219 3
    endloop
  endfacet
  facet normal 0.683343 0.730098 0
    outer loop
      vertex 78.7979 43.7979 3
      vertex 78.8791 43.7219 0
      vertex 78.7979 43.7979 0
    endloop
  endfacet
  facet normal 0.772915 0.634509 0
    outer loop
      vertex 78.7219 43.8791 3
      vertex 78.6513 43.9651 0
      vertex 78.6513 43.9651 3
    endloop
  endfacet
  facet normal 0.772915 0.634509 0
    outer loop
      vertex 78.6513 43.9651 0
      vertex 78.7219 43.8791 3
      vertex 78.7219 43.8791 0
    endloop
  endfacet
  facet normal 0.910859 0.412719 0
    outer loop
      vertex 78.4753 44.2481 3
      vertex 78.4294 44.3494 0
      vertex 78.4294 44.3494 3
    endloop
  endfacet
  facet normal 0.910859 0.412719 0
    outer loop
      vertex 78.4294 44.3494 0
      vertex 78.4753 44.2481 3
      vertex 78.4753 44.2481 0
    endloop
  endfacet
  facet normal 0.97398 0.226633 0
    outer loop
      vertex 78.3579 44.56 3
      vertex 78.3327 44.6683 0
      vertex 78.3327 44.6683 3
    endloop
  endfacet
  facet normal 0.97398 0.226633 0
    outer loop
      vertex 78.3327 44.6683 0
      vertex 78.3579 44.56 3
      vertex 78.3579 44.56 0
    endloop
  endfacet
  facet normal -0.910859 0.412719 0
    outer loop
      vertex 81.5247 44.2481 0
      vertex 81.5706 44.3494 3
      vertex 81.5706 44.3494 0
    endloop
  endfacet
  facet normal -0.910859 0.412719 0
    outer loop
      vertex 81.5706 44.3494 3
      vertex 81.5247 44.2481 0
      vertex 81.5247 44.2481 3
    endloop
  endfacet
  facet normal -0.986539 0.163525 0
    outer loop
      vertex 81.6673 44.6683 0
      vertex 81.6855 44.7781 3
      vertex 81.6855 44.7781 0
    endloop
  endfacet
  facet normal -0.986539 0.163525 0
    outer loop
      vertex 81.6855 44.7781 3
      vertex 81.6673 44.6683 0
      vertex 81.6673 44.6683 3
    endloop
  endfacet
  facet normal -0.527654 0.84946 0
    outer loop
      vertex 80.9445 43.5865 0
      vertex 80.85 43.5278 3
      vertex 80.9445 43.5865 3
    endloop
  endfacet
  facet normal -0.527654 0.84946 0
    outer loop
      vertex 80.85 43.5278 3
      vertex 80.9445 43.5865 0
      vertex 80.85 43.5278 0
    endloop
  endfacet
  facet normal 0.527654 0.84946 -0
    outer loop
      vertex 79.15 43.5278 0
      vertex 79.0555 43.5865 3
      vertex 79.15 43.5278 3
    endloop
  endfacet
  facet normal 0.527654 0.84946 0
    outer loop
      vertex 79.0555 43.5865 3
      vertex 79.15 43.5278 0
      vertex 79.0555 43.5865 0
    endloop
  endfacet
  facet normal 0.290482 0.956881 -0
    outer loop
      vertex 79.56 43.3579 0
      vertex 79.4536 43.3902 3
      vertex 79.56 43.3579 3
    endloop
  endfacet
  facet normal 0.290482 0.956881 0
    outer loop
      vertex 79.4536 43.3902 3
      vertex 79.56 43.3579 0
      vertex 79.4536 43.3902 0
    endloop
  endfacet
  facet normal 0.0979904 0.995187 -0
    outer loop
      vertex 79.8888 43.3036 0
      vertex 79.7781 43.3145 3
      vertex 79.8888 43.3036 3
    endloop
  endfacet
  facet normal 0.0979904 0.995187 0
    outer loop
      vertex 79.7781 43.3145 3
      vertex 79.8888 43.3036 0
      vertex 79.7781 43.3145 0
    endloop
  endfacet
  facet normal 0.84946 0.527654 0
    outer loop
      vertex 78.5865 44.0555 3
      vertex 78.5278 44.15 0
      vertex 78.5278 44.15 3
    endloop
  endfacet
  facet normal 0.84946 0.527654 0
    outer loop
      vertex 78.5278 44.15 0
      vertex 78.5865 44.0555 3
      vertex 78.5865 44.0555 0
    endloop
  endfacet
  facet normal 0.93596 0.352108 0
    outer loop
      vertex 78.4294 44.3494 3
      vertex 78.3902 44.4536 0
      vertex 78.3902 44.4536 3
    endloop
  endfacet
  facet normal 0.93596 0.352108 0
    outer loop
      vertex 78.3902 44.4536 0
      vertex 78.4294 44.3494 3
      vertex 78.4294 44.3494 0
    endloop
  endfacet
  facet normal 0.956881 0.290482 0
    outer loop
      vertex 78.3902 44.4536 3
      vertex 78.3579 44.56 0
      vertex 78.3579 44.56 3
    endloop
  endfacet
  facet normal 0.956881 0.290482 0
    outer loop
      vertex 78.3579 44.56 0
      vertex 78.3902 44.4536 3
      vertex 78.3902 44.4536 0
    endloop
  endfacet
  facet normal 0.986539 0.163525 0
    outer loop
      vertex 78.3327 44.6683 3
      vertex 78.3145 44.7781 0
      vertex 78.3145 44.7781 3
    endloop
  endfacet
  facet normal 0.986539 0.163525 0
    outer loop
      vertex 78.3145 44.7781 0
      vertex 78.3327 44.6683 3
      vertex 78.3327 44.6683 0
    endloop
  endfacet
  facet normal 0.995187 0.0979904 0
    outer loop
      vertex 78.3145 44.7781 3
      vertex 78.3036 44.8888 0
      vertex 78.3036 44.8888 3
    endloop
  endfacet
  facet normal 0.995187 0.0979904 0
    outer loop
      vertex 78.3036 44.8888 0
      vertex 78.3145 44.7781 3
      vertex 78.3145 44.7781 0
    endloop
  endfacet
  facet normal -0.352108 0.93596 0
    outer loop
      vertex 80.6506 43.4294 0
      vertex 80.5464 43.3902 3
      vertex 80.6506 43.4294 3
    endloop
  endfacet
  facet normal -0.352108 0.93596 0
    outer loop
      vertex 80.5464 43.3902 3
      vertex 80.6506 43.4294 0
      vertex 80.5464 43.3902 0
    endloop
  endfacet
  facet normal -0.16367 0.986515 0
    outer loop
      vertex 80.3316 43.3327 0
      vertex 80.2219 43.3145 3
      vertex 80.3316 43.3327 3
    endloop
  endfacet
  facet normal -0.16367 0.986515 0
    outer loop
      vertex 80.2219 43.3145 3
      vertex 80.3316 43.3327 0
      vertex 80.2219 43.3145 0
    endloop
  endfacet
  facet normal -0.0979904 0.995187 0
    outer loop
      vertex 80.2219 43.3145 0
      vertex 80.1112 43.3036 3
      vertex 80.2219 43.3145 3
    endloop
  endfacet
  facet normal -0.0979904 0.995187 0
    outer loop
      vertex 80.1112 43.3036 3
      vertex 80.2219 43.3145 0
      vertex 80.1112 43.3036 0
    endloop
  endfacet
  facet normal 0.352108 0.93596 -0
    outer loop
      vertex 79.4536 43.3902 0
      vertex 79.3494 43.4294 3
      vertex 79.4536 43.3902 3
    endloop
  endfacet
  facet normal 0.352108 0.93596 0
    outer loop
      vertex 79.3494 43.4294 3
      vertex 79.4536 43.3902 0
      vertex 79.3494 43.4294 0
    endloop
  endfacet
  facet normal 0.226434 0.974026 -0
    outer loop
      vertex 79.6684 43.3327 0
      vertex 79.56 43.3579 3
      vertex 79.6684 43.3327 3
    endloop
  endfacet
  facet normal 0.226434 0.974026 0
    outer loop
      vertex 79.56 43.3579 3
      vertex 79.6684 43.3327 0
      vertex 79.56 43.3579 0
    endloop
  endfacet
  facet normal 0.0323571 0.999476 -0
    outer loop
      vertex 80 43.3 0
      vertex 79.8888 43.3036 3
      vertex 80 43.3 3
    endloop
  endfacet
  facet normal 0.0323571 0.999476 0
    outer loop
      vertex 79.8888 43.3036 3
      vertex 80 43.3 0
      vertex 79.8888 43.3036 0
    endloop
  endfacet
  facet normal 0.582598 0.81276 -0
    outer loop
      vertex 79.0555 43.5865 0
      vertex 78.9651 43.6513 3
      vertex 79.0555 43.5865 3
    endloop
  endfacet
  facet normal 0.582598 0.81276 0
    outer loop
      vertex 78.9651 43.6513 3
      vertex 79.0555 43.5865 0
      vertex 78.9651 43.6513 0
    endloop
  endfacet
  facet normal 0.412719 0.910859 -0
    outer loop
      vertex 79.3494 43.4294 0
      vertex 79.2481 43.4753 3
      vertex 79.3494 43.4294 3
    endloop
  endfacet
  facet normal 0.412719 0.910859 0
    outer loop
      vertex 79.2481 43.4753 3
      vertex 79.3494 43.4294 0
      vertex 79.2481 43.4753 0
    endloop
  endfacet
  facet normal 0.471847 0.88168 -0
    outer loop
      vertex 79.2481 43.4753 0
      vertex 79.15 43.5278 3
      vertex 79.2481 43.4753 3
    endloop
  endfacet
  facet normal 0.471847 0.88168 0
    outer loop
      vertex 79.15 43.5278 3
      vertex 79.2481 43.4753 0
      vertex 79.15 43.5278 0
    endloop
  endfacet
  facet normal 0.16367 0.986515 -0
    outer loop
      vertex 79.7781 43.3145 0
      vertex 79.6684 43.3327 3
      vertex 79.7781 43.3145 3
    endloop
  endfacet
  facet normal 0.16367 0.986515 0
    outer loop
      vertex 79.6684 43.3327 3
      vertex 79.7781 43.3145 0
      vertex 79.6684 43.3327 0
    endloop
  endfacet
  facet normal 1 -0 0
    outer loop
      vertex 1.5 -39 3
      vertex 1.5 -31 0
      vertex 1.5 -31 3
    endloop
  endfacet
  facet normal 1 0 0
    outer loop
      vertex 1.5 -31 0
      vertex 1.5 -39 3
      vertex 1.5 -39 0
    endloop
  endfacet
  facet normal -1 0 0
    outer loop
      vertex 4.5 -39 0
      vertex 4.5 -31 3
      vertex 4.5 -31 0
    endloop
  endfacet
  facet normal -1 -0 0
    outer loop
      vertex 4.5 -31 3
      vertex 4.5 -39 0
      vertex 4.5 -39 3
    endloop
  endfacet
  facet normal 0 1 -0
    outer loop
      vertex 4.5 -39 0
      vertex 1.5 -39 3
      vertex 4.5 -39 3
    endloop
  endfacet
  facet normal 0 1 0
    outer loop
      vertex 1.5 -39 3
      vertex 4.5 -39 0
      vertex 1.5 -39 0
    endloop
  endfacet
  facet normal 0 -1 0
    outer loop
      vertex 1.5 -31 0
      vertex 4.5 -31 3
      vertex 1.5 -31 3
    endloop
  endfacet
  facet normal 0 -1 -0
    outer loop
      vertex 4.5 -31 3
      vertex 1.5 -31 0
      vertex 4.5 -31 0
    endloop
  endfacet
  facet normal 1 -0 0
    outer loop
      vertex 1.5 31 3
      vertex 1.5 39 0
      vertex 1.5 39 3
    endloop
  endfacet
  facet normal 1 0 0
    outer loop
      vertex 1.5 39 0
      vertex 1.5 31 3
      vertex 1.5 31 0
    endloop
  endfacet
  facet normal -1 0 0
    outer loop
      vertex 4.5 31 0
      vertex 4.5 39 3
      vertex 4.5 39 0
    endloop
  endfacet
  facet normal -1 -0 0
    outer loop
      vertex 4.5 39 3
      vertex 4.5 31 0
      vertex 4.5 31 3
    endloop
  endfacet
  facet normal 0 -1 0
    outer loop
      vertex 1.5 39 0
      vertex 4.5 39 3
      vertex 1.5 39 3
    endloop
  endfacet
  facet normal 0 -1 -0
    outer loop
      vertex 4.5 39 3
      vertex 1.5 39 0
      vertex 4.5 39 0
    endloop
  endfacet
  facet normal 0 1 -0
    outer loop
      vertex 4.5 31 0
      vertex 1.5 31 3
      vertex 4.5 31 3
    endloop
  endfacet
  facet normal 0 1 0
    outer loop
      vertex 1.5 31 3
      vertex 4.5 31 0
      vertex 1.5 31 0
    endloop
  endfacet
  facet normal 1 -0 0
    outer loop
      vertex 65.5 -39 3
      vertex 65.5 -31 0
      vertex 65.5 -31 3
    endloop
  endfacet
  facet normal 1 0 0
    outer loop
      vertex 65.5 -31 0
      vertex 65.5 -39 3
      vertex 65.5 -39 0
    endloop
  endfacet
  facet normal -1 0 0
    outer loop
      vertex 68.5 -39 0
      vertex 68.5 -31 3
      vertex 68.5 -31 0
    endloop
  endfacet
  facet normal -1 -0 0
    outer loop
      vertex 68.5 -31 3
      vertex 68.5 -39 0
      vertex 68.5 -39 3
    endloop
  endfacet
  facet normal 0 -1 0
    outer loop
      vertex 65.5 -31 0
      vertex 68.5 -31 3
      vertex 65.5 -31 3
    endloop
  endfacet
  facet normal 0 -1 -0
    outer loop
      vertex 68.5 -31 3
      vertex 65.5 -31 0
      vertex 68.5 -31 0
    endloop
  endfacet
  facet normal 0 1 -0
    outer loop
      vertex 68.5 -39 0
      vertex 65.5 -39 3
      vertex 68.5 -39 3
    endloop
  endfacet
  facet normal 0 1 0
    outer loop
      vertex 65.5 -39 3
      vertex 68.5 -39 0
      vertex 65.5 -39 0
    endloop
  endfacet
  facet normal 1 -0 0
    outer loop
      vertex 65.5 31 3
      vertex 65.5 39 0
      vertex 65.5 39 3
    endloop
  endfacet
  facet normal 1 0 0
    outer loop
      vertex 65.5 39 0
      vertex 65.5 31 3
      vertex 65.5 31 0
    endloop
  endfacet
  facet normal -1 0 0
    outer loop
      vertex 68.5 31 0
      vertex 68.5 39 3
      vertex 68.5 39 0
    endloop
  endfacet
  facet normal -1 -0 0
    outer loop
      vertex 68.5 39 3
      vertex 68.5 31 0
      vertex 68.5 31 3
    endloop
  endfacet
  facet normal 0 -1 0
    outer loop
      vertex 65.5 39 0
      vertex 68.5 39 3
      vertex 65.5 39 3
    endloop
  endfacet
  facet normal 0 -1 -0
    outer loop
      vertex 68.5 39 3
      vertex 65.5 39 0
      vertex 68.5 39 0
    endloop
  endfacet
  facet normal 0 1 -0
    outer loop
      vertex 68.5 31 0
      vertex 65.5 31 3
      vertex 68.5 31 3
    endloop
  endfacet
  facet normal 0 1 0
    outer loop
      vertex 65.5 31 3
      vertex 68.5 31 0
      vertex 65.5 31 0
    endloop
  endfacet
  facet normal 0.162912 -0.986641 0
    outer loop
      vertex 85.6526 -54.9572 0
      vertex 85.9754 -54.9039 3
      vertex 85.6526 -54.9572 3
    endloop
  endfacet
  facet normal 0.162912 -0.986641 0
    outer loop
      vertex 85.9754 -54.9039 3
      vertex 85.6526 -54.9572 0
      vertex 85.9754 -54.9039 0
    endloop
  endfacet
  facet normal 0.0981116 -0.995175 0
    outer loop
      vertex 85.327 -54.9893 0
      vertex 85.6526 -54.9572 3
      vertex 85.327 -54.9893 3
    endloop
  endfacet
  facet normal 0.0981116 -0.995175 0
    outer loop
      vertex 85.6526 -54.9572 3
      vertex 85.327 -54.9893 0
      vertex 85.6526 -54.9572 0
    endloop
  endfacet
  facet normal -1 0 0
    outer loop
      vertex -90 -50 0
      vertex -90 50 3
      vertex -90 50 0
    endloop
  endfacet
  facet normal -1 -0 0
    outer loop
      vertex -90 50 3
      vertex -90 -50 0
      vertex -90 -50 3
    endloop
  endfacet
  facet normal 0.0327042 -0.999465 0
    outer loop
      vertex 85 -55 0
      vertex 85.327 -54.9893 3
      vertex 85 -55 3
    endloop
  endfacet
  facet normal 0.0327042 -0.999465 0
    outer loop
      vertex 85.327 -54.9893 3
      vertex 85 -55 0
      vertex 85.327 -54.9893 0
    endloop
  endfacet
  facet normal 0.528184 0.84913 -0
    outer loop
      vertex 87.7778 54.1573 0
      vertex 87.5 54.3301 3
      vertex 87.7778 54.1573 3
    endloop
  endfacet
  facet normal 0.528184 0.84913 0
    outer loop
      vertex 87.5 54.3301 3
      vertex 87.7778 54.1573 0
      vertex 87.5 54.3301 0
    endloop
  endfacet
  facet normal 0 -1 0
    outer loop
      vertex -85 -55 0
      vertex 85 -55 3
      vertex -85 -55 3
    endloop
  endfacet
  facet normal 0 -1 -0
    outer loop
      vertex 85 -55 3
      vertex -85 -55 0
      vertex 85 -55 0
    endloop
  endfacet
  facet normal 0 1 -0
    outer loop
      vertex 85 55 0
      vertex -85 55 3
      vertex 85 55 3
    endloop
  endfacet
  facet normal 0 1 0
    outer loop
      vertex -85 55 3
      vertex 85 55 0
      vertex -85 55 0
    endloop
  endfacet
  facet normal 1 -0 0
    outer loop
      vertex 90 -50 3
      vertex 90 50 0
      vertex 90 50 3
    endloop
  endfacet
  facet normal 1 0 0
    outer loop
      vertex 90 50 0
      vertex 90 -50 3
      vertex 90 -50 0
    endloop
  endfacet
  facet normal 0.999465 0.0327042 0
    outer loop
      vertex 90 50 3
      vertex 89.9893 50.327 0
      vertex 89.9893 50.327 3
    endloop
  endfacet
  facet normal 0.999465 0.0327042 0
    outer loop
      vertex 89.9893 50.327 0
      vertex 90 50 3
      vertex 90 50 0
    endloop
  endfacet
  facet normal -0 0 1
    outer loop
      vertex -78.3579 44.56 3
      vertex 1.5 39 3
      vertex -78.3327 44.6683 3
    endloop
  endfacet
  facet normal 0 0 1
    outer loop
      vertex 1.5 -31 3
      vertex -78.3036 -44.8888 3
      vertex -78.3 -45 3
    endloop
  endfacet
  facet normal 0 0 1
    outer loop
      vertex 1.5 39 3
      vertex -78.3579 44.56 3
      vertex 1.5 31 3
    endloop
  endfacet
  facet normal 0 0 1
    outer loop
      vertex 1.5 -31 3
      vertex -78.3145 -44.7781 3
      vertex -78.3036 -44.8888 3
    endloop
  endfacet
  facet normal -0 0 1
    outer loop
      vertex -78.3902 44.4536 3
      vertex 1.5 31 3
      vertex -78.3579 44.56 3
    endloop
  endfacet
  facet normal 0 0 1
    outer loop
      vertex 1.5 -31 3
      vertex -78.3327 -44.6683 3
      vertex -78.3145 -44.7781 3
    endloop
  endfacet
  facet normal -0 0 1
    outer loop
      vertex -78.4294 44.3494 3
      vertex 1.5 31 3
      vertex -78.3902 44.4536 3
    endloop
  endfacet
  facet normal 0 0 1
    outer loop
      vertex 1.5 -31 3
      vertex -78.3579 -44.56 3
      vertex -78.3327 -44.6683 3
    endloop
  endfacet
  facet normal -0 0 1
    outer loop
      vertex -78.4753 44.2481 3
      vertex 1.5 31 3
      vertex -78.4294 44.3494 3
    endloop
  endfacet
  facet normal 0 0 1
    outer loop
      vertex 1.5 -31 3
      vertex -78.3902 -44.4536 3
      vertex -78.3579 -44.56 3
    endloop
  endfacet
  facet normal -0 0 1
    outer loop
      vertex -78.5278 44.15 3
      vertex 1.5 31 3
      vertex -78.4753 44.2481 3
    endloop
  endfacet
  facet normal 0 0 1
    outer loop
      vertex 1.5 -31 3
      vertex -78.4294 -44.3494 3
      vertex -78.3902 -44.4536 3
    endloop
  endfacet
  facet normal -0 0 1
    outer loop
      vertex -78.5865 44.0555 3
      vertex 1.5 31 3
      vertex -78.5278 44.15 3
    endloop
  endfacet
  facet normal 0 0 1
    outer loop
      vertex 1.5 -31 3
      vertex -78.4753 -44.2481 3
      vertex -78.4294 -44.3494 3
    endloop
  endfacet
  facet normal -0 0 1
    outer loop
      vertex -78.6513 43.9651 3
      vertex 1.5 31 3
      vertex -78.5865 44.0555 3
    endloop
  endfacet
  facet normal 0 0 1
    outer loop
      vertex 1.5 -31 3
      vertex -78.5278 -44.15 3
      vertex -78.4753 -44.2481 3
    endloop
  endfacet
  facet normal -0 0 1
    outer loop
      vertex -78.7219 43.8791 3
      vertex 1.5 31 3
      vertex -78.6513 43.9651 3
    endloop
  endfacet
  facet normal 0 0 1
    outer loop
      vertex 1.5 -31 3
      vertex -78.5865 -44.0555 3
      vertex -78.5278 -44.15 3
    endloop
  endfacet
  facet normal -0 0 1
    outer loop
      vertex -78.7979 43.7979 3
      vertex 1.5 31 3
      vertex -78.7219 43.8791 3
    endloop
  endfacet
  facet normal 0 0 1
    outer loop
      vertex 1.5 -31 3
      vertex -78.6513 -43.9651 3
      vertex -78.5865 -44.0555 3
    endloop
  endfacet
  facet normal -0 0 1
    outer loop
      vertex -78.8791 43.7219 3
      vertex 1.5 31 3
      vertex -78.7979 43.7979 3
    endloop
  endfacet
  facet normal 0 0 1
    outer loop
      vertex 1.5 -31 3
      vertex -78.7219 -43.8791 3
      vertex -78.6513 -43.9651 3
    endloop
  endfacet
  facet normal -0 0 1
    outer loop
      vertex -78.9651 43.6513 3
      vertex 1.5 31 3
      vertex -78.8791 43.7219 3
    endloop
  endfacet
  facet normal 0 0 1
    outer loop
      vertex 1.5 -31 3
      vertex -78.7979 -43.7979 3
      vertex -78.7219 -43.8791 3
    endloop
  endfacet
  facet normal 0 0 1
    outer loop
      vertex 1.5 31 3
      vertex -78.9651 43.6513 3
      vertex 1.5 -31 3
    endloop
  endfacet
  facet normal 0 0 1
    outer loop
      vertex 1.5 -31 3
      vertex -78.8791 -43.7219 3
      vertex -78.7979 -43.7979 3
    endloop
  endfacet
  facet normal 0 0 1
    outer loop
      vertex -78.9651 -43.6513 3
      vertex 1.5 -31 3
      vertex -78.9651 43.6513 3
    endloop
  endfacet
  facet normal 0 0 1
    outer loop
      vertex 1.5 -31 3
      vertex -78.9651 -43.6513 3
      vertex -78.8791 -43.7219 3
    endloop
  endfacet
  facet normal -0 0 1
    outer loop
      vertex -79.0555 43.5865 3
      vertex -78.9651 -43.6513 3
      vertex -78.9651 43.6513 3
    endloop
  endfacet
  facet normal 0 0 1
    outer loop
      vertex -79.0555 43.5865 3
      vertex -79.0555 -43.5865 3
      vertex -78.9651 -43.6513 3
    endloop
  endfacet
  facet normal -0 0 1
    outer loop
      vertex -79.15 43.5278 3
      vertex -79.0555 -43.5865 3
      vertex -79.0555 43.5865 3
    endloop
  endfacet
  facet normal 0 0 1
    outer loop
      vertex -79.15 43.5278 3
      vertex -79.15 -43.5278 3
      vertex -79.0555 -43.5865 3
    endloop
  endfacet
  facet normal -0 0 1
    outer loop
      vertex -79.2481 43.4753 3
      vertex -79.15 -43.5278 3
      vertex -79.15 43.5278 3
    endloop
  endfacet
  facet normal 0 0 1
    outer loop
      vertex -79.2481 43.4753 3
      vertex -79.2481 -43.4753 3
      vertex -79.15 -43.5278 3
    endloop
  endfacet
  facet normal -0 0 1
    outer loop
      vertex -79.3494 43.4294 3
      vertex -79.2481 -43.4753 3
      vertex -79.2481 43.4753 3
    endloop
  endfacet
  facet normal 0 0 1
    outer loop
      vertex -79.3494 43.4294 3
      vertex -79.3494 -43.4294 3
      vertex -79.2481 -43.4753 3
    endloop
  endfacet
  facet normal -0 0 1
    outer loop
      vertex -79.4536 43.3902 3
      vertex -79.3494 -43.4294 3
      vertex -79.3494 43.4294 3
    endloop
  endfacet
  facet normal 0 0 1
    outer loop
      vertex -79.4536 43.3902 3
      vertex -79.4536 -43.3902 3
      vertex -79.3494 -43.4294 3
    endloop
  endfacet
  facet normal -0 0 1
    outer loop
      vertex -79.56 43.3579 3
      vertex -79.4536 -43.3902 3
      vertex -79.4536 43.3902 3
    endloop
  endfacet
  facet normal 0 0 1
    outer loop
      vertex -79.56 43.3579 3
      vertex -79.56 -43.3579 3
      vertex -79.4536 -43.3902 3
    endloop
  endfacet
  facet normal -0 0 1
    outer loop
      vertex -79.6684 43.3327 3
      vertex -79.56 -43.3579 3
      vertex -79.56 43.3579 3
    endloop
  endfacet
  facet normal 0 0 1
    outer loop
      vertex -79.6684 43.3327 3
      vertex -79.6684 -43.3327 3
      vertex -79.56 -43.3579 3
    endloop
  endfacet
  facet normal -0 0 1
    outer loop
      vertex -79.7781 43.3145 3
      vertex -79.6684 -43.3327 3
      vertex -79.6684 43.3327 3
    endloop
  endfacet
  facet normal 0 0 1
    outer loop
      vertex -79.7781 43.3145 3
      vertex -79.7781 -43.3145 3
      vertex -79.6684 -43.3327 3
    endloop
  endfacet
  facet normal -0 0 1
    outer loop
      vertex -79.8888 43.3036 3
      vertex -79.7781 -43.3145 3
      vertex -79.7781 43.3145 3
    endloop
  endfacet
  facet normal 0 0 1
    outer loop
      vertex -79.8888 43.3036 3
      vertex -79.8888 -43.3036 3
      vertex -79.7781 -43.3145 3
    endloop
  endfacet
  facet normal -0 0 1
    outer loop
      vertex -80 43.3 3
      vertex -79.8888 -43.3036 3
      vertex -79.8888 43.3036 3
    endloop
  endfacet
  facet normal 0 0 1
    outer loop
      vertex -80 43.3 3
      vertex -80 -43.3 3
      vertex -79.8888 -43.3036 3
    endloop
  endfacet
  facet normal 0 0 1
    outer loop
      vertex -80.1112 43.3036 3
      vertex -80 -43.3 3
      vertex -80 43.3 3
    endloop
  endfacet
  facet normal 0 0 1
    outer loop
      vertex -80.1112 43.3036 3
      vertex -80.1112 -43.3036 3
      vertex -80 -43.3 3
    endloop
  endfacet
  facet normal 0 0 1
    outer loop
      vertex -80.2219 43.3145 3
      vertex -80.1112 -43.3036 3
      vertex -80.1112 43.3036 3
    endloop
  endfacet
  facet normal 0 0 1
    outer loop
      vertex -80.2219 43.3145 3
      vertex -80.2219 -43.3145 3
      vertex -80.1112 -43.3036 3
    endloop
  endfacet
  facet normal 0 0 1
    outer loop
      vertex -80.3316 43.3327 3
      vertex -80.2219 -43.3145 3
      vertex -80.2219 43.3145 3
    endloop
  endfacet
  facet normal 0 0 1
    outer loop
      vertex -80.3316 43.3327 3
      vertex -80.3316 -43.3327 3
      vertex -80.2219 -43.3145 3
    endloop
  endfacet
  facet normal 0 0 1
    outer loop
      vertex -80.44 43.3579 3
      vertex -80.3316 -43.3327 3
      vertex -80.3316 43.3327 3
    endloop
  endfacet
  facet normal 0 0 1
    outer loop
      vertex -80.44 43.3579 3
      vertex -80.44 -43.3579 3
      vertex -80.3316 -43.3327 3
    endloop
  endfacet
  facet normal 0 0 1
    outer loop
      vertex -80.5464 43.3902 3
      vertex -80.44 -43.3579 3
      vertex -80.44 43.3579 3
    endloop
  endfacet
  facet normal 0 0 1
    outer loop
      vertex -80.5464 43.3902 3
      vertex -80.5464 -43.3902 3
      vertex -80.44 -43.3579 3
    endloop
  endfacet
  facet normal 0 0 1
    outer loop
      vertex -80.6506 43.4294 3
      vertex -80.5464 -43.3902 3
      vertex -80.5464 43.3902 3
    endloop
  endfacet
  facet normal 0 0 1
    outer loop
      vertex -80.6506 43.4294 3
      vertex -80.6506 -43.4294 3
      vertex -80.5464 -43.3902 3
    endloop
  endfacet
  facet normal 0 0 1
    outer loop
      vertex -80.7519 43.4753 3
      vertex -80.6506 -43.4294 3
      vertex -80.6506 43.4294 3
    endloop
  endfacet
  facet normal 0 0 1
    outer loop
      vertex -80.7519 43.4753 3
      vertex -80.7519 -43.4753 3
      vertex -80.6506 -43.4294 3
    endloop
  endfacet
  facet normal 0 0 1
    outer loop
      vertex -80.85 43.5278 3
      vertex -80.7519 -43.4753 3
      vertex -80.7519 43.4753 3
    endloop
  endfacet
  facet normal 0 0 1
    outer loop
      vertex -80.85 43.5278 3
      vertex -80.85 -43.5278 3
      vertex -80.7519 -43.4753 3
    endloop
  endfacet
  facet normal 0 0 1
    outer loop
      vertex -80.9445 43.5865 3
      vertex -80.85 -43.5278 3
      vertex -80.85 43.5278 3
    endloop
  endfacet
  facet normal 0 0 1
    outer loop
      vertex -80.9445 43.5865 3
      vertex -80.9445 -43.5865 3
      vertex -80.85 -43.5278 3
    endloop
  endfacet
  facet normal 0 0 1
    outer loop
      vertex -81.0349 43.6513 3
      vertex -80.9445 -43.5865 3
      vertex -80.9445 43.5865 3
    endloop
  endfacet
  facet normal 0 0 1
    outer loop
      vertex -81.0349 43.6513 3
      vertex -81.0349 -43.6513 3
      vertex -80.9445 -43.5865 3
    endloop
  endfacet
  facet normal 0 0 1
    outer loop
      vertex -81.1209 43.7219 3
      vertex -81.0349 -43.6513 3
      vertex -81.0349 43.6513 3
    endloop
  endfacet
  facet normal 0 0 1
    outer loop
      vertex -81.1209 43.7219 3
      vertex -81.1209 -43.7219 3
      vertex -81.0349 -43.6513 3
    endloop
  endfacet
  facet normal 0 0 1
    outer loop
      vertex -90 50 3
      vertex -81.1209 43.7219 3
      vertex -81.2021 43.7979 3
    endloop
  endfacet
  facet normal 0 0 1
    outer loop
      vertex -81.1209 43.7219 3
      vertex -90 50 3
      vertex -81.1209 -43.7219 3
    endloop
  endfacet
  facet normal 0 0 1
    outer loop
      vertex -90 50 3
      vertex -81.2021 43.7979 3
      vertex -81.2781 43.8791 3
    endloop
  endfacet
  facet normal 0 0 1
    outer loop
      vertex -90 -50 3
      vertex -81.1209 -43.7219 3
      vertex -90 50 3
    endloop
  endfacet
  facet normal 0 0 1
    outer loop
      vertex -90 50 3
      vertex -81.2781 43.8791 3
      vertex -81.3487 43.9651 3
    endloop
  endfacet
  facet normal 0 0 1
    outer loop
      vertex -81.1209 -43.7219 3
      vertex -90 -50 3
      vertex -81.2021 -43.7979 3
    endloop
  endfacet
  facet normal 0 0 1
    outer loop
      vertex -90 50 3
      vertex -81.3487 43.9651 3
      vertex -81.4135 44.0555 3
    endloop
  endfacet
  facet normal 0 0 1
    outer loop
      vertex -81.2021 -43.7979 3
      vertex -90 -50 3
      vertex -81.2781 -43.8791 3
    endloop
  endfacet
  facet normal 0 0 1
    outer loop
      vertex -90 50 3
      vertex -81.4135 44.0555 3
      vertex -81.4722 44.15 3
    endloop
  endfacet
  facet normal 0 0 1
    outer loop
      vertex -81.2781 -43.8791 3
      vertex -90 -50 3
      vertex -81.3487 -43.9651 3
    endloop
  endfacet
  facet normal 0 0 1
    outer loop
      vertex -90 50 3
      vertex -81.4722 44.15 3
      vertex -81.5247 44.2481 3
    endloop
  endfacet
  facet normal 0 0 1
    outer loop
      vertex -81.3487 -43.9651 3
      vertex -90 -50 3
      vertex -81.4135 -44.0555 3
    endloop
  endfacet
  facet normal 0 0 1
    outer loop
      vertex -90 50 3
      vertex -81.5247 44.2481 3
      vertex -81.5706 44.3494 3
    endloop
  endfacet
  facet normal 0 0 1
    outer loop
      vertex -81.4135 -44.0555 3
      vertex -90 -50 3
      vertex -81.4722 -44.15 3
    endloop
  endfacet
  facet normal 0 0 1
    outer loop
      vertex -90 50 3
      vertex -81.5706 44.3494 3
      vertex -81.6098 44.4536 3
    endloop
  endfacet
  facet normal 0 0 1
    outer loop
      vertex -81.4722 -44.15 3
      vertex -90 -50 3
      vertex -81.5247 -44.2481 3
    endloop
  endfacet
  facet normal 0 0 1
    outer loop
      vertex -90 50 3
      vertex -81.6098 44.4536 3
      vertex -81.6421 44.56 3
    endloop
  endfacet
  facet normal 0 0 1
    outer loop
      vertex -81.5247 -44.2481 3
      vertex -90 -50 3
      vertex -81.5706 -44.3494 3
    endloop
  endfacet
  facet normal 0 0 1
    outer loop
      vertex -90 50 3
      vertex -81.6421 44.56 3
      vertex -81.6673 44.6683 3
    endloop
  endfacet
  facet normal 0 0 1
    outer loop
      vertex -81.5706 -44.3494 3
      vertex -90 -50 3
      vertex -81.6098 -44.4536 3
    endloop
  endfacet
  facet normal 0 0 1
    outer loop
      vertex -90 50 3
      vertex -81.6673 44.6683 3
      vertex -81.6855 44.7781 3
    endloop
  endfacet
  facet normal 0 0 1
    outer loop
      vertex -81.6098 -44.4536 3
      vertex -90 -50 3
      vertex -81.6421 -44.56 3
    endloop
  endfacet
  facet normal 0 0 1
    outer loop
      vertex -90 50 3
      vertex -81.6855 44.7781 3
      vertex -81.6964 44.8888 3
    endloop
  endfacet
  facet normal 0 0 1
    outer loop
      vertex -81.6421 -44.56 3
      vertex -90 -50 3
      vertex -81.6673 -44.6683 3
    endloop
  endfacet
  facet normal 0 0 1
    outer loop
      vertex -90 50 3
      vertex -81.6964 44.8888 3
      vertex -81.7 45 3
    endloop
  endfacet
  facet normal 0 0 1
    outer loop
      vertex -81.6673 -44.6683 3
      vertex -90 -50 3
      vertex -81.6855 -44.7781 3
    endloop
  endfacet
  facet normal -0 0 1
    outer loop
      vertex 1.5 31 3
      vertex 4.5 -31 3
      vertex 4.5 31 3
    endloop
  endfacet
  facet normal 0 0 1
    outer loop
      vertex 4.5 -31 3
      vertex 1.5 31 3
      vertex 1.5 -31 3
    endloop
  endfacet
  facet normal -0 0 1
    outer loop
      vertex 65.5 31 3
      vertex 68.5 -31 3
      vertex 68.5 31 3
    endloop
  endfacet
  facet normal 0 0 1
    outer loop
      vertex 68.5 -31 3
      vertex 65.5 31 3
      vertex 65.5 -31 3
    endloop
  endfacet
  facet normal 0 0 1
    outer loop
      vertex 81.6673 44.6683 3
      vertex 90 50 3
      vertex 81.6855 44.7781 3
    endloop
  endfacet
  facet normal 0 0 1
    outer loop
      vertex 90 -50 3
      vertex 81.6964 -44.8888 3
      vertex 81.7 -45 3
    endloop
  endfacet
  facet normal 0 0 1
    outer loop
      vertex 81.6421 44.56 3
      vertex 90 50 3
      vertex 81.6673 44.6683 3
    endloop
  endfacet
  facet normal 0 0 1
    outer loop
      vertex 90 -50 3
      vertex 81.6855 -44.7781 3
      vertex 81.6964 -44.8888 3
    endloop
  endfacet
  facet normal 0 0 1
    outer loop
      vertex 81.6098 44.4536 3
      vertex 90 50 3
      vertex 81.6421 44.56 3
    endloop
  endfacet
  facet normal 0 0 1
    outer loop
      vertex 90 -50 3
      vertex 81.6673 -44.6683 3
      vertex 81.6855 -44.7781 3
    endloop
  endfacet
  facet normal 0 0 1
    outer loop
      vertex 81.5706 44.3494 3
      vertex 90 50 3
      vertex 81.6098 44.4536 3
    endloop
  endfacet
  facet normal 0 0 1
    outer loop
      vertex 90 -50 3
      vertex 81.6421 -44.56 3
      vertex 81.6673 -44.6683 3
    endloop
  endfacet
  facet normal 0 0 1
    outer loop
      vertex 81.5247 44.2481 3
      vertex 90 50 3
      vertex 81.5706 44.3494 3
    endloop
  endfacet
  facet normal 0 0 1
    outer loop
      vertex 90 -50 3
      vertex 81.6098 -44.4536 3
      vertex 81.6421 -44.56 3
    endloop
  endfacet
  facet normal 0 0 1
    outer loop
      vertex 81.4722 44.15 3
      vertex 90 50 3
      vertex 81.5247 44.2481 3
    endloop
  endfacet
  facet normal 0 0 1
    outer loop
      vertex 90 -50 3
      vertex 81.5706 -44.3494 3
      vertex 81.6098 -44.4536 3
    endloop
  endfacet
  facet normal 0 0 1
    outer loop
      vertex 81.4135 44.0555 3
      vertex 90 50 3
      vertex 81.4722 44.15 3
    endloop
  endfacet
  facet normal 0 0 1
    outer loop
      vertex 90 -50 3
      vertex 81.5247 -44.2481 3
      vertex 81.5706 -44.3494 3
    endloop
  endfacet
  facet normal 0 0 1
    outer loop
      vertex 81.3487 43.9651 3
      vertex 90 50 3
      vertex 81.4135 44.0555 3
    endloop
  endfacet
  facet normal 0 0 1
    outer loop
      vertex 90 -50 3
      vertex 81.4722 -44.15 3
      vertex 81.5247 -44.2481 3
    endloop
  endfacet
  facet normal 0 0 1
    outer loop
      vertex 81.2781 43.8791 3
      vertex 90 50 3
      vertex 81.3487 43.9651 3
    endloop
  endfacet
  facet normal 0 0 1
    outer loop
      vertex 90 -50 3
      vertex 81.4135 -44.0555 3
      vertex 81.4722 -44.15 3
    endloop
  endfacet
  facet normal 0 0 1
    outer loop
      vertex 81.2021 43.7979 3
      vertex 90 50 3
      vertex 81.2781 43.8791 3
    endloop
  endfacet
  facet normal 0 0 1
    outer loop
      vertex 90 -50 3
      vertex 81.3487 -43.9651 3
      vertex 81.4135 -44.0555 3
    endloop
  endfacet
  facet normal 0 0 1
    outer loop
      vertex 81.1209 43.7219 3
      vertex 90 50 3
      vertex 81.2021 43.7979 3
    endloop
  endfacet
  facet normal 0 0 1
    outer loop
      vertex 90 -50 3
      vertex 81.2781 -43.8791 3
      vertex 81.3487 -43.9651 3
    endloop
  endfacet
  facet normal 0 0 1
    outer loop
      vertex 90 50 3
      vertex 81.1209 43.7219 3
      vertex 90 -50 3
    endloop
  endfacet
  facet normal 0 0 1
    outer loop
      vertex 90 -50 3
      vertex 81.2021 -43.7979 3
      vertex 81.2781 -43.8791 3
    endloop
  endfacet
  facet normal -0 0 1
    outer loop
      vertex 81.1209 -43.7219 3
      vertex 90 -50 3
      vertex 81.1209 43.7219 3
    endloop
  endfacet
  facet normal 0 0 1
    outer loop
      vertex 90 -50 3
      vertex 81.1209 -43.7219 3
      vertex 81.2021 -43.7979 3
    endloop
  endfacet
  facet normal -0 0 1
    outer loop
      vertex 81.0349 43.6513 3
      vertex 81.1209 -43.7219 3
      vertex 81.1209 43.7219 3
    endloop
  endfacet
  facet normal 0 0 1
    outer loop
      vertex 81.0349 43.6513 3
      vertex 81.0349 -43.6513 3
      vertex 81.1209 -43.7219 3
    endloop
  endfacet
  facet normal -0 0 1
    outer loop
      vertex 80.9445 43.5865 3
      vertex 81.0349 -43.6513 3
      vertex 81.0349 43.6513 3
    endloop
  endfacet
  facet normal 0 0 1
    outer loop
      vertex 80.9445 43.5865 3
      vertex 80.9445 -43.5865 3
      vertex 81.0349 -43.6513 3
    endloop
  endfacet
  facet normal 0 0 1
    outer loop
      vertex 68.5 31 3
      vertex 80.9445 43.5865 3
      vertex 80.85 43.5278 3
    endloop
  endfacet
  facet normal 0 0 1
    outer loop
      vertex 80.9445 43.5865 3
      vertex 68.5 31 3
      vertex 80.9445 -43.5865 3
    endloop
  endfacet
  facet normal 0 0 1
    outer loop
      vertex 68.5 31 3
      vertex 80.85 43.5278 3
      vertex 80.7519 43.4753 3
    endloop
  endfacet
  facet normal -0 0 1
    outer loop
      vertex 68.5 -31 3
      vertex 80.9445 -43.5865 3
      vertex 68.5 31 3
    endloop
  endfacet
  facet normal 0 0 1
    outer loop
      vertex 68.5 31 3
      vertex 80.7519 43.4753 3
      vertex 80.6506 43.4294 3
    endloop
  endfacet
  facet normal 0 0 1
    outer loop
      vertex 80.9445 -43.5865 3
      vertex 68.5 -31 3
      vertex 80.85 -43.5278 3
    endloop
  endfacet
  facet normal 0 0 1
    outer loop
      vertex 68.5 31 3
      vertex 80.6506 43.4294 3
      vertex 80.5464 43.3902 3
    endloop
  endfacet
  facet normal 0 0 1
    outer loop
      vertex 80.85 -43.5278 3
      vertex 68.5 -31 3
      vertex 80.7519 -43.4753 3
    endloop
  endfacet
  facet normal 0 0 1
    outer loop
      vertex 68.5 31 3
      vertex 80.5464 43.3902 3
      vertex 80.44 43.3579 3
    endloop
  endfacet
  facet normal 0 0 1
    outer loop
      vertex 80.7519 -43.4753 3
      vertex 68.5 -31 3
      vertex 80.6506 -43.4294 3
    endloop
  endfacet
  facet normal 0 0 1
    outer loop
      vertex 68.5 31 3
      vertex 80.44 43.3579 3
      vertex 80.3316 43.3327 3
    endloop
  endfacet
  facet normal 0 0 1
    outer loop
      vertex 80.6506 -43.4294 3
      vertex 68.5 -31 3
      vertex 80.5464 -43.3902 3
    endloop
  endfacet
  facet normal 0 0 1
    outer loop
      vertex 68.5 31 3
      vertex 80.3316 43.3327 3
      vertex 80.2219 43.3145 3
    endloop
  endfacet
  facet normal 0 0 1
    outer loop
      vertex 80.5464 -43.3902 3
      vertex 68.5 -31 3
      vertex 80.44 -43.3579 3
    endloop
  endfacet
  facet normal 0 0 1
    outer loop
      vertex 68.5 31 3
      vertex 80.2219 43.3145 3
      vertex 80.1112 43.3036 3
    endloop
  endfacet
  facet normal 0 0 1
    outer loop
      vertex 80.44 -43.3579 3
      vertex 68.5 -31 3
      vertex 80.3316 -43.3327 3
    endloop
  endfacet
  facet normal 0 0 1
    outer loop
      vertex 68.5 31 3
      vertex 80.1112 43.3036 3
      vertex 80 43.3 3
    endloop
  endfacet
  facet normal 0 0 1
    outer loop
      vertex 80.3316 -43.3327 3
      vertex 68.5 -31 3
      vertex 80.2219 -43.3145 3
    endloop
  endfacet
  facet normal 0 0 1
    outer loop
      vertex 68.5 31 3
      vertex 80 43.3 3
      vertex 79.8888 43.3036 3
    endloop
  endfacet
  facet normal 0 0 1
    outer loop
      vertex 80.2219 -43.3145 3
      vertex 68.5 -31 3
      vertex 80.1112 -43.3036 3
    endloop
  endfacet
  facet normal 0 0 1
    outer loop
      vertex 68.5 31 3
      vertex 79.8888 43.3036 3
      vertex 79.7781 43.3145 3
    endloop
  endfacet
  facet normal 0 0 1
    outer loop
      vertex 80.1112 -43.3036 3
      vertex 68.5 -31 3
      vertex 80 -43.3 3
    endloop
  endfacet
  facet normal 0 0 1
    outer loop
      vertex 68.5 31 3
      vertex 79.7781 43.3145 3
      vertex 79.6684 43.3327 3
    endloop
  endfacet
  facet normal 0 0 1
    outer loop
      vertex 80 -43.3 3
      vertex 68.5 -31 3
      vertex 79.8888 -43.3036 3
    endloop
  endfacet
  facet normal 0 0 1
    outer loop
      vertex 68.5 31 3
      vertex 79.6684 43.3327 3
      vertex 79.56 43.3579 3
    endloop
  endfacet
  facet normal 0 0 1
    outer loop
      vertex 79.8888 -43.3036 3
      vertex 68.5 -31 3
      vertex 79.7781 -43.3145 3
    endloop
  endfacet
  facet normal 0 0 1
    outer loop
      vertex 68.5 31 3
      vertex 79.56 43.3579 3
      vertex 79.4536 43.3902 3
    endloop
  endfacet
  facet normal 0 0 1
    outer loop
      vertex 79.7781 -43.3145 3
      vertex 68.5 -31 3
      vertex 79.6684 -43.3327 3
    endloop
  endfacet
  facet normal 0 0 1
    outer loop
      vertex 68.5 39 3
      vertex 79.4536 43.3902 3
      vertex 79.3494 43.4294 3
    endloop
  endfacet
  facet normal 0 0 1
    outer loop
      vertex 79.6684 -43.3327 3
      vertex 68.5 -31 3
      vertex 79.56 -43.3579 3
    endloop
  endfacet
  facet normal 0 0 1
    outer loop
      vertex 68.5 39 3
      vertex 79.3494 43.4294 3
      vertex 79.2481 43.4753 3
    endloop
  endfacet
  facet normal 0 0 1
    outer loop
      vertex 79.56 -43.3579 3
      vertex 68.5 -31 3
      vertex 79.4536 -43.3902 3
    endloop
  endfacet
  facet normal 0 0 1
    outer loop
      vertex 68.5 39 3
      vertex 79.2481 43.4753 3
      vertex 79.15 43.5278 3
    endloop
  endfacet
  facet normal -0 0 1
    outer loop
      vertex 68.5 -39 3
      vertex 79.4536 -43.3902 3
      vertex 68.5 -31 3
    endloop
  endfacet
  facet normal 0 0 1
    outer loop
      vertex 68.5 39 3
      vertex 79.15 43.5278 3
      vertex 79.0555 43.5865 3
    endloop
  endfacet
  facet normal 0 0 1
    outer loop
      vertex 79.4536 -43.3902 3
      vertex 68.5 -39 3
      vertex 79.3494 -43.4294 3
    endloop
  endfacet
  facet normal 0 0 1
    outer loop
      vertex 68.5 39 3
      vertex 79.0555 43.5865 3
      vertex 78.9651 43.6513 3
    endloop
  endfacet
  facet normal 0 0 1
    outer loop
      vertex 79.3494 -43.4294 3
      vertex 68.5 -39 3
      vertex 79.2481 -43.4753 3
    endloop
  endfacet
  facet normal 0 0 1
    outer loop
      vertex 68.5 39 3
      vertex 78.9651 43.6513 3
      vertex 78.8791 43.7219 3
    endloop
  endfacet
  facet normal 0 0 1
    outer loop
      vertex 79.2481 -43.4753 3
      vertex 68.5 -39 3
      vertex 79.15 -43.5278 3
    endloop
  endfacet
  facet normal 0 0 1
    outer loop
      vertex 68.5 39 3
      vertex 78.8791 43.7219 3
      vertex 78.7979 43.7979 3
    endloop
  endfacet
  facet normal 0 0 1
    outer loop
      vertex 79.15 -43.5278 3
      vertex 68.5 -39 3
      vertex 79.0555 -43.5865 3
    endloop
  endfacet
  facet normal 0 0 1
    outer loop
      vertex 68.5 39 3
      vertex 78.7979 43.7979 3
      vertex 78.7219 43.8791 3
    endloop
  endfacet
  facet normal 0 0 1
    outer loop
      vertex 79.0555 -43.5865 3
      vertex 68.5 -39 3
      vertex 78.9651 -43.6513 3
    endloop
  endfacet
  facet normal 0 0 1
    outer loop
      vertex 68.5 39 3
      vertex 78.7219 43.8791 3
      vertex 78.6513 43.9651 3
    endloop
  endfacet
  facet normal 0 0 1
    outer loop
      vertex 78.9651 -43.6513 3
      vertex 68.5 -39 3
      vertex 78.8791 -43.7219 3
    endloop
  endfacet
  facet normal 0 0 1
    outer loop
      vertex 68.5 39 3
      vertex 78.6513 43.9651 3
      vertex 78.5865 44.0555 3
    endloop
  endfacet
  facet normal 0 0 1
    outer loop
      vertex 78.8791 -43.7219 3
      vertex 68.5 -39 3
      vertex 78.7979 -43.7979 3
    endloop
  endfacet
  facet normal 0 0 1
    outer loop
      vertex 68.5 39 3
      vertex 78.5865 44.0555 3
      vertex 78.5278 44.15 3
    endloop
  endfacet
  facet normal 0 0 1
    outer loop
      vertex 78.7979 -43.7979 3
      vertex 68.5 -39 3
      vertex 78.7219 -43.8791 3
    endloop
  endfacet
  facet normal 0 0 1
    outer loop
      vertex 68.5 39 3
      vertex 78.5278 44.15 3
      vertex 78.4753 44.2481 3
    endloop
  endfacet
  facet normal 0 0 1
    outer loop
      vertex 78.7219 -43.8791 3
      vertex 68.5 -39 3
      vertex 78.6513 -43.9651 3
    endloop
  endfacet
  facet normal 0 0 1
    outer loop
      vertex 68.5 39 3
      vertex 78.4753 44.2481 3
      vertex 78.4294 44.3494 3
    endloop
  endfacet
  facet normal 0 0 1
    outer loop
      vertex 78.6513 -43.9651 3
      vertex 68.5 -39 3
      vertex 78.5865 -44.0555 3
    endloop
  endfacet
  facet normal 0 0 1
    outer loop
      vertex 68.5 39 3
      vertex 78.4294 44.3494 3
      vertex 78.3902 44.4536 3
    endloop
  endfacet
  facet normal 0 0 1
    outer loop
      vertex 78.5865 -44.0555 3
      vertex 68.5 -39 3
      vertex 78.5278 -44.15 3
    endloop
  endfacet
  facet normal 0 0 1
    outer loop
      vertex 68.5 39 3
      vertex 78.3902 44.4536 3
      vertex 78.3579 44.56 3
    endloop
  endfacet
  facet normal 0 0 1
    outer loop
      vertex 78.5278 -44.15 3
      vertex 68.5 -39 3
      vertex 78.4753 -44.2481 3
    endloop
  endfacet
  facet normal 0 0 1
    outer loop
      vertex 68.5 39 3
      vertex 78.3579 44.56 3
      vertex 78.3327 44.6683 3
    endloop
  endfacet
  facet normal 0 0 1
    outer loop
      vertex 78.4753 -44.2481 3
      vertex 68.5 -39 3
      vertex 78.4294 -44.3494 3
    endloop
  endfacet
  facet normal 0 0 1
    outer loop
      vertex 68.5 39 3
      vertex 78.3327 44.6683 3
      vertex 78.3145 44.7781 3
    endloop
  endfacet
  facet normal 0 0 1
    outer loop
      vertex 78.4294 -44.3494 3
      vertex 68.5 -39 3
      vertex 78.3902 -44.4536 3
    endloop
  endfacet
  facet normal 0 0 1
    outer loop
      vertex 68.5 39 3
      vertex 78.3145 44.7781 3
      vertex 78.3036 44.8888 3
    endloop
  endfacet
  facet normal 0 0 1
    outer loop
      vertex 78.3902 -44.4536 3
      vertex 68.5 -39 3
      vertex 78.3579 -44.56 3
    endloop
  endfacet
  facet normal 0 0 1
    outer loop
      vertex 68.5 39 3
      vertex 78.3036 44.8888 3
      vertex 78.3 45 3
    endloop
  endfacet
  facet normal 0 0 1
    outer loop
      vertex 78.3579 -44.56 3
      vertex 68.5 -39 3
      vertex 78.3327 -44.6683 3
    endloop
  endfacet
  facet normal 0 0 1
    outer loop
      vertex 81.2021 46.2021 3
      vertex 90 50 3
      vertex 89.9893 50.327 3
    endloop
  endfacet
  facet normal 0 0 1
    outer loop
      vertex 81.6964 44.8888 3
      vertex 90 50 3
      vertex 81.7 45 3
    endloop
  endfacet
  facet normal 0 0 1
    outer loop
      vertex 81.2021 46.2021 3
      vertex 89.9893 50.327 3
      vertex 89.9572 50.6526 3
    endloop
  endfacet
  facet normal 0 0 1
    outer loop
      vertex 81.6855 44.7781 3
      vertex 90 50 3
      vertex 81.6964 44.8888 3
    endloop
  endfacet
  facet normal 0 0 1
    outer loop
      vertex 81.2021 46.2021 3
      vertex 89.9572 50.6526 3
      vertex 89.9039 50.9754 3
    endloop
  endfacet
  facet normal -0 0 1
    outer loop
      vertex 81.6964 -45.1112 3
      vertex 90 -50 3
      vertex 81.7 -45 3
    endloop
  endfacet
  facet normal 0 0 1
    outer loop
      vertex 81.2021 46.2021 3
      vertex 89.9039 50.9754 3
      vertex 89.8296 51.2941 3
    endloop
  endfacet
  facet normal -0 0 1
    outer loop
      vertex 81.6855 -45.2219 3
      vertex 90 -50 3
      vertex 81.6964 -45.1112 3
    endloop
  endfacet
  facet normal 0 0 1
    outer loop
      vertex 81.2021 46.2021 3
      vertex 89.8296 51.2941 3
      vertex 89.7346 51.6072 3
    endloop
  endfacet
  facet normal -0 0 1
    outer loop
      vertex 81.6673 -45.3317 3
      vertex 90 -50 3
      vertex 81.6855 -45.2219 3
    endloop
  endfacet
  facet normal 0 0 1
    outer loop
      vertex 81.2021 46.2021 3
      vertex 89.7346 51.6072 3
      vertex 89.6194 51.9134 3
    endloop
  endfacet
  facet normal -0 0 1
    outer loop
      vertex 81.6421 -45.44 3
      vertex 90 -50 3
      vertex 81.6673 -45.3317 3
    endloop
  endfacet
  facet normal 0 0 1
    outer loop
      vertex 81.2021 46.2021 3
      vertex 89.6194 51.9134 3
      vertex 89.4844 52.2114 3
    endloop
  endfacet
  facet normal -0 0 1
    outer loop
      vertex 81.6098 -45.5464 3
      vertex 90 -50 3
      vertex 81.6421 -45.44 3
    endloop
  endfacet
  facet normal 0 0 1
    outer loop
      vertex 81.2021 46.2021 3
      vertex 89.4844 52.2114 3
      vertex 89.3301 52.5 3
    endloop
  endfacet
  facet normal -0 0 1
    outer loop
      vertex 81.5706 -45.6506 3
      vertex 90 -50 3
      vertex 81.6098 -45.5464 3
    endloop
  endfacet
  facet normal 0 0 1
    outer loop
      vertex 81.2021 46.2021 3
      vertex 89.3301 52.5 3
      vertex 89.1573 52.7778 3
    endloop
  endfacet
  facet normal -0 0 1
    outer loop
      vertex 81.5247 -45.7519 3
      vertex 90 -50 3
      vertex 81.5706 -45.6506 3
    endloop
  endfacet
  facet normal 0 0 1
    outer loop
      vertex 81.2021 46.2021 3
      vertex 89.1573 52.7778 3
      vertex 88.9668 53.0438 3
    endloop
  endfacet
  facet normal -0 0 1
    outer loop
      vertex 81.4722 -45.85 3
      vertex 90 -50 3
      vertex 81.5247 -45.7519 3
    endloop
  endfacet
  facet normal 0 0 1
    outer loop
      vertex 81.2021 46.2021 3
      vertex 88.9668 53.0438 3
      vertex 88.7592 53.2967 3
    endloop
  endfacet
  facet normal -0 0 1
    outer loop
      vertex 81.4135 -45.9445 3
      vertex 90 -50 3
      vertex 81.4722 -45.85 3
    endloop
  endfacet
  facet normal 0 0 1
    outer loop
      vertex 81.2021 46.2021 3
      vertex 88.7592 53.2967 3
      vertex 88.5355 53.5355 3
    endloop
  endfacet
  facet normal -0 0 1
    outer loop
      vertex 81.3487 -46.0349 3
      vertex 90 -50 3
      vertex 81.4135 -45.9445 3
    endloop
  endfacet
  facet normal 0 0 1
    outer loop
      vertex 81.2021 46.2021 3
      vertex 88.5355 53.5355 3
      vertex 88.2967 53.7592 3
    endloop
  endfacet
  facet normal -0 0 1
    outer loop
      vertex 81.2781 -46.1209 3
      vertex 90 -50 3
      vertex 81.3487 -46.0349 3
    endloop
  endfacet
  facet normal 0 0 1
    outer loop
      vertex 81.2021 46.2021 3
      vertex 88.2967 53.7592 3
      vertex 88.0438 53.9668 3
    endloop
  endfacet
  facet normal -0 0 1
    outer loop
      vertex 81.2021 -46.2021 3
      vertex 90 -50 3
      vertex 81.2781 -46.1209 3
    endloop
  endfacet
  facet normal 0 0 1
    outer loop
      vertex 81.2021 46.2021 3
      vertex 88.0438 53.9668 3
      vertex 87.7778 54.1573 3
    endloop
  endfacet
  facet normal 0 0 1
    outer loop
      vertex 90 -50 3
      vertex 81.2021 -46.2021 3
      vertex 89.9893 -50.327 3
    endloop
  endfacet
  facet normal 0 0 1
    outer loop
      vertex 81.2021 46.2021 3
      vertex 87.7778 54.1573 3
      vertex 87.5 54.3301 3
    endloop
  endfacet
  facet normal 0 0 1
    outer loop
      vertex 89.9893 -50.327 3
      vertex 81.2021 -46.2021 3
      vertex 89.9572 -50.6526 3
    endloop
  endfacet
  facet normal 0 0 1
    outer loop
      vertex 81.2021 46.2021 3
      vertex 87.5 54.3301 3
      vertex 87.2114 54.4844 3
    endloop
  endfacet
  facet normal 0 0 1
    outer loop
      vertex 89.9572 -50.6526 3
      vertex 81.2021 -46.2021 3
      vertex 89.9039 -50.9754 3
    endloop
  endfacet
  facet normal 0 0 1
    outer loop
      vertex 81.2021 46.2021 3
      vertex 87.2114 54.4844 3
      vertex 86.9134 54.6194 3
    endloop
  endfacet
  facet normal 0 0 1
    outer loop
      vertex 89.9039 -50.9754 3
      vertex 81.2021 -46.2021 3
      vertex 89.8296 -51.2941 3
    endloop
  endfacet
  facet normal 0 0 1
    outer loop
      vertex 81.2021 46.2021 3
      vertex 86.9134 54.6194 3
      vertex 86.6072 54.7346 3
    endloop
  endfacet
  facet normal 0 0 1
    outer loop
      vertex 89.8296 -51.2941 3
      vertex 81.2021 -46.2021 3
      vertex 89.7346 -51.6072 3
    endloop
  endfacet
  facet normal 0 0 1
    outer loop
      vertex 81.2021 46.2021 3
      vertex 86.6072 54.7346 3
      vertex 86.2941 54.8296 3
    endloop
  endfacet
  facet normal 0 0 1
    outer loop
      vertex 89.7346 -51.6072 3
      vertex 81.2021 -46.2021 3
      vertex 89.6194 -51.9134 3
    endloop
  endfacet
  facet normal 0 0 1
    outer loop
      vertex 81.2021 46.2021 3
      vertex 86.2941 54.8296 3
      vertex 85.9754 54.9039 3
    endloop
  endfacet
  facet normal 0 0 1
    outer loop
      vertex 89.6194 -51.9134 3
      vertex 81.2021 -46.2021 3
      vertex 89.4844 -52.2114 3
    endloop
  endfacet
  facet normal 0 0 1
    outer loop
      vertex 81.2021 46.2021 3
      vertex 85.9754 54.9039 3
      vertex 85.6526 54.9572 3
    endloop
  endfacet
  facet normal 0 0 1
    outer loop
      vertex 89.4844 -52.2114 3
      vertex 81.2021 -46.2021 3
      vertex 89.3301 -52.5 3
    endloop
  endfacet
  facet normal 0 0 1
    outer loop
      vertex 81.2021 46.2021 3
      vertex 85.6526 54.9572 3
      vertex 85.327 54.9893 3
    endloop
  endfacet
  facet normal 0 0 1
    outer loop
      vertex 89.3301 -52.5 3
      vertex 81.2021 -46.2021 3
      vertex 89.1573 -52.7778 3
    endloop
  endfacet
  facet normal 0 0 1
    outer loop
      vertex 81.2021 46.2021 3
      vertex 85.327 54.9893 3
      vertex 85 55 3
    endloop
  endfacet
  facet normal 0 0 1
    outer loop
      vertex 89.1573 -52.7778 3
      vertex 81.2021 -46.2021 3
      vertex 88.9668 -53.0438 3
    endloop
  endfacet
  facet normal 0 0 1
    outer loop
      vertex 88.9668 -53.0438 3
      vertex 81.2021 -46.2021 3
      vertex 88.7592 -53.2967 3
    endloop
  endfacet
  facet normal 0 0 1
    outer loop
      vertex 90 50 3
      vertex 81.6964 45.1112 3
      vertex 81.7 45 3
    endloop
  endfacet
  facet normal 0 0 1
    outer loop
      vertex 90 50 3
      vertex 81.6855 45.2219 3
      vertex 81.6964 45.1112 3
    endloop
  endfacet
  facet normal 0 0 1
    outer loop
      vertex 90 50 3
      vertex 81.6673 45.3317 3
      vertex 81.6855 45.2219 3
    endloop
  endfacet
  facet normal 0 0 1
    outer loop
      vertex 90 50 3
      vertex 81.6421 45.44 3
      vertex 81.6673 45.3317 3
    endloop
  endfacet
  facet normal 0 0 1
    outer loop
      vertex 90 50 3
      vertex 81.6098 45.5464 3
      vertex 81.6421 45.44 3
    endloop
  endfacet
  facet normal 0 0 1
    outer loop
      vertex 90 50 3
      vertex 81.5706 45.6506 3
      vertex 81.6098 45.5464 3
    endloop
  endfacet
  facet normal 0 0 1
    outer loop
      vertex 90 50 3
      vertex 81.5247 45.7519 3
      vertex 81.5706 45.6506 3
    endloop
  endfacet
  facet normal 0 0 1
    outer loop
      vertex 90 50 3
      vertex 81.4722 45.85 3
      vertex 81.5247 45.7519 3
    endloop
  endfacet
  facet normal 0 0 1
    outer loop
      vertex 90 50 3
      vertex 81.4135 45.9445 3
      vertex 81.4722 45.85 3
    endloop
  endfacet
  facet normal 0 0 1
    outer loop
      vertex 90 50 3
      vertex 81.3487 46.0349 3
      vertex 81.4135 45.9445 3
    endloop
  endfacet
  facet normal 0 0 1
    outer loop
      vertex 90 50 3
      vertex 81.2781 46.1209 3
      vertex 81.3487 46.0349 3
    endloop
  endfacet
  facet normal 0 0 1
    outer loop
      vertex 90 50 3
      vertex 81.2021 46.2021 3
      vertex 81.2781 46.1209 3
    endloop
  endfacet
  facet normal 0 0 1
    outer loop
      vertex 85 55 3
      vertex 81.1209 46.2781 3
      vertex 81.2021 46.2021 3
    endloop
  endfacet
  facet normal 0 0 1
    outer loop
      vertex 85 55 3
      vertex 81.0349 46.3487 3
      vertex 81.1209 46.2781 3
    endloop
  endfacet
  facet normal 0 0 1
    outer loop
      vertex 85 55 3
      vertex 80.9445 46.4135 3
      vertex 81.0349 46.3487 3
    endloop
  endfacet
  facet normal 0 0 1
    outer loop
      vertex 85 55 3
      vertex 80.85 46.4722 3
      vertex 80.9445 46.4135 3
    endloop
  endfacet
  facet normal 0 0 1
    outer loop
      vertex 85 55 3
      vertex 80.7519 46.5247 3
      vertex 80.85 46.4722 3
    endloop
  endfacet
  facet normal 0 0 1
    outer loop
      vertex 85 55 3
      vertex 80.6506 46.5706 3
      vertex 80.7519 46.5247 3
    endloop
  endfacet
  facet normal 0 0 1
    outer loop
      vertex 85 55 3
      vertex 80.5464 46.6098 3
      vertex 80.6506 46.5706 3
    endloop
  endfacet
  facet normal 0 0 1
    outer loop
      vertex 85 55 3
      vertex 80.44 46.6421 3
      vertex 80.5464 46.6098 3
    endloop
  endfacet
  facet normal 0 0 1
    outer loop
      vertex 85 55 3
      vertex 80.3316 46.6673 3
      vertex 80.44 46.6421 3
    endloop
  endfacet
  facet normal 0 0 1
    outer loop
      vertex 85 55 3
      vertex 80.2219 46.6855 3
      vertex 80.3316 46.6673 3
    endloop
  endfacet
  facet normal 0 0 1
    outer loop
      vertex 85 55 3
      vertex 80.1112 46.6964 3
      vertex 80.2219 46.6855 3
    endloop
  endfacet
  facet normal 0 0 1
    outer loop
      vertex 85 55 3
      vertex 80 46.7 3
      vertex 80.1112 46.6964 3
    endloop
  endfacet
  facet normal 0 0 1
    outer loop
      vertex 85 55 3
      vertex 79.8888 46.6964 3
      vertex 80 46.7 3
    endloop
  endfacet
  facet normal 0 0 1
    outer loop
      vertex 85 55 3
      vertex 79.7781 46.6855 3
      vertex 79.8888 46.6964 3
    endloop
  endfacet
  facet normal 0 0 1
    outer loop
      vertex 85 55 3
      vertex 79.6684 46.6673 3
      vertex 79.7781 46.6855 3
    endloop
  endfacet
  facet normal 0 0 1
    outer loop
      vertex 85 55 3
      vertex 79.56 46.6421 3
      vertex 79.6684 46.6673 3
    endloop
  endfacet
  facet normal 0 0 1
    outer loop
      vertex 85 55 3
      vertex 79.4536 46.6098 3
      vertex 79.56 46.6421 3
    endloop
  endfacet
  facet normal 0 0 1
    outer loop
      vertex 85 55 3
      vertex 79.3494 46.5706 3
      vertex 79.4536 46.6098 3
    endloop
  endfacet
  facet normal 0 0 1
    outer loop
      vertex 85 55 3
      vertex 79.2481 46.5247 3
      vertex 79.3494 46.5706 3
    endloop
  endfacet
  facet normal 0 0 1
    outer loop
      vertex 85 55 3
      vertex 79.15 46.4722 3
      vertex 79.2481 46.5247 3
    endloop
  endfacet
  facet normal 0 0 1
    outer loop
      vertex 85 55 3
      vertex 79.0555 46.4135 3
      vertex 79.15 46.4722 3
    endloop
  endfacet
  facet normal 0 0 1
    outer loop
      vertex 85 55 3
      vertex 78.9651 46.3487 3
      vertex 79.0555 46.4135 3
    endloop
  endfacet
  facet normal 0 0 1
    outer loop
      vertex 85 55 3
      vertex 78.8791 46.2781 3
      vertex 78.9651 46.3487 3
    endloop
  endfacet
  facet normal 0 0 1
    outer loop
      vertex 85 55 3
      vertex 78.7979 46.2021 3
      vertex 78.8791 46.2781 3
    endloop
  endfacet
  facet normal 0 0 1
    outer loop
      vertex 65.5 39 3
      vertex 78.7979 46.2021 3
      vertex 85 55 3
    endloop
  endfacet
  facet normal 0 0 1
    outer loop
      vertex 78.7979 46.2021 3
      vertex 65.5 39 3
      vertex 78.7219 46.1209 3
    endloop
  endfacet
  facet normal 0 0 1
    outer loop
      vertex 78.7219 46.1209 3
      vertex 65.5 39 3
      vertex 78.6513 46.0349 3
    endloop
  endfacet
  facet normal 0 0 1
    outer loop
      vertex 79.4536 43.3902 3
      vertex 68.5 39 3
      vertex 68.5 31 3
    endloop
  endfacet
  facet normal 0 0 1
    outer loop
      vertex 78.3036 45.1112 3
      vertex 68.5 39 3
      vertex 78.3 45 3
    endloop
  endfacet
  facet normal 0 0 1
    outer loop
      vertex 78.3145 45.2219 3
      vertex 68.5 39 3
      vertex 78.3036 45.1112 3
    endloop
  endfacet
  facet normal 0 0 1
    outer loop
      vertex 78.3327 45.3317 3
      vertex 68.5 39 3
      vertex 78.3145 45.2219 3
    endloop
  endfacet
  facet normal 0 0 1
    outer loop
      vertex 78.3579 45.44 3
      vertex 68.5 39 3
      vertex 78.3327 45.3317 3
    endloop
  endfacet
  facet normal 0 0 1
    outer loop
      vertex 78.3902 45.5464 3
      vertex 68.5 39 3
      vertex 78.3579 45.44 3
    endloop
  endfacet
  facet normal 0 0 1
    outer loop
      vertex 78.4294 45.6506 3
      vertex 68.5 39 3
      vertex 78.3902 45.5464 3
    endloop
  endfacet
  facet normal 0 0 1
    outer loop
      vertex 78.4753 45.7519 3
      vertex 68.5 39 3
      vertex 78.4294 45.6506 3
    endloop
  endfacet
  facet normal 0 0 1
    outer loop
      vertex 78.5278 45.85 3
      vertex 68.5 39 3
      vertex 78.4753 45.7519 3
    endloop
  endfacet
  facet normal 0 0 1
    outer loop
      vertex 65.5 39 3
      vertex 78.5278 45.85 3
      vertex 78.5865 45.9445 3
    endloop
  endfacet
  facet normal 0 0 1
    outer loop
      vertex 78.6513 46.0349 3
      vertex 65.5 39 3
      vertex 78.5865 45.9445 3
    endloop
  endfacet
  facet normal 0 0 1
    outer loop
      vertex 78.5278 45.85 3
      vertex 65.5 39 3
      vertex 68.5 39 3
    endloop
  endfacet
  facet normal 0 0 1
    outer loop
      vertex 4.5 31 3
      vertex 65.5 31 3
      vertex 65.5 39 3
    endloop
  endfacet
  facet normal 0 0 1
    outer loop
      vertex 65.5 31 3
      vertex 4.5 31 3
      vertex 65.5 -31 3
    endloop
  endfacet
  facet normal 0 0 1
    outer loop
      vertex 4.5 31 3
      vertex 65.5 39 3
      vertex 4.5 39 3
    endloop
  endfacet
  facet normal 0 0 1
    outer loop
      vertex 85 55 3
      vertex 4.5 39 3
      vertex 65.5 39 3
    endloop
  endfacet
  facet normal 0 0 1
    outer loop
      vertex 85 55 3
      vertex 1.5 39 3
      vertex 4.5 39 3
    endloop
  endfacet
  facet normal -0 0 1
    outer loop
      vertex -78.3036 44.8888 3
      vertex 1.5 39 3
      vertex -78.3 45 3
    endloop
  endfacet
  facet normal -0 0 1
    outer loop
      vertex -78.3145 44.7781 3
      vertex 1.5 39 3
      vertex -78.3036 44.8888 3
    endloop
  endfacet
  facet normal -0 0 1
    outer loop
      vertex -78.3327 44.6683 3
      vertex 1.5 39 3
      vertex -78.3145 44.7781 3
    endloop
  endfacet
  facet normal -0 0 1
    outer loop
      vertex -85 55 3
      vertex 1.5 39 3
      vertex 85 55 3
    endloop
  endfacet
  facet normal 0 0 1
    outer loop
      vertex 1.5 39 3
      vertex -78.3036 45.1112 3
      vertex -78.3 45 3
    endloop
  endfacet
  facet normal 0 0 1
    outer loop
      vertex 1.5 39 3
      vertex -78.3145 45.2219 3
      vertex -78.3036 45.1112 3
    endloop
  endfacet
  facet normal 0 0 1
    outer loop
      vertex 1.5 39 3
      vertex -78.3327 45.3317 3
      vertex -78.3145 45.2219 3
    endloop
  endfacet
  facet normal 0 0 1
    outer loop
      vertex 1.5 39 3
      vertex -78.3579 45.44 3
      vertex -78.3327 45.3317 3
    endloop
  endfacet
  facet normal 0 0 1
    outer loop
      vertex 1.5 39 3
      vertex -78.3902 45.5464 3
      vertex -78.3579 45.44 3
    endloop
  endfacet
  facet normal 0 0 1
    outer loop
      vertex 1.5 39 3
      vertex -78.4294 45.6506 3
      vertex -78.3902 45.5464 3
    endloop
  endfacet
  facet normal 0 0 1
    outer loop
      vertex 1.5 39 3
      vertex -78.4753 45.7519 3
      vertex -78.4294 45.6506 3
    endloop
  endfacet
  facet normal 0 0 1
    outer loop
      vertex 1.5 39 3
      vertex -78.5278 45.85 3
      vertex -78.4753 45.7519 3
    endloop
  endfacet
  facet normal 0 0 1
    outer loop
      vertex 1.5 39 3
      vertex -78.5865 45.9445 3
      vertex -78.5278 45.85 3
    endloop
  endfacet
  facet normal 0 0 1
    outer loop
      vertex 1.5 39 3
      vertex -78.6513 46.0349 3
      vertex -78.5865 45.9445 3
    endloop
  endfacet
  facet normal -0 -0 1
    outer loop
      vertex -78.7219 46.1209 3
      vertex 1.5 39 3
      vertex -85 55 3
    endloop
  endfacet
  facet normal 0 0 1
    outer loop
      vertex 1.5 39 3
      vertex -78.7219 46.1209 3
      vertex -78.6513 46.0349 3
    endloop
  endfacet
  facet normal 0 0 1
    outer loop
      vertex -78.7219 46.1209 3
      vertex -85 55 3
      vertex -78.7979 46.2021 3
    endloop
  endfacet
  facet normal 0 0 1
    outer loop
      vertex -78.7979 46.2021 3
      vertex -85 55 3
      vertex -78.8791 46.2781 3
    endloop
  endfacet
  facet normal 0 0 1
    outer loop
      vertex -78.8791 46.2781 3
      vertex -85 55 3
      vertex -78.9651 46.3487 3
    endloop
  endfacet
  facet normal 0 0 1
    outer loop
      vertex -78.9651 46.3487 3
      vertex -85 55 3
      vertex -79.0555 46.4135 3
    endloop
  endfacet
  facet normal 0 0 1
    outer loop
      vertex -79.0555 46.4135 3
      vertex -85 55 3
      vertex -79.15 46.4722 3
    endloop
  endfacet
  facet normal 0 0 1
    outer loop
      vertex -79.15 46.4722 3
      vertex -85 55 3
      vertex -79.2481 46.5247 3
    endloop
  endfacet
  facet normal 0 0 1
    outer loop
      vertex -79.2481 46.5247 3
      vertex -85 55 3
      vertex -79.3494 46.5706 3
    endloop
  endfacet
  facet normal 0 0 1
    outer loop
      vertex -79.3494 46.5706 3
      vertex -85 55 3
      vertex -79.4536 46.6098 3
    endloop
  endfacet
  facet normal 0 0 1
    outer loop
      vertex -79.4536 46.6098 3
      vertex -85 55 3
      vertex -79.56 46.6421 3
    endloop
  endfacet
  facet normal 0 0 1
    outer loop
      vertex -79.56 46.6421 3
      vertex -85 55 3
      vertex -79.6684 46.6673 3
    endloop
  endfacet
  facet normal 0 0 1
    outer loop
      vertex -79.6684 46.6673 3
      vertex -85 55 3
      vertex -79.7781 46.6855 3
    endloop
  endfacet
  facet normal 0 0 1
    outer loop
      vertex -79.7781 46.6855 3
      vertex -85 55 3
      vertex -79.8888 46.6964 3
    endloop
  endfacet
  facet normal 0 0 1
    outer loop
      vertex -79.8888 46.6964 3
      vertex -85 55 3
      vertex -80 46.7 3
    endloop
  endfacet
  facet normal 0 0 1
    outer loop
      vertex -81.6964 45.1112 3
      vertex -90 50 3
      vertex -81.7 45 3
    endloop
  endfacet
  facet normal 0 0 1
    outer loop
      vertex -81.6855 45.2219 3
      vertex -90 50 3
      vertex -81.6964 45.1112 3
    endloop
  endfacet
  facet normal 0 0 1
    outer loop
      vertex -81.6673 45.3317 3
      vertex -90 50 3
      vertex -81.6855 45.2219 3
    endloop
  endfacet
  facet normal 0 0 1
    outer loop
      vertex -81.6421 45.44 3
      vertex -90 50 3
      vertex -81.6673 45.3317 3
    endloop
  endfacet
  facet normal 0 0 1
    outer loop
      vertex -81.6098 45.5464 3
      vertex -90 50 3
      vertex -81.6421 45.44 3
    endloop
  endfacet
  facet normal 0 0 1
    outer loop
      vertex -81.5706 45.6506 3
      vertex -90 50 3
      vertex -81.6098 45.5464 3
    endloop
  endfacet
  facet normal 0 0 1
    outer loop
      vertex -81.5247 45.7519 3
      vertex -90 50 3
      vertex -81.5706 45.6506 3
    endloop
  endfacet
  facet normal 0 0 1
    outer loop
      vertex -81.4722 45.85 3
      vertex -90 50 3
      vertex -81.5247 45.7519 3
    endloop
  endfacet
  facet normal 0 0 1
    outer loop
      vertex -81.4135 45.9445 3
      vertex -90 50 3
      vertex -81.4722 45.85 3
    endloop
  endfacet
  facet normal 0 0 1
    outer loop
      vertex -81.3487 46.0349 3
      vertex -90 50 3
      vertex -81.4135 45.9445 3
    endloop
  endfacet
  facet normal 0 0 1
    outer loop
      vertex -81.2781 46.1209 3
      vertex -90 50 3
      vertex -81.3487 46.0349 3
    endloop
  endfacet
  facet normal 0 0 1
    outer loop
      vertex -81.2021 46.2021 3
      vertex -90 50 3
      vertex -81.2781 46.1209 3
    endloop
  endfacet
  facet normal -0 0 1
    outer loop
      vertex -90 50 3
      vertex -81.2021 46.2021 3
      vertex -85 55 3
    endloop
  endfacet
  facet normal 0 0 1
    outer loop
      vertex -81.1209 46.2781 3
      vertex -85 55 3
      vertex -81.2021 46.2021 3
    endloop
  endfacet
  facet normal 0 0 1
    outer loop
      vertex -81.0349 46.3487 3
      vertex -85 55 3
      vertex -81.1209 46.2781 3
    endloop
  endfacet
  facet normal 0 0 1
    outer loop
      vertex -80.9445 46.4135 3
      vertex -85 55 3
      vertex -81.0349 46.3487 3
    endloop
  endfacet
  facet normal 0 0 1
    outer loop
      vertex -80.85 46.4722 3
      vertex -85 55 3
      vertex -80.9445 46.4135 3
    endloop
  endfacet
  facet normal 0 0 1
    outer loop
      vertex -80.7519 46.5247 3
      vertex -85 55 3
      vertex -80.85 46.4722 3
    endloop
  endfacet
  facet normal 0 0 1
    outer loop
      vertex -80.6506 46.5706 3
      vertex -85 55 3
      vertex -80.7519 46.5247 3
    endloop
  endfacet
  facet normal 0 0 1
    outer loop
      vertex -80.5464 46.6098 3
      vertex -85 55 3
      vertex -80.6506 46.5706 3
    endloop
  endfacet
  facet normal 0 0 1
    outer loop
      vertex -80.44 46.6421 3
      vertex -85 55 3
      vertex -80.5464 46.6098 3
    endloop
  endfacet
  facet normal 0 0 1
    outer loop
      vertex -80.3316 46.6673 3
      vertex -85 55 3
      vertex -80.44 46.6421 3
    endloop
  endfacet
  facet normal 0 0 1
    outer loop
      vertex -80.2219 46.6855 3
      vertex -85 55 3
      vertex -80.3316 46.6673 3
    endloop
  endfacet
  facet normal 0 0 1
    outer loop
      vertex -80.1112 46.6964 3
      vertex -85 55 3
      vertex -80.2219 46.6855 3
    endloop
  endfacet
  facet normal 0 0 1
    outer loop
      vertex -80 46.7 3
      vertex -85 55 3
      vertex -80.1112 46.6964 3
    endloop
  endfacet
  facet normal 0 0 1
    outer loop
      vertex 88.7592 -53.2967 3
      vertex 81.2021 -46.2021 3
      vertex 88.5355 -53.5355 3
    endloop
  endfacet
  facet normal 0 0 1
    outer loop
      vertex 88.5355 -53.5355 3
      vertex 81.2021 -46.2021 3
      vertex 88.2967 -53.7592 3
    endloop
  endfacet
  facet normal 0 0 1
    outer loop
      vertex 88.2967 -53.7592 3
      vertex 81.2021 -46.2021 3
      vertex 88.0438 -53.9668 3
    endloop
  endfacet
  facet normal 0 0 1
    outer loop
      vertex 88.0438 -53.9668 3
      vertex 81.2021 -46.2021 3
      vertex 87.7778 -54.1573 3
    endloop
  endfacet
  facet normal 0 0 1
    outer loop
      vertex 87.7778 -54.1573 3
      vertex 81.2021 -46.2021 3
      vertex 87.5 -54.3301 3
    endloop
  endfacet
  facet normal 0 0 1
    outer loop
      vertex 87.5 -54.3301 3
      vertex 81.2021 -46.2021 3
      vertex 87.2114 -54.4844 3
    endloop
  endfacet
  facet normal 0 0 1
    outer loop
      vertex 87.2114 -54.4844 3
      vertex 81.2021 -46.2021 3
      vertex 86.9134 -54.6194 3
    endloop
  endfacet
  facet normal 0 0 1
    outer loop
      vertex 86.9134 -54.6194 3
      vertex 81.2021 -46.2021 3
      vertex 86.6072 -54.7346 3
    endloop
  endfacet
  facet normal 0 0 1
    outer loop
      vertex 86.6072 -54.7346 3
      vertex 81.2021 -46.2021 3
      vertex 86.2941 -54.8296 3
    endloop
  endfacet
  facet normal 0 0 1
    outer loop
      vertex 86.2941 -54.8296 3
      vertex 81.2021 -46.2021 3
      vertex 85.9754 -54.9039 3
    endloop
  endfacet
  facet normal 0 0 1
    outer loop
      vertex 85.9754 -54.9039 3
      vertex 81.2021 -46.2021 3
      vertex 85.6526 -54.9572 3
    endloop
  endfacet
  facet normal 0 0 1
    outer loop
      vertex 85.6526 -54.9572 3
      vertex 81.2021 -46.2021 3
      vertex 85.327 -54.9893 3
    endloop
  endfacet
  facet normal 0 0 1
    outer loop
      vertex 85.327 -54.9893 3
      vertex 81.2021 -46.2021 3
      vertex 85 -55 3
    endloop
  endfacet
  facet normal -0 0 1
    outer loop
      vertex 81.1209 -46.2781 3
      vertex 85 -55 3
      vertex 81.2021 -46.2021 3
    endloop
  endfacet
  facet normal -0 0 1
    outer loop
      vertex 81.0349 -46.3487 3
      vertex 85 -55 3
      vertex 81.1209 -46.2781 3
    endloop
  endfacet
  facet normal -0 0 1
    outer loop
      vertex 80.9445 -46.4135 3
      vertex 85 -55 3
      vertex 81.0349 -46.3487 3
    endloop
  endfacet
  facet normal -0 0 1
    outer loop
      vertex 80.85 -46.4722 3
      vertex 85 -55 3
      vertex 80.9445 -46.4135 3
    endloop
  endfacet
  facet normal -0 0 1
    outer loop
      vertex 80.7519 -46.5247 3
      vertex 85 -55 3
      vertex 80.85 -46.4722 3
    endloop
  endfacet
  facet normal -0 0 1
    outer loop
      vertex 80.6506 -46.5706 3
      vertex 85 -55 3
      vertex 80.7519 -46.5247 3
    endloop
  endfacet
  facet normal -0 0 1
    outer loop
      vertex 80.5464 -46.6098 3
      vertex 85 -55 3
      vertex 80.6506 -46.5706 3
    endloop
  endfacet
  facet normal -0 0 1
    outer loop
      vertex 80.44 -46.6421 3
      vertex 85 -55 3
      vertex 80.5464 -46.6098 3
    endloop
  endfacet
  facet normal -0 0 1
    outer loop
      vertex 80.3316 -46.6673 3
      vertex 85 -55 3
      vertex 80.44 -46.6421 3
    endloop
  endfacet
  facet normal -0 0 1
    outer loop
      vertex 80.2219 -46.6855 3
      vertex 85 -55 3
      vertex 80.3316 -46.6673 3
    endloop
  endfacet
  facet normal -0 0 1
    outer loop
      vertex 80.1112 -46.6964 3
      vertex 85 -55 3
      vertex 80.2219 -46.6855 3
    endloop
  endfacet
  facet normal -0 0 1
    outer loop
      vertex 80 -46.7 3
      vertex 85 -55 3
      vertex 80.1112 -46.6964 3
    endloop
  endfacet
  facet normal 0 0 1
    outer loop
      vertex 79.8888 -46.6964 3
      vertex 85 -55 3
      vertex 80 -46.7 3
    endloop
  endfacet
  facet normal 0 0 1
    outer loop
      vertex 79.7781 -46.6855 3
      vertex 85 -55 3
      vertex 79.8888 -46.6964 3
    endloop
  endfacet
  facet normal 0 0 1
    outer loop
      vertex 79.6684 -46.6673 3
      vertex 85 -55 3
      vertex 79.7781 -46.6855 3
    endloop
  endfacet
  facet normal 0 0 1
    outer loop
      vertex 79.56 -46.6421 3
      vertex 85 -55 3
      vertex 79.6684 -46.6673 3
    endloop
  endfacet
  facet normal 0 0 1
    outer loop
      vertex 79.4536 -46.6098 3
      vertex 85 -55 3
      vertex 79.56 -46.6421 3
    endloop
  endfacet
  facet normal 0 0 1
    outer loop
      vertex 79.3494 -46.5706 3
      vertex 85 -55 3
      vertex 79.4536 -46.6098 3
    endloop
  endfacet
  facet normal 0 0 1
    outer loop
      vertex 79.2481 -46.5247 3
      vertex 85 -55 3
      vertex 79.3494 -46.5706 3
    endloop
  endfacet
  facet normal 0 0 1
    outer loop
      vertex 79.15 -46.4722 3
      vertex 85 -55 3
      vertex 79.2481 -46.5247 3
    endloop
  endfacet
  facet normal 0 0 1
    outer loop
      vertex 79.0555 -46.4135 3
      vertex 85 -55 3
      vertex 79.15 -46.4722 3
    endloop
  endfacet
  facet normal 0 0 1
    outer loop
      vertex 78.9651 -46.3487 3
      vertex 85 -55 3
      vertex 79.0555 -46.4135 3
    endloop
  endfacet
  facet normal 0 0 1
    outer loop
      vertex 78.8791 -46.2781 3
      vertex 85 -55 3
      vertex 78.9651 -46.3487 3
    endloop
  endfacet
  facet normal 0 0 1
    outer loop
      vertex 78.7979 -46.2021 3
      vertex 85 -55 3
      vertex 78.8791 -46.2781 3
    endloop
  endfacet
  facet normal 0 0 1
    outer loop
      vertex 65.5 -39 3
      vertex 78.7979 -46.2021 3
      vertex 78.7219 -46.1209 3
    endloop
  endfacet
  facet normal 0 0 1
    outer loop
      vertex 65.5 -39 3
      vertex 78.7219 -46.1209 3
      vertex 78.6513 -46.0349 3
    endloop
  endfacet
  facet normal 0 0 1
    outer loop
      vertex 65.5 -39 3
      vertex 78.6513 -46.0349 3
      vertex 78.5865 -45.9445 3
    endloop
  endfacet
  facet normal 0 0 1
    outer loop
      vertex 78.3327 -44.6683 3
      vertex 68.5 -39 3
      vertex 78.3145 -44.7781 3
    endloop
  endfacet
  facet normal 0 0 1
    outer loop
      vertex 78.3145 -44.7781 3
      vertex 68.5 -39 3
      vertex 78.3036 -44.8888 3
    endloop
  endfacet
  facet normal 0 0 1
    outer loop
      vertex 78.3036 -44.8888 3
      vertex 68.5 -39 3
      vertex 78.3 -45 3
    endloop
  endfacet
  facet normal 0 0 1
    outer loop
      vertex 78.3 -45 3
      vertex 68.5 -39 3
      vertex 78.3036 -45.1112 3
    endloop
  endfacet
  facet normal 0 0 1
    outer loop
      vertex 78.3036 -45.1112 3
      vertex 68.5 -39 3
      vertex 78.3145 -45.2219 3
    endloop
  endfacet
  facet normal 0 0 1
    outer loop
      vertex 78.3145 -45.2219 3
      vertex 68.5 -39 3
      vertex 78.3327 -45.3317 3
    endloop
  endfacet
  facet normal 0 0 1
    outer loop
      vertex 78.3327 -45.3317 3
      vertex 68.5 -39 3
      vertex 78.3579 -45.44 3
    endloop
  endfacet
  facet normal 0 0 1
    outer loop
      vertex 78.3579 -45.44 3
      vertex 68.5 -39 3
      vertex 78.3902 -45.5464 3
    endloop
  endfacet
  facet normal 0 0 1
    outer loop
      vertex 78.3902 -45.5464 3
      vertex 68.5 -39 3
      vertex 78.4294 -45.6506 3
    endloop
  endfacet
  facet normal 0 0 1
    outer loop
      vertex 78.4294 -45.6506 3
      vertex 68.5 -39 3
      vertex 78.4753 -45.7519 3
    endloop
  endfacet
  facet normal 0 0 1
    outer loop
      vertex 78.4753 -45.7519 3
      vertex 68.5 -39 3
      vertex 78.5278 -45.85 3
    endloop
  endfacet
  facet normal -0 0 1
    outer loop
      vertex 65.5 -39 3
      vertex 78.5278 -45.85 3
      vertex 68.5 -39 3
    endloop
  endfacet
  facet normal 0 0 1
    outer loop
      vertex 78.5278 -45.85 3
      vertex 65.5 -39 3
      vertex 78.5865 -45.9445 3
    endloop
  endfacet
  facet normal 0 0 1
    outer loop
      vertex 78.7979 -46.2021 3
      vertex 65.5 -39 3
      vertex 85 -55 3
    endloop
  endfacet
  facet normal 0 0 1
    outer loop
      vertex 4.5 -31 3
      vertex 65.5 -31 3
      vertex 4.5 31 3
    endloop
  endfacet
  facet normal 0 0 1
    outer loop
      vertex 65.5 -31 3
      vertex 4.5 -31 3
      vertex 65.5 -39 3
    endloop
  endfacet
  facet normal 0 0 1
    outer loop
      vertex 4.5 -39 3
      vertex 65.5 -39 3
      vertex 4.5 -31 3
    endloop
  endfacet
  facet normal 0 0 1
    outer loop
      vertex 65.5 -39 3
      vertex 4.5 -39 3
      vertex 85 -55 3
    endloop
  endfacet
  facet normal -0 0 1
    outer loop
      vertex 1.5 -39 3
      vertex 85 -55 3
      vertex 4.5 -39 3
    endloop
  endfacet
  facet normal 0 0 1
    outer loop
      vertex 1.5 -31 3
      vertex -78.3 -45 3
      vertex 1.5 -39 3
    endloop
  endfacet
  facet normal 0 0 1
    outer loop
      vertex -78.3036 -45.1112 3
      vertex 1.5 -39 3
      vertex -78.3 -45 3
    endloop
  endfacet
  facet normal 0 0 1
    outer loop
      vertex -78.3145 -45.2219 3
      vertex 1.5 -39 3
      vertex -78.3036 -45.1112 3
    endloop
  endfacet
  facet normal 0 0 1
    outer loop
      vertex -78.3327 -45.3317 3
      vertex 1.5 -39 3
      vertex -78.3145 -45.2219 3
    endloop
  endfacet
  facet normal 0 0 1
    outer loop
      vertex -78.3579 -45.44 3
      vertex 1.5 -39 3
      vertex -78.3327 -45.3317 3
    endloop
  endfacet
  facet normal 0 0 1
    outer loop
      vertex -78.3902 -45.5464 3
      vertex 1.5 -39 3
      vertex -78.3579 -45.44 3
    endloop
  endfacet
  facet normal 0 0 1
    outer loop
      vertex -78.4294 -45.6506 3
      vertex 1.5 -39 3
      vertex -78.3902 -45.5464 3
    endloop
  endfacet
  facet normal 0 0 1
    outer loop
      vertex -78.4753 -45.7519 3
      vertex 1.5 -39 3
      vertex -78.4294 -45.6506 3
    endloop
  endfacet
  facet normal 0 0 1
    outer loop
      vertex -78.5278 -45.85 3
      vertex 1.5 -39 3
      vertex -78.4753 -45.7519 3
    endloop
  endfacet
  facet normal 0 0 1
    outer loop
      vertex -78.5865 -45.9445 3
      vertex 1.5 -39 3
      vertex -78.5278 -45.85 3
    endloop
  endfacet
  facet normal 0 0 1
    outer loop
      vertex -78.6513 -46.0349 3
      vertex 1.5 -39 3
      vertex -78.5865 -45.9445 3
    endloop
  endfacet
  facet normal 0 0 1
    outer loop
      vertex -78.7219 -46.1209 3
      vertex 1.5 -39 3
      vertex -78.6513 -46.0349 3
    endloop
  endfacet
  facet normal 0 0 1
    outer loop
      vertex 1.5 -39 3
      vertex -78.7219 -46.1209 3
      vertex -85 -55 3
    endloop
  endfacet
  facet normal 0 0 1
    outer loop
      vertex -85 -55 3
      vertex -78.7219 -46.1209 3
      vertex -78.7979 -46.2021 3
    endloop
  endfacet
  facet normal 0 0 1
    outer loop
      vertex -85 -55 3
      vertex -78.7979 -46.2021 3
      vertex -78.8791 -46.2781 3
    endloop
  endfacet
  facet normal 0 0 1
    outer loop
      vertex -85 -55 3
      vertex -78.8791 -46.2781 3
      vertex -78.9651 -46.3487 3
    endloop
  endfacet
  facet normal 0 0 1
    outer loop
      vertex -85 -55 3
      vertex -78.9651 -46.3487 3
      vertex -79.0555 -46.4135 3
    endloop
  endfacet
  facet normal 0 0 1
    outer loop
      vertex -85 -55 3
      vertex -79.0555 -46.4135 3
      vertex -79.15 -46.4722 3
    endloop
  endfacet
  facet normal 0 0 1
    outer loop
      vertex -85 -55 3
      vertex -79.15 -46.4722 3
      vertex -79.2481 -46.5247 3
    endloop
  endfacet
  facet normal 0 0 1
    outer loop
      vertex -85 -55 3
      vertex -79.2481 -46.5247 3
      vertex -79.3494 -46.5706 3
    endloop
  endfacet
  facet normal 0 0 1
    outer loop
      vertex -85 -55 3
      vertex -79.3494 -46.5706 3
      vertex -79.4536 -46.6098 3
    endloop
  endfacet
  facet normal 0 0 1
    outer loop
      vertex -85 -55 3
      vertex -79.4536 -46.6098 3
      vertex -79.56 -46.6421 3
    endloop
  endfacet
  facet normal 0 0 1
    outer loop
      vertex -85 -55 3
      vertex -79.56 -46.6421 3
      vertex -79.6684 -46.6673 3
    endloop
  endfacet
  facet normal 0 0 1
    outer loop
      vertex -85 -55 3
      vertex -79.6684 -46.6673 3
      vertex -79.7781 -46.6855 3
    endloop
  endfacet
  facet normal 0 0 1
    outer loop
      vertex -85 -55 3
      vertex -79.7781 -46.6855 3
      vertex -79.8888 -46.6964 3
    endloop
  endfacet
  facet normal 0 0 1
    outer loop
      vertex -85 -55 3
      vertex -79.8888 -46.6964 3
      vertex -80 -46.7 3
    endloop
  endfacet
  facet normal 0 0 1
    outer loop
      vertex -85 -55 3
      vertex -80 -46.7 3
      vertex -80.1112 -46.6964 3
    endloop
  endfacet
  facet normal 0 0 1
    outer loop
      vertex -81.6855 -44.7781 3
      vertex -90 -50 3
      vertex -81.6964 -44.8888 3
    endloop
  endfacet
  facet normal 0 0 1
    outer loop
      vertex 1.5 -39 3
      vertex -85 -55 3
      vertex 85 -55 3
    endloop
  endfacet
  facet normal 0 0 1
    outer loop
      vertex -80.2219 -46.6855 3
      vertex -85 -55 3
      vertex -80.1112 -46.6964 3
    endloop
  endfacet
  facet normal 0 0 1
    outer loop
      vertex -80.3316 -46.6673 3
      vertex -85 -55 3
      vertex -80.2219 -46.6855 3
    endloop
  endfacet
  facet normal 0 0 1
    outer loop
      vertex -80.44 -46.6421 3
      vertex -85 -55 3
      vertex -80.3316 -46.6673 3
    endloop
  endfacet
  facet normal 0 0 1
    outer loop
      vertex -80.5464 -46.6098 3
      vertex -85 -55 3
      vertex -80.44 -46.6421 3
    endloop
  endfacet
  facet normal 0 0 1
    outer loop
      vertex -80.6506 -46.5706 3
      vertex -85 -55 3
      vertex -80.5464 -46.6098 3
    endloop
  endfacet
  facet normal 0 0 1
    outer loop
      vertex -80.7519 -46.5247 3
      vertex -85 -55 3
      vertex -80.6506 -46.5706 3
    endloop
  endfacet
  facet normal 0 0 1
    outer loop
      vertex -80.85 -46.4722 3
      vertex -85 -55 3
      vertex -80.7519 -46.5247 3
    endloop
  endfacet
  facet normal 0 0 1
    outer loop
      vertex -80.9445 -46.4135 3
      vertex -85 -55 3
      vertex -80.85 -46.4722 3
    endloop
  endfacet
  facet normal 0 0 1
    outer loop
      vertex -81.0349 -46.3487 3
      vertex -85 -55 3
      vertex -80.9445 -46.4135 3
    endloop
  endfacet
  facet normal 0 0 1
    outer loop
      vertex -81.1209 -46.2781 3
      vertex -85 -55 3
      vertex -81.0349 -46.3487 3
    endloop
  endfacet
  facet normal 0 0 1
    outer loop
      vertex -81.2021 -46.2021 3
      vertex -85 -55 3
      vertex -81.1209 -46.2781 3
    endloop
  endfacet
  facet normal 0 0 1
    outer loop
      vertex -90 -50 3
      vertex -81.2021 -46.2021 3
      vertex -81.2781 -46.1209 3
    endloop
  endfacet
  facet normal 0 0 1
    outer loop
      vertex -90 -50 3
      vertex -81.2781 -46.1209 3
      vertex -81.3487 -46.0349 3
    endloop
  endfacet
  facet normal 0 0 1
    outer loop
      vertex -90 -50 3
      vertex -81.3487 -46.0349 3
      vertex -81.4135 -45.9445 3
    endloop
  endfacet
  facet normal 0 0 1
    outer loop
      vertex -90 -50 3
      vertex -81.4135 -45.9445 3
      vertex -81.4722 -45.85 3
    endloop
  endfacet
  facet normal 0 0 1
    outer loop
      vertex -90 -50 3
      vertex -81.4722 -45.85 3
      vertex -81.5247 -45.7519 3
    endloop
  endfacet
  facet normal 0 0 1
    outer loop
      vertex -90 -50 3
      vertex -81.5247 -45.7519 3
      vertex -81.5706 -45.6506 3
    endloop
  endfacet
  facet normal 0 0 1
    outer loop
      vertex -90 -50 3
      vertex -81.5706 -45.6506 3
      vertex -81.6098 -45.5464 3
    endloop
  endfacet
  facet normal 0 0 1
    outer loop
      vertex -90 -50 3
      vertex -81.6098 -45.5464 3
      vertex -81.6421 -45.44 3
    endloop
  endfacet
  facet normal 0 0 1
    outer loop
      vertex -90 -50 3
      vertex -81.6421 -45.44 3
      vertex -81.6673 -45.3317 3
    endloop
  endfacet
  facet normal 0 0 1
    outer loop
      vertex -90 -50 3
      vertex -81.6673 -45.3317 3
      vertex -81.6855 -45.2219 3
    endloop
  endfacet
  facet normal 0 0 1
    outer loop
      vertex -90 -50 3
      vertex -81.6855 -45.2219 3
      vertex -81.6964 -45.1112 3
    endloop
  endfacet
  facet normal 0 0 1
    outer loop
      vertex -81.6964 -44.8888 3
      vertex -90 -50 3
      vertex -81.7 -45 3
    endloop
  endfacet
  facet normal 0 0 1
    outer loop
      vertex -90 50 3
      vertex -85 55 3
      vertex -85.327 54.9893 3
    endloop
  endfacet
  facet normal 0 0 1
    outer loop
      vertex -81.7 -45 3
      vertex -90 -50 3
      vertex -81.6964 -45.1112 3
    endloop
  endfacet
  facet normal 0 0 1
    outer loop
      vertex -90 50 3
      vertex -85.327 54.9893 3
      vertex -85.6526 54.9572 3
    endloop
  endfacet
  facet normal 0 0 1
    outer loop
      vertex -81.2021 -46.2021 3
      vertex -90 -50 3
      vertex -85 -55 3
    endloop
  endfacet
  facet normal 0 0 1
    outer loop
      vertex -90 50 3
      vertex -85.6526 54.9572 3
      vertex -85.9754 54.9039 3
    endloop
  endfacet
  facet normal 0 0 1
    outer loop
      vertex -85 -55 3
      vertex -90 -50 3
      vertex -85.327 -54.9893 3
    endloop
  endfacet
  facet normal 0 0 1
    outer loop
      vertex -90 50 3
      vertex -85.9754 54.9039 3
      vertex -86.2941 54.8296 3
    endloop
  endfacet
  facet normal 0 0 1
    outer loop
      vertex -85.327 -54.9893 3
      vertex -90 -50 3
      vertex -85.6526 -54.9572 3
    endloop
  endfacet
  facet normal 0 0 1
    outer loop
      vertex -90 50 3
      vertex -86.2941 54.8296 3
      vertex -86.6072 54.7346 3
    endloop
  endfacet
  facet normal 0 0 1
    outer loop
      vertex -85.6526 -54.9572 3
      vertex -90 -50 3
      vertex -85.9754 -54.9039 3
    endloop
  endfacet
  facet normal 0 0 1
    outer loop
      vertex -90 50 3
      vertex -86.6072 54.7346 3
      vertex -86.9134 54.6194 3
    endloop
  endfacet
  facet normal 0 0 1
    outer loop
      vertex -85.9754 -54.9039 3
      vertex -90 -50 3
      vertex -86.2941 -54.8296 3
    endloop
  endfacet
  facet normal 0 0 1
    outer loop
      vertex -90 50 3
      vertex -86.9134 54.6194 3
      vertex -87.2114 54.4844 3
    endloop
  endfacet
  facet normal 0 0 1
    outer loop
      vertex -86.2941 -54.8296 3
      vertex -90 -50 3
      vertex -86.6072 -54.7346 3
    endloop
  endfacet
  facet normal 0 0 1
    outer loop
      vertex -90 50 3
      vertex -87.2114 54.4844 3
      vertex -87.5 54.3301 3
    endloop
  endfacet
  facet normal 0 0 1
    outer loop
      vertex -86.6072 -54.7346 3
      vertex -90 -50 3
      vertex -86.9134 -54.6194 3
    endloop
  endfacet
  facet normal 0 0 1
    outer loop
      vertex -90 50 3
      vertex -87.5 54.3301 3
      vertex -87.7778 54.1573 3
    endloop
  endfacet
  facet normal 0 0 1
    outer loop
      vertex -86.9134 -54.6194 3
      vertex -90 -50 3
      vertex -87.2114 -54.4844 3
    endloop
  endfacet
  facet normal 0 0 1
    outer loop
      vertex -90 50 3
      vertex -87.7778 54.1573 3
      vertex -88.0438 53.9668 3
    endloop
  endfacet
  facet normal 0 0 1
    outer loop
      vertex -87.2114 -54.4844 3
      vertex -90 -50 3
      vertex -87.5 -54.3301 3
    endloop
  endfacet
  facet normal 0 0 1
    outer loop
      vertex -90 50 3
      vertex -88.0438 53.9668 3
      vertex -88.2967 53.7592 3
    endloop
  endfacet
  facet normal 0 0 1
    outer loop
      vertex -87.5 -54.3301 3
      vertex -90 -50 3
      vertex -87.7778 -54.1573 3
    endloop
  endfacet
  facet normal 0 0 1
    outer loop
      vertex -90 50 3
      vertex -88.2967 53.7592 3
      vertex -88.5355 53.5355 3
    endloop
  endfacet
  facet normal 0 0 1
    outer loop
      vertex -87.7778 -54.1573 3
      vertex -90 -50 3
      vertex -88.0438 -53.9668 3
    endloop
  endfacet
  facet normal 0 0 1
    outer loop
      vertex -90 50 3
      vertex -88.5355 53.5355 3
      vertex -88.7592 53.2967 3
    endloop
  endfacet
  facet normal 0 0 1
    outer loop
      vertex -88.0438 -53.9668 3
      vertex -90 -50 3
      vertex -88.2967 -53.7592 3
    endloop
  endfacet
  facet normal 0 0 1
    outer loop
      vertex -90 50 3
      vertex -88.7592 53.2967 3
      vertex -88.9668 53.0438 3
    endloop
  endfacet
  facet normal 0 0 1
    outer loop
      vertex -88.2967 -53.7592 3
      vertex -90 -50 3
      vertex -88.5355 -53.5355 3
    endloop
  endfacet
  facet normal 0 0 1
    outer loop
      vertex -90 50 3
      vertex -88.9668 53.0438 3
      vertex -89.1573 52.7778 3
    endloop
  endfacet
  facet normal 0 0 1
    outer loop
      vertex -88.5355 -53.5355 3
      vertex -90 -50 3
      vertex -88.7592 -53.2967 3
    endloop
  endfacet
  facet normal 0 0 1
    outer loop
      vertex -90 50 3
      vertex -89.1573 52.7778 3
      vertex -89.3301 52.5 3
    endloop
  endfacet
  facet normal 0 0 1
    outer loop
      vertex -88.7592 -53.2967 3
      vertex -90 -50 3
      vertex -88.9668 -53.0438 3
    endloop
  endfacet
  facet normal 0 0 1
    outer loop
      vertex -90 50 3
      vertex -89.3301 52.5 3
      vertex -89.4844 52.2114 3
    endloop
  endfacet
  facet normal 0 0 1
    outer loop
      vertex -88.9668 -53.0438 3
      vertex -90 -50 3
      vertex -89.1573 -52.7778 3
    endloop
  endfacet
  facet normal 0 0 1
    outer loop
      vertex -90 50 3
      vertex -89.4844 52.2114 3
      vertex -89.6194 51.9134 3
    endloop
  endfacet
  facet normal 0 0 1
    outer loop
      vertex -89.1573 -52.7778 3
      vertex -90 -50 3
      vertex -89.3301 -52.5 3
    endloop
  endfacet
  facet normal 0 0 1
    outer loop
      vertex -90 50 3
      vertex -89.6194 51.9134 3
      vertex -89.7346 51.6072 3
    endloop
  endfacet
  facet normal 0 0 1
    outer loop
      vertex -89.3301 -52.5 3
      vertex -90 -50 3
      vertex -89.4844 -52.2114 3
    endloop
  endfacet
  facet normal 0 0 1
    outer loop
      vertex -90 50 3
      vertex -89.7346 51.6072 3
      vertex -89.8296 51.2941 3
    endloop
  endfacet
  facet normal 0 0 1
    outer loop
      vertex -89.4844 -52.2114 3
      vertex -90 -50 3
      vertex -89.6194 -51.9134 3
    endloop
  endfacet
  facet normal 0 0 1
    outer loop
      vertex -90 50 3
      vertex -89.8296 51.2941 3
      vertex -89.9039 50.9754 3
    endloop
  endfacet
  facet normal 0 0 1
    outer loop
      vertex -89.6194 -51.9134 3
      vertex -90 -50 3
      vertex -89.7346 -51.6072 3
    endloop
  endfacet
  facet normal 0 0 1
    outer loop
      vertex -90 50 3
      vertex -89.9039 50.9754 3
      vertex -89.9572 50.6526 3
    endloop
  endfacet
  facet normal 0 0 1
    outer loop
      vertex -89.7346 -51.6072 3
      vertex -90 -50 3
      vertex -89.8296 -51.2941 3
    endloop
  endfacet
  facet normal 0 0 1
    outer loop
      vertex -90 50 3
      vertex -89.9572 50.6526 3
      vertex -89.9893 50.327 3
    endloop
  endfacet
  facet normal 0 0 1
    outer loop
      vertex -89.8296 -51.2941 3
      vertex -90 -50 3
      vertex -89.9039 -50.9754 3
    endloop
  endfacet
  facet normal 0 0 1
    outer loop
      vertex -89.9039 -50.9754 3
      vertex -90 -50 3
      vertex -89.9572 -50.6526 3
    endloop
  endfacet
  facet normal 0 0 1
    outer loop
      vertex -89.9572 -50.6526 3
      vertex -90 -50 3
      vertex -89.9893 -50.327 3
    endloop
  endfacet
  facet normal -0.352128 -0.935952 0
    outer loop
      vertex -86.9134 -54.6194 0
      vertex -86.6072 -54.7346 3
      vertex -86.9134 -54.6194 3
    endloop
  endfacet
  facet normal -0.352128 -0.935952 -0
    outer loop
      vertex -86.6072 -54.7346 3
      vertex -86.9134 -54.6194 0
      vertex -86.6072 -54.7346 0
    endloop
  endfacet
  facet normal -0.0327042 -0.999465 0
    outer loop
      vertex -85.327 -54.9893 0
      vertex -85 -55 3
      vertex -85.327 -54.9893 3
    endloop
  endfacet
  facet normal -0.0327042 -0.999465 -0
    outer loop
      vertex -85 -55 3
      vertex -85.327 -54.9893 0
      vertex -85 -55 0
    endloop
  endfacet
  facet normal -0.0981116 0.995175 0
    outer loop
      vertex -85.327 54.9893 0
      vertex -85.6526 54.9572 3
      vertex -85.327 54.9893 3
    endloop
  endfacet
  facet normal -0.0981116 0.995175 0
    outer loop
      vertex -85.6526 54.9572 3
      vertex -85.327 54.9893 0
      vertex -85.6526 54.9572 0
    endloop
  endfacet
  facet normal 0.352128 0.935952 -0
    outer loop
      vertex 86.9134 54.6194 0
      vertex 86.6072 54.7346 3
      vertex 86.9134 54.6194 3
    endloop
  endfacet
  facet normal 0.352128 0.935952 0
    outer loop
      vertex 86.6072 54.7346 3
      vertex 86.9134 54.6194 0
      vertex 86.6072 54.7346 0
    endloop
  endfacet
  facet normal 0.729804 -0.683656 0
    outer loop
      vertex 88.5355 -53.5355 3
      vertex 88.7592 -53.2967 0
      vertex 88.7592 -53.2967 3
    endloop
  endfacet
  facet normal 0.729804 -0.683656 0
    outer loop
      vertex 88.7592 -53.2967 0
      vertex 88.5355 -53.5355 3
      vertex 88.5355 -53.5355 0
    endloop
  endfacet
  facet normal 0.995175 -0.0981116 0
    outer loop
      vertex 89.9572 -50.6526 3
      vertex 89.9893 -50.327 0
      vertex 89.9893 -50.327 3
    endloop
  endfacet
  facet normal 0.995175 -0.0981116 0
    outer loop
      vertex 89.9893 -50.327 0
      vertex 89.9572 -50.6526 3
      vertex 89.9572 -50.6526 0
    endloop
  endfacet
  facet normal -0.910889 0.412651 0
    outer loop
      vertex -89.6194 51.9134 0
      vertex -89.4844 52.2114 3
      vertex -89.4844 52.2114 0
    endloop
  endfacet
  facet normal -0.910889 0.412651 0
    outer loop
      vertex -89.4844 52.2114 3
      vertex -89.6194 51.9134 0
      vertex -89.6194 51.9134 3
    endloop
  endfacet
  facet normal -0.729804 -0.683656 0
    outer loop
      vertex -88.5355 -53.5355 0
      vertex -88.7592 -53.2967 3
      vertex -88.7592 -53.2967 0
    endloop
  endfacet
  facet normal -0.729804 -0.683656 0
    outer loop
      vertex -88.7592 -53.2967 3
      vertex -88.5355 -53.5355 0
      vertex -88.5355 -53.5355 3
    endloop
  endfacet
  facet normal -0.528184 -0.84913 0
    outer loop
      vertex -87.7778 -54.1573 0
      vertex -87.5 -54.3301 3
      vertex -87.7778 -54.1573 3
    endloop
  endfacet
  facet normal -0.528184 -0.84913 -0
    outer loop
      vertex -87.5 -54.3301 3
      vertex -87.7778 -54.1573 0
      vertex -87.5 -54.3301 0
    endloop
  endfacet
  facet normal -0.227046 -0.973884 0
    outer loop
      vertex -86.2941 -54.8296 0
      vertex -85.9754 -54.9039 3
      vertex -86.2941 -54.8296 3
    endloop
  endfacet
  facet normal -0.227046 -0.973884 -0
    outer loop
      vertex -85.9754 -54.9039 3
      vertex -86.2941 -54.8296 0
      vertex -85.9754 -54.9039 0
    endloop
  endfacet
  facet normal -0.0981116 -0.995175 0
    outer loop
      vertex -85.6526 -54.9572 0
      vertex -85.327 -54.9893 3
      vertex -85.6526 -54.9572 3
    endloop
  endfacet
  facet normal -0.0981116 -0.995175 -0
    outer loop
      vertex -85.327 -54.9893 3
      vertex -85.6526 -54.9572 0
      vertex -85.327 -54.9893 0
    endloop
  endfacet
  facet normal -0.162912 -0.986641 0
    outer loop
      vertex -85.9754 -54.9039 0
      vertex -85.6526 -54.9572 3
      vertex -85.9754 -54.9039 3
    endloop
  endfacet
  facet normal -0.162912 -0.986641 -0
    outer loop
      vertex -85.6526 -54.9572 3
      vertex -85.9754 -54.9039 0
      vertex -85.6526 -54.9572 0
    endloop
  endfacet
  facet normal 0.471492 0.88187 -0
    outer loop
      vertex 87.5 54.3301 0
      vertex 87.2114 54.4844 3
      vertex 87.5 54.3301 3
    endloop
  endfacet
  facet normal 0.471492 0.88187 0
    outer loop
      vertex 87.2114 54.4844 3
      vertex 87.5 54.3301 0
      vertex 87.2114 54.4844 0
    endloop
  endfacet
  facet normal 0.290347 0.956922 -0
    outer loop
      vertex 86.6072 54.7346 0
      vertex 86.2941 54.8296 3
      vertex 86.6072 54.7346 3
    endloop
  endfacet
  facet normal 0.290347 0.956922 0
    outer loop
      vertex 86.2941 54.8296 3
      vertex 86.6072 54.7346 0
      vertex 86.2941 54.8296 0
    endloop
  endfacet
  facet normal 0.0327042 0.999465 -0
    outer loop
      vertex 85.327 54.9893 0
      vertex 85 55 3
      vertex 85.327 54.9893 3
    endloop
  endfacet
  facet normal 0.0327042 0.999465 0
    outer loop
      vertex 85 55 3
      vertex 85.327 54.9893 0
      vertex 85 55 0
    endloop
  endfacet
  facet normal 0.227046 0.973884 -0
    outer loop
      vertex 86.2941 54.8296 0
      vertex 85.9754 54.9039 3
      vertex 86.2941 54.8296 3
    endloop
  endfacet
  facet normal 0.227046 0.973884 0
    outer loop
      vertex 85.9754 54.9039 3
      vertex 86.2941 54.8296 0
      vertex 85.9754 54.9039 0
    endloop
  endfacet
  facet normal 0.0981116 0.995175 -0
    outer loop
      vertex 85.6526 54.9572 0
      vertex 85.327 54.9893 3
      vertex 85.6526 54.9572 3
    endloop
  endfacet
  facet normal 0.0981116 0.995175 0
    outer loop
      vertex 85.327 54.9893 3
      vertex 85.6526 54.9572 0
      vertex 85.327 54.9893 0
    endloop
  endfacet
  facet normal 0.162912 0.986641 -0
    outer loop
      vertex 85.9754 54.9039 0
      vertex 85.6526 54.9572 3
      vertex 85.9754 54.9039 3
    endloop
  endfacet
  facet normal 0.162912 0.986641 0
    outer loop
      vertex 85.6526 54.9572 3
      vertex 85.9754 54.9039 0
      vertex 85.6526 54.9572 0
    endloop
  endfacet
  facet normal -0.0327042 0.999465 0
    outer loop
      vertex -85 55 0
      vertex -85.327 54.9893 3
      vertex -85 55 3
    endloop
  endfacet
  facet normal -0.0327042 0.999465 0
    outer loop
      vertex -85.327 54.9893 3
      vertex -85 55 0
      vertex -85.327 54.9893 0
    endloop
  endfacet
  facet normal 0.986641 -0.162912 0
    outer loop
      vertex 89.9039 -50.9754 3
      vertex 89.9572 -50.6526 0
      vertex 89.9572 -50.6526 3
    endloop
  endfacet
  facet normal 0.986641 -0.162912 0
    outer loop
      vertex 89.9572 -50.6526 0
      vertex 89.9039 -50.9754 3
      vertex 89.9039 -50.9754 0
    endloop
  endfacet
  facet normal 0.683656 -0.729804 0
    outer loop
      vertex 88.2967 -53.7592 0
      vertex 88.5355 -53.5355 3
      vertex 88.2967 -53.7592 3
    endloop
  endfacet
  facet normal 0.683656 -0.729804 0
    outer loop
      vertex 88.5355 -53.5355 3
      vertex 88.2967 -53.7592 0
      vertex 88.5355 -53.5355 0
    endloop
  endfacet
  facet normal 0.88187 0.471492 0
    outer loop
      vertex 89.4844 52.2114 3
      vertex 89.3301 52.5 0
      vertex 89.3301 52.5 3
    endloop
  endfacet
  facet normal 0.88187 0.471492 0
    outer loop
      vertex 89.3301 52.5 0
      vertex 89.4844 52.2114 3
      vertex 89.4844 52.2114 0
    endloop
  endfacet
  facet normal -0.84913 0.528184 0
    outer loop
      vertex -89.3301 52.5 0
      vertex -89.1573 52.7778 3
      vertex -89.1573 52.7778 0
    endloop
  endfacet
  facet normal -0.84913 0.528184 0
    outer loop
      vertex -89.1573 52.7778 3
      vertex -89.3301 52.5 0
      vertex -89.3301 52.5 3
    endloop
  endfacet
  facet normal -0.58225 -0.81301 0
    outer loop
      vertex -88.0438 -53.9668 0
      vertex -87.7778 -54.1573 3
      vertex -88.0438 -53.9668 3
    endloop
  endfacet
  facet normal -0.58225 -0.81301 -0
    outer loop
      vertex -87.7778 -54.1573 3
      vertex -88.0438 -53.9668 0
      vertex -87.7778 -54.1573 0
    endloop
  endfacet
  facet normal -0.84913 -0.528184 0
    outer loop
      vertex -89.1573 -52.7778 0
      vertex -89.3301 -52.5 3
      vertex -89.3301 -52.5 0
    endloop
  endfacet
  facet normal -0.84913 -0.528184 0
    outer loop
      vertex -89.3301 -52.5 3
      vertex -89.1573 -52.7778 0
      vertex -89.1573 -52.7778 3
    endloop
  endfacet
  facet normal -0.471492 -0.88187 0
    outer loop
      vertex -87.5 -54.3301 0
      vertex -87.2114 -54.4844 3
      vertex -87.5 -54.3301 3
    endloop
  endfacet
  facet normal -0.471492 -0.88187 -0
    outer loop
      vertex -87.2114 -54.4844 3
      vertex -87.5 -54.3301 0
      vertex -87.2114 -54.4844 0
    endloop
  endfacet
  facet normal -0.290347 -0.956922 0
    outer loop
      vertex -86.6072 -54.7346 0
      vertex -86.2941 -54.8296 3
      vertex -86.6072 -54.7346 3
    endloop
  endfacet
  facet normal -0.290347 -0.956922 -0
    outer loop
      vertex -86.2941 -54.8296 3
      vertex -86.6072 -54.7346 0
      vertex -86.2941 -54.8296 0
    endloop
  endfacet
  facet normal 0.412651 0.910889 -0
    outer loop
      vertex 87.2114 54.4844 0
      vertex 86.9134 54.6194 3
      vertex 87.2114 54.4844 3
    endloop
  endfacet
  facet normal 0.412651 0.910889 0
    outer loop
      vertex 86.9134 54.6194 3
      vertex 87.2114 54.4844 0
      vertex 86.9134 54.6194 0
    endloop
  endfacet
  facet normal 0.999465 -0.0327042 0
    outer loop
      vertex 89.9893 -50.327 3
      vertex 90 -50 0
      vertex 90 -50 3
    endloop
  endfacet
  facet normal 0.999465 -0.0327042 0
    outer loop
      vertex 90 -50 0
      vertex 89.9893 -50.327 3
      vertex 89.9893 -50.327 0
    endloop
  endfacet
  facet normal 0.81301 -0.58225 0
    outer loop
      vertex 88.9668 -53.0438 3
      vertex 89.1573 -52.7778 0
      vertex 89.1573 -52.7778 3
    endloop
  endfacet
  facet normal 0.81301 -0.58225 0
    outer loop
      vertex 89.1573 -52.7778 0
      vertex 88.9668 -53.0438 3
      vertex 88.9668 -53.0438 0
    endloop
  endfacet
  facet normal 0.956922 -0.290347 0
    outer loop
      vertex 89.7346 -51.6072 3
      vertex 89.8296 -51.2941 0
      vertex 89.8296 -51.2941 3
    endloop
  endfacet
  facet normal 0.956922 -0.290347 0
    outer loop
      vertex 89.8296 -51.2941 0
      vertex 89.7346 -51.6072 3
      vertex 89.7346 -51.6072 0
    endloop
  endfacet
  facet normal 0.772935 -0.634485 0
    outer loop
      vertex 88.7592 -53.2967 3
      vertex 88.9668 -53.0438 0
      vertex 88.9668 -53.0438 3
    endloop
  endfacet
  facet normal 0.772935 -0.634485 0
    outer loop
      vertex 88.9668 -53.0438 0
      vertex 88.7592 -53.2967 3
      vertex 88.7592 -53.2967 0
    endloop
  endfacet
  facet normal 0.58225 -0.81301 0
    outer loop
      vertex 87.7778 -54.1573 0
      vertex 88.0438 -53.9668 3
      vertex 87.7778 -54.1573 3
    endloop
  endfacet
  facet normal 0.58225 -0.81301 0
    outer loop
      vertex 88.0438 -53.9668 3
      vertex 87.7778 -54.1573 0
      vertex 88.0438 -53.9668 0
    endloop
  endfacet
  facet normal 0.227046 -0.973884 0
    outer loop
      vertex 85.9754 -54.9039 0
      vertex 86.2941 -54.8296 3
      vertex 85.9754 -54.9039 3
    endloop
  endfacet
  facet normal 0.227046 -0.973884 0
    outer loop
      vertex 86.2941 -54.8296 3
      vertex 85.9754 -54.9039 0
      vertex 86.2941 -54.8296 0
    endloop
  endfacet
  facet normal 0.973884 0.227046 0
    outer loop
      vertex 89.9039 50.9754 3
      vertex 89.8296 51.2941 0
      vertex 89.8296 51.2941 3
    endloop
  endfacet
  facet normal 0.973884 0.227046 0
    outer loop
      vertex 89.8296 51.2941 0
      vertex 89.9039 50.9754 3
      vertex 89.9039 50.9754 0
    endloop
  endfacet
  facet normal 0.58225 0.81301 -0
    outer loop
      vertex 88.0438 53.9668 0
      vertex 87.7778 54.1573 3
      vertex 88.0438 53.9668 3
    endloop
  endfacet
  facet normal 0.58225 0.81301 0
    outer loop
      vertex 87.7778 54.1573 3
      vertex 88.0438 53.9668 0
      vertex 87.7778 54.1573 0
    endloop
  endfacet
  facet normal 0.729804 0.683656 0
    outer loop
      vertex 88.7592 53.2967 3
      vertex 88.5355 53.5355 0
      vertex 88.5355 53.5355 3
    endloop
  endfacet
  facet normal 0.729804 0.683656 0
    outer loop
      vertex 88.5355 53.5355 0
      vertex 88.7592 53.2967 3
      vertex 88.7592 53.2967 0
    endloop
  endfacet
  facet normal -0.162912 0.986641 0
    outer loop
      vertex -85.6526 54.9572 0
      vertex -85.9754 54.9039 3
      vertex -85.6526 54.9572 3
    endloop
  endfacet
  facet normal -0.162912 0.986641 0
    outer loop
      vertex -85.9754 54.9039 3
      vertex -85.6526 54.9572 0
      vertex -85.9754 54.9039 0
    endloop
  endfacet
  facet normal -0.88187 0.471492 0
    outer loop
      vertex -89.4844 52.2114 0
      vertex -89.3301 52.5 3
      vertex -89.3301 52.5 0
    endloop
  endfacet
  facet normal -0.88187 0.471492 0
    outer loop
      vertex -89.3301 52.5 3
      vertex -89.4844 52.2114 0
      vertex -89.4844 52.2114 3
    endloop
  endfacet
  facet normal -0.986641 0.162912 0
    outer loop
      vertex -89.9572 50.6526 0
      vertex -89.9039 50.9754 3
      vertex -89.9039 50.9754 0
    endloop
  endfacet
  facet normal -0.986641 0.162912 0
    outer loop
      vertex -89.9039 50.9754 3
      vertex -89.9572 50.6526 0
      vertex -89.9572 50.6526 3
    endloop
  endfacet
  facet normal -0.973884 0.227046 0
    outer loop
      vertex -89.9039 50.9754 0
      vertex -89.8296 51.2941 3
      vertex -89.8296 51.2941 0
    endloop
  endfacet
  facet normal -0.973884 0.227046 0
    outer loop
      vertex -89.8296 51.2941 3
      vertex -89.9039 50.9754 0
      vertex -89.9039 50.9754 3
    endloop
  endfacet
  facet normal -0.412651 0.910889 0
    outer loop
      vertex -86.9134 54.6194 0
      vertex -87.2114 54.4844 3
      vertex -86.9134 54.6194 3
    endloop
  endfacet
  facet normal -0.412651 0.910889 0
    outer loop
      vertex -87.2114 54.4844 3
      vertex -86.9134 54.6194 0
      vertex -87.2114 54.4844 0
    endloop
  endfacet
  facet normal -0.352128 0.935952 0
    outer loop
      vertex -86.6072 54.7346 0
      vertex -86.9134 54.6194 3
      vertex -86.6072 54.7346 3
    endloop
  endfacet
  facet normal -0.352128 0.935952 0
    outer loop
      vertex -86.9134 54.6194 3
      vertex -86.6072 54.7346 0
      vertex -86.9134 54.6194 0
    endloop
  endfacet
  facet normal -0.528184 0.84913 0
    outer loop
      vertex -87.5 54.3301 0
      vertex -87.7778 54.1573 3
      vertex -87.5 54.3301 3
    endloop
  endfacet
  facet normal -0.528184 0.84913 0
    outer loop
      vertex -87.7778 54.1573 3
      vertex -87.5 54.3301 0
      vertex -87.7778 54.1573 0
    endloop
  endfacet
  facet normal -0.227046 0.973884 0
    outer loop
      vertex -85.9754 54.9039 0
      vertex -86.2941 54.8296 3
      vertex -85.9754 54.9039 3
    endloop
  endfacet
  facet normal -0.227046 0.973884 0
    outer loop
      vertex -86.2941 54.8296 3
      vertex -85.9754 54.9039 0
      vertex -86.2941 54.8296 0
    endloop
  endfacet
  facet normal -0.58225 0.81301 0
    outer loop
      vertex -87.7778 54.1573 0
      vertex -88.0438 53.9668 3
      vertex -87.7778 54.1573 3
    endloop
  endfacet
  facet normal -0.58225 0.81301 0
    outer loop
      vertex -88.0438 53.9668 3
      vertex -87.7778 54.1573 0
      vertex -88.0438 53.9668 0
    endloop
  endfacet
  facet normal -0.683656 0.729804 0
    outer loop
      vertex -88.2967 53.7592 0
      vertex -88.5355 53.5355 3
      vertex -88.2967 53.7592 3
    endloop
  endfacet
  facet normal -0.683656 0.729804 0
    outer loop
      vertex -88.5355 53.5355 3
      vertex -88.2967 53.7592 0
      vertex -88.5355 53.5355 0
    endloop
  endfacet
  facet normal -0.729804 0.683656 0
    outer loop
      vertex -88.7592 53.2967 0
      vertex -88.5355 53.5355 3
      vertex -88.5355 53.5355 0
    endloop
  endfacet
  facet normal -0.729804 0.683656 0
    outer loop
      vertex -88.5355 53.5355 3
      vertex -88.7592 53.2967 0
      vertex -88.7592 53.2967 3
    endloop
  endfacet
  facet normal -0.772935 0.634485 0
    outer loop
      vertex -88.9668 53.0438 0
      vertex -88.7592 53.2967 3
      vertex -88.7592 53.2967 0
    endloop
  endfacet
  facet normal -0.772935 0.634485 0
    outer loop
      vertex -88.7592 53.2967 3
      vertex -88.9668 53.0438 0
      vertex -88.9668 53.0438 3
    endloop
  endfacet
  facet normal -0.999465 -0.0327042 0
    outer loop
      vertex -89.9893 -50.327 0
      vertex -90 -50 3
      vertex -90 -50 0
    endloop
  endfacet
  facet normal -0.999465 -0.0327042 0
    outer loop
      vertex -90 -50 3
      vertex -89.9893 -50.327 0
      vertex -89.9893 -50.327 3
    endloop
  endfacet
  facet normal 0 0 -1
    outer loop
      vertex -78.3579 -44.56 0
      vertex 1.5 -39 0
      vertex -78.3327 -44.6683 0
    endloop
  endfacet
  facet normal 0 0 -1
    outer loop
      vertex 1.5 31 0
      vertex -78.3036 44.8888 0
      vertex -78.3 45 0
    endloop
  endfacet
  facet normal -0 0 -1
    outer loop
      vertex 1.5 -39 0
      vertex -78.3579 -44.56 0
      vertex 1.5 -31 0
    endloop
  endfacet
  facet normal 0 0 -1
    outer loop
      vertex 1.5 31 0
      vertex -78.3145 44.7781 0
      vertex -78.3036 44.8888 0
    endloop
  endfacet
  facet normal 0 0 -1
    outer loop
      vertex -78.3902 -44.4536 0
      vertex 1.5 -31 0
      vertex -78.3579 -44.56 0
    endloop
  endfacet
  facet normal 0 0 -1
    outer loop
      vertex 1.5 31 0
      vertex -78.3327 44.6683 0
      vertex -78.3145 44.7781 0
    endloop
  endfacet
  facet normal 0 0 -1
    outer loop
      vertex -78.4294 -44.3494 0
      vertex 1.5 -31 0
      vertex -78.3902 -44.4536 0
    endloop
  endfacet
  facet normal 0 0 -1
    outer loop
      vertex 1.5 31 0
      vertex -78.3579 44.56 0
      vertex -78.3327 44.6683 0
    endloop
  endfacet
  facet normal 0 0 -1
    outer loop
      vertex -78.4753 -44.2481 0
      vertex 1.5 -31 0
      vertex -78.4294 -44.3494 0
    endloop
  endfacet
  facet normal 0 0 -1
    outer loop
      vertex 1.5 31 0
      vertex -78.3902 44.4536 0
      vertex -78.3579 44.56 0
    endloop
  endfacet
  facet normal 0 0 -1
    outer loop
      vertex -78.5278 -44.15 0
      vertex 1.5 -31 0
      vertex -78.4753 -44.2481 0
    endloop
  endfacet
  facet normal 0 0 -1
    outer loop
      vertex 1.5 31 0
      vertex -78.4294 44.3494 0
      vertex -78.3902 44.4536 0
    endloop
  endfacet
  facet normal 0 0 -1
    outer loop
      vertex -78.5865 -44.0555 0
      vertex 1.5 -31 0
      vertex -78.5278 -44.15 0
    endloop
  endfacet
  facet normal 0 0 -1
    outer loop
      vertex 1.5 31 0
      vertex -78.4753 44.2481 0
      vertex -78.4294 44.3494 0
    endloop
  endfacet
  facet normal 0 0 -1
    outer loop
      vertex -78.6513 -43.9651 0
      vertex 1.5 -31 0
      vertex -78.5865 -44.0555 0
    endloop
  endfacet
  facet normal 0 0 -1
    outer loop
      vertex 1.5 31 0
      vertex -78.5278 44.15 0
      vertex -78.4753 44.2481 0
    endloop
  endfacet
  facet normal 0 0 -1
    outer loop
      vertex -78.7219 -43.8791 0
      vertex 1.5 -31 0
      vertex -78.6513 -43.9651 0
    endloop
  endfacet
  facet normal 0 0 -1
    outer loop
      vertex 1.5 31 0
      vertex -78.5865 44.0555 0
      vertex -78.5278 44.15 0
    endloop
  endfacet
  facet normal 0 0 -1
    outer loop
      vertex -78.7979 -43.7979 0
      vertex 1.5 -31 0
      vertex -78.7219 -43.8791 0
    endloop
  endfacet
  facet normal 0 0 -1
    outer loop
      vertex 1.5 31 0
      vertex -78.6513 43.9651 0
      vertex -78.5865 44.0555 0
    endloop
  endfacet
  facet normal 0 0 -1
    outer loop
      vertex -78.8791 -43.7219 0
      vertex 1.5 -31 0
      vertex -78.7979 -43.7979 0
    endloop
  endfacet
  facet normal 0 0 -1
    outer loop
      vertex 1.5 31 0
      vertex -78.7219 43.8791 0
      vertex -78.6513 43.9651 0
    endloop
  endfacet
  facet normal 0 0 -1
    outer loop
      vertex -78.9651 -43.6513 0
      vertex 1.5 -31 0
      vertex -78.8791 -43.7219 0
    endloop
  endfacet
  facet normal 0 0 -1
    outer loop
      vertex 1.5 31 0
      vertex -78.7979 43.7979 0
      vertex -78.7219 43.8791 0
    endloop
  endfacet
  facet normal -0 0 -1
    outer loop
      vertex 1.5 -31 0
      vertex -78.9651 -43.6513 0
      vertex 1.5 31 0
    endloop
  endfacet
  facet normal 0 0 -1
    outer loop
      vertex 1.5 31 0
      vertex -78.8791 43.7219 0
      vertex -78.7979 43.7979 0
    endloop
  endfacet
  facet normal 0 0 -1
    outer loop
      vertex -78.9651 43.6513 0
      vertex 1.5 31 0
      vertex -78.9651 -43.6513 0
    endloop
  endfacet
  facet normal 0 0 -1
    outer loop
      vertex 1.5 31 0
      vertex -78.9651 43.6513 0
      vertex -78.8791 43.7219 0
    endloop
  endfacet
  facet normal 0 0 -1
    outer loop
      vertex -79.0555 -43.5865 0
      vertex -78.9651 43.6513 0
      vertex -78.9651 -43.6513 0
    endloop
  endfacet
  facet normal 0 0 -1
    outer loop
      vertex -79.0555 -43.5865 0
      vertex -79.0555 43.5865 0
      vertex -78.9651 43.6513 0
    endloop
  endfacet
  facet normal 0 0 -1
    outer loop
      vertex -79.15 -43.5278 0
      vertex -79.0555 43.5865 0
      vertex -79.0555 -43.5865 0
    endloop
  endfacet
  facet normal 0 0 -1
    outer loop
      vertex -79.15 -43.5278 0
      vertex -79.15 43.5278 0
      vertex -79.0555 43.5865 0
    endloop
  endfacet
  facet normal 0 0 -1
    outer loop
      vertex -79.2481 -43.4753 0
      vertex -79.15 43.5278 0
      vertex -79.15 -43.5278 0
    endloop
  endfacet
  facet normal 0 0 -1
    outer loop
      vertex -79.2481 -43.4753 0
      vertex -79.2481 43.4753 0
      vertex -79.15 43.5278 0
    endloop
  endfacet
  facet normal 0 0 -1
    outer loop
      vertex -79.3494 -43.4294 0
      vertex -79.2481 43.4753 0
      vertex -79.2481 -43.4753 0
    endloop
  endfacet
  facet normal 0 0 -1
    outer loop
      vertex -79.3494 -43.4294 0
      vertex -79.3494 43.4294 0
      vertex -79.2481 43.4753 0
    endloop
  endfacet
  facet normal 0 0 -1
    outer loop
      vertex -79.4536 -43.3902 0
      vertex -79.3494 43.4294 0
      vertex -79.3494 -43.4294 0
    endloop
  endfacet
  facet normal 0 0 -1
    outer loop
      vertex -79.4536 -43.3902 0
      vertex -79.4536 43.3902 0
      vertex -79.3494 43.4294 0
    endloop
  endfacet
  facet normal 0 0 -1
    outer loop
      vertex -79.56 -43.3579 0
      vertex -79.4536 43.3902 0
      vertex -79.4536 -43.3902 0
    endloop
  endfacet
  facet normal 0 0 -1
    outer loop
      vertex -79.56 -43.3579 0
      vertex -79.56 43.3579 0
      vertex -79.4536 43.3902 0
    endloop
  endfacet
  facet normal 0 0 -1
    outer loop
      vertex -79.6684 -43.3327 0
      vertex -79.56 43.3579 0
      vertex -79.56 -43.3579 0
    endloop
  endfacet
  facet normal 0 0 -1
    outer loop
      vertex -79.6684 -43.3327 0
      vertex -79.6684 43.3327 0
      vertex -79.56 43.3579 0
    endloop
  endfacet
  facet normal 0 0 -1
    outer loop
      vertex -79.7781 -43.3145 0
      vertex -79.6684 43.3327 0
      vertex -79.6684 -43.3327 0
    endloop
  endfacet
  facet normal 0 0 -1
    outer loop
      vertex -79.7781 -43.3145 0
      vertex -79.7781 43.3145 0
      vertex -79.6684 43.3327 0
    endloop
  endfacet
  facet normal 0 0 -1
    outer loop
      vertex -79.8888 -43.3036 0
      vertex -79.7781 43.3145 0
      vertex -79.7781 -43.3145 0
    endloop
  endfacet
  facet normal 0 0 -1
    outer loop
      vertex -79.8888 -43.3036 0
      vertex -79.8888 43.3036 0
      vertex -79.7781 43.3145 0
    endloop
  endfacet
  facet normal 0 0 -1
    outer loop
      vertex -80 -43.3 0
      vertex -79.8888 43.3036 0
      vertex -79.8888 -43.3036 0
    endloop
  endfacet
  facet normal 0 0 -1
    outer loop
      vertex -80 -43.3 0
      vertex -80 43.3 0
      vertex -79.8888 43.3036 0
    endloop
  endfacet
  facet normal 0 0 -1
    outer loop
      vertex -80.1112 -43.3036 0
      vertex -80 43.3 0
      vertex -80 -43.3 0
    endloop
  endfacet
  facet normal 0 0 -1
    outer loop
      vertex -80.1112 -43.3036 0
      vertex -80.1112 43.3036 0
      vertex -80 43.3 0
    endloop
  endfacet
  facet normal 0 0 -1
    outer loop
      vertex -80.2219 -43.3145 0
      vertex -80.1112 43.3036 0
      vertex -80.1112 -43.3036 0
    endloop
  endfacet
  facet normal 0 0 -1
    outer loop
      vertex -80.2219 -43.3145 0
      vertex -80.2219 43.3145 0
      vertex -80.1112 43.3036 0
    endloop
  endfacet
  facet normal 0 0 -1
    outer loop
      vertex -80.3316 -43.3327 0
      vertex -80.2219 43.3145 0
      vertex -80.2219 -43.3145 0
    endloop
  endfacet
  facet normal 0 0 -1
    outer loop
      vertex -80.3316 -43.3327 0
      vertex -80.3316 43.3327 0
      vertex -80.2219 43.3145 0
    endloop
  endfacet
  facet normal 0 0 -1
    outer loop
      vertex -80.44 -43.3579 0
      vertex -80.3316 43.3327 0
      vertex -80.3316 -43.3327 0
    endloop
  endfacet
  facet normal 0 0 -1
    outer loop
      vertex -80.44 -43.3579 0
      vertex -80.44 43.3579 0
      vertex -80.3316 43.3327 0
    endloop
  endfacet
  facet normal 0 0 -1
    outer loop
      vertex -80.5464 -43.3902 0
      vertex -80.44 43.3579 0
      vertex -80.44 -43.3579 0
    endloop
  endfacet
  facet normal 0 0 -1
    outer loop
      vertex -80.5464 -43.3902 0
      vertex -80.5464 43.3902 0
      vertex -80.44 43.3579 0
    endloop
  endfacet
  facet normal 0 0 -1
    outer loop
      vertex -80.6506 -43.4294 0
      vertex -80.5464 43.3902 0
      vertex -80.5464 -43.3902 0
    endloop
  endfacet
  facet normal 0 0 -1
    outer loop
      vertex -80.6506 -43.4294 0
      vertex -80.6506 43.4294 0
      vertex -80.5464 43.3902 0
    endloop
  endfacet
  facet normal 0 0 -1
    outer loop
      vertex -80.7519 -43.4753 0
      vertex -80.6506 43.4294 0
      vertex -80.6506 -43.4294 0
    endloop
  endfacet
  facet normal 0 0 -1
    outer loop
      vertex -80.7519 -43.4753 0
      vertex -80.7519 43.4753 0
      vertex -80.6506 43.4294 0
    endloop
  endfacet
  facet normal 0 0 -1
    outer loop
      vertex -80.85 -43.5278 0
      vertex -80.7519 43.4753 0
      vertex -80.7519 -43.4753 0
    endloop
  endfacet
  facet normal 0 0 -1
    outer loop
      vertex -80.85 -43.5278 0
      vertex -80.85 43.5278 0
      vertex -80.7519 43.4753 0
    endloop
  endfacet
  facet normal 0 0 -1
    outer loop
      vertex -80.9445 -43.5865 0
      vertex -80.85 43.5278 0
      vertex -80.85 -43.5278 0
    endloop
  endfacet
  facet normal 0 0 -1
    outer loop
      vertex -80.9445 -43.5865 0
      vertex -80.9445 43.5865 0
      vertex -80.85 43.5278 0
    endloop
  endfacet
  facet normal 0 0 -1
    outer loop
      vertex -81.0349 -43.6513 0
      vertex -80.9445 43.5865 0
      vertex -80.9445 -43.5865 0
    endloop
  endfacet
  facet normal 0 0 -1
    outer loop
      vertex -81.0349 -43.6513 0
      vertex -81.0349 43.6513 0
      vertex -80.9445 43.5865 0
    endloop
  endfacet
  facet normal 0 0 -1
    outer loop
      vertex -81.1209 -43.7219 0
      vertex -81.0349 43.6513 0
      vertex -81.0349 -43.6513 0
    endloop
  endfacet
  facet normal 0 0 -1
    outer loop
      vertex -81.1209 -43.7219 0
      vertex -81.1209 43.7219 0
      vertex -81.0349 43.6513 0
    endloop
  endfacet
  facet normal 0 0 -1
    outer loop
      vertex -90 -50 0
      vertex -81.1209 -43.7219 0
      vertex -81.2021 -43.7979 0
    endloop
  endfacet
  facet normal -0 0 -1
    outer loop
      vertex -81.1209 -43.7219 0
      vertex -90 -50 0
      vertex -81.1209 43.7219 0
    endloop
  endfacet
  facet normal 0 0 -1
    outer loop
      vertex -90 -50 0
      vertex -81.2021 -43.7979 0
      vertex -81.2781 -43.8791 0
    endloop
  endfacet
  facet normal 0 0 -1
    outer loop
      vertex -90 50 0
      vertex -81.1209 43.7219 0
      vertex -90 -50 0
    endloop
  endfacet
  facet normal 0 0 -1
    outer loop
      vertex -90 -50 0
      vertex -81.2781 -43.8791 0
      vertex -81.3487 -43.9651 0
    endloop
  endfacet
  facet normal 0 0 -1
    outer loop
      vertex -81.1209 43.7219 0
      vertex -90 50 0
      vertex -81.2021 43.7979 0
    endloop
  endfacet
  facet normal 0 0 -1
    outer loop
      vertex -90 -50 0
      vertex -81.3487 -43.9651 0
      vertex -81.4135 -44.0555 0
    endloop
  endfacet
  facet normal 0 0 -1
    outer loop
      vertex -81.2021 43.7979 0
      vertex -90 50 0
      vertex -81.2781 43.8791 0
    endloop
  endfacet
  facet normal 0 0 -1
    outer loop
      vertex -90 -50 0
      vertex -81.4135 -44.0555 0
      vertex -81.4722 -44.15 0
    endloop
  endfacet
  facet normal 0 0 -1
    outer loop
      vertex -81.2781 43.8791 0
      vertex -90 50 0
      vertex -81.3487 43.9651 0
    endloop
  endfacet
  facet normal 0 0 -1
    outer loop
      vertex -90 -50 0
      vertex -81.4722 -44.15 0
      vertex -81.5247 -44.2481 0
    endloop
  endfacet
  facet normal 0 0 -1
    outer loop
      vertex -81.3487 43.9651 0
      vertex -90 50 0
      vertex -81.4135 44.0555 0
    endloop
  endfacet
  facet normal 0 0 -1
    outer loop
      vertex -90 -50 0
      vertex -81.5247 -44.2481 0
      vertex -81.5706 -44.3494 0
    endloop
  endfacet
  facet normal 0 0 -1
    outer loop
      vertex -81.4135 44.0555 0
      vertex -90 50 0
      vertex -81.4722 44.15 0
    endloop
  endfacet
  facet normal 0 0 -1
    outer loop
      vertex -90 -50 0
      vertex -81.5706 -44.3494 0
      vertex -81.6098 -44.4536 0
    endloop
  endfacet
  facet normal 0 0 -1
    outer loop
      vertex -81.4722 44.15 0
      vertex -90 50 0
      vertex -81.5247 44.2481 0
    endloop
  endfacet
  facet normal 0 0 -1
    outer loop
      vertex -90 -50 0
      vertex -81.6098 -44.4536 0
      vertex -81.6421 -44.56 0
    endloop
  endfacet
  facet normal 0 0 -1
    outer loop
      vertex -81.5247 44.2481 0
      vertex -90 50 0
      vertex -81.5706 44.3494 0
    endloop
  endfacet
  facet normal 0 0 -1
    outer loop
      vertex -90 -50 0
      vertex -81.6421 -44.56 0
      vertex -81.6673 -44.6683 0
    endloop
  endfacet
  facet normal 0 0 -1
    outer loop
      vertex -81.5706 44.3494 0
      vertex -90 50 0
      vertex -81.6098 44.4536 0
    endloop
  endfacet
  facet normal 0 0 -1
    outer loop
      vertex -90 -50 0
      vertex -81.6673 -44.6683 0
      vertex -81.6855 -44.7781 0
    endloop
  endfacet
  facet normal 0 0 -1
    outer loop
      vertex -81.6098 44.4536 0
      vertex -90 50 0
      vertex -81.6421 44.56 0
    endloop
  endfacet
  facet normal 0 0 -1
    outer loop
      vertex -90 -50 0
      vertex -81.6855 -44.7781 0
      vertex -81.6964 -44.8888 0
    endloop
  endfacet
  facet normal 0 0 -1
    outer loop
      vertex -81.6421 44.56 0
      vertex -90 50 0
      vertex -81.6673 44.6683 0
    endloop
  endfacet
  facet normal 0 0 -1
    outer loop
      vertex -90 -50 0
      vertex -81.6964 -44.8888 0
      vertex -81.7 -45 0
    endloop
  endfacet
  facet normal 0 0 -1
    outer loop
      vertex -81.6673 44.6683 0
      vertex -90 50 0
      vertex -81.6855 44.7781 0
    endloop
  endfacet
  facet normal 0 0 -1
    outer loop
      vertex 1.5 -31 0
      vertex 4.5 31 0
      vertex 4.5 -31 0
    endloop
  endfacet
  facet normal -0 0 -1
    outer loop
      vertex 4.5 31 0
      vertex 1.5 -31 0
      vertex 1.5 31 0
    endloop
  endfacet
  facet normal 0 0 -1
    outer loop
      vertex 65.5 -31 0
      vertex 68.5 31 0
      vertex 68.5 -31 0
    endloop
  endfacet
  facet normal -0 0 -1
    outer loop
      vertex 68.5 31 0
      vertex 65.5 -31 0
      vertex 65.5 31 0
    endloop
  endfacet
  facet normal 0 0 -1
    outer loop
      vertex 81.6673 -44.6683 0
      vertex 90 -50 0
      vertex 81.6855 -44.7781 0
    endloop
  endfacet
  facet normal 0 0 -1
    outer loop
      vertex 90 50 0
      vertex 81.6964 44.8888 0
      vertex 81.7 45 0
    endloop
  endfacet
  facet normal 0 0 -1
    outer loop
      vertex 81.6421 -44.56 0
      vertex 90 -50 0
      vertex 81.6673 -44.6683 0
    endloop
  endfacet
  facet normal 0 0 -1
    outer loop
      vertex 90 50 0
      vertex 81.6855 44.7781 0
      vertex 81.6964 44.8888 0
    endloop
  endfacet
  facet normal 0 0 -1
    outer loop
      vertex 81.6098 -44.4536 0
      vertex 90 -50 0
      vertex 81.6421 -44.56 0
    endloop
  endfacet
  facet normal 0 0 -1
    outer loop
      vertex 90 50 0
      vertex 81.6673 44.6683 0
      vertex 81.6855 44.7781 0
    endloop
  endfacet
  facet normal 0 0 -1
    outer loop
      vertex 81.5706 -44.3494 0
      vertex 90 -50 0
      vertex 81.6098 -44.4536 0
    endloop
  endfacet
  facet normal 0 0 -1
    outer loop
      vertex 90 50 0
      vertex 81.6421 44.56 0
      vertex 81.6673 44.6683 0
    endloop
  endfacet
  facet normal 0 0 -1
    outer loop
      vertex 81.5247 -44.2481 0
      vertex 90 -50 0
      vertex 81.5706 -44.3494 0
    endloop
  endfacet
  facet normal 0 0 -1
    outer loop
      vertex 90 50 0
      vertex 81.6098 44.4536 0
      vertex 81.6421 44.56 0
    endloop
  endfacet
  facet normal 0 0 -1
    outer loop
      vertex 81.4722 -44.15 0
      vertex 90 -50 0
      vertex 81.5247 -44.2481 0
    endloop
  endfacet
  facet normal 0 0 -1
    outer loop
      vertex 90 50 0
      vertex 81.5706 44.3494 0
      vertex 81.6098 44.4536 0
    endloop
  endfacet
  facet normal 0 0 -1
    outer loop
      vertex 81.4135 -44.0555 0
      vertex 90 -50 0
      vertex 81.4722 -44.15 0
    endloop
  endfacet
  facet normal 0 0 -1
    outer loop
      vertex 90 50 0
      vertex 81.5247 44.2481 0
      vertex 81.5706 44.3494 0
    endloop
  endfacet
  facet normal 0 0 -1
    outer loop
      vertex 81.3487 -43.9651 0
      vertex 90 -50 0
      vertex 81.4135 -44.0555 0
    endloop
  endfacet
  facet normal 0 0 -1
    outer loop
      vertex 90 50 0
      vertex 81.4722 44.15 0
      vertex 81.5247 44.2481 0
    endloop
  endfacet
  facet normal 0 0 -1
    outer loop
      vertex 81.2781 -43.8791 0
      vertex 90 -50 0
      vertex 81.3487 -43.9651 0
    endloop
  endfacet
  facet normal 0 0 -1
    outer loop
      vertex 90 50 0
      vertex 81.4135 44.0555 0
      vertex 81.4722 44.15 0
    endloop
  endfacet
  facet normal 0 0 -1
    outer loop
      vertex 81.2021 -43.7979 0
      vertex 90 -50 0
      vertex 81.2781 -43.8791 0
    endloop
  endfacet
  facet normal 0 0 -1
    outer loop
      vertex 90 50 0
      vertex 81.3487 43.9651 0
      vertex 81.4135 44.0555 0
    endloop
  endfacet
  facet normal 0 0 -1
    outer loop
      vertex 81.1209 -43.7219 0
      vertex 90 -50 0
      vertex 81.2021 -43.7979 0
    endloop
  endfacet
  facet normal 0 0 -1
    outer loop
      vertex 90 50 0
      vertex 81.2781 43.8791 0
      vertex 81.3487 43.9651 0
    endloop
  endfacet
  facet normal 0 0 -1
    outer loop
      vertex 90 -50 0
      vertex 81.1209 -43.7219 0
      vertex 90 50 0
    endloop
  endfacet
  facet normal 0 0 -1
    outer loop
      vertex 90 50 0
      vertex 81.2021 43.7979 0
      vertex 81.2781 43.8791 0
    endloop
  endfacet
  facet normal 0 0 -1
    outer loop
      vertex 81.1209 43.7219 0
      vertex 90 50 0
      vertex 81.1209 -43.7219 0
    endloop
  endfacet
  facet normal 0 0 -1
    outer loop
      vertex 90 50 0
      vertex 81.1209 43.7219 0
      vertex 81.2021 43.7979 0
    endloop
  endfacet
  facet normal 0 0 -1
    outer loop
      vertex 81.0349 -43.6513 0
      vertex 81.1209 43.7219 0
      vertex 81.1209 -43.7219 0
    endloop
  endfacet
  facet normal 0 0 -1
    outer loop
      vertex 81.0349 -43.6513 0
      vertex 81.0349 43.6513 0
      vertex 81.1209 43.7219 0
    endloop
  endfacet
  facet normal 0 0 -1
    outer loop
      vertex 80.9445 -43.5865 0
      vertex 81.0349 43.6513 0
      vertex 81.0349 -43.6513 0
    endloop
  endfacet
  facet normal 0 0 -1
    outer loop
      vertex 80.9445 -43.5865 0
      vertex 80.9445 43.5865 0
      vertex 81.0349 43.6513 0
    endloop
  endfacet
  facet normal 0 0 -1
    outer loop
      vertex 68.5 -31 0
      vertex 80.9445 -43.5865 0
      vertex 80.85 -43.5278 0
    endloop
  endfacet
  facet normal 0 0 -1
    outer loop
      vertex 80.9445 -43.5865 0
      vertex 68.5 -31 0
      vertex 80.9445 43.5865 0
    endloop
  endfacet
  facet normal 0 0 -1
    outer loop
      vertex 68.5 -31 0
      vertex 80.85 -43.5278 0
      vertex 80.7519 -43.4753 0
    endloop
  endfacet
  facet normal 0 0 -1
    outer loop
      vertex 68.5 31 0
      vertex 80.9445 43.5865 0
      vertex 68.5 -31 0
    endloop
  endfacet
  facet normal 0 0 -1
    outer loop
      vertex 68.5 -31 0
      vertex 80.7519 -43.4753 0
      vertex 80.6506 -43.4294 0
    endloop
  endfacet
  facet normal 0 0 -1
    outer loop
      vertex 80.9445 43.5865 0
      vertex 68.5 31 0
      vertex 80.85 43.5278 0
    endloop
  endfacet
  facet normal 0 0 -1
    outer loop
      vertex 68.5 -31 0
      vertex 80.6506 -43.4294 0
      vertex 80.5464 -43.3902 0
    endloop
  endfacet
  facet normal 0 0 -1
    outer loop
      vertex 80.85 43.5278 0
      vertex 68.5 31 0
      vertex 80.7519 43.4753 0
    endloop
  endfacet
  facet normal 0 0 -1
    outer loop
      vertex 68.5 -31 0
      vertex 80.5464 -43.3902 0
      vertex 80.44 -43.3579 0
    endloop
  endfacet
  facet normal 0 0 -1
    outer loop
      vertex 80.7519 43.4753 0
      vertex 68.5 31 0
      vertex 80.6506 43.4294 0
    endloop
  endfacet
  facet normal 0 0 -1
    outer loop
      vertex 68.5 -31 0
      vertex 80.44 -43.3579 0
      vertex 80.3316 -43.3327 0
    endloop
  endfacet
  facet normal 0 0 -1
    outer loop
      vertex 80.6506 43.4294 0
      vertex 68.5 31 0
      vertex 80.5464 43.3902 0
    endloop
  endfacet
  facet normal 0 0 -1
    outer loop
      vertex 68.5 -31 0
      vertex 80.3316 -43.3327 0
      vertex 80.2219 -43.3145 0
    endloop
  endfacet
  facet normal 0 0 -1
    outer loop
      vertex 80.5464 43.3902 0
      vertex 68.5 31 0
      vertex 80.44 43.3579 0
    endloop
  endfacet
  facet normal 0 0 -1
    outer loop
      vertex 68.5 -31 0
      vertex 80.2219 -43.3145 0
      vertex 80.1112 -43.3036 0
    endloop
  endfacet
  facet normal 0 0 -1
    outer loop
      vertex 80.44 43.3579 0
      vertex 68.5 31 0
      vertex 80.3316 43.3327 0
    endloop
  endfacet
  facet normal 0 0 -1
    outer loop
      vertex 68.5 -31 0
      vertex 80.1112 -43.3036 0
      vertex 80 -43.3 0
    endloop
  endfacet
  facet normal 0 0 -1
    outer loop
      vertex 80.3316 43.3327 0
      vertex 68.5 31 0
      vertex 80.2219 43.3145 0
    endloop
  endfacet
  facet normal 0 0 -1
    outer loop
      vertex 68.5 -31 0
      vertex 80 -43.3 0
      vertex 79.8888 -43.3036 0
    endloop
  endfacet
  facet normal 0 0 -1
    outer loop
      vertex 80.2219 43.3145 0
      vertex 68.5 31 0
      vertex 80.1112 43.3036 0
    endloop
  endfacet
  facet normal 0 0 -1
    outer loop
      vertex 68.5 -31 0
      vertex 79.8888 -43.3036 0
      vertex 79.7781 -43.3145 0
    endloop
  endfacet
  facet normal 0 0 -1
    outer loop
      vertex 80.1112 43.3036 0
      vertex 68.5 31 0
      vertex 80 43.3 0
    endloop
  endfacet
  facet normal 0 0 -1
    outer loop
      vertex 68.5 -31 0
      vertex 79.7781 -43.3145 0
      vertex 79.6684 -43.3327 0
    endloop
  endfacet
  facet normal -0 0 -1
    outer loop
      vertex 80 43.3 0
      vertex 68.5 31 0
      vertex 79.8888 43.3036 0
    endloop
  endfacet
  facet normal 0 0 -1
    outer loop
      vertex 68.5 -31 0
      vertex 79.6684 -43.3327 0
      vertex 79.56 -43.3579 0
    endloop
  endfacet
  facet normal -0 0 -1
    outer loop
      vertex 79.8888 43.3036 0
      vertex 68.5 31 0
      vertex 79.7781 43.3145 0
    endloop
  endfacet
  facet normal 0 0 -1
    outer loop
      vertex 68.5 -31 0
      vertex 79.56 -43.3579 0
      vertex 79.4536 -43.3902 0
    endloop
  endfacet
  facet normal -0 0 -1
    outer loop
      vertex 79.7781 43.3145 0
      vertex 68.5 31 0
      vertex 79.6684 43.3327 0
    endloop
  endfacet
  facet normal 0 0 -1
    outer loop
      vertex 68.5 -39 0
      vertex 79.4536 -43.3902 0
      vertex 79.3494 -43.4294 0
    endloop
  endfacet
  facet normal -0 0 -1
    outer loop
      vertex 79.6684 43.3327 0
      vertex 68.5 31 0
      vertex 79.56 43.3579 0
    endloop
  endfacet
  facet normal 0 0 -1
    outer loop
      vertex 68.5 -39 0
      vertex 79.3494 -43.4294 0
      vertex 79.2481 -43.4753 0
    endloop
  endfacet
  facet normal -0 0 -1
    outer loop
      vertex 79.56 43.3579 0
      vertex 68.5 31 0
      vertex 79.4536 43.3902 0
    endloop
  endfacet
  facet normal 0 0 -1
    outer loop
      vertex 68.5 -39 0
      vertex 79.2481 -43.4753 0
      vertex 79.15 -43.5278 0
    endloop
  endfacet
  facet normal 0 0 -1
    outer loop
      vertex 68.5 39 0
      vertex 79.4536 43.3902 0
      vertex 68.5 31 0
    endloop
  endfacet
  facet normal 0 0 -1
    outer loop
      vertex 68.5 -39 0
      vertex 79.15 -43.5278 0
      vertex 79.0555 -43.5865 0
    endloop
  endfacet
  facet normal -0 0 -1
    outer loop
      vertex 79.4536 43.3902 0
      vertex 68.5 39 0
      vertex 79.3494 43.4294 0
    endloop
  endfacet
  facet normal 0 0 -1
    outer loop
      vertex 68.5 -39 0
      vertex 79.0555 -43.5865 0
      vertex 78.9651 -43.6513 0
    endloop
  endfacet
  facet normal -0 0 -1
    outer loop
      vertex 79.3494 43.4294 0
      vertex 68.5 39 0
      vertex 79.2481 43.4753 0
    endloop
  endfacet
  facet normal 0 0 -1
    outer loop
      vertex 68.5 -39 0
      vertex 78.9651 -43.6513 0
      vertex 78.8791 -43.7219 0
    endloop
  endfacet
  facet normal -0 0 -1
    outer loop
      vertex 79.2481 43.4753 0
      vertex 68.5 39 0
      vertex 79.15 43.5278 0
    endloop
  endfacet
  facet normal 0 0 -1
    outer loop
      vertex 68.5 -39 0
      vertex 78.8791 -43.7219 0
      vertex 78.7979 -43.7979 0
    endloop
  endfacet
  facet normal -0 0 -1
    outer loop
      vertex 79.15 43.5278 0
      vertex 68.5 39 0
      vertex 79.0555 43.5865 0
    endloop
  endfacet
  facet normal 0 0 -1
    outer loop
      vertex 68.5 -39 0
      vertex 78.7979 -43.7979 0
      vertex 78.7219 -43.8791 0
    endloop
  endfacet
  facet normal -0 0 -1
    outer loop
      vertex 79.0555 43.5865 0
      vertex 68.5 39 0
      vertex 78.9651 43.6513 0
    endloop
  endfacet
  facet normal 0 0 -1
    outer loop
      vertex 68.5 -39 0
      vertex 78.7219 -43.8791 0
      vertex 78.6513 -43.9651 0
    endloop
  endfacet
  facet normal -0 0 -1
    outer loop
      vertex 78.9651 43.6513 0
      vertex 68.5 39 0
      vertex 78.8791 43.7219 0
    endloop
  endfacet
  facet normal 0 0 -1
    outer loop
      vertex 68.5 -39 0
      vertex 78.6513 -43.9651 0
      vertex 78.5865 -44.0555 0
    endloop
  endfacet
  facet normal -0 0 -1
    outer loop
      vertex 78.8791 43.7219 0
      vertex 68.5 39 0
      vertex 78.7979 43.7979 0
    endloop
  endfacet
  facet normal 0 0 -1
    outer loop
      vertex 68.5 -39 0
      vertex 78.5865 -44.0555 0
      vertex 78.5278 -44.15 0
    endloop
  endfacet
  facet normal -0 0 -1
    outer loop
      vertex 78.7979 43.7979 0
      vertex 68.5 39 0
      vertex 78.7219 43.8791 0
    endloop
  endfacet
  facet normal 0 0 -1
    outer loop
      vertex 68.5 -39 0
      vertex 78.5278 -44.15 0
      vertex 78.4753 -44.2481 0
    endloop
  endfacet
  facet normal -0 0 -1
    outer loop
      vertex 78.7219 43.8791 0
      vertex 68.5 39 0
      vertex 78.6513 43.9651 0
    endloop
  endfacet
  facet normal 0 0 -1
    outer loop
      vertex 68.5 -39 0
      vertex 78.4753 -44.2481 0
      vertex 78.4294 -44.3494 0
    endloop
  endfacet
  facet normal -0 0 -1
    outer loop
      vertex 78.6513 43.9651 0
      vertex 68.5 39 0
      vertex 78.5865 44.0555 0
    endloop
  endfacet
  facet normal 0 0 -1
    outer loop
      vertex 68.5 -39 0
      vertex 78.4294 -44.3494 0
      vertex 78.3902 -44.4536 0
    endloop
  endfacet
  facet normal -0 0 -1
    outer loop
      vertex 78.5865 44.0555 0
      vertex 68.5 39 0
      vertex 78.5278 44.15 0
    endloop
  endfacet
  facet normal 0 0 -1
    outer loop
      vertex 68.5 -39 0
      vertex 78.3902 -44.4536 0
      vertex 78.3579 -44.56 0
    endloop
  endfacet
  facet normal -0 0 -1
    outer loop
      vertex 78.5278 44.15 0
      vertex 68.5 39 0
      vertex 78.4753 44.2481 0
    endloop
  endfacet
  facet normal 0 0 -1
    outer loop
      vertex 68.5 -39 0
      vertex 78.3579 -44.56 0
      vertex 78.3327 -44.6683 0
    endloop
  endfacet
  facet normal -0 0 -1
    outer loop
      vertex 78.4753 44.2481 0
      vertex 68.5 39 0
      vertex 78.4294 44.3494 0
    endloop
  endfacet
  facet normal 0 0 -1
    outer loop
      vertex 68.5 -39 0
      vertex 78.3327 -44.6683 0
      vertex 78.3145 -44.7781 0
    endloop
  endfacet
  facet normal -0 0 -1
    outer loop
      vertex 78.4294 44.3494 0
      vertex 68.5 39 0
      vertex 78.3902 44.4536 0
    endloop
  endfacet
  facet normal 0 0 -1
    outer loop
      vertex 68.5 -39 0
      vertex 78.3145 -44.7781 0
      vertex 78.3036 -44.8888 0
    endloop
  endfacet
  facet normal -0 0 -1
    outer loop
      vertex 78.3902 44.4536 0
      vertex 68.5 39 0
      vertex 78.3579 44.56 0
    endloop
  endfacet
  facet normal 0 0 -1
    outer loop
      vertex 68.5 -39 0
      vertex 78.3036 -44.8888 0
      vertex 78.3 -45 0
    endloop
  endfacet
  facet normal -0 0 -1
    outer loop
      vertex 78.3579 44.56 0
      vertex 68.5 39 0
      vertex 78.3327 44.6683 0
    endloop
  endfacet
  facet normal 0 0 -1
    outer loop
      vertex 81.2021 -46.2021 0
      vertex 90 -50 0
      vertex 89.9893 -50.327 0
    endloop
  endfacet
  facet normal 0 0 -1
    outer loop
      vertex 81.6964 -44.8888 0
      vertex 90 -50 0
      vertex 81.7 -45 0
    endloop
  endfacet
  facet normal 0 0 -1
    outer loop
      vertex 81.2021 -46.2021 0
      vertex 89.9893 -50.327 0
      vertex 89.9572 -50.6526 0
    endloop
  endfacet
  facet normal 0 0 -1
    outer loop
      vertex 81.6855 -44.7781 0
      vertex 90 -50 0
      vertex 81.6964 -44.8888 0
    endloop
  endfacet
  facet normal 0 0 -1
    outer loop
      vertex 81.2021 -46.2021 0
      vertex 89.9572 -50.6526 0
      vertex 89.9039 -50.9754 0
    endloop
  endfacet
  facet normal 0 0 -1
    outer loop
      vertex 81.6964 45.1112 0
      vertex 90 50 0
      vertex 81.7 45 0
    endloop
  endfacet
  facet normal 0 0 -1
    outer loop
      vertex 81.2021 -46.2021 0
      vertex 89.9039 -50.9754 0
      vertex 89.8296 -51.2941 0
    endloop
  endfacet
  facet normal 0 0 -1
    outer loop
      vertex 81.6855 45.2219 0
      vertex 90 50 0
      vertex 81.6964 45.1112 0
    endloop
  endfacet
  facet normal 0 0 -1
    outer loop
      vertex 81.2021 -46.2021 0
      vertex 89.8296 -51.2941 0
      vertex 89.7346 -51.6072 0
    endloop
  endfacet
  facet normal 0 0 -1
    outer loop
      vertex 81.6673 45.3317 0
      vertex 90 50 0
      vertex 81.6855 45.2219 0
    endloop
  endfacet
  facet normal 0 0 -1
    outer loop
      vertex 81.2021 -46.2021 0
      vertex 89.7346 -51.6072 0
      vertex 89.6194 -51.9134 0
    endloop
  endfacet
  facet normal 0 0 -1
    outer loop
      vertex 81.6421 45.44 0
      vertex 90 50 0
      vertex 81.6673 45.3317 0
    endloop
  endfacet
  facet normal 0 0 -1
    outer loop
      vertex 81.2021 -46.2021 0
      vertex 89.6194 -51.9134 0
      vertex 89.4844 -52.2114 0
    endloop
  endfacet
  facet normal 0 0 -1
    outer loop
      vertex 81.6098 45.5464 0
      vertex 90 50 0
      vertex 81.6421 45.44 0
    endloop
  endfacet
  facet normal 0 0 -1
    outer loop
      vertex 81.2021 -46.2021 0
      vertex 89.4844 -52.2114 0
      vertex 89.3301 -52.5 0
    endloop
  endfacet
  facet normal 0 0 -1
    outer loop
      vertex 81.5706 45.6506 0
      vertex 90 50 0
      vertex 81.6098 45.5464 0
    endloop
  endfacet
  facet normal 0 0 -1
    outer loop
      vertex 81.2021 -46.2021 0
      vertex 89.3301 -52.5 0
      vertex 89.1573 -52.7778 0
    endloop
  endfacet
  facet normal 0 0 -1
    outer loop
      vertex 81.5247 45.7519 0
      vertex 90 50 0
      vertex 81.5706 45.6506 0
    endloop
  endfacet
  facet normal 0 0 -1
    outer loop
      vertex 81.2021 -46.2021 0
      vertex 89.1573 -52.7778 0
      vertex 88.9668 -53.0438 0
    endloop
  endfacet
  facet normal 0 0 -1
    outer loop
      vertex 81.4722 45.85 0
      vertex 90 50 0
      vertex 81.5247 45.7519 0
    endloop
  endfacet
  facet normal 0 0 -1
    outer loop
      vertex 81.2021 -46.2021 0
      vertex 88.9668 -53.0438 0
      vertex 88.7592 -53.2967 0
    endloop
  endfacet
  facet normal 0 0 -1
    outer loop
      vertex 81.4135 45.9445 0
      vertex 90 50 0
      vertex 81.4722 45.85 0
    endloop
  endfacet
  facet normal 0 0 -1
    outer loop
      vertex 81.2021 -46.2021 0
      vertex 88.7592 -53.2967 0
      vertex 88.5355 -53.5355 0
    endloop
  endfacet
  facet normal 0 0 -1
    outer loop
      vertex 81.3487 46.0349 0
      vertex 90 50 0
      vertex 81.4135 45.9445 0
    endloop
  endfacet
  facet normal 0 0 -1
    outer loop
      vertex 81.2021 -46.2021 0
      vertex 88.5355 -53.5355 0
      vertex 88.2967 -53.7592 0
    endloop
  endfacet
  facet normal 0 0 -1
    outer loop
      vertex 81.2781 46.1209 0
      vertex 90 50 0
      vertex 81.3487 46.0349 0
    endloop
  endfacet
  facet normal 0 0 -1
    outer loop
      vertex 81.2021 -46.2021 0
      vertex 88.2967 -53.7592 0
      vertex 88.0438 -53.9668 0
    endloop
  endfacet
  facet normal 0 0 -1
    outer loop
      vertex 81.2021 46.2021 0
      vertex 90 50 0
      vertex 81.2781 46.1209 0
    endloop
  endfacet
  facet normal 0 0 -1
    outer loop
      vertex 81.2021 -46.2021 0
      vertex 88.0438 -53.9668 0
      vertex 87.7778 -54.1573 0
    endloop
  endfacet
  facet normal -0 0 -1
    outer loop
      vertex 90 50 0
      vertex 81.2021 46.2021 0
      vertex 89.9893 50.327 0
    endloop
  endfacet
  facet normal 0 0 -1
    outer loop
      vertex 81.2021 -46.2021 0
      vertex 87.7778 -54.1573 0
      vertex 87.5 -54.3301 0
    endloop
  endfacet
  facet normal -0 0 -1
    outer loop
      vertex 89.9893 50.327 0
      vertex 81.2021 46.2021 0
      vertex 89.9572 50.6526 0
    endloop
  endfacet
  facet normal 0 0 -1
    outer loop
      vertex 81.2021 -46.2021 0
      vertex 87.5 -54.3301 0
      vertex 87.2114 -54.4844 0
    endloop
  endfacet
  facet normal -0 0 -1
    outer loop
      vertex 89.9572 50.6526 0
      vertex 81.2021 46.2021 0
      vertex 89.9039 50.9754 0
    endloop
  endfacet
  facet normal 0 0 -1
    outer loop
      vertex 81.2021 -46.2021 0
      vertex 87.2114 -54.4844 0
      vertex 86.9134 -54.6194 0
    endloop
  endfacet
  facet normal -0 0 -1
    outer loop
      vertex 89.9039 50.9754 0
      vertex 81.2021 46.2021 0
      vertex 89.8296 51.2941 0
    endloop
  endfacet
  facet normal 0 0 -1
    outer loop
      vertex 81.2021 -46.2021 0
      vertex 86.9134 -54.6194 0
      vertex 86.6072 -54.7346 0
    endloop
  endfacet
  facet normal -0 0 -1
    outer loop
      vertex 89.8296 51.2941 0
      vertex 81.2021 46.2021 0
      vertex 89.7346 51.6072 0
    endloop
  endfacet
  facet normal 0 0 -1
    outer loop
      vertex 81.2021 -46.2021 0
      vertex 86.6072 -54.7346 0
      vertex 86.2941 -54.8296 0
    endloop
  endfacet
  facet normal -0 0 -1
    outer loop
      vertex 89.7346 51.6072 0
      vertex 81.2021 46.2021 0
      vertex 89.6194 51.9134 0
    endloop
  endfacet
  facet normal 0 0 -1
    outer loop
      vertex 81.2021 -46.2021 0
      vertex 86.2941 -54.8296 0
      vertex 85.9754 -54.9039 0
    endloop
  endfacet
  facet normal -0 0 -1
    outer loop
      vertex 89.6194 51.9134 0
      vertex 81.2021 46.2021 0
      vertex 89.4844 52.2114 0
    endloop
  endfacet
  facet normal 0 0 -1
    outer loop
      vertex 81.2021 -46.2021 0
      vertex 85.9754 -54.9039 0
      vertex 85.6526 -54.9572 0
    endloop
  endfacet
  facet normal -0 0 -1
    outer loop
      vertex 89.4844 52.2114 0
      vertex 81.2021 46.2021 0
      vertex 89.3301 52.5 0
    endloop
  endfacet
  facet normal 0 0 -1
    outer loop
      vertex 81.2021 -46.2021 0
      vertex 85.6526 -54.9572 0
      vertex 85.327 -54.9893 0
    endloop
  endfacet
  facet normal -0 0 -1
    outer loop
      vertex 89.3301 52.5 0
      vertex 81.2021 46.2021 0
      vertex 89.1573 52.7778 0
    endloop
  endfacet
  facet normal 0 0 -1
    outer loop
      vertex 81.2021 -46.2021 0
      vertex 85.327 -54.9893 0
      vertex 85 -55 0
    endloop
  endfacet
  facet normal -0 0 -1
    outer loop
      vertex 89.1573 52.7778 0
      vertex 81.2021 46.2021 0
      vertex 88.9668 53.0438 0
    endloop
  endfacet
  facet normal -0 0 -1
    outer loop
      vertex 88.9668 53.0438 0
      vertex 81.2021 46.2021 0
      vertex 88.7592 53.2967 0
    endloop
  endfacet
  facet normal 0 0 -1
    outer loop
      vertex 90 -50 0
      vertex 81.6964 -45.1112 0
      vertex 81.7 -45 0
    endloop
  endfacet
  facet normal 0 0 -1
    outer loop
      vertex 90 -50 0
      vertex 81.6855 -45.2219 0
      vertex 81.6964 -45.1112 0
    endloop
  endfacet
  facet normal 0 0 -1
    outer loop
      vertex 90 -50 0
      vertex 81.6673 -45.3317 0
      vertex 81.6855 -45.2219 0
    endloop
  endfacet
  facet normal 0 0 -1
    outer loop
      vertex 90 -50 0
      vertex 81.6421 -45.44 0
      vertex 81.6673 -45.3317 0
    endloop
  endfacet
  facet normal 0 0 -1
    outer loop
      vertex 90 -50 0
      vertex 81.6098 -45.5464 0
      vertex 81.6421 -45.44 0
    endloop
  endfacet
  facet normal 0 0 -1
    outer loop
      vertex 90 -50 0
      vertex 81.5706 -45.6506 0
      vertex 81.6098 -45.5464 0
    endloop
  endfacet
  facet normal 0 0 -1
    outer loop
      vertex 90 -50 0
      vertex 81.5247 -45.7519 0
      vertex 81.5706 -45.6506 0
    endloop
  endfacet
  facet normal 0 0 -1
    outer loop
      vertex 90 -50 0
      vertex 81.4722 -45.85 0
      vertex 81.5247 -45.7519 0
    endloop
  endfacet
  facet normal 0 0 -1
    outer loop
      vertex 90 -50 0
      vertex 81.4135 -45.9445 0
      vertex 81.4722 -45.85 0
    endloop
  endfacet
  facet normal 0 0 -1
    outer loop
      vertex 90 -50 0
      vertex 81.3487 -46.0349 0
      vertex 81.4135 -45.9445 0
    endloop
  endfacet
  facet normal 0 0 -1
    outer loop
      vertex 90 -50 0
      vertex 81.2781 -46.1209 0
      vertex 81.3487 -46.0349 0
    endloop
  endfacet
  facet normal 0 0 -1
    outer loop
      vertex 90 -50 0
      vertex 81.2021 -46.2021 0
      vertex 81.2781 -46.1209 0
    endloop
  endfacet
  facet normal 0 0 -1
    outer loop
      vertex 85 -55 0
      vertex 81.1209 -46.2781 0
      vertex 81.2021 -46.2021 0
    endloop
  endfacet
  facet normal 0 0 -1
    outer loop
      vertex 85 -55 0
      vertex 81.0349 -46.3487 0
      vertex 81.1209 -46.2781 0
    endloop
  endfacet
  facet normal 0 0 -1
    outer loop
      vertex 85 -55 0
      vertex 80.9445 -46.4135 0
      vertex 81.0349 -46.3487 0
    endloop
  endfacet
  facet normal 0 0 -1
    outer loop
      vertex 85 -55 0
      vertex 80.85 -46.4722 0
      vertex 80.9445 -46.4135 0
    endloop
  endfacet
  facet normal 0 0 -1
    outer loop
      vertex 85 -55 0
      vertex 80.7519 -46.5247 0
      vertex 80.85 -46.4722 0
    endloop
  endfacet
  facet normal 0 0 -1
    outer loop
      vertex 85 -55 0
      vertex 80.6506 -46.5706 0
      vertex 80.7519 -46.5247 0
    endloop
  endfacet
  facet normal 0 0 -1
    outer loop
      vertex 85 -55 0
      vertex 80.5464 -46.6098 0
      vertex 80.6506 -46.5706 0
    endloop
  endfacet
  facet normal 0 0 -1
    outer loop
      vertex 85 -55 0
      vertex 80.44 -46.6421 0
      vertex 80.5464 -46.6098 0
    endloop
  endfacet
  facet normal 0 0 -1
    outer loop
      vertex 85 -55 0
      vertex 80.3316 -46.6673 0
      vertex 80.44 -46.6421 0
    endloop
  endfacet
  facet normal 0 0 -1
    outer loop
      vertex 85 -55 0
      vertex 80.2219 -46.6855 0
      vertex 80.3316 -46.6673 0
    endloop
  endfacet
  facet normal 0 0 -1
    outer loop
      vertex 85 -55 0
      vertex 80.1112 -46.6964 0
      vertex 80.2219 -46.6855 0
    endloop
  endfacet
  facet normal 0 0 -1
    outer loop
      vertex 85 -55 0
      vertex 80 -46.7 0
      vertex 80.1112 -46.6964 0
    endloop
  endfacet
  facet normal 0 0 -1
    outer loop
      vertex 85 -55 0
      vertex 79.8888 -46.6964 0
      vertex 80 -46.7 0
    endloop
  endfacet
  facet normal 0 0 -1
    outer loop
      vertex 85 -55 0
      vertex 79.7781 -46.6855 0
      vertex 79.8888 -46.6964 0
    endloop
  endfacet
  facet normal 0 0 -1
    outer loop
      vertex 85 -55 0
      vertex 79.6684 -46.6673 0
      vertex 79.7781 -46.6855 0
    endloop
  endfacet
  facet normal 0 0 -1
    outer loop
      vertex 85 -55 0
      vertex 79.56 -46.6421 0
      vertex 79.6684 -46.6673 0
    endloop
  endfacet
  facet normal 0 0 -1
    outer loop
      vertex 85 -55 0
      vertex 79.4536 -46.6098 0
      vertex 79.56 -46.6421 0
    endloop
  endfacet
  facet normal 0 0 -1
    outer loop
      vertex 85 -55 0
      vertex 79.3494 -46.5706 0
      vertex 79.4536 -46.6098 0
    endloop
  endfacet
  facet normal 0 0 -1
    outer loop
      vertex 85 -55 0
      vertex 79.2481 -46.5247 0
      vertex 79.3494 -46.5706 0
    endloop
  endfacet
  facet normal 0 0 -1
    outer loop
      vertex 85 -55 0
      vertex 79.15 -46.4722 0
      vertex 79.2481 -46.5247 0
    endloop
  endfacet
  facet normal 0 0 -1
    outer loop
      vertex 85 -55 0
      vertex 79.0555 -46.4135 0
      vertex 79.15 -46.4722 0
    endloop
  endfacet
  facet normal 0 0 -1
    outer loop
      vertex 85 -55 0
      vertex 78.9651 -46.3487 0
      vertex 79.0555 -46.4135 0
    endloop
  endfacet
  facet normal 0 0 -1
    outer loop
      vertex 85 -55 0
      vertex 78.8791 -46.2781 0
      vertex 78.9651 -46.3487 0
    endloop
  endfacet
  facet normal 0 0 -1
    outer loop
      vertex 85 -55 0
      vertex 78.7979 -46.2021 0
      vertex 78.8791 -46.2781 0
    endloop
  endfacet
  facet normal 0 0 -1
    outer loop
      vertex 65.5 -39 0
      vertex 78.7979 -46.2021 0
      vertex 85 -55 0
    endloop
  endfacet
  facet normal 0 0 -1
    outer loop
      vertex 78.7979 -46.2021 0
      vertex 65.5 -39 0
      vertex 78.7219 -46.1209 0
    endloop
  endfacet
  facet normal 0 0 -1
    outer loop
      vertex 78.7219 -46.1209 0
      vertex 65.5 -39 0
      vertex 78.6513 -46.0349 0
    endloop
  endfacet
  facet normal 0 0 -1
    outer loop
      vertex 79.4536 -43.3902 0
      vertex 68.5 -39 0
      vertex 68.5 -31 0
    endloop
  endfacet
  facet normal 0 0 -1
    outer loop
      vertex 78.3036 -45.1112 0
      vertex 68.5 -39 0
      vertex 78.3 -45 0
    endloop
  endfacet
  facet normal 0 0 -1
    outer loop
      vertex 78.3145 -45.2219 0
      vertex 68.5 -39 0
      vertex 78.3036 -45.1112 0
    endloop
  endfacet
  facet normal 0 0 -1
    outer loop
      vertex 78.3327 -45.3317 0
      vertex 68.5 -39 0
      vertex 78.3145 -45.2219 0
    endloop
  endfacet
  facet normal 0 0 -1
    outer loop
      vertex 78.3579 -45.44 0
      vertex 68.5 -39 0
      vertex 78.3327 -45.3317 0
    endloop
  endfacet
  facet normal 0 0 -1
    outer loop
      vertex 78.3902 -45.5464 0
      vertex 68.5 -39 0
      vertex 78.3579 -45.44 0
    endloop
  endfacet
  facet normal 0 0 -1
    outer loop
      vertex 78.4294 -45.6506 0
      vertex 68.5 -39 0
      vertex 78.3902 -45.5464 0
    endloop
  endfacet
  facet normal 0 0 -1
    outer loop
      vertex 78.4753 -45.7519 0
      vertex 68.5 -39 0
      vertex 78.4294 -45.6506 0
    endloop
  endfacet
  facet normal 0 0 -1
    outer loop
      vertex 78.5278 -45.85 0
      vertex 68.5 -39 0
      vertex 78.4753 -45.7519 0
    endloop
  endfacet
  facet normal 0 0 -1
    outer loop
      vertex 65.5 -39 0
      vertex 78.5278 -45.85 0
      vertex 78.5865 -45.9445 0
    endloop
  endfacet
  facet normal 0 0 -1
    outer loop
      vertex 78.6513 -46.0349 0
      vertex 65.5 -39 0
      vertex 78.5865 -45.9445 0
    endloop
  endfacet
  facet normal 0 0 -1
    outer loop
      vertex 78.5278 -45.85 0
      vertex 65.5 -39 0
      vertex 68.5 -39 0
    endloop
  endfacet
  facet normal 0 0 -1
    outer loop
      vertex 4.5 -31 0
      vertex 65.5 -31 0
      vertex 65.5 -39 0
    endloop
  endfacet
  facet normal 0 0 -1
    outer loop
      vertex 65.5 -31 0
      vertex 4.5 -31 0
      vertex 65.5 31 0
    endloop
  endfacet
  facet normal 0 0 -1
    outer loop
      vertex 4.5 -31 0
      vertex 65.5 -39 0
      vertex 4.5 -39 0
    endloop
  endfacet
  facet normal 0 0 -1
    outer loop
      vertex 85 -55 0
      vertex 4.5 -39 0
      vertex 65.5 -39 0
    endloop
  endfacet
  facet normal 0 0 -1
    outer loop
      vertex 85 -55 0
      vertex 1.5 -39 0
      vertex 4.5 -39 0
    endloop
  endfacet
  facet normal 0 0 -1
    outer loop
      vertex -78.3036 -44.8888 0
      vertex 1.5 -39 0
      vertex -78.3 -45 0
    endloop
  endfacet
  facet normal 0 0 -1
    outer loop
      vertex -78.3145 -44.7781 0
      vertex 1.5 -39 0
      vertex -78.3036 -44.8888 0
    endloop
  endfacet
  facet normal 0 0 -1
    outer loop
      vertex -78.3327 -44.6683 0
      vertex 1.5 -39 0
      vertex -78.3145 -44.7781 0
    endloop
  endfacet
  facet normal 0 0 -1
    outer loop
      vertex -85 -55 0
      vertex 1.5 -39 0
      vertex 85 -55 0
    endloop
  endfacet
  facet normal 0 0 -1
    outer loop
      vertex 1.5 -39 0
      vertex -78.3036 -45.1112 0
      vertex -78.3 -45 0
    endloop
  endfacet
  facet normal 0 0 -1
    outer loop
      vertex 1.5 -39 0
      vertex -78.3145 -45.2219 0
      vertex -78.3036 -45.1112 0
    endloop
  endfacet
  facet normal 0 0 -1
    outer loop
      vertex 1.5 -39 0
      vertex -78.3327 -45.3317 0
      vertex -78.3145 -45.2219 0
    endloop
  endfacet
  facet normal 0 0 -1
    outer loop
      vertex 1.5 -39 0
      vertex -78.3579 -45.44 0
      vertex -78.3327 -45.3317 0
    endloop
  endfacet
  facet normal 0 0 -1
    outer loop
      vertex 1.5 -39 0
      vertex -78.3902 -45.5464 0
      vertex -78.3579 -45.44 0
    endloop
  endfacet
  facet normal 0 0 -1
    outer loop
      vertex 1.5 -39 0
      vertex -78.4294 -45.6506 0
      vertex -78.3902 -45.5464 0
    endloop
  endfacet
  facet normal 0 0 -1
    outer loop
      vertex 1.5 -39 0
      vertex -78.4753 -45.7519 0
      vertex -78.4294 -45.6506 0
    endloop
  endfacet
  facet normal 0 0 -1
    outer loop
      vertex 1.5 -39 0
      vertex -78.5278 -45.85 0
      vertex -78.4753 -45.7519 0
    endloop
  endfacet
  facet normal 0 0 -1
    outer loop
      vertex 1.5 -39 0
      vertex -78.5865 -45.9445 0
      vertex -78.5278 -45.85 0
    endloop
  endfacet
  facet normal 0 0 -1
    outer loop
      vertex 1.5 -39 0
      vertex -78.6513 -46.0349 0
      vertex -78.5865 -45.9445 0
    endloop
  endfacet
  facet normal 0 -0 -1
    outer loop
      vertex -78.7219 -46.1209 0
      vertex 1.5 -39 0
      vertex -85 -55 0
    endloop
  endfacet
  facet normal 0 0 -1
    outer loop
      vertex 1.5 -39 0
      vertex -78.7219 -46.1209 0
      vertex -78.6513 -46.0349 0
    endloop
  endfacet
  facet normal 0 0 -1
    outer loop
      vertex -78.7219 -46.1209 0
      vertex -85 -55 0
      vertex -78.7979 -46.2021 0
    endloop
  endfacet
  facet normal 0 0 -1
    outer loop
      vertex -78.7979 -46.2021 0
      vertex -85 -55 0
      vertex -78.8791 -46.2781 0
    endloop
  endfacet
  facet normal 0 0 -1
    outer loop
      vertex -78.8791 -46.2781 0
      vertex -85 -55 0
      vertex -78.9651 -46.3487 0
    endloop
  endfacet
  facet normal 0 0 -1
    outer loop
      vertex -78.9651 -46.3487 0
      vertex -85 -55 0
      vertex -79.0555 -46.4135 0
    endloop
  endfacet
  facet normal 0 0 -1
    outer loop
      vertex -79.0555 -46.4135 0
      vertex -85 -55 0
      vertex -79.15 -46.4722 0
    endloop
  endfacet
  facet normal 0 0 -1
    outer loop
      vertex -79.15 -46.4722 0
      vertex -85 -55 0
      vertex -79.2481 -46.5247 0
    endloop
  endfacet
  facet normal 0 0 -1
    outer loop
      vertex -79.2481 -46.5247 0
      vertex -85 -55 0
      vertex -79.3494 -46.5706 0
    endloop
  endfacet
  facet normal 0 0 -1
    outer loop
      vertex -79.3494 -46.5706 0
      vertex -85 -55 0
      vertex -79.4536 -46.6098 0
    endloop
  endfacet
  facet normal 0 0 -1
    outer loop
      vertex -79.4536 -46.6098 0
      vertex -85 -55 0
      vertex -79.56 -46.6421 0
    endloop
  endfacet
  facet normal 0 0 -1
    outer loop
      vertex -79.56 -46.6421 0
      vertex -85 -55 0
      vertex -79.6684 -46.6673 0
    endloop
  endfacet
  facet normal 0 0 -1
    outer loop
      vertex -79.6684 -46.6673 0
      vertex -85 -55 0
      vertex -79.7781 -46.6855 0
    endloop
  endfacet
  facet normal 0 0 -1
    outer loop
      vertex -79.7781 -46.6855 0
      vertex -85 -55 0
      vertex -79.8888 -46.6964 0
    endloop
  endfacet
  facet normal 0 0 -1
    outer loop
      vertex -79.8888 -46.6964 0
      vertex -85 -55 0
      vertex -80 -46.7 0
    endloop
  endfacet
  facet normal -0 0 -1
    outer loop
      vertex -81.6964 -45.1112 0
      vertex -90 -50 0
      vertex -81.7 -45 0
    endloop
  endfacet
  facet normal -0 0 -1
    outer loop
      vertex -81.6855 -45.2219 0
      vertex -90 -50 0
      vertex -81.6964 -45.1112 0
    endloop
  endfacet
  facet normal -0 0 -1
    outer loop
      vertex -81.6673 -45.3317 0
      vertex -90 -50 0
      vertex -81.6855 -45.2219 0
    endloop
  endfacet
  facet normal -0 0 -1
    outer loop
      vertex -81.6421 -45.44 0
      vertex -90 -50 0
      vertex -81.6673 -45.3317 0
    endloop
  endfacet
  facet normal -0 0 -1
    outer loop
      vertex -81.6098 -45.5464 0
      vertex -90 -50 0
      vertex -81.6421 -45.44 0
    endloop
  endfacet
  facet normal -0 0 -1
    outer loop
      vertex -81.5706 -45.6506 0
      vertex -90 -50 0
      vertex -81.6098 -45.5464 0
    endloop
  endfacet
  facet normal -0 0 -1
    outer loop
      vertex -81.5247 -45.7519 0
      vertex -90 -50 0
      vertex -81.5706 -45.6506 0
    endloop
  endfacet
  facet normal -0 0 -1
    outer loop
      vertex -81.4722 -45.85 0
      vertex -90 -50 0
      vertex -81.5247 -45.7519 0
    endloop
  endfacet
  facet normal -0 0 -1
    outer loop
      vertex -81.4135 -45.9445 0
      vertex -90 -50 0
      vertex -81.4722 -45.85 0
    endloop
  endfacet
  facet normal -0 0 -1
    outer loop
      vertex -81.3487 -46.0349 0
      vertex -90 -50 0
      vertex -81.4135 -45.9445 0
    endloop
  endfacet
  facet normal -0 0 -1
    outer loop
      vertex -81.2781 -46.1209 0
      vertex -90 -50 0
      vertex -81.3487 -46.0349 0
    endloop
  endfacet
  facet normal -0 0 -1
    outer loop
      vertex -81.2021 -46.2021 0
      vertex -90 -50 0
      vertex -81.2781 -46.1209 0
    endloop
  endfacet
  facet normal 0 0 -1
    outer loop
      vertex -90 -50 0
      vertex -81.2021 -46.2021 0
      vertex -85 -55 0
    endloop
  endfacet
  facet normal -0 0 -1
    outer loop
      vertex -81.1209 -46.2781 0
      vertex -85 -55 0
      vertex -81.2021 -46.2021 0
    endloop
  endfacet
  facet normal -0 0 -1
    outer loop
      vertex -81.0349 -46.3487 0
      vertex -85 -55 0
      vertex -81.1209 -46.2781 0
    endloop
  endfacet
  facet normal -0 0 -1
    outer loop
      vertex -80.9445 -46.4135 0
      vertex -85 -55 0
      vertex -81.0349 -46.3487 0
    endloop
  endfacet
  facet normal -0 0 -1
    outer loop
      vertex -80.85 -46.4722 0
      vertex -85 -55 0
      vertex -80.9445 -46.4135 0
    endloop
  endfacet
  facet normal -0 0 -1
    outer loop
      vertex -80.7519 -46.5247 0
      vertex -85 -55 0
      vertex -80.85 -46.4722 0
    endloop
  endfacet
  facet normal -0 0 -1
    outer loop
      vertex -80.6506 -46.5706 0
      vertex -85 -55 0
      vertex -80.7519 -46.5247 0
    endloop
  endfacet
  facet normal -0 0 -1
    outer loop
      vertex -80.5464 -46.6098 0
      vertex -85 -55 0
      vertex -80.6506 -46.5706 0
    endloop
  endfacet
  facet normal -0 0 -1
    outer loop
      vertex -80.44 -46.6421 0
      vertex -85 -55 0
      vertex -80.5464 -46.6098 0
    endloop
  endfacet
  facet normal -0 0 -1
    outer loop
      vertex -80.3316 -46.6673 0
      vertex -85 -55 0
      vertex -80.44 -46.6421 0
    endloop
  endfacet
  facet normal -0 0 -1
    outer loop
      vertex -80.2219 -46.6855 0
      vertex -85 -55 0
      vertex -80.3316 -46.6673 0
    endloop
  endfacet
  facet normal -0 0 -1
    outer loop
      vertex -80.1112 -46.6964 0
      vertex -85 -55 0
      vertex -80.2219 -46.6855 0
    endloop
  endfacet
  facet normal -0 0 -1
    outer loop
      vertex -80 -46.7 0
      vertex -85 -55 0
      vertex -80.1112 -46.6964 0
    endloop
  endfacet
  facet normal -0 0 -1
    outer loop
      vertex 88.7592 53.2967 0
      vertex 81.2021 46.2021 0
      vertex 88.5355 53.5355 0
    endloop
  endfacet
  facet normal -0 0 -1
    outer loop
      vertex 88.5355 53.5355 0
      vertex 81.2021 46.2021 0
      vertex 88.2967 53.7592 0
    endloop
  endfacet
  facet normal -0 0 -1
    outer loop
      vertex 88.2967 53.7592 0
      vertex 81.2021 46.2021 0
      vertex 88.0438 53.9668 0
    endloop
  endfacet
  facet normal -0 0 -1
    outer loop
      vertex 88.0438 53.9668 0
      vertex 81.2021 46.2021 0
      vertex 87.7778 54.1573 0
    endloop
  endfacet
  facet normal -0 0 -1
    outer loop
      vertex 87.7778 54.1573 0
      vertex 81.2021 46.2021 0
      vertex 87.5 54.3301 0
    endloop
  endfacet
  facet normal -0 0 -1
    outer loop
      vertex 87.5 54.3301 0
      vertex 81.2021 46.2021 0
      vertex 87.2114 54.4844 0
    endloop
  endfacet
  facet normal -0 0 -1
    outer loop
      vertex 87.2114 54.4844 0
      vertex 81.2021 46.2021 0
      vertex 86.9134 54.6194 0
    endloop
  endfacet
  facet normal -0 0 -1
    outer loop
      vertex 86.9134 54.6194 0
      vertex 81.2021 46.2021 0
      vertex 86.6072 54.7346 0
    endloop
  endfacet
  facet normal -0 0 -1
    outer loop
      vertex 86.6072 54.7346 0
      vertex 81.2021 46.2021 0
      vertex 86.2941 54.8296 0
    endloop
  endfacet
  facet normal -0 0 -1
    outer loop
      vertex 86.2941 54.8296 0
      vertex 81.2021 46.2021 0
      vertex 85.9754 54.9039 0
    endloop
  endfacet
  facet normal -0 0 -1
    outer loop
      vertex 85.9754 54.9039 0
      vertex 81.2021 46.2021 0
      vertex 85.6526 54.9572 0
    endloop
  endfacet
  facet normal -0 0 -1
    outer loop
      vertex 85.6526 54.9572 0
      vertex 81.2021 46.2021 0
      vertex 85.327 54.9893 0
    endloop
  endfacet
  facet normal -0 0 -1
    outer loop
      vertex 85.327 54.9893 0
      vertex 81.2021 46.2021 0
      vertex 85 55 0
    endloop
  endfacet
  facet normal 0 0 -1
    outer loop
      vertex 81.1209 46.2781 0
      vertex 85 55 0
      vertex 81.2021 46.2021 0
    endloop
  endfacet
  facet normal 0 0 -1
    outer loop
      vertex 81.0349 46.3487 0
      vertex 85 55 0
      vertex 81.1209 46.2781 0
    endloop
  endfacet
  facet normal 0 0 -1
    outer loop
      vertex 80.9445 46.4135 0
      vertex 85 55 0
      vertex 81.0349 46.3487 0
    endloop
  endfacet
  facet normal 0 0 -1
    outer loop
      vertex 80.85 46.4722 0
      vertex 85 55 0
      vertex 80.9445 46.4135 0
    endloop
  endfacet
  facet normal 0 0 -1
    outer loop
      vertex 80.7519 46.5247 0
      vertex 85 55 0
      vertex 80.85 46.4722 0
    endloop
  endfacet
  facet normal 0 0 -1
    outer loop
      vertex 80.6506 46.5706 0
      vertex 85 55 0
      vertex 80.7519 46.5247 0
    endloop
  endfacet
  facet normal 0 0 -1
    outer loop
      vertex 80.5464 46.6098 0
      vertex 85 55 0
      vertex 80.6506 46.5706 0
    endloop
  endfacet
  facet normal 0 0 -1
    outer loop
      vertex 80.44 46.6421 0
      vertex 85 55 0
      vertex 80.5464 46.6098 0
    endloop
  endfacet
  facet normal 0 0 -1
    outer loop
      vertex 80.3316 46.6673 0
      vertex 85 55 0
      vertex 80.44 46.6421 0
    endloop
  endfacet
  facet normal 0 0 -1
    outer loop
      vertex 80.2219 46.6855 0
      vertex 85 55 0
      vertex 80.3316 46.6673 0
    endloop
  endfacet
  facet normal 0 0 -1
    outer loop
      vertex 80.1112 46.6964 0
      vertex 85 55 0
      vertex 80.2219 46.6855 0
    endloop
  endfacet
  facet normal 0 0 -1
    outer loop
      vertex 80 46.7 0
      vertex 85 55 0
      vertex 80.1112 46.6964 0
    endloop
  endfacet
  facet normal 0 0 -1
    outer loop
      vertex 79.8888 46.6964 0
      vertex 85 55 0
      vertex 80 46.7 0
    endloop
  endfacet
  facet normal 0 0 -1
    outer loop
      vertex 79.7781 46.6855 0
      vertex 85 55 0
      vertex 79.8888 46.6964 0
    endloop
  endfacet
  facet normal 0 0 -1
    outer loop
      vertex 79.6684 46.6673 0
      vertex 85 55 0
      vertex 79.7781 46.6855 0
    endloop
  endfacet
  facet normal 0 0 -1
    outer loop
      vertex 79.56 46.6421 0
      vertex 85 55 0
      vertex 79.6684 46.6673 0
    endloop
  endfacet
  facet normal 0 0 -1
    outer loop
      vertex 79.4536 46.6098 0
      vertex 85 55 0
      vertex 79.56 46.6421 0
    endloop
  endfacet
  facet normal 0 0 -1
    outer loop
      vertex 79.3494 46.5706 0
      vertex 85 55 0
      vertex 79.4536 46.6098 0
    endloop
  endfacet
  facet normal 0 0 -1
    outer loop
      vertex 79.2481 46.5247 0
      vertex 85 55 0
      vertex 79.3494 46.5706 0
    endloop
  endfacet
  facet normal 0 0 -1
    outer loop
      vertex 79.15 46.4722 0
      vertex 85 55 0
      vertex 79.2481 46.5247 0
    endloop
  endfacet
  facet normal 0 0 -1
    outer loop
      vertex 79.0555 46.4135 0
      vertex 85 55 0
      vertex 79.15 46.4722 0
    endloop
  endfacet
  facet normal 0 0 -1
    outer loop
      vertex 78.9651 46.3487 0
      vertex 85 55 0
      vertex 79.0555 46.4135 0
    endloop
  endfacet
  facet normal 0 0 -1
    outer loop
      vertex 78.8791 46.2781 0
      vertex 85 55 0
      vertex 78.9651 46.3487 0
    endloop
  endfacet
  facet normal 0 0 -1
    outer loop
      vertex 78.7979 46.2021 0
      vertex 85 55 0
      vertex 78.8791 46.2781 0
    endloop
  endfacet
  facet normal 0 0 -1
    outer loop
      vertex 65.5 39 0
      vertex 78.7979 46.2021 0
      vertex 78.7219 46.1209 0
    endloop
  endfacet
  facet normal 0 0 -1
    outer loop
      vertex 65.5 39 0
      vertex 78.7219 46.1209 0
      vertex 78.6513 46.0349 0
    endloop
  endfacet
  facet normal 0 0 -1
    outer loop
      vertex 65.5 39 0
      vertex 78.6513 46.0349 0
      vertex 78.5865 45.9445 0
    endloop
  endfacet
  facet normal -0 0 -1
    outer loop
      vertex 78.3327 44.6683 0
      vertex 68.5 39 0
      vertex 78.3145 44.7781 0
    endloop
  endfacet
  facet normal -0 0 -1
    outer loop
      vertex 78.3145 44.7781 0
      vertex 68.5 39 0
      vertex 78.3036 44.8888 0
    endloop
  endfacet
  facet normal -0 0 -1
    outer loop
      vertex 78.3036 44.8888 0
      vertex 68.5 39 0
      vertex 78.3 45 0
    endloop
  endfacet
  facet normal -0 0 -1
    outer loop
      vertex 78.3 45 0
      vertex 68.5 39 0
      vertex 78.3036 45.1112 0
    endloop
  endfacet
  facet normal -0 0 -1
    outer loop
      vertex 78.3036 45.1112 0
      vertex 68.5 39 0
      vertex 78.3145 45.2219 0
    endloop
  endfacet
  facet normal -0 0 -1
    outer loop
      vertex 78.3145 45.2219 0
      vertex 68.5 39 0
      vertex 78.3327 45.3317 0
    endloop
  endfacet
  facet normal -0 0 -1
    outer loop
      vertex 78.3327 45.3317 0
      vertex 68.5 39 0
      vertex 78.3579 45.44 0
    endloop
  endfacet
  facet normal -0 0 -1
    outer loop
      vertex 78.3579 45.44 0
      vertex 68.5 39 0
      vertex 78.3902 45.5464 0
    endloop
  endfacet
  facet normal -0 0 -1
    outer loop
      vertex 78.3902 45.5464 0
      vertex 68.5 39 0
      vertex 78.4294 45.6506 0
    endloop
  endfacet
  facet normal -0 0 -1
    outer loop
      vertex 78.4294 45.6506 0
      vertex 68.5 39 0
      vertex 78.4753 45.7519 0
    endloop
  endfacet
  facet normal -0 0 -1
    outer loop
      vertex 78.4753 45.7519 0
      vertex 68.5 39 0
      vertex 78.5278 45.85 0
    endloop
  endfacet
  facet normal 0 0 -1
    outer loop
      vertex 65.5 39 0
      vertex 78.5278 45.85 0
      vertex 68.5 39 0
    endloop
  endfacet
  facet normal -0 0 -1
    outer loop
      vertex 78.5278 45.85 0
      vertex 65.5 39 0
      vertex 78.5865 45.9445 0
    endloop
  endfacet
  facet normal -0 0 -1
    outer loop
      vertex 78.7979 46.2021 0
      vertex 65.5 39 0
      vertex 85 55 0
    endloop
  endfacet
  facet normal 0 0 -1
    outer loop
      vertex 4.5 31 0
      vertex 65.5 31 0
      vertex 4.5 -31 0
    endloop
  endfacet
  facet normal 0 0 -1
    outer loop
      vertex 65.5 31 0
      vertex 4.5 31 0
      vertex 65.5 39 0
    endloop
  endfacet
  facet normal 0 0 -1
    outer loop
      vertex 4.5 39 0
      vertex 65.5 39 0
      vertex 4.5 31 0
    endloop
  endfacet
  facet normal 0 0 -1
    outer loop
      vertex 65.5 39 0
      vertex 4.5 39 0
      vertex 85 55 0
    endloop
  endfacet
  facet normal 0 0 -1
    outer loop
      vertex 1.5 39 0
      vertex 85 55 0
      vertex 4.5 39 0
    endloop
  endfacet
  facet normal 0 0 -1
    outer loop
      vertex 1.5 31 0
      vertex -78.3 45 0
      vertex 1.5 39 0
    endloop
  endfacet
  facet normal 0 0 -1
    outer loop
      vertex -78.3036 45.1112 0
      vertex 1.5 39 0
      vertex -78.3 45 0
    endloop
  endfacet
  facet normal 0 0 -1
    outer loop
      vertex -78.3145 45.2219 0
      vertex 1.5 39 0
      vertex -78.3036 45.1112 0
    endloop
  endfacet
  facet normal 0 0 -1
    outer loop
      vertex -78.3327 45.3317 0
      vertex 1.5 39 0
      vertex -78.3145 45.2219 0
    endloop
  endfacet
  facet normal 0 0 -1
    outer loop
      vertex -78.3579 45.44 0
      vertex 1.5 39 0
      vertex -78.3327 45.3317 0
    endloop
  endfacet
  facet normal 0 0 -1
    outer loop
      vertex -78.3902 45.5464 0
      vertex 1.5 39 0
      vertex -78.3579 45.44 0
    endloop
  endfacet
  facet normal 0 0 -1
    outer loop
      vertex -78.4294 45.6506 0
      vertex 1.5 39 0
      vertex -78.3902 45.5464 0
    endloop
  endfacet
  facet normal 0 0 -1
    outer loop
      vertex -78.4753 45.7519 0
      vertex 1.5 39 0
      vertex -78.4294 45.6506 0
    endloop
  endfacet
  facet normal 0 0 -1
    outer loop
      vertex -78.5278 45.85 0
      vertex 1.5 39 0
      vertex -78.4753 45.7519 0
    endloop
  endfacet
  facet normal 0 0 -1
    outer loop
      vertex -78.5865 45.9445 0
      vertex 1.5 39 0
      vertex -78.5278 45.85 0
    endloop
  endfacet
  facet normal 0 0 -1
    outer loop
      vertex -78.6513 46.0349 0
      vertex 1.5 39 0
      vertex -78.5865 45.9445 0
    endloop
  endfacet
  facet normal 0 0 -1
    outer loop
      vertex -78.7219 46.1209 0
      vertex 1.5 39 0
      vertex -78.6513 46.0349 0
    endloop
  endfacet
  facet normal 0 0 -1
    outer loop
      vertex 1.5 39 0
      vertex -78.7219 46.1209 0
      vertex -85 55 0
    endloop
  endfacet
  facet normal 0 0 -1
    outer loop
      vertex -85 55 0
      vertex -78.7219 46.1209 0
      vertex -78.7979 46.2021 0
    endloop
  endfacet
  facet normal 0 0 -1
    outer loop
      vertex -85 55 0
      vertex -78.7979 46.2021 0
      vertex -78.8791 46.2781 0
    endloop
  endfacet
  facet normal 0 0 -1
    outer loop
      vertex -85 55 0
      vertex -78.8791 46.2781 0
      vertex -78.9651 46.3487 0
    endloop
  endfacet
  facet normal 0 0 -1
    outer loop
      vertex -85 55 0
      vertex -78.9651 46.3487 0
      vertex -79.0555 46.4135 0
    endloop
  endfacet
  facet normal 0 0 -1
    outer loop
      vertex -85 55 0
      vertex -79.0555 46.4135 0
      vertex -79.15 46.4722 0
    endloop
  endfacet
  facet normal 0 0 -1
    outer loop
      vertex -85 55 0
      vertex -79.15 46.4722 0
      vertex -79.2481 46.5247 0
    endloop
  endfacet
  facet normal 0 0 -1
    outer loop
      vertex -85 55 0
      vertex -79.2481 46.5247 0
      vertex -79.3494 46.5706 0
    endloop
  endfacet
  facet normal 0 0 -1
    outer loop
      vertex -85 55 0
      vertex -79.3494 46.5706 0
      vertex -79.4536 46.6098 0
    endloop
  endfacet
  facet normal 0 0 -1
    outer loop
      vertex -85 55 0
      vertex -79.4536 46.6098 0
      vertex -79.56 46.6421 0
    endloop
  endfacet
  facet normal 0 0 -1
    outer loop
      vertex -85 55 0
      vertex -79.56 46.6421 0
      vertex -79.6684 46.6673 0
    endloop
  endfacet
  facet normal 0 0 -1
    outer loop
      vertex -85 55 0
      vertex -79.6684 46.6673 0
      vertex -79.7781 46.6855 0
    endloop
  endfacet
  facet normal 0 0 -1
    outer loop
      vertex -85 55 0
      vertex -79.7781 46.6855 0
      vertex -79.8888 46.6964 0
    endloop
  endfacet
  facet normal 0 0 -1
    outer loop
      vertex -85 55 0
      vertex -79.8888 46.6964 0
      vertex -80 46.7 0
    endloop
  endfacet
  facet normal 0 0 -1
    outer loop
      vertex -85 55 0
      vertex -80 46.7 0
      vertex -80.1112 46.6964 0
    endloop
  endfacet
  facet normal 0 0 -1
    outer loop
      vertex -81.6855 44.7781 0
      vertex -90 50 0
      vertex -81.6964 44.8888 0
    endloop
  endfacet
  facet normal 0 0 -1
    outer loop
      vertex 1.5 39 0
      vertex -85 55 0
      vertex 85 55 0
    endloop
  endfacet
  facet normal 0 0 -1
    outer loop
      vertex -80.2219 46.6855 0
      vertex -85 55 0
      vertex -80.1112 46.6964 0
    endloop
  endfacet
  facet normal 0 0 -1
    outer loop
      vertex -80.3316 46.6673 0
      vertex -85 55 0
      vertex -80.2219 46.6855 0
    endloop
  endfacet
  facet normal 0 0 -1
    outer loop
      vertex -80.44 46.6421 0
      vertex -85 55 0
      vertex -80.3316 46.6673 0
    endloop
  endfacet
  facet normal 0 0 -1
    outer loop
      vertex -80.5464 46.6098 0
      vertex -85 55 0
      vertex -80.44 46.6421 0
    endloop
  endfacet
  facet normal 0 0 -1
    outer loop
      vertex -80.6506 46.5706 0
      vertex -85 55 0
      vertex -80.5464 46.6098 0
    endloop
  endfacet
  facet normal 0 0 -1
    outer loop
      vertex -80.7519 46.5247 0
      vertex -85 55 0
      vertex -80.6506 46.5706 0
    endloop
  endfacet
  facet normal 0 0 -1
    outer loop
      vertex -80.85 46.4722 0
      vertex -85 55 0
      vertex -80.7519 46.5247 0
    endloop
  endfacet
  facet normal 0 0 -1
    outer loop
      vertex -80.9445 46.4135 0
      vertex -85 55 0
      vertex -80.85 46.4722 0
    endloop
  endfacet
  facet normal 0 0 -1
    outer loop
      vertex -81.0349 46.3487 0
      vertex -85 55 0
      vertex -80.9445 46.4135 0
    endloop
  endfacet
  facet normal 0 0 -1
    outer loop
      vertex -81.1209 46.2781 0
      vertex -85 55 0
      vertex -81.0349 46.3487 0
    endloop
  endfacet
  facet normal 0 0 -1
    outer loop
      vertex -81.2021 46.2021 0
      vertex -85 55 0
      vertex -81.1209 46.2781 0
    endloop
  endfacet
  facet normal 0 0 -1
    outer loop
      vertex -90 50 0
      vertex -81.2021 46.2021 0
      vertex -81.2781 46.1209 0
    endloop
  endfacet
  facet normal 0 0 -1
    outer loop
      vertex -90 50 0
      vertex -81.2781 46.1209 0
      vertex -81.3487 46.0349 0
    endloop
  endfacet
  facet normal 0 0 -1
    outer loop
      vertex -90 50 0
      vertex -81.3487 46.0349 0
      vertex -81.4135 45.9445 0
    endloop
  endfacet
  facet normal 0 0 -1
    outer loop
      vertex -90 50 0
      vertex -81.4135 45.9445 0
      vertex -81.4722 45.85 0
    endloop
  endfacet
  facet normal 0 0 -1
    outer loop
      vertex -90 50 0
      vertex -81.4722 45.85 0
      vertex -81.5247 45.7519 0
    endloop
  endfacet
  facet normal 0 0 -1
    outer loop
      vertex -90 50 0
      vertex -81.5247 45.7519 0
      vertex -81.5706 45.6506 0
    endloop
  endfacet
  facet normal 0 0 -1
    outer loop
      vertex -90 50 0
      vertex -81.5706 45.6506 0
      vertex -81.6098 45.5464 0
    endloop
  endfacet
  facet normal 0 0 -1
    outer loop
      vertex -90 50 0
      vertex -81.6098 45.5464 0
      vertex -81.6421 45.44 0
    endloop
  endfacet
  facet normal 0 0 -1
    outer loop
      vertex -90 50 0
      vertex -81.6421 45.44 0
      vertex -81.6673 45.3317 0
    endloop
  endfacet
  facet normal 0 0 -1
    outer loop
      vertex -90 50 0
      vertex -81.6673 45.3317 0
      vertex -81.6855 45.2219 0
    endloop
  endfacet
  facet normal 0 0 -1
    outer loop
      vertex -90 50 0
      vertex -81.6855 45.2219 0
      vertex -81.6964 45.1112 0
    endloop
  endfacet
  facet normal 0 0 -1
    outer loop
      vertex -81.6964 44.8888 0
      vertex -90 50 0
      vertex -81.7 45 0
    endloop
  endfacet
  facet normal 0 0 -1
    outer loop
      vertex -90 -50 0
      vertex -85 -55 0
      vertex -85.327 -54.9893 0
    endloop
  endfacet
  facet normal 0 0 -1
    outer loop
      vertex -81.7 45 0
      vertex -90 50 0
      vertex -81.6964 45.1112 0
    endloop
  endfacet
  facet normal 0 0 -1
    outer loop
      vertex -90 -50 0
      vertex -85.327 -54.9893 0
      vertex -85.6526 -54.9572 0
    endloop
  endfacet
  facet normal 0 0 -1
    outer loop
      vertex -81.2021 46.2021 0
      vertex -90 50 0
      vertex -85 55 0
    endloop
  endfacet
  facet normal 0 0 -1
    outer loop
      vertex -90 -50 0
      vertex -85.6526 -54.9572 0
      vertex -85.9754 -54.9039 0
    endloop
  endfacet
  facet normal 0 0 -1
    outer loop
      vertex -85 55 0
      vertex -90 50 0
      vertex -85.327 54.9893 0
    endloop
  endfacet
  facet normal 0 0 -1
    outer loop
      vertex -90 -50 0
      vertex -85.9754 -54.9039 0
      vertex -86.2941 -54.8296 0
    endloop
  endfacet
  facet normal 0 0 -1
    outer loop
      vertex -85.327 54.9893 0
      vertex -90 50 0
      vertex -85.6526 54.9572 0
    endloop
  endfacet
  facet normal 0 0 -1
    outer loop
      vertex -90 -50 0
      vertex -86.2941 -54.8296 0
      vertex -86.6072 -54.7346 0
    endloop
  endfacet
  facet normal 0 0 -1
    outer loop
      vertex -85.6526 54.9572 0
      vertex -90 50 0
      vertex -85.9754 54.9039 0
    endloop
  endfacet
  facet normal 0 0 -1
    outer loop
      vertex -90 -50 0
      vertex -86.6072 -54.7346 0
      vertex -86.9134 -54.6194 0
    endloop
  endfacet
  facet normal 0 0 -1
    outer loop
      vertex -85.9754 54.9039 0
      vertex -90 50 0
      vertex -86.2941 54.8296 0
    endloop
  endfacet
  facet normal 0 0 -1
    outer loop
      vertex -90 -50 0
      vertex -86.9134 -54.6194 0
      vertex -87.2114 -54.4844 0
    endloop
  endfacet
  facet normal 0 0 -1
    outer loop
      vertex -86.2941 54.8296 0
      vertex -90 50 0
      vertex -86.6072 54.7346 0
    endloop
  endfacet
  facet normal 0 0 -1
    outer loop
      vertex -90 -50 0
      vertex -87.2114 -54.4844 0
      vertex -87.5 -54.3301 0
    endloop
  endfacet
  facet normal 0 0 -1
    outer loop
      vertex -86.6072 54.7346 0
      vertex -90 50 0
      vertex -86.9134 54.6194 0
    endloop
  endfacet
  facet normal 0 0 -1
    outer loop
      vertex -90 -50 0
      vertex -87.5 -54.3301 0
      vertex -87.7778 -54.1573 0
    endloop
  endfacet
  facet normal 0 0 -1
    outer loop
      vertex -86.9134 54.6194 0
      vertex -90 50 0
      vertex -87.2114 54.4844 0
    endloop
  endfacet
  facet normal 0 0 -1
    outer loop
      vertex -90 -50 0
      vertex -87.7778 -54.1573 0
      vertex -88.0438 -53.9668 0
    endloop
  endfacet
  facet normal 0 0 -1
    outer loop
      vertex -87.2114 54.4844 0
      vertex -90 50 0
      vertex -87.5 54.3301 0
    endloop
  endfacet
  facet normal 0 0 -1
    outer loop
      vertex -90 -50 0
      vertex -88.0438 -53.9668 0
      vertex -88.2967 -53.7592 0
    endloop
  endfacet
  facet normal 0 0 -1
    outer loop
      vertex -87.5 54.3301 0
      vertex -90 50 0
      vertex -87.7778 54.1573 0
    endloop
  endfacet
  facet normal 0 0 -1
    outer loop
      vertex -90 -50 0
      vertex -88.2967 -53.7592 0
      vertex -88.5355 -53.5355 0
    endloop
  endfacet
  facet normal 0 0 -1
    outer loop
      vertex -87.7778 54.1573 0
      vertex -90 50 0
      vertex -88.0438 53.9668 0
    endloop
  endfacet
  facet normal 0 0 -1
    outer loop
      vertex -90 -50 0
      vertex -88.5355 -53.5355 0
      vertex -88.7592 -53.2967 0
    endloop
  endfacet
  facet normal 0 0 -1
    outer loop
      vertex -88.0438 53.9668 0
      vertex -90 50 0
      vertex -88.2967 53.7592 0
    endloop
  endfacet
  facet normal 0 0 -1
    outer loop
      vertex -90 -50 0
      vertex -88.7592 -53.2967 0
      vertex -88.9668 -53.0438 0
    endloop
  endfacet
  facet normal 0 0 -1
    outer loop
      vertex -88.2967 53.7592 0
      vertex -90 50 0
      vertex -88.5355 53.5355 0
    endloop
  endfacet
  facet normal 0 0 -1
    outer loop
      vertex -90 -50 0
      vertex -88.9668 -53.0438 0
      vertex -89.1573 -52.7778 0
    endloop
  endfacet
  facet normal 0 0 -1
    outer loop
      vertex -88.5355 53.5355 0
      vertex -90 50 0
      vertex -88.7592 53.2967 0
    endloop
  endfacet
  facet normal 0 0 -1
    outer loop
      vertex -90 -50 0
      vertex -89.1573 -52.7778 0
      vertex -89.3301 -52.5 0
    endloop
  endfacet
  facet normal 0 0 -1
    outer loop
      vertex -88.7592 53.2967 0
      vertex -90 50 0
      vertex -88.9668 53.0438 0
    endloop
  endfacet
  facet normal 0 0 -1
    outer loop
      vertex -90 -50 0
      vertex -89.3301 -52.5 0
      vertex -89.4844 -52.2114 0
    endloop
  endfacet
  facet normal 0 0 -1
    outer loop
      vertex -88.9668 53.0438 0
      vertex -90 50 0
      vertex -89.1573 52.7778 0
    endloop
  endfacet
  facet normal 0 0 -1
    outer loop
      vertex -90 -50 0
      vertex -89.4844 -52.2114 0
      vertex -89.6194 -51.9134 0
    endloop
  endfacet
  facet normal 0 0 -1
    outer loop
      vertex -89.1573 52.7778 0
      vertex -90 50 0
      vertex -89.3301 52.5 0
    endloop
  endfacet
  facet normal 0 0 -1
    outer loop
      vertex -90 -50 0
      vertex -89.6194 -51.9134 0
      vertex -89.7346 -51.6072 0
    endloop
  endfacet
  facet normal 0 0 -1
    outer loop
      vertex -89.3301 52.5 0
      vertex -90 50 0
      vertex -89.4844 52.2114 0
    endloop
  endfacet
  facet normal 0 0 -1
    outer loop
      vertex -90 -50 0
      vertex -89.7346 -51.6072 0
      vertex -89.8296 -51.2941 0
    endloop
  endfacet
  facet normal 0 0 -1
    outer loop
      vertex -89.4844 52.2114 0
      vertex -90 50 0
      vertex -89.6194 51.9134 0
    endloop
  endfacet
  facet normal 0 0 -1
    outer loop
      vertex -90 -50 0
      vertex -89.8296 -51.2941 0
      vertex -89.9039 -50.9754 0
    endloop
  endfacet
  facet normal 0 0 -1
    outer loop
      vertex -89.6194 51.9134 0
      vertex -90 50 0
      vertex -89.7346 51.6072 0
    endloop
  endfacet
  facet normal 0 0 -1
    outer loop
      vertex -90 -50 0
      vertex -89.9039 -50.9754 0
      vertex -89.9572 -50.6526 0
    endloop
  endfacet
  facet normal 0 0 -1
    outer loop
      vertex -89.7346 51.6072 0
      vertex -90 50 0
      vertex -89.8296 51.2941 0
    endloop
  endfacet
  facet normal 0 0 -1
    outer loop
      vertex -90 -50 0
      vertex -89.9572 -50.6526 0
      vertex -89.9893 -50.327 0
    endloop
  endfacet
  facet normal 0 0 -1
    outer loop
      vertex -89.8296 51.2941 0
      vertex -90 50 0
      vertex -89.9039 50.9754 0
    endloop
  endfacet
  facet normal 0 0 -1
    outer loop
      vertex -89.9039 50.9754 0
      vertex -90 50 0
      vertex -89.9572 50.6526 0
    endloop
  endfacet
  facet normal 0 0 -1
    outer loop
      vertex -89.9572 50.6526 0
      vertex -90 50 0
      vertex -89.9893 50.327 0
    endloop
  endfacet
  facet normal -0.683656 -0.729804 0
    outer loop
      vertex -88.5355 -53.5355 0
      vertex -88.2967 -53.7592 3
      vertex -88.5355 -53.5355 3
    endloop
  endfacet
  facet normal -0.683656 -0.729804 -0
    outer loop
      vertex -88.2967 -53.7592 3
      vertex -88.5355 -53.5355 0
      vertex -88.2967 -53.7592 0
    endloop
  endfacet
  facet normal -0.986641 -0.162912 0
    outer loop
      vertex -89.9039 -50.9754 0
      vertex -89.9572 -50.6526 3
      vertex -89.9572 -50.6526 0
    endloop
  endfacet
  facet normal -0.986641 -0.162912 0
    outer loop
      vertex -89.9572 -50.6526 3
      vertex -89.9039 -50.9754 0
      vertex -89.9039 -50.9754 3
    endloop
  endfacet
  facet normal -0.910889 -0.412651 0
    outer loop
      vertex -89.4844 -52.2114 0
      vertex -89.6194 -51.9134 3
      vertex -89.6194 -51.9134 0
    endloop
  endfacet
  facet normal -0.910889 -0.412651 0
    outer loop
      vertex -89.6194 -51.9134 3
      vertex -89.4844 -52.2114 0
      vertex -89.4844 -52.2114 3
    endloop
  endfacet
  facet normal -0.956922 -0.290347 0
    outer loop
      vertex -89.7346 -51.6072 0
      vertex -89.8296 -51.2941 3
      vertex -89.8296 -51.2941 0
    endloop
  endfacet
  facet normal -0.956922 -0.290347 0
    outer loop
      vertex -89.8296 -51.2941 3
      vertex -89.7346 -51.6072 0
      vertex -89.7346 -51.6072 3
    endloop
  endfacet
  facet normal -0.772935 -0.634485 0
    outer loop
      vertex -88.7592 -53.2967 0
      vertex -88.9668 -53.0438 3
      vertex -88.9668 -53.0438 0
    endloop
  endfacet
  facet normal -0.772935 -0.634485 0
    outer loop
      vertex -88.9668 -53.0438 3
      vertex -88.7592 -53.2967 0
      vertex -88.7592 -53.2967 3
    endloop
  endfacet
  facet normal -0.412651 -0.910889 0
    outer loop
      vertex -87.2114 -54.4844 0
      vertex -86.9134 -54.6194 3
      vertex -87.2114 -54.4844 3
    endloop
  endfacet
  facet normal -0.412651 -0.910889 -0
    outer loop
      vertex -86.9134 -54.6194 3
      vertex -87.2114 -54.4844 0
      vertex -86.9134 -54.6194 0
    endloop
  endfacet
  facet normal 0.84913 -0.528184 0
    outer loop
      vertex 89.1573 -52.7778 3
      vertex 89.3301 -52.5 0
      vertex 89.3301 -52.5 3
    endloop
  endfacet
  facet normal 0.84913 -0.528184 0
    outer loop
      vertex 89.3301 -52.5 0
      vertex 89.1573 -52.7778 3
      vertex 89.1573 -52.7778 0
    endloop
  endfacet
  facet normal 0.935952 -0.352128 0
    outer loop
      vertex 89.6194 -51.9134 3
      vertex 89.7346 -51.6072 0
      vertex 89.7346 -51.6072 3
    endloop
  endfacet
  facet normal 0.935952 -0.352128 0
    outer loop
      vertex 89.7346 -51.6072 0
      vertex 89.6194 -51.9134 3
      vertex 89.6194 -51.9134 0
    endloop
  endfacet
  facet normal 0.88187 -0.471492 0
    outer loop
      vertex 89.3301 -52.5 3
      vertex 89.4844 -52.2114 0
      vertex 89.4844 -52.2114 3
    endloop
  endfacet
  facet normal 0.88187 -0.471492 0
    outer loop
      vertex 89.4844 -52.2114 0
      vertex 89.3301 -52.5 3
      vertex 89.3301 -52.5 0
    endloop
  endfacet
  facet normal 0.973884 -0.227046 0
    outer loop
      vertex 89.8296 -51.2941 3
      vertex 89.9039 -50.9754 0
      vertex 89.9039 -50.9754 3
    endloop
  endfacet
  facet normal 0.973884 -0.227046 0
    outer loop
      vertex 89.9039 -50.9754 0
      vertex 89.8296 -51.2941 3
      vertex 89.8296 -51.2941 0
    endloop
  endfacet
  facet normal 0.634485 -0.772935 0
    outer loop
      vertex 88.0438 -53.9668 0
      vertex 88.2967 -53.7592 3
      vertex 88.0438 -53.9668 3
    endloop
  endfacet
  facet normal 0.634485 -0.772935 0
    outer loop
      vertex 88.2967 -53.7592 3
      vertex 88.0438 -53.9668 0
      vertex 88.2967 -53.7592 0
    endloop
  endfacet
  facet normal 0.290347 -0.956922 0
    outer loop
      vertex 86.2941 -54.8296 0
      vertex 86.6072 -54.7346 3
      vertex 86.2941 -54.8296 3
    endloop
  endfacet
  facet normal 0.290347 -0.956922 0
    outer loop
      vertex 86.6072 -54.7346 3
      vertex 86.2941 -54.8296 0
      vertex 86.6072 -54.7346 0
    endloop
  endfacet
  facet normal 0.528184 -0.84913 0
    outer loop
      vertex 87.5 -54.3301 0
      vertex 87.7778 -54.1573 3
      vertex 87.5 -54.3301 3
    endloop
  endfacet
  facet normal 0.528184 -0.84913 0
    outer loop
      vertex 87.7778 -54.1573 3
      vertex 87.5 -54.3301 0
      vertex 87.7778 -54.1573 0
    endloop
  endfacet
  facet normal 0.412651 -0.910889 0
    outer loop
      vertex 86.9134 -54.6194 0
      vertex 87.2114 -54.4844 3
      vertex 86.9134 -54.6194 3
    endloop
  endfacet
  facet normal 0.412651 -0.910889 0
    outer loop
      vertex 87.2114 -54.4844 3
      vertex 86.9134 -54.6194 0
      vertex 87.2114 -54.4844 0
    endloop
  endfacet
  facet normal 0.995175 0.0981116 0
    outer loop
      vertex 89.9893 50.327 3
      vertex 89.9572 50.6526 0
      vertex 89.9572 50.6526 3
    endloop
  endfacet
  facet normal 0.995175 0.0981116 0
    outer loop
      vertex 89.9572 50.6526 0
      vertex 89.9893 50.327 3
      vertex 89.9893 50.327 0
    endloop
  endfacet
  facet normal 0.986641 0.162912 0
    outer loop
      vertex 89.9572 50.6526 3
      vertex 89.9039 50.9754 0
      vertex 89.9039 50.9754 3
    endloop
  endfacet
  facet normal 0.986641 0.162912 0
    outer loop
      vertex 89.9039 50.9754 0
      vertex 89.9572 50.6526 3
      vertex 89.9572 50.6526 0
    endloop
  endfacet
  facet normal 0.935952 0.352128 0
    outer loop
      vertex 89.7346 51.6072 3
      vertex 89.6194 51.9134 0
      vertex 89.6194 51.9134 3
    endloop
  endfacet
  facet normal 0.935952 0.352128 0
    outer loop
      vertex 89.6194 51.9134 0
      vertex 89.7346 51.6072 3
      vertex 89.7346 51.6072 0
    endloop
  endfacet
  facet normal 0.910889 0.412651 0
    outer loop
      vertex 89.6194 51.9134 3
      vertex 89.4844 52.2114 0
      vertex 89.4844 52.2114 3
    endloop
  endfacet
  facet normal 0.910889 0.412651 0
    outer loop
      vertex 89.4844 52.2114 0
      vertex 89.6194 51.9134 3
      vertex 89.6194 51.9134 0
    endloop
  endfacet
  facet normal 0.956922 0.290347 0
    outer loop
      vertex 89.8296 51.2941 3
      vertex 89.7346 51.6072 0
      vertex 89.7346 51.6072 3
    endloop
  endfacet
  facet normal 0.956922 0.290347 0
    outer loop
      vertex 89.7346 51.6072 0
      vertex 89.8296 51.2941 3
      vertex 89.8296 51.2941 0
    endloop
  endfacet
  facet normal 0.81301 0.58225 0
    outer loop
      vertex 89.1573 52.7778 3
      vertex 88.9668 53.0438 0
      vertex 88.9668 53.0438 3
    endloop
  endfacet
  facet normal 0.81301 0.58225 0
    outer loop
      vertex 88.9668 53.0438 0
      vertex 89.1573 52.7778 3
      vertex 89.1573 52.7778 0
    endloop
  endfacet
  facet normal 0.84913 0.528184 0
    outer loop
      vertex 89.3301 52.5 3
      vertex 89.1573 52.7778 0
      vertex 89.1573 52.7778 3
    endloop
  endfacet
  facet normal 0.84913 0.528184 0
    outer loop
      vertex 89.1573 52.7778 0
      vertex 89.3301 52.5 3
      vertex 89.3301 52.5 0
    endloop
  endfacet
  facet normal 0.683656 0.729804 -0
    outer loop
      vertex 88.5355 53.5355 0
      vertex 88.2967 53.7592 3
      vertex 88.5355 53.5355 3
    endloop
  endfacet
  facet normal 0.683656 0.729804 0
    outer loop
      vertex 88.2967 53.7592 3
      vertex 88.5355 53.5355 0
      vertex 88.2967 53.7592 0
    endloop
  endfacet
  facet normal 0.634485 0.772935 -0
    outer loop
      vertex 88.2967 53.7592 0
      vertex 88.0438 53.9668 3
      vertex 88.2967 53.7592 3
    endloop
  endfacet
  facet normal 0.634485 0.772935 0
    outer loop
      vertex 88.0438 53.9668 3
      vertex 88.2967 53.7592 0
      vertex 88.0438 53.9668 0
    endloop
  endfacet
  facet normal 0.772935 0.634485 0
    outer loop
      vertex 88.9668 53.0438 3
      vertex 88.7592 53.2967 0
      vertex 88.7592 53.2967 3
    endloop
  endfacet
  facet normal 0.772935 0.634485 0
    outer loop
      vertex 88.7592 53.2967 0
      vertex 88.9668 53.0438 3
      vertex 88.9668 53.0438 0
    endloop
  endfacet
  facet normal -0.999465 0.0327042 0
    outer loop
      vertex -90 50 0
      vertex -89.9893 50.327 3
      vertex -89.9893 50.327 0
    endloop
  endfacet
  facet normal -0.999465 0.0327042 0
    outer loop
      vertex -89.9893 50.327 3
      vertex -90 50 0
      vertex -90 50 3
    endloop
  endfacet
  facet normal -0.995175 0.0981116 0
    outer loop
      vertex -89.9893 50.327 0
      vertex -89.9572 50.6526 3
      vertex -89.9572 50.6526 0
    endloop
  endfacet
  facet normal -0.995175 0.0981116 0
    outer loop
      vertex -89.9572 50.6526 3
      vertex -89.9893 50.327 0
      vertex -89.9893 50.327 3
    endloop
  endfacet
  facet normal -0.956922 0.290347 0
    outer loop
      vertex -89.8296 51.2941 0
      vertex -89.7346 51.6072 3
      vertex -89.7346 51.6072 0
    endloop
  endfacet
  facet normal -0.956922 0.290347 0
    outer loop
      vertex -89.7346 51.6072 3
      vertex -89.8296 51.2941 0
      vertex -89.8296 51.2941 3
    endloop
  endfacet
  facet normal -0.935952 0.352128 0
    outer loop
      vertex -89.7346 51.6072 0
      vertex -89.6194 51.9134 3
      vertex -89.6194 51.9134 0
    endloop
  endfacet
  facet normal -0.935952 0.352128 0
    outer loop
      vertex -89.6194 51.9134 3
      vertex -89.7346 51.6072 0
      vertex -89.7346 51.6072 3
    endloop
  endfacet
  facet normal -0.471492 0.88187 0
    outer loop
      vertex -87.2114 54.4844 0
      vertex -87.5 54.3301 3
      vertex -87.2114 54.4844 3
    endloop
  endfacet
  facet normal -0.471492 0.88187 0
    outer loop
      vertex -87.5 54.3301 3
      vertex -87.2114 54.4844 0
      vertex -87.5 54.3301 0
    endloop
  endfacet
  facet normal -0.290347 0.956922 0
    outer loop
      vertex -86.2941 54.8296 0
      vertex -86.6072 54.7346 3
      vertex -86.2941 54.8296 3
    endloop
  endfacet
  facet normal -0.290347 0.956922 0
    outer loop
      vertex -86.6072 54.7346 3
      vertex -86.2941 54.8296 0
      vertex -86.6072 54.7346 0
    endloop
  endfacet
  facet normal -0.634485 0.772935 0
    outer loop
      vertex -88.0438 53.9668 0
      vertex -88.2967 53.7592 3
      vertex -88.0438 53.9668 3
    endloop
  endfacet
  facet normal -0.634485 0.772935 0
    outer loop
      vertex -88.2967 53.7592 3
      vertex -88.0438 53.9668 0
      vertex -88.2967 53.7592 0
    endloop
  endfacet
  facet normal -0.634485 -0.772935 0
    outer loop
      vertex -88.2967 -53.7592 0
      vertex -88.0438 -53.9668 3
      vertex -88.2967 -53.7592 3
    endloop
  endfacet
  facet normal -0.634485 -0.772935 -0
    outer loop
      vertex -88.0438 -53.9668 3
      vertex -88.2967 -53.7592 0
      vertex -88.0438 -53.9668 0
    endloop
  endfacet
  facet normal -0.995175 -0.0981116 0
    outer loop
      vertex -89.9572 -50.6526 0
      vertex -89.9893 -50.327 3
      vertex -89.9893 -50.327 0
    endloop
  endfacet
  facet normal -0.995175 -0.0981116 0
    outer loop
      vertex -89.9893 -50.327 3
      vertex -89.9572 -50.6526 0
      vertex -89.9572 -50.6526 3
    endloop
  endfacet
  facet normal -0.973884 -0.227046 0
    outer loop
      vertex -89.8296 -51.2941 0
      vertex -89.9039 -50.9754 3
      vertex -89.9039 -50.9754 0
    endloop
  endfacet
  facet normal -0.973884 -0.227046 0
    outer loop
      vertex -89.9039 -50.9754 3
      vertex -89.8296 -51.2941 0
      vertex -89.8296 -51.2941 3
    endloop
  endfacet
  facet normal -0.88187 -0.471492 0
    outer loop
      vertex -89.3301 -52.5 0
      vertex -89.4844 -52.2114 3
      vertex -89.4844 -52.2114 0
    endloop
  endfacet
  facet normal -0.88187 -0.471492 0
    outer loop
      vertex -89.4844 -52.2114 3
      vertex -89.3301 -52.5 0
      vertex -89.3301 -52.5 3
    endloop
  endfacet
  facet normal -0.935952 -0.352128 0
    outer loop
      vertex -89.6194 -51.9134 0
      vertex -89.7346 -51.6072 3
      vertex -89.7346 -51.6072 0
    endloop
  endfacet
  facet normal -0.935952 -0.352128 0
    outer loop
      vertex -89.7346 -51.6072 3
      vertex -89.6194 -51.9134 0
      vertex -89.6194 -51.9134 3
    endloop
  endfacet
  facet normal -0.81301 -0.58225 0
    outer loop
      vertex -88.9668 -53.0438 0
      vertex -89.1573 -52.7778 3
      vertex -89.1573 -52.7778 0
    endloop
  endfacet
  facet normal -0.81301 -0.58225 0
    outer loop
      vertex -89.1573 -52.7778 3
      vertex -88.9668 -53.0438 0
      vertex -88.9668 -53.0438 3
    endloop
  endfacet
  facet normal 0.910889 -0.412651 0
    outer loop
      vertex 89.4844 -52.2114 3
      vertex 89.6194 -51.9134 0
      vertex 89.6194 -51.9134 3
    endloop
  endfacet
  facet normal 0.910889 -0.412651 0
    outer loop
      vertex 89.6194 -51.9134 0
      vertex 89.4844 -52.2114 3
      vertex 89.4844 -52.2114 0
    endloop
  endfacet
  facet normal 0.352128 -0.935952 0
    outer loop
      vertex 86.6072 -54.7346 0
      vertex 86.9134 -54.6194 3
      vertex 86.6072 -54.7346 3
    endloop
  endfacet
  facet normal 0.352128 -0.935952 0
    outer loop
      vertex 86.9134 -54.6194 3
      vertex 86.6072 -54.7346 0
      vertex 86.9134 -54.6194 0
    endloop
  endfacet
  facet normal 0.471492 -0.88187 0
    outer loop
      vertex 87.2114 -54.4844 0
      vertex 87.5 -54.3301 3
      vertex 87.2114 -54.4844 3
    endloop
  endfacet
  facet normal 0.471492 -0.88187 0
    outer loop
      vertex 87.5 -54.3301 3
      vertex 87.2114 -54.4844 0
      vertex 87.5 -54.3301 0
    endloop
  endfacet
  facet normal -0.81301 0.58225 0
    outer loop
      vertex -89.1573 52.7778 0
      vertex -88.9668 53.0438 3
      vertex -88.9668 53.0438 0
    endloop
  endfacet
  facet normal -0.81301 0.58225 0
    outer loop
      vertex -88.9668 53.0438 3
      vertex -89.1573 52.7778 0
      vertex -89.1573 52.7778 3
    endloop
  endfacet
endsolid OpenSCAD_Model
