solid OpenSCAD_Model
  facet normal 0.162499 -0.986709 0
    outer loop
      vertex 20.3916 -22.9743 0
      vertex 20.5853 -22.9424 1.2
      vertex 20.3916 -22.9743 1.2
    endloop
  endfacet
  facet normal 0.162499 -0.986709 0
    outer loop
      vertex 20.5853 -22.9424 1.2
      vertex 20.3916 -22.9743 0
      vertex 20.5853 -22.9424 0
    endloop
  endfacet
  facet normal -0.0982934 0.995157 0
    outer loop
      vertex -20.1962 22.9936 0
      vertex -20.3916 22.9743 1.2
      vertex -20.1962 22.9936 1.2
    endloop
  endfacet
  facet normal -0.0982934 0.995157 0
    outer loop
      vertex -20.3916 22.9743 1.2
      vertex -20.1962 22.9936 0
      vertex -20.3916 22.9743 0
    endloop
  endfacet
  facet normal 0.0982934 -0.995157 0
    outer loop
      vertex 20.1962 -22.9936 0
      vertex 20.3916 -22.9743 1.2
      vertex 20.1962 -22.9936 1.2
    endloop
  endfacet
  facet normal 0.0982934 -0.995157 0
    outer loop
      vertex 20.3916 -22.9743 1.2
      vertex 20.1962 -22.9936 0
      vertex 20.3916 -22.9743 0
    endloop
  endfacet
  facet normal 0.772753 0.634707 0
    outer loop
      vertex 22.3801 21.8263 1.2
      vertex 22.2555 21.978 0
      vertex 22.2555 21.978 1.2
    endloop
  endfacet
  facet normal 0.772753 0.634707 0
    outer loop
      vertex 22.2555 21.978 0
      vertex 22.3801 21.8263 1.2
      vertex 22.3801 21.8263 0
    endloop
  endfacet
  facet normal -0.995157 0.0982934 0
    outer loop
      vertex -22.9936 20.1962 0
      vertex -22.9743 20.3916 1.2
      vertex -22.9743 20.3916 0
    endloop
  endfacet
  facet normal -0.995157 0.0982934 0
    outer loop
      vertex -22.9743 20.3916 1.2
      vertex -22.9936 20.1962 0
      vertex -22.9936 20.1962 1.2
    endloop
  endfacet
  facet normal 0 -1 0
    outer loop
      vertex -20 -23 0
      vertex 20 -23 1.2
      vertex -20 -23 1.2
    endloop
  endfacet
  facet normal 0 -1 -0
    outer loop
      vertex 20 -23 1.2
      vertex -20 -23 0
      vertex 20 -23 0
    endloop
  endfacet
  facet normal 0.0326024 0.999468 -0
    outer loop
      vertex 20.1962 22.9936 0
      vertex 20 23 1.2
      vertex 20.1962 22.9936 1.2
    endloop
  endfacet
  facet normal 0.0326024 0.999468 0
    outer loop
      vertex 20 23 1.2
      vertex 20.1962 22.9936 0
      vertex 20 23 0
    endloop
  endfacet
  facet normal 0 1 -0
    outer loop
      vertex 20 23 0
      vertex -20 23 1.2
      vertex 20 23 1.2
    endloop
  endfacet
  facet normal 0 1 0
    outer loop
      vertex -20 23 1.2
      vertex 20 23 0
      vertex -20 23 0
    endloop
  endfacet
  facet normal -0.528212 0.849112 0
    outer loop
      vertex -21.5 22.5981 0
      vertex -21.6667 22.4944 1.2
      vertex -21.5 22.5981 1.2
    endloop
  endfacet
  facet normal -0.528212 0.849112 0
    outer loop
      vertex -21.6667 22.4944 1.2
      vertex -21.5 22.5981 0
      vertex -21.6667 22.4944 0
    endloop
  endfacet
  facet normal -1 0 0
    outer loop
      vertex -23 -20 0
      vertex -23 20 1.2
      vertex -23 20 0
    endloop
  endfacet
  facet normal -1 -0 0
    outer loop
      vertex -23 20 1.2
      vertex -23 -20 0
      vertex -23 -20 1.2
    endloop
  endfacet
  facet normal -0.999468 0.0326024 0
    outer loop
      vertex -23 20 0
      vertex -22.9936 20.1962 1.2
      vertex -22.9936 20.1962 0
    endloop
  endfacet
  facet normal -0.999468 0.0326024 0
    outer loop
      vertex -22.9936 20.1962 1.2
      vertex -23 20 0
      vertex -23 20 1.2
    endloop
  endfacet
  facet normal -0.528212 -0.849112 0
    outer loop
      vertex -21.6667 -22.4944 0
      vertex -21.5 -22.5981 1.2
      vertex -21.6667 -22.4944 1.2
    endloop
  endfacet
  facet normal -0.528212 -0.849112 -0
    outer loop
      vertex -21.5 -22.5981 1.2
      vertex -21.6667 -22.4944 0
      vertex -21.5 -22.5981 0
    endloop
  endfacet
  facet normal -0.0982934 -0.995157 0
    outer loop
      vertex -20.3916 -22.9743 0
      vertex -20.1962 -22.9936 1.2
      vertex -20.3916 -22.9743 1.2
    endloop
  endfacet
  facet normal -0.0982934 -0.995157 -0
    outer loop
      vertex -20.1962 -22.9936 1.2
      vertex -20.3916 -22.9743 0
      vertex -20.1962 -22.9936 0
    endloop
  endfacet
  facet normal 0.0326024 -0.999468 0
    outer loop
      vertex 20 -23 0
      vertex 20.1962 -22.9936 1.2
      vertex 20 -23 1.2
    endloop
  endfacet
  facet normal 0.0326024 -0.999468 0
    outer loop
      vertex 20.1962 -22.9936 1.2
      vertex 20 -23 0
      vertex 20.1962 -22.9936 0
    endloop
  endfacet
  facet normal 0.528212 0.849112 -0
    outer loop
      vertex 21.6667 22.4944 0
      vertex 21.5 22.5981 1.2
      vertex 21.6667 22.4944 1.2
    endloop
  endfacet
  facet normal 0.528212 0.849112 0
    outer loop
      vertex 21.5 22.5981 1.2
      vertex 21.6667 22.4944 0
      vertex 21.5 22.5981 0
    endloop
  endfacet
  facet normal 0.0982934 0.995157 -0
    outer loop
      vertex 20.3916 22.9743 0
      vertex 20.1962 22.9936 1.2
      vertex 20.3916 22.9743 1.2
    endloop
  endfacet
  facet normal 0.0982934 0.995157 0
    outer loop
      vertex 20.1962 22.9936 1.2
      vertex 20.3916 22.9743 0
      vertex 20.1962 22.9936 0
    endloop
  endfacet
  facet normal -0.0326024 0.999468 0
    outer loop
      vertex -20 23 0
      vertex -20.1962 22.9936 1.2
      vertex -20 23 1.2
    endloop
  endfacet
  facet normal -0.0326024 0.999468 0
    outer loop
      vertex -20.1962 22.9936 1.2
      vertex -20 23 0
      vertex -20.1962 22.9936 0
    endloop
  endfacet
  facet normal 0.999468 0.0326024 0
    outer loop
      vertex 23 20 1.2
      vertex 22.9936 20.1962 0
      vertex 22.9936 20.1962 1.2
    endloop
  endfacet
  facet normal 0.999468 0.0326024 0
    outer loop
      vertex 22.9936 20.1962 0
      vertex 23 20 1.2
      vertex 23 20 0
    endloop
  endfacet
  facet normal 0.999468 -0.0326024 0
    outer loop
      vertex 22.9936 -20.1962 1.2
      vertex 23 -20 0
      vertex 23 -20 1.2
    endloop
  endfacet
  facet normal 0.999468 -0.0326024 0
    outer loop
      vertex 23 -20 0
      vertex 22.9936 -20.1962 1.2
      vertex 22.9936 -20.1962 0
    endloop
  endfacet
  facet normal 1 -0 0
    outer loop
      vertex 23 -20 1.2
      vertex 23 20 0
      vertex 23 20 1.2
    endloop
  endfacet
  facet normal 1 0 0
    outer loop
      vertex 23 20 0
      vertex 23 -20 1.2
      vertex 23 -20 0
    endloop
  endfacet
  facet normal -0.81301 0.58225 0
    outer loop
      vertex -22.4944 21.6667 0
      vertex -22.3801 21.8263 1.2
      vertex -22.3801 21.8263 0
    endloop
  endfacet
  facet normal -0.81301 0.58225 0
    outer loop
      vertex -22.3801 21.8263 1.2
      vertex -22.4944 21.6667 0
      vertex -22.4944 21.6667 1.2
    endloop
  endfacet
  facet normal -0.956896 0.290432 0
    outer loop
      vertex -22.8978 20.7765 0
      vertex -22.8408 20.9643 1.2
      vertex -22.8408 20.9643 0
    endloop
  endfacet
  facet normal -0.956896 0.290432 0
    outer loop
      vertex -22.8408 20.9643 1.2
      vertex -22.8978 20.7765 0
      vertex -22.8978 20.7765 1.2
    endloop
  endfacet
  facet normal 0 0 1
    outer loop
      vertex 20 23 1.2
      vertex 23 20 1.2
      vertex 22.9936 20.1962 1.2
    endloop
  endfacet
  facet normal 0 0 1
    outer loop
      vertex 23 20 1.2
      vertex 15.1 0 1.2
      vertex 23 -20 1.2
    endloop
  endfacet
  facet normal 0 0 1
    outer loop
      vertex 20 23 1.2
      vertex 22.9936 20.1962 1.2
      vertex 22.9743 20.3916 1.2
    endloop
  endfacet
  facet normal -0 0 1
    outer loop
      vertex 15.0677 -0.987587 1.2
      vertex 23 -20 1.2
      vertex 15.1 0 1.2
    endloop
  endfacet
  facet normal 0 0 1
    outer loop
      vertex 20 23 1.2
      vertex 22.9743 20.3916 1.2
      vertex 22.9424 20.5853 1.2
    endloop
  endfacet
  facet normal -0 0 1
    outer loop
      vertex 14.9708 -1.97095 1.2
      vertex 23 -20 1.2
      vertex 15.0677 -0.987587 1.2
    endloop
  endfacet
  facet normal 0 0 1
    outer loop
      vertex 20 23 1.2
      vertex 22.9424 20.5853 1.2
      vertex 22.8978 20.7765 1.2
    endloop
  endfacet
  facet normal -0 0 1
    outer loop
      vertex 14.8099 -2.94586 1.2
      vertex 23 -20 1.2
      vertex 14.9708 -1.97095 1.2
    endloop
  endfacet
  facet normal 0 0 1
    outer loop
      vertex 20 23 1.2
      vertex 22.8978 20.7765 1.2
      vertex 22.8408 20.9643 1.2
    endloop
  endfacet
  facet normal -0 0 1
    outer loop
      vertex 14.5855 -3.90817 1.2
      vertex 23 -20 1.2
      vertex 14.8099 -2.94586 1.2
    endloop
  endfacet
  facet normal 0 0 1
    outer loop
      vertex 20 23 1.2
      vertex 22.8408 20.9643 1.2
      vertex 22.7716 21.1481 1.2
    endloop
  endfacet
  facet normal -0 0 1
    outer loop
      vertex 14.2986 -4.85374 1.2
      vertex 23 -20 1.2
      vertex 14.5855 -3.90817 1.2
    endloop
  endfacet
  facet normal 0 0 1
    outer loop
      vertex 20 23 1.2
      vertex 22.7716 21.1481 1.2
      vertex 22.6906 21.3269 1.2
    endloop
  endfacet
  facet normal -0 0 1
    outer loop
      vertex 13.9506 -5.77852 1.2
      vertex 23 -20 1.2
      vertex 14.2986 -4.85374 1.2
    endloop
  endfacet
  facet normal 0 0 1
    outer loop
      vertex 20 23 1.2
      vertex 22.6906 21.3269 1.2
      vertex 22.5981 21.5 1.2
    endloop
  endfacet
  facet normal -0 0 1
    outer loop
      vertex 13.5428 -6.67856 1.2
      vertex 23 -20 1.2
      vertex 13.9506 -5.77852 1.2
    endloop
  endfacet
  facet normal 0 0 1
    outer loop
      vertex 20 23 1.2
      vertex 22.5981 21.5 1.2
      vertex 22.4944 21.6667 1.2
    endloop
  endfacet
  facet normal -0 0 1
    outer loop
      vertex 13.077 -7.55 1.2
      vertex 23 -20 1.2
      vertex 13.5428 -6.67856 1.2
    endloop
  endfacet
  facet normal 0 0 1
    outer loop
      vertex 20 23 1.2
      vertex 22.4944 21.6667 1.2
      vertex 22.3801 21.8263 1.2
    endloop
  endfacet
  facet normal -0 0 1
    outer loop
      vertex 12.5552 -8.38911 1.2
      vertex 23 -20 1.2
      vertex 13.077 -7.55 1.2
    endloop
  endfacet
  facet normal 0 0 1
    outer loop
      vertex 20 23 1.2
      vertex 22.3801 21.8263 1.2
      vertex 22.2555 21.978 1.2
    endloop
  endfacet
  facet normal -0 0 1
    outer loop
      vertex 11.9796 -9.1923 1.2
      vertex 23 -20 1.2
      vertex 12.5552 -8.38911 1.2
    endloop
  endfacet
  facet normal 0 0 1
    outer loop
      vertex 20 23 1.2
      vertex 22.2555 21.978 1.2
      vertex 22.1213 22.1213 1.2
    endloop
  endfacet
  facet normal -0 0 1
    outer loop
      vertex 11.3528 -9.95612 1.2
      vertex 23 -20 1.2
      vertex 11.9796 -9.1923 1.2
    endloop
  endfacet
  facet normal 0 0 1
    outer loop
      vertex 20 23 1.2
      vertex 22.1213 22.1213 1.2
      vertex 21.978 22.2555 1.2
    endloop
  endfacet
  facet normal -0 0 1
    outer loop
      vertex 10.6773 -10.6773 1.2
      vertex 23 -20 1.2
      vertex 11.3528 -9.95612 1.2
    endloop
  endfacet
  facet normal 0 0 1
    outer loop
      vertex 20 23 1.2
      vertex 21.978 22.2555 1.2
      vertex 21.8263 22.3801 1.2
    endloop
  endfacet
  facet normal 0 -0 1
    outer loop
      vertex 20 -23 1.2
      vertex 23 -20 1.2
      vertex 10.6773 -10.6773 1.2
    endloop
  endfacet
  facet normal 0 0 1
    outer loop
      vertex 20 23 1.2
      vertex 21.8263 22.3801 1.2
      vertex 21.6667 22.4944 1.2
    endloop
  endfacet
  facet normal 0 0 1
    outer loop
      vertex 23 -20 1.2
      vertex 20 -23 1.2
      vertex 22.9936 -20.1962 1.2
    endloop
  endfacet
  facet normal 0 0 1
    outer loop
      vertex 20 23 1.2
      vertex 21.6667 22.4944 1.2
      vertex 21.5 22.5981 1.2
    endloop
  endfacet
  facet normal 0 0 1
    outer loop
      vertex 22.9936 -20.1962 1.2
      vertex 20 -23 1.2
      vertex 22.9743 -20.3916 1.2
    endloop
  endfacet
  facet normal 0 0 1
    outer loop
      vertex 20 23 1.2
      vertex 21.5 22.5981 1.2
      vertex 21.3269 22.6906 1.2
    endloop
  endfacet
  facet normal 0 0 1
    outer loop
      vertex 22.9424 -20.5853 1.2
      vertex 20 -23 1.2
      vertex 22.8978 -20.7765 1.2
    endloop
  endfacet
  facet normal 0 0 1
    outer loop
      vertex 20 23 1.2
      vertex 21.3269 22.6906 1.2
      vertex 21.1481 22.7716 1.2
    endloop
  endfacet
  facet normal 0 0 1
    outer loop
      vertex 22.8978 -20.7765 1.2
      vertex 20 -23 1.2
      vertex 22.8408 -20.9643 1.2
    endloop
  endfacet
  facet normal 0 0 1
    outer loop
      vertex 20 23 1.2
      vertex 21.1481 22.7716 1.2
      vertex 20.9643 22.8408 1.2
    endloop
  endfacet
  facet normal 0 0 1
    outer loop
      vertex 22.8408 -20.9643 1.2
      vertex 20 -23 1.2
      vertex 22.7716 -21.1481 1.2
    endloop
  endfacet
  facet normal 0 0 1
    outer loop
      vertex 20 23 1.2
      vertex 20.9643 22.8408 1.2
      vertex 20.7765 22.8978 1.2
    endloop
  endfacet
  facet normal 0 0 1
    outer loop
      vertex 22.7716 -21.1481 1.2
      vertex 20 -23 1.2
      vertex 22.6906 -21.3269 1.2
    endloop
  endfacet
  facet normal 0 0 1
    outer loop
      vertex 20 23 1.2
      vertex 20.7765 22.8978 1.2
      vertex 20.5853 22.9424 1.2
    endloop
  endfacet
  facet normal 0 0 1
    outer loop
      vertex 22.6906 -21.3269 1.2
      vertex 20 -23 1.2
      vertex 22.5981 -21.5 1.2
    endloop
  endfacet
  facet normal 0 0 1
    outer loop
      vertex 20 23 1.2
      vertex 20.5853 22.9424 1.2
      vertex 20.3916 22.9743 1.2
    endloop
  endfacet
  facet normal 0 0 1
    outer loop
      vertex 22.5981 -21.5 1.2
      vertex 20 -23 1.2
      vertex 22.4944 -21.6667 1.2
    endloop
  endfacet
  facet normal 0 0 1
    outer loop
      vertex 20 23 1.2
      vertex 20.3916 22.9743 1.2
      vertex 20.1962 22.9936 1.2
    endloop
  endfacet
  facet normal 0 0 1
    outer loop
      vertex 22.4944 -21.6667 1.2
      vertex 20 -23 1.2
      vertex 22.3801 -21.8263 1.2
    endloop
  endfacet
  facet normal 0 0 1
    outer loop
      vertex 23 20 1.2
      vertex 20 23 1.2
      vertex 10.6773 10.6773 1.2
    endloop
  endfacet
  facet normal 0 0 1
    outer loop
      vertex 22.3801 -21.8263 1.2
      vertex 20 -23 1.2
      vertex 22.2555 -21.978 1.2
    endloop
  endfacet
  facet normal 0 0 1
    outer loop
      vertex 22.1213 -22.1213 1.2
      vertex 20 -23 1.2
      vertex 21.978 -22.2555 1.2
    endloop
  endfacet
  facet normal 0 0 1
    outer loop
      vertex 23 20 1.2
      vertex 15.0677 0.987587 1.2
      vertex 15.1 0 1.2
    endloop
  endfacet
  facet normal 0 0 1
    outer loop
      vertex 23 20 1.2
      vertex 14.9708 1.97095 1.2
      vertex 15.0677 0.987587 1.2
    endloop
  endfacet
  facet normal 0 0 1
    outer loop
      vertex 23 20 1.2
      vertex 14.8099 2.94586 1.2
      vertex 14.9708 1.97095 1.2
    endloop
  endfacet
  facet normal 0 0 1
    outer loop
      vertex 23 20 1.2
      vertex 14.5855 3.90817 1.2
      vertex 14.8099 2.94586 1.2
    endloop
  endfacet
  facet normal 0 0 1
    outer loop
      vertex 23 20 1.2
      vertex 14.2986 4.85374 1.2
      vertex 14.5855 3.90817 1.2
    endloop
  endfacet
  facet normal 0 0 1
    outer loop
      vertex 23 20 1.2
      vertex 13.9506 5.77852 1.2
      vertex 14.2986 4.85374 1.2
    endloop
  endfacet
  facet normal 0 0 1
    outer loop
      vertex 23 20 1.2
      vertex 13.5428 6.67856 1.2
      vertex 13.9506 5.77852 1.2
    endloop
  endfacet
  facet normal 0 0 1
    outer loop
      vertex 23 20 1.2
      vertex 13.077 7.55 1.2
      vertex 13.5428 6.67856 1.2
    endloop
  endfacet
  facet normal 0 0 1
    outer loop
      vertex 23 20 1.2
      vertex 12.5552 8.38911 1.2
      vertex 13.077 7.55 1.2
    endloop
  endfacet
  facet normal 0 0 1
    outer loop
      vertex 23 20 1.2
      vertex 11.9796 9.1923 1.2
      vertex 12.5552 8.38911 1.2
    endloop
  endfacet
  facet normal 0 0 1
    outer loop
      vertex 23 20 1.2
      vertex 11.3528 9.95612 1.2
      vertex 11.9796 9.1923 1.2
    endloop
  endfacet
  facet normal 0 0 1
    outer loop
      vertex 23 20 1.2
      vertex 10.6773 10.6773 1.2
      vertex 11.3528 9.95612 1.2
    endloop
  endfacet
  facet normal 0 0 1
    outer loop
      vertex 20 23 1.2
      vertex 9.95612 11.3528 1.2
      vertex 10.6773 10.6773 1.2
    endloop
  endfacet
  facet normal 0 0 1
    outer loop
      vertex 20 23 1.2
      vertex 9.1923 11.9796 1.2
      vertex 9.95612 11.3528 1.2
    endloop
  endfacet
  facet normal 0 0 1
    outer loop
      vertex 20 23 1.2
      vertex 8.38911 12.5552 1.2
      vertex 9.1923 11.9796 1.2
    endloop
  endfacet
  facet normal 0 0 1
    outer loop
      vertex 20 23 1.2
      vertex 7.55 13.077 1.2
      vertex 8.38911 12.5552 1.2
    endloop
  endfacet
  facet normal 0 0 1
    outer loop
      vertex 20 23 1.2
      vertex 6.67856 13.5428 1.2
      vertex 7.55 13.077 1.2
    endloop
  endfacet
  facet normal 0 0 1
    outer loop
      vertex 20 23 1.2
      vertex 5.77852 13.9506 1.2
      vertex 6.67856 13.5428 1.2
    endloop
  endfacet
  facet normal 0 0 1
    outer loop
      vertex 20 23 1.2
      vertex 4.85374 14.2986 1.2
      vertex 5.77852 13.9506 1.2
    endloop
  endfacet
  facet normal 0 0 1
    outer loop
      vertex 20 23 1.2
      vertex 3.90817 14.5855 1.2
      vertex 4.85374 14.2986 1.2
    endloop
  endfacet
  facet normal 0 0 1
    outer loop
      vertex 20 23 1.2
      vertex 2.94586 14.8099 1.2
      vertex 3.90817 14.5855 1.2
    endloop
  endfacet
  facet normal 0 0 1
    outer loop
      vertex 20 23 1.2
      vertex 1.97095 14.9708 1.2
      vertex 2.94586 14.8099 1.2
    endloop
  endfacet
  facet normal 0 0 1
    outer loop
      vertex 20 23 1.2
      vertex 0.987587 15.0677 1.2
      vertex 1.97095 14.9708 1.2
    endloop
  endfacet
  facet normal 0 0 1
    outer loop
      vertex 20 23 1.2
      vertex 0 15.1 1.2
      vertex 0.987587 15.0677 1.2
    endloop
  endfacet
  facet normal -0 0 1
    outer loop
      vertex -20 23 1.2
      vertex 0 15.1 1.2
      vertex 20 23 1.2
    endloop
  endfacet
  facet normal 0 0 1
    outer loop
      vertex 0 15.1 1.2
      vertex -20 23 1.2
      vertex -0.987587 15.0677 1.2
    endloop
  endfacet
  facet normal 0 0 1
    outer loop
      vertex -0.987587 15.0677 1.2
      vertex -20 23 1.2
      vertex -1.97095 14.9708 1.2
    endloop
  endfacet
  facet normal 0 0 1
    outer loop
      vertex -1.97095 14.9708 1.2
      vertex -20 23 1.2
      vertex -2.94586 14.8099 1.2
    endloop
  endfacet
  facet normal 0 0 1
    outer loop
      vertex -2.94586 14.8099 1.2
      vertex -20 23 1.2
      vertex -3.90817 14.5855 1.2
    endloop
  endfacet
  facet normal 0 0 1
    outer loop
      vertex -14.9708 1.97095 1.2
      vertex -23 20 1.2
      vertex -15.0677 0.987587 1.2
    endloop
  endfacet
  facet normal 0 0 1
    outer loop
      vertex -14.8099 2.94586 1.2
      vertex -23 20 1.2
      vertex -14.9708 1.97095 1.2
    endloop
  endfacet
  facet normal 0 0 1
    outer loop
      vertex -14.5855 3.90817 1.2
      vertex -23 20 1.2
      vertex -14.8099 2.94586 1.2
    endloop
  endfacet
  facet normal 0 0 1
    outer loop
      vertex -14.2986 4.85374 1.2
      vertex -23 20 1.2
      vertex -14.5855 3.90817 1.2
    endloop
  endfacet
  facet normal 0 0 1
    outer loop
      vertex -13.9506 5.77852 1.2
      vertex -23 20 1.2
      vertex -14.2986 4.85374 1.2
    endloop
  endfacet
  facet normal 0 0 1
    outer loop
      vertex -13.5428 6.67856 1.2
      vertex -23 20 1.2
      vertex -13.9506 5.77852 1.2
    endloop
  endfacet
  facet normal 0 0 1
    outer loop
      vertex -13.077 7.55 1.2
      vertex -23 20 1.2
      vertex -13.5428 6.67856 1.2
    endloop
  endfacet
  facet normal 0 0 1
    outer loop
      vertex -12.5552 8.38911 1.2
      vertex -23 20 1.2
      vertex -13.077 7.55 1.2
    endloop
  endfacet
  facet normal 0 0 1
    outer loop
      vertex -11.9796 9.1923 1.2
      vertex -23 20 1.2
      vertex -12.5552 8.38911 1.2
    endloop
  endfacet
  facet normal 0 0 1
    outer loop
      vertex -11.3528 9.95612 1.2
      vertex -23 20 1.2
      vertex -11.9796 9.1923 1.2
    endloop
  endfacet
  facet normal 0 0 1
    outer loop
      vertex -10.6773 10.6773 1.2
      vertex -23 20 1.2
      vertex -11.3528 9.95612 1.2
    endloop
  endfacet
  facet normal -0 0 1
    outer loop
      vertex -23 20 1.2
      vertex -10.6773 10.6773 1.2
      vertex -20 23 1.2
    endloop
  endfacet
  facet normal 0 0 1
    outer loop
      vertex -9.95612 11.3528 1.2
      vertex -20 23 1.2
      vertex -10.6773 10.6773 1.2
    endloop
  endfacet
  facet normal 0 0 1
    outer loop
      vertex -9.1923 11.9796 1.2
      vertex -20 23 1.2
      vertex -9.95612 11.3528 1.2
    endloop
  endfacet
  facet normal 0 0 1
    outer loop
      vertex -8.38911 12.5552 1.2
      vertex -20 23 1.2
      vertex -9.1923 11.9796 1.2
    endloop
  endfacet
  facet normal 0 0 1
    outer loop
      vertex -7.55 13.077 1.2
      vertex -20 23 1.2
      vertex -8.38911 12.5552 1.2
    endloop
  endfacet
  facet normal 0 0 1
    outer loop
      vertex -6.67856 13.5428 1.2
      vertex -20 23 1.2
      vertex -7.55 13.077 1.2
    endloop
  endfacet
  facet normal 0 0 1
    outer loop
      vertex -5.77852 13.9506 1.2
      vertex -20 23 1.2
      vertex -6.67856 13.5428 1.2
    endloop
  endfacet
  facet normal 0 0 1
    outer loop
      vertex -4.85374 14.2986 1.2
      vertex -20 23 1.2
      vertex -5.77852 13.9506 1.2
    endloop
  endfacet
  facet normal 0 0 1
    outer loop
      vertex -3.90817 14.5855 1.2
      vertex -20 23 1.2
      vertex -4.85374 14.2986 1.2
    endloop
  endfacet
  facet normal 0 0 1
    outer loop
      vertex 21.978 -22.2555 1.2
      vertex 20 -23 1.2
      vertex 21.8263 -22.3801 1.2
    endloop
  endfacet
  facet normal 0 0 1
    outer loop
      vertex 21.8263 -22.3801 1.2
      vertex 20 -23 1.2
      vertex 21.6667 -22.4944 1.2
    endloop
  endfacet
  facet normal 0 0 1
    outer loop
      vertex 21.6667 -22.4944 1.2
      vertex 20 -23 1.2
      vertex 21.5 -22.5981 1.2
    endloop
  endfacet
  facet normal 0 0 1
    outer loop
      vertex 21.5 -22.5981 1.2
      vertex 20 -23 1.2
      vertex 21.3269 -22.6906 1.2
    endloop
  endfacet
  facet normal 0 0 1
    outer loop
      vertex 21.3269 -22.6906 1.2
      vertex 20 -23 1.2
      vertex 21.1481 -22.7716 1.2
    endloop
  endfacet
  facet normal 0 0 1
    outer loop
      vertex 21.1481 -22.7716 1.2
      vertex 20 -23 1.2
      vertex 20.9643 -22.8408 1.2
    endloop
  endfacet
  facet normal 0 0 1
    outer loop
      vertex 20.9643 -22.8408 1.2
      vertex 20 -23 1.2
      vertex 20.7765 -22.8978 1.2
    endloop
  endfacet
  facet normal 0 0 1
    outer loop
      vertex 20.5853 -22.9424 1.2
      vertex 20 -23 1.2
      vertex 20.3916 -22.9743 1.2
    endloop
  endfacet
  facet normal 0 0 1
    outer loop
      vertex 20.3916 -22.9743 1.2
      vertex 20 -23 1.2
      vertex 20.1962 -22.9936 1.2
    endloop
  endfacet
  facet normal 0 0 1
    outer loop
      vertex 20.7765 -22.8978 1.2
      vertex 20 -23 1.2
      vertex 20.5853 -22.9424 1.2
    endloop
  endfacet
  facet normal 0 0 1
    outer loop
      vertex 22.2555 -21.978 1.2
      vertex 20 -23 1.2
      vertex 22.1213 -22.1213 1.2
    endloop
  endfacet
  facet normal 0 0 1
    outer loop
      vertex 22.9743 -20.3916 1.2
      vertex 20 -23 1.2
      vertex 22.9424 -20.5853 1.2
    endloop
  endfacet
  facet normal -0 0 1
    outer loop
      vertex 9.95612 -11.3528 1.2
      vertex 20 -23 1.2
      vertex 10.6773 -10.6773 1.2
    endloop
  endfacet
  facet normal -0 0 1
    outer loop
      vertex 9.1923 -11.9796 1.2
      vertex 20 -23 1.2
      vertex 9.95612 -11.3528 1.2
    endloop
  endfacet
  facet normal -0 0 1
    outer loop
      vertex 8.38911 -12.5552 1.2
      vertex 20 -23 1.2
      vertex 9.1923 -11.9796 1.2
    endloop
  endfacet
  facet normal -0 0 1
    outer loop
      vertex 7.55 -13.077 1.2
      vertex 20 -23 1.2
      vertex 8.38911 -12.5552 1.2
    endloop
  endfacet
  facet normal -0 0 1
    outer loop
      vertex 6.67856 -13.5428 1.2
      vertex 20 -23 1.2
      vertex 7.55 -13.077 1.2
    endloop
  endfacet
  facet normal -0 0 1
    outer loop
      vertex 5.77852 -13.9506 1.2
      vertex 20 -23 1.2
      vertex 6.67856 -13.5428 1.2
    endloop
  endfacet
  facet normal -0 0 1
    outer loop
      vertex 4.85374 -14.2986 1.2
      vertex 20 -23 1.2
      vertex 5.77852 -13.9506 1.2
    endloop
  endfacet
  facet normal -0 0 1
    outer loop
      vertex 3.90817 -14.5855 1.2
      vertex 20 -23 1.2
      vertex 4.85374 -14.2986 1.2
    endloop
  endfacet
  facet normal -0 0 1
    outer loop
      vertex 2.94586 -14.8099 1.2
      vertex 20 -23 1.2
      vertex 3.90817 -14.5855 1.2
    endloop
  endfacet
  facet normal -0 0 1
    outer loop
      vertex 1.97095 -14.9708 1.2
      vertex 20 -23 1.2
      vertex 2.94586 -14.8099 1.2
    endloop
  endfacet
  facet normal -0 0 1
    outer loop
      vertex 0.987587 -15.0677 1.2
      vertex 20 -23 1.2
      vertex 1.97095 -14.9708 1.2
    endloop
  endfacet
  facet normal -0 0 1
    outer loop
      vertex 0 -15.1 1.2
      vertex 20 -23 1.2
      vertex 0.987587 -15.0677 1.2
    endloop
  endfacet
  facet normal 0 0 1
    outer loop
      vertex -20 -23 1.2
      vertex 0 -15.1 1.2
      vertex -0.987587 -15.0677 1.2
    endloop
  endfacet
  facet normal 0 0 1
    outer loop
      vertex -20 -23 1.2
      vertex -0.987587 -15.0677 1.2
      vertex -1.97095 -14.9708 1.2
    endloop
  endfacet
  facet normal 0 0 1
    outer loop
      vertex -20 -23 1.2
      vertex -1.97095 -14.9708 1.2
      vertex -2.94586 -14.8099 1.2
    endloop
  endfacet
  facet normal 0 0 1
    outer loop
      vertex -20 -23 1.2
      vertex -2.94586 -14.8099 1.2
      vertex -3.90817 -14.5855 1.2
    endloop
  endfacet
  facet normal 0 0 1
    outer loop
      vertex -20 -23 1.2
      vertex -3.90817 -14.5855 1.2
      vertex -4.85374 -14.2986 1.2
    endloop
  endfacet
  facet normal 0 0 1
    outer loop
      vertex -15.0677 0.987587 1.2
      vertex -23 20 1.2
      vertex -15.1 0 1.2
    endloop
  endfacet
  facet normal 0 0 1
    outer loop
      vertex -23 -20 1.2
      vertex -15.1 0 1.2
      vertex -23 20 1.2
    endloop
  endfacet
  facet normal 0 0 1
    outer loop
      vertex -15.1 0 1.2
      vertex -23 -20 1.2
      vertex -15.0677 -0.987587 1.2
    endloop
  endfacet
  facet normal 0 0 1
    outer loop
      vertex 0 -15.1 1.2
      vertex -20 -23 1.2
      vertex 20 -23 1.2
    endloop
  endfacet
  facet normal 0 0 1
    outer loop
      vertex -5.77852 -13.9506 1.2
      vertex -20 -23 1.2
      vertex -4.85374 -14.2986 1.2
    endloop
  endfacet
  facet normal 0 0 1
    outer loop
      vertex -6.67856 -13.5428 1.2
      vertex -20 -23 1.2
      vertex -5.77852 -13.9506 1.2
    endloop
  endfacet
  facet normal 0 0 1
    outer loop
      vertex -7.55 -13.077 1.2
      vertex -20 -23 1.2
      vertex -6.67856 -13.5428 1.2
    endloop
  endfacet
  facet normal 0 0 1
    outer loop
      vertex -8.38911 -12.5552 1.2
      vertex -20 -23 1.2
      vertex -7.55 -13.077 1.2
    endloop
  endfacet
  facet normal 0 0 1
    outer loop
      vertex -9.1923 -11.9796 1.2
      vertex -20 -23 1.2
      vertex -8.38911 -12.5552 1.2
    endloop
  endfacet
  facet normal 0 0 1
    outer loop
      vertex -9.95612 -11.3528 1.2
      vertex -20 -23 1.2
      vertex -9.1923 -11.9796 1.2
    endloop
  endfacet
  facet normal 0 0 1
    outer loop
      vertex -10.6773 -10.6773 1.2
      vertex -20 -23 1.2
      vertex -9.95612 -11.3528 1.2
    endloop
  endfacet
  facet normal 0 0 1
    outer loop
      vertex -23 -20 1.2
      vertex -10.6773 -10.6773 1.2
      vertex -11.3528 -9.95612 1.2
    endloop
  endfacet
  facet normal 0 0 1
    outer loop
      vertex -23 -20 1.2
      vertex -11.3528 -9.95612 1.2
      vertex -11.9796 -9.1923 1.2
    endloop
  endfacet
  facet normal 0 0 1
    outer loop
      vertex -23 -20 1.2
      vertex -11.9796 -9.1923 1.2
      vertex -12.5552 -8.38911 1.2
    endloop
  endfacet
  facet normal 0 0 1
    outer loop
      vertex -23 -20 1.2
      vertex -12.5552 -8.38911 1.2
      vertex -13.077 -7.55 1.2
    endloop
  endfacet
  facet normal 0 0 1
    outer loop
      vertex -23 -20 1.2
      vertex -13.077 -7.55 1.2
      vertex -13.5428 -6.67856 1.2
    endloop
  endfacet
  facet normal 0 0 1
    outer loop
      vertex -23 -20 1.2
      vertex -13.5428 -6.67856 1.2
      vertex -13.9506 -5.77852 1.2
    endloop
  endfacet
  facet normal 0 0 1
    outer loop
      vertex -23 -20 1.2
      vertex -13.9506 -5.77852 1.2
      vertex -14.2986 -4.85374 1.2
    endloop
  endfacet
  facet normal 0 0 1
    outer loop
      vertex -23 -20 1.2
      vertex -14.2986 -4.85374 1.2
      vertex -14.5855 -3.90817 1.2
    endloop
  endfacet
  facet normal 0 0 1
    outer loop
      vertex -23 -20 1.2
      vertex -14.5855 -3.90817 1.2
      vertex -14.8099 -2.94586 1.2
    endloop
  endfacet
  facet normal 0 0 1
    outer loop
      vertex -15.0677 -0.987587 1.2
      vertex -23 -20 1.2
      vertex -14.9708 -1.97095 1.2
    endloop
  endfacet
  facet normal 0 0 1
    outer loop
      vertex -23 20 1.2
      vertex -20 23 1.2
      vertex -20.1962 22.9936 1.2
    endloop
  endfacet
  facet normal 0 0 1
    outer loop
      vertex -14.9708 -1.97095 1.2
      vertex -23 -20 1.2
      vertex -14.8099 -2.94586 1.2
    endloop
  endfacet
  facet normal 0 0 1
    outer loop
      vertex -23 20 1.2
      vertex -20.1962 22.9936 1.2
      vertex -20.3916 22.9743 1.2
    endloop
  endfacet
  facet normal 0 0 1
    outer loop
      vertex -10.6773 -10.6773 1.2
      vertex -23 -20 1.2
      vertex -20 -23 1.2
    endloop
  endfacet
  facet normal 0 0 1
    outer loop
      vertex -23 20 1.2
      vertex -20.3916 22.9743 1.2
      vertex -20.5853 22.9424 1.2
    endloop
  endfacet
  facet normal 0 0 1
    outer loop
      vertex -20 -23 1.2
      vertex -23 -20 1.2
      vertex -20.1962 -22.9936 1.2
    endloop
  endfacet
  facet normal 0 0 1
    outer loop
      vertex -23 20 1.2
      vertex -20.5853 22.9424 1.2
      vertex -20.7765 22.8978 1.2
    endloop
  endfacet
  facet normal 0 0 1
    outer loop
      vertex -20.1962 -22.9936 1.2
      vertex -23 -20 1.2
      vertex -20.3916 -22.9743 1.2
    endloop
  endfacet
  facet normal 0 0 1
    outer loop
      vertex -23 20 1.2
      vertex -20.7765 22.8978 1.2
      vertex -20.9643 22.8408 1.2
    endloop
  endfacet
  facet normal 0 0 1
    outer loop
      vertex -20.3916 -22.9743 1.2
      vertex -23 -20 1.2
      vertex -20.5853 -22.9424 1.2
    endloop
  endfacet
  facet normal 0 0 1
    outer loop
      vertex -23 20 1.2
      vertex -20.9643 22.8408 1.2
      vertex -21.1481 22.7716 1.2
    endloop
  endfacet
  facet normal 0 0 1
    outer loop
      vertex -20.5853 -22.9424 1.2
      vertex -23 -20 1.2
      vertex -20.7765 -22.8978 1.2
    endloop
  endfacet
  facet normal 0 0 1
    outer loop
      vertex -23 20 1.2
      vertex -21.1481 22.7716 1.2
      vertex -21.3269 22.6906 1.2
    endloop
  endfacet
  facet normal 0 0 1
    outer loop
      vertex -20.7765 -22.8978 1.2
      vertex -23 -20 1.2
      vertex -20.9643 -22.8408 1.2
    endloop
  endfacet
  facet normal 0 0 1
    outer loop
      vertex -23 20 1.2
      vertex -21.3269 22.6906 1.2
      vertex -21.5 22.5981 1.2
    endloop
  endfacet
  facet normal 0 0 1
    outer loop
      vertex -20.9643 -22.8408 1.2
      vertex -23 -20 1.2
      vertex -21.1481 -22.7716 1.2
    endloop
  endfacet
  facet normal 0 0 1
    outer loop
      vertex -23 20 1.2
      vertex -21.5 22.5981 1.2
      vertex -21.6667 22.4944 1.2
    endloop
  endfacet
  facet normal 0 0 1
    outer loop
      vertex -21.1481 -22.7716 1.2
      vertex -23 -20 1.2
      vertex -21.3269 -22.6906 1.2
    endloop
  endfacet
  facet normal 0 0 1
    outer loop
      vertex -23 20 1.2
      vertex -21.6667 22.4944 1.2
      vertex -21.8263 22.3801 1.2
    endloop
  endfacet
  facet normal 0 0 1
    outer loop
      vertex -21.3269 -22.6906 1.2
      vertex -23 -20 1.2
      vertex -21.5 -22.5981 1.2
    endloop
  endfacet
  facet normal 0 0 1
    outer loop
      vertex -23 20 1.2
      vertex -21.8263 22.3801 1.2
      vertex -21.978 22.2555 1.2
    endloop
  endfacet
  facet normal 0 0 1
    outer loop
      vertex -21.5 -22.5981 1.2
      vertex -23 -20 1.2
      vertex -21.6667 -22.4944 1.2
    endloop
  endfacet
  facet normal 0 0 1
    outer loop
      vertex -23 20 1.2
      vertex -21.978 22.2555 1.2
      vertex -22.1213 22.1213 1.2
    endloop
  endfacet
  facet normal 0 0 1
    outer loop
      vertex -21.6667 -22.4944 1.2
      vertex -23 -20 1.2
      vertex -21.8263 -22.3801 1.2
    endloop
  endfacet
  facet normal 0 0 1
    outer loop
      vertex -23 20 1.2
      vertex -22.1213 22.1213 1.2
      vertex -22.2555 21.978 1.2
    endloop
  endfacet
  facet normal 0 0 1
    outer loop
      vertex -21.8263 -22.3801 1.2
      vertex -23 -20 1.2
      vertex -21.978 -22.2555 1.2
    endloop
  endfacet
  facet normal 0 0 1
    outer loop
      vertex -23 20 1.2
      vertex -22.2555 21.978 1.2
      vertex -22.3801 21.8263 1.2
    endloop
  endfacet
  facet normal 0 0 1
    outer loop
      vertex -21.978 -22.2555 1.2
      vertex -23 -20 1.2
      vertex -22.1213 -22.1213 1.2
    endloop
  endfacet
  facet normal 0 0 1
    outer loop
      vertex -23 20 1.2
      vertex -22.3801 21.8263 1.2
      vertex -22.4944 21.6667 1.2
    endloop
  endfacet
  facet normal 0 0 1
    outer loop
      vertex -22.1213 -22.1213 1.2
      vertex -23 -20 1.2
      vertex -22.2555 -21.978 1.2
    endloop
  endfacet
  facet normal 0 0 1
    outer loop
      vertex -23 20 1.2
      vertex -22.4944 21.6667 1.2
      vertex -22.5981 21.5 1.2
    endloop
  endfacet
  facet normal 0 0 1
    outer loop
      vertex -22.2555 -21.978 1.2
      vertex -23 -20 1.2
      vertex -22.3801 -21.8263 1.2
    endloop
  endfacet
  facet normal 0 0 1
    outer loop
      vertex -23 20 1.2
      vertex -22.5981 21.5 1.2
      vertex -22.6906 21.3269 1.2
    endloop
  endfacet
  facet normal 0 0 1
    outer loop
      vertex -22.3801 -21.8263 1.2
      vertex -23 -20 1.2
      vertex -22.4944 -21.6667 1.2
    endloop
  endfacet
  facet normal 0 0 1
    outer loop
      vertex -23 20 1.2
      vertex -22.6906 21.3269 1.2
      vertex -22.7716 21.1481 1.2
    endloop
  endfacet
  facet normal 0 0 1
    outer loop
      vertex -22.4944 -21.6667 1.2
      vertex -23 -20 1.2
      vertex -22.5981 -21.5 1.2
    endloop
  endfacet
  facet normal 0 0 1
    outer loop
      vertex -23 20 1.2
      vertex -22.7716 21.1481 1.2
      vertex -22.8408 20.9643 1.2
    endloop
  endfacet
  facet normal 0 0 1
    outer loop
      vertex -22.5981 -21.5 1.2
      vertex -23 -20 1.2
      vertex -22.6906 -21.3269 1.2
    endloop
  endfacet
  facet normal 0 0 1
    outer loop
      vertex -23 20 1.2
      vertex -22.8408 20.9643 1.2
      vertex -22.8978 20.7765 1.2
    endloop
  endfacet
  facet normal 0 0 1
    outer loop
      vertex -22.6906 -21.3269 1.2
      vertex -23 -20 1.2
      vertex -22.7716 -21.1481 1.2
    endloop
  endfacet
  facet normal 0 0 1
    outer loop
      vertex -23 20 1.2
      vertex -22.8978 20.7765 1.2
      vertex -22.9424 20.5853 1.2
    endloop
  endfacet
  facet normal 0 0 1
    outer loop
      vertex -22.7716 -21.1481 1.2
      vertex -23 -20 1.2
      vertex -22.8408 -20.9643 1.2
    endloop
  endfacet
  facet normal 0 0 1
    outer loop
      vertex -23 20 1.2
      vertex -22.9424 20.5853 1.2
      vertex -22.9743 20.3916 1.2
    endloop
  endfacet
  facet normal 0 0 1
    outer loop
      vertex -22.8408 -20.9643 1.2
      vertex -23 -20 1.2
      vertex -22.8978 -20.7765 1.2
    endloop
  endfacet
  facet normal 0 0 1
    outer loop
      vertex -23 20 1.2
      vertex -22.9743 20.3916 1.2
      vertex -22.9936 20.1962 1.2
    endloop
  endfacet
  facet normal 0 0 1
    outer loop
      vertex -22.8978 -20.7765 1.2
      vertex -23 -20 1.2
      vertex -22.9424 -20.5853 1.2
    endloop
  endfacet
  facet normal 0 0 1
    outer loop
      vertex -22.9424 -20.5853 1.2
      vertex -23 -20 1.2
      vertex -22.9743 -20.3916 1.2
    endloop
  endfacet
  facet normal 0 0 1
    outer loop
      vertex -22.9743 -20.3916 1.2
      vertex -23 -20 1.2
      vertex -22.9936 -20.1962 1.2
    endloop
  endfacet
  facet normal -0.162499 -0.986709 0
    outer loop
      vertex -20.5853 -22.9424 0
      vertex -20.3916 -22.9743 1.2
      vertex -20.5853 -22.9424 1.2
    endloop
  endfacet
  facet normal -0.162499 -0.986709 -0
    outer loop
      vertex -20.3916 -22.9743 1.2
      vertex -20.5853 -22.9424 0
      vertex -20.3916 -22.9743 0
    endloop
  endfacet
  facet normal -0.227165 -0.973856 0
    outer loop
      vertex -20.7765 -22.8978 0
      vertex -20.5853 -22.9424 1.2
      vertex -20.7765 -22.8978 1.2
    endloop
  endfacet
  facet normal -0.227165 -0.973856 -0
    outer loop
      vertex -20.5853 -22.9424 1.2
      vertex -20.7765 -22.8978 0
      vertex -20.5853 -22.9424 0
    endloop
  endfacet
  facet normal 0.290432 0.956896 -0
    outer loop
      vertex 20.9643 22.8408 0
      vertex 20.7765 22.8978 1.2
      vertex 20.9643 22.8408 1.2
    endloop
  endfacet
  facet normal 0.290432 0.956896 0
    outer loop
      vertex 20.7765 22.8978 1.2
      vertex 20.9643 22.8408 0
      vertex 20.7765 22.8978 0
    endloop
  endfacet
  facet normal 0.227165 0.973856 -0
    outer loop
      vertex 20.7765 22.8978 0
      vertex 20.5853 22.9424 1.2
      vertex 20.7765 22.8978 1.2
    endloop
  endfacet
  facet normal 0.227165 0.973856 0
    outer loop
      vertex 20.5853 22.9424 1.2
      vertex 20.7765 22.8978 0
      vertex 20.5853 22.9424 0
    endloop
  endfacet
  facet normal 0.849112 0.528212 0
    outer loop
      vertex 22.5981 21.5 1.2
      vertex 22.4944 21.6667 0
      vertex 22.4944 21.6667 1.2
    endloop
  endfacet
  facet normal 0.849112 0.528212 0
    outer loop
      vertex 22.4944 21.6667 0
      vertex 22.5981 21.5 1.2
      vertex 22.5981 21.5 0
    endloop
  endfacet
  facet normal 0.772753 -0.634707 0
    outer loop
      vertex 22.2555 -21.978 1.2
      vertex 22.3801 -21.8263 0
      vertex 22.3801 -21.8263 1.2
    endloop
  endfacet
  facet normal 0.772753 -0.634707 0
    outer loop
      vertex 22.3801 -21.8263 0
      vertex 22.2555 -21.978 1.2
      vertex 22.2555 -21.978 0
    endloop
  endfacet
  facet normal -0.290432 0.956896 0
    outer loop
      vertex -20.7765 22.8978 0
      vertex -20.9643 22.8408 1.2
      vertex -20.7765 22.8978 1.2
    endloop
  endfacet
  facet normal -0.290432 0.956896 0
    outer loop
      vertex -20.9643 22.8408 1.2
      vertex -20.7765 22.8978 0
      vertex -20.9643 22.8408 0
    endloop
  endfacet
  facet normal -0.352351 0.935868 0
    outer loop
      vertex -20.9643 22.8408 0
      vertex -21.1481 22.7716 1.2
      vertex -20.9643 22.8408 1.2
    endloop
  endfacet
  facet normal -0.352351 0.935868 0
    outer loop
      vertex -21.1481 22.7716 1.2
      vertex -20.9643 22.8408 0
      vertex -21.1481 22.7716 0
    endloop
  endfacet
  facet normal -0.634707 0.772753 0
    outer loop
      vertex -21.8263 22.3801 0
      vertex -21.978 22.2555 1.2
      vertex -21.8263 22.3801 1.2
    endloop
  endfacet
  facet normal -0.634707 0.772753 0
    outer loop
      vertex -21.978 22.2555 1.2
      vertex -21.8263 22.3801 0
      vertex -21.978 22.2555 0
    endloop
  endfacet
  facet normal -0.729902 0.683551 0
    outer loop
      vertex -22.2555 21.978 0
      vertex -22.1213 22.1213 1.2
      vertex -22.1213 22.1213 0
    endloop
  endfacet
  facet normal -0.729902 0.683551 0
    outer loop
      vertex -22.1213 22.1213 1.2
      vertex -22.2555 21.978 0
      vertex -22.2555 21.978 1.2
    endloop
  endfacet
  facet normal -0.683551 0.729902 0
    outer loop
      vertex -21.978 22.2555 0
      vertex -22.1213 22.1213 1.2
      vertex -21.978 22.2555 1.2
    endloop
  endfacet
  facet normal -0.683551 0.729902 0
    outer loop
      vertex -22.1213 22.1213 1.2
      vertex -21.978 22.2555 0
      vertex -22.1213 22.1213 0
    endloop
  endfacet
  facet normal -0.935868 0.352351 0
    outer loop
      vertex -22.8408 20.9643 0
      vertex -22.7716 21.1481 1.2
      vertex -22.7716 21.1481 0
    endloop
  endfacet
  facet normal -0.935868 0.352351 0
    outer loop
      vertex -22.7716 21.1481 1.2
      vertex -22.8408 20.9643 0
      vertex -22.8408 20.9643 1.2
    endloop
  endfacet
  facet normal -0.849112 0.528212 0
    outer loop
      vertex -22.5981 21.5 0
      vertex -22.4944 21.6667 1.2
      vertex -22.4944 21.6667 0
    endloop
  endfacet
  facet normal -0.849112 0.528212 0
    outer loop
      vertex -22.4944 21.6667 1.2
      vertex -22.5981 21.5 0
      vertex -22.5981 21.5 1.2
    endloop
  endfacet
  facet normal -0.772753 0.634707 0
    outer loop
      vertex -22.3801 21.8263 0
      vertex -22.2555 21.978 1.2
      vertex -22.2555 21.978 0
    endloop
  endfacet
  facet normal -0.772753 0.634707 0
    outer loop
      vertex -22.2555 21.978 1.2
      vertex -22.3801 21.8263 0
      vertex -22.3801 21.8263 1.2
    endloop
  endfacet
  facet normal -0.881972 -0.471302 0
    outer loop
      vertex -22.5981 -21.5 0
      vertex -22.6906 -21.3269 1.2
      vertex -22.6906 -21.3269 0
    endloop
  endfacet
  facet normal -0.881972 -0.471302 0
    outer loop
      vertex -22.6906 -21.3269 1.2
      vertex -22.5981 -21.5 0
      vertex -22.5981 -21.5 1.2
    endloop
  endfacet
  facet normal -0.999468 -0.0326024 0
    outer loop
      vertex -22.9936 -20.1962 0
      vertex -23 -20 1.2
      vertex -23 -20 0
    endloop
  endfacet
  facet normal -0.999468 -0.0326024 0
    outer loop
      vertex -23 -20 1.2
      vertex -22.9936 -20.1962 0
      vertex -22.9936 -20.1962 1.2
    endloop
  endfacet
  facet normal 0 0 -1
    outer loop
      vertex 20 -23 0
      vertex 23 -20 0
      vertex 22.9936 -20.1962 0
    endloop
  endfacet
  facet normal 0 0 -1
    outer loop
      vertex 23 -20 0
      vertex 15.1 0 0
      vertex 23 20 0
    endloop
  endfacet
  facet normal 0 0 -1
    outer loop
      vertex 20 -23 0
      vertex 22.9936 -20.1962 0
      vertex 22.9743 -20.3916 0
    endloop
  endfacet
  facet normal 0 0 -1
    outer loop
      vertex 15.0677 0.987587 0
      vertex 23 20 0
      vertex 15.1 0 0
    endloop
  endfacet
  facet normal 0 0 -1
    outer loop
      vertex 20 -23 0
      vertex 22.9743 -20.3916 0
      vertex 22.9424 -20.5853 0
    endloop
  endfacet
  facet normal 0 0 -1
    outer loop
      vertex 14.9708 1.97095 0
      vertex 23 20 0
      vertex 15.0677 0.987587 0
    endloop
  endfacet
  facet normal 0 0 -1
    outer loop
      vertex 20 -23 0
      vertex 22.9424 -20.5853 0
      vertex 22.8978 -20.7765 0
    endloop
  endfacet
  facet normal 0 0 -1
    outer loop
      vertex 14.8099 2.94586 0
      vertex 23 20 0
      vertex 14.9708 1.97095 0
    endloop
  endfacet
  facet normal 0 0 -1
    outer loop
      vertex 20 -23 0
      vertex 22.8978 -20.7765 0
      vertex 22.8408 -20.9643 0
    endloop
  endfacet
  facet normal 0 0 -1
    outer loop
      vertex 14.5855 3.90817 0
      vertex 23 20 0
      vertex 14.8099 2.94586 0
    endloop
  endfacet
  facet normal 0 0 -1
    outer loop
      vertex 20 -23 0
      vertex 22.8408 -20.9643 0
      vertex 22.7716 -21.1481 0
    endloop
  endfacet
  facet normal 0 0 -1
    outer loop
      vertex 14.2986 4.85374 0
      vertex 23 20 0
      vertex 14.5855 3.90817 0
    endloop
  endfacet
  facet normal 0 0 -1
    outer loop
      vertex 20 -23 0
      vertex 22.7716 -21.1481 0
      vertex 22.6906 -21.3269 0
    endloop
  endfacet
  facet normal 0 0 -1
    outer loop
      vertex 13.9506 5.77852 0
      vertex 23 20 0
      vertex 14.2986 4.85374 0
    endloop
  endfacet
  facet normal 0 0 -1
    outer loop
      vertex 20 -23 0
      vertex 22.6906 -21.3269 0
      vertex 22.5981 -21.5 0
    endloop
  endfacet
  facet normal 0 0 -1
    outer loop
      vertex 13.5428 6.67856 0
      vertex 23 20 0
      vertex 13.9506 5.77852 0
    endloop
  endfacet
  facet normal 0 0 -1
    outer loop
      vertex 20 -23 0
      vertex 22.5981 -21.5 0
      vertex 22.4944 -21.6667 0
    endloop
  endfacet
  facet normal 0 0 -1
    outer loop
      vertex 13.077 7.55 0
      vertex 23 20 0
      vertex 13.5428 6.67856 0
    endloop
  endfacet
  facet normal 0 0 -1
    outer loop
      vertex 20 -23 0
      vertex 22.4944 -21.6667 0
      vertex 22.3801 -21.8263 0
    endloop
  endfacet
  facet normal 0 0 -1
    outer loop
      vertex 12.5552 8.38911 0
      vertex 23 20 0
      vertex 13.077 7.55 0
    endloop
  endfacet
  facet normal 0 0 -1
    outer loop
      vertex 20 -23 0
      vertex 22.3801 -21.8263 0
      vertex 22.2555 -21.978 0
    endloop
  endfacet
  facet normal 0 0 -1
    outer loop
      vertex 11.9796 9.1923 0
      vertex 23 20 0
      vertex 12.5552 8.38911 0
    endloop
  endfacet
  facet normal 0 0 -1
    outer loop
      vertex 20 -23 0
      vertex 22.2555 -21.978 0
      vertex 22.1213 -22.1213 0
    endloop
  endfacet
  facet normal 0 0 -1
    outer loop
      vertex 11.3528 9.95612 0
      vertex 23 20 0
      vertex 11.9796 9.1923 0
    endloop
  endfacet
  facet normal 0 0 -1
    outer loop
      vertex 20 -23 0
      vertex 22.1213 -22.1213 0
      vertex 21.978 -22.2555 0
    endloop
  endfacet
  facet normal 0 0 -1
    outer loop
      vertex 10.6773 10.6773 0
      vertex 23 20 0
      vertex 11.3528 9.95612 0
    endloop
  endfacet
  facet normal 0 0 -1
    outer loop
      vertex 20 -23 0
      vertex 21.978 -22.2555 0
      vertex 21.8263 -22.3801 0
    endloop
  endfacet
  facet normal 0 -0 -1
    outer loop
      vertex 20 23 0
      vertex 23 20 0
      vertex 10.6773 10.6773 0
    endloop
  endfacet
  facet normal 0 0 -1
    outer loop
      vertex 20 -23 0
      vertex 21.8263 -22.3801 0
      vertex 21.6667 -22.4944 0
    endloop
  endfacet
  facet normal 0 0 -1
    outer loop
      vertex 23 20 0
      vertex 20 23 0
      vertex 22.9936 20.1962 0
    endloop
  endfacet
  facet normal 0 0 -1
    outer loop
      vertex 20 -23 0
      vertex 21.6667 -22.4944 0
      vertex 21.5 -22.5981 0
    endloop
  endfacet
  facet normal 0 0 -1
    outer loop
      vertex 22.9936 20.1962 0
      vertex 20 23 0
      vertex 22.9743 20.3916 0
    endloop
  endfacet
  facet normal 0 0 -1
    outer loop
      vertex 20 -23 0
      vertex 21.5 -22.5981 0
      vertex 21.3269 -22.6906 0
    endloop
  endfacet
  facet normal 0 0 -1
    outer loop
      vertex 22.9424 20.5853 0
      vertex 20 23 0
      vertex 22.8978 20.7765 0
    endloop
  endfacet
  facet normal 0 0 -1
    outer loop
      vertex 20 -23 0
      vertex 21.3269 -22.6906 0
      vertex 21.1481 -22.7716 0
    endloop
  endfacet
  facet normal 0 0 -1
    outer loop
      vertex 22.8978 20.7765 0
      vertex 20 23 0
      vertex 22.8408 20.9643 0
    endloop
  endfacet
  facet normal 0 0 -1
    outer loop
      vertex 20 -23 0
      vertex 21.1481 -22.7716 0
      vertex 20.9643 -22.8408 0
    endloop
  endfacet
  facet normal 0 0 -1
    outer loop
      vertex 22.8408 20.9643 0
      vertex 20 23 0
      vertex 22.7716 21.1481 0
    endloop
  endfacet
  facet normal 0 0 -1
    outer loop
      vertex 20 -23 0
      vertex 20.9643 -22.8408 0
      vertex 20.7765 -22.8978 0
    endloop
  endfacet
  facet normal 0 0 -1
    outer loop
      vertex 22.7716 21.1481 0
      vertex 20 23 0
      vertex 22.6906 21.3269 0
    endloop
  endfacet
  facet normal 0 0 -1
    outer loop
      vertex 20 -23 0
      vertex 20.7765 -22.8978 0
      vertex 20.5853 -22.9424 0
    endloop
  endfacet
  facet normal 0 0 -1
    outer loop
      vertex 22.6906 21.3269 0
      vertex 20 23 0
      vertex 22.5981 21.5 0
    endloop
  endfacet
  facet normal 0 0 -1
    outer loop
      vertex 20 -23 0
      vertex 20.5853 -22.9424 0
      vertex 20.3916 -22.9743 0
    endloop
  endfacet
  facet normal 0 0 -1
    outer loop
      vertex 22.5981 21.5 0
      vertex 20 23 0
      vertex 22.4944 21.6667 0
    endloop
  endfacet
  facet normal 0 0 -1
    outer loop
      vertex 20 -23 0
      vertex 20.3916 -22.9743 0
      vertex 20.1962 -22.9936 0
    endloop
  endfacet
  facet normal 0 0 -1
    outer loop
      vertex 22.4944 21.6667 0
      vertex 20 23 0
      vertex 22.3801 21.8263 0
    endloop
  endfacet
  facet normal -0 0 -1
    outer loop
      vertex 23 -20 0
      vertex 20 -23 0
      vertex 10.6773 -10.6773 0
    endloop
  endfacet
  facet normal 0 0 -1
    outer loop
      vertex 22.3801 21.8263 0
      vertex 20 23 0
      vertex 22.2555 21.978 0
    endloop
  endfacet
  facet normal 0 0 -1
    outer loop
      vertex 22.1213 22.1213 0
      vertex 20 23 0
      vertex 21.978 22.2555 0
    endloop
  endfacet
  facet normal 0 0 -1
    outer loop
      vertex 23 -20 0
      vertex 15.0677 -0.987587 0
      vertex 15.1 0 0
    endloop
  endfacet
  facet normal 0 0 -1
    outer loop
      vertex 23 -20 0
      vertex 14.9708 -1.97095 0
      vertex 15.0677 -0.987587 0
    endloop
  endfacet
  facet normal 0 0 -1
    outer loop
      vertex 23 -20 0
      vertex 14.8099 -2.94586 0
      vertex 14.9708 -1.97095 0
    endloop
  endfacet
  facet normal 0 0 -1
    outer loop
      vertex 23 -20 0
      vertex 14.5855 -3.90817 0
      vertex 14.8099 -2.94586 0
    endloop
  endfacet
  facet normal 0 0 -1
    outer loop
      vertex 23 -20 0
      vertex 14.2986 -4.85374 0
      vertex 14.5855 -3.90817 0
    endloop
  endfacet
  facet normal 0 0 -1
    outer loop
      vertex 23 -20 0
      vertex 13.9506 -5.77852 0
      vertex 14.2986 -4.85374 0
    endloop
  endfacet
  facet normal 0 0 -1
    outer loop
      vertex 23 -20 0
      vertex 13.5428 -6.67856 0
      vertex 13.9506 -5.77852 0
    endloop
  endfacet
  facet normal 0 0 -1
    outer loop
      vertex 23 -20 0
      vertex 13.077 -7.55 0
      vertex 13.5428 -6.67856 0
    endloop
  endfacet
  facet normal 0 0 -1
    outer loop
      vertex 23 -20 0
      vertex 12.5552 -8.38911 0
      vertex 13.077 -7.55 0
    endloop
  endfacet
  facet normal 0 0 -1
    outer loop
      vertex 23 -20 0
      vertex 11.9796 -9.1923 0
      vertex 12.5552 -8.38911 0
    endloop
  endfacet
  facet normal 0 0 -1
    outer loop
      vertex 23 -20 0
      vertex 11.3528 -9.95612 0
      vertex 11.9796 -9.1923 0
    endloop
  endfacet
  facet normal 0 0 -1
    outer loop
      vertex 23 -20 0
      vertex 10.6773 -10.6773 0
      vertex 11.3528 -9.95612 0
    endloop
  endfacet
  facet normal 0 0 -1
    outer loop
      vertex 20 -23 0
      vertex 9.95612 -11.3528 0
      vertex 10.6773 -10.6773 0
    endloop
  endfacet
  facet normal 0 0 -1
    outer loop
      vertex 20 -23 0
      vertex 9.1923 -11.9796 0
      vertex 9.95612 -11.3528 0
    endloop
  endfacet
  facet normal 0 0 -1
    outer loop
      vertex 20 -23 0
      vertex 8.38911 -12.5552 0
      vertex 9.1923 -11.9796 0
    endloop
  endfacet
  facet normal 0 0 -1
    outer loop
      vertex 20 -23 0
      vertex 7.55 -13.077 0
      vertex 8.38911 -12.5552 0
    endloop
  endfacet
  facet normal 0 0 -1
    outer loop
      vertex 20 -23 0
      vertex 6.67856 -13.5428 0
      vertex 7.55 -13.077 0
    endloop
  endfacet
  facet normal 0 0 -1
    outer loop
      vertex 20 -23 0
      vertex 5.77852 -13.9506 0
      vertex 6.67856 -13.5428 0
    endloop
  endfacet
  facet normal 0 0 -1
    outer loop
      vertex 20 -23 0
      vertex 4.85374 -14.2986 0
      vertex 5.77852 -13.9506 0
    endloop
  endfacet
  facet normal 0 0 -1
    outer loop
      vertex 20 -23 0
      vertex 3.90817 -14.5855 0
      vertex 4.85374 -14.2986 0
    endloop
  endfacet
  facet normal 0 0 -1
    outer loop
      vertex 20 -23 0
      vertex 2.94586 -14.8099 0
      vertex 3.90817 -14.5855 0
    endloop
  endfacet
  facet normal 0 0 -1
    outer loop
      vertex 20 -23 0
      vertex 1.97095 -14.9708 0
      vertex 2.94586 -14.8099 0
    endloop
  endfacet
  facet normal 0 0 -1
    outer loop
      vertex 20 -23 0
      vertex 0.987587 -15.0677 0
      vertex 1.97095 -14.9708 0
    endloop
  endfacet
  facet normal 0 0 -1
    outer loop
      vertex 20 -23 0
      vertex 0 -15.1 0
      vertex 0.987587 -15.0677 0
    endloop
  endfacet
  facet normal 0 0 -1
    outer loop
      vertex -20 -23 0
      vertex 0 -15.1 0
      vertex 20 -23 0
    endloop
  endfacet
  facet normal -0 0 -1
    outer loop
      vertex 0 -15.1 0
      vertex -20 -23 0
      vertex -0.987587 -15.0677 0
    endloop
  endfacet
  facet normal -0 0 -1
    outer loop
      vertex -0.987587 -15.0677 0
      vertex -20 -23 0
      vertex -1.97095 -14.9708 0
    endloop
  endfacet
  facet normal -0 0 -1
    outer loop
      vertex -1.97095 -14.9708 0
      vertex -20 -23 0
      vertex -2.94586 -14.8099 0
    endloop
  endfacet
  facet normal -0 0 -1
    outer loop
      vertex -2.94586 -14.8099 0
      vertex -20 -23 0
      vertex -3.90817 -14.5855 0
    endloop
  endfacet
  facet normal -0 0 -1
    outer loop
      vertex -14.9708 -1.97095 0
      vertex -23 -20 0
      vertex -15.0677 -0.987587 0
    endloop
  endfacet
  facet normal -0 0 -1
    outer loop
      vertex -14.8099 -2.94586 0
      vertex -23 -20 0
      vertex -14.9708 -1.97095 0
    endloop
  endfacet
  facet normal -0 0 -1
    outer loop
      vertex -14.5855 -3.90817 0
      vertex -23 -20 0
      vertex -14.8099 -2.94586 0
    endloop
  endfacet
  facet normal -0 0 -1
    outer loop
      vertex -14.2986 -4.85374 0
      vertex -23 -20 0
      vertex -14.5855 -3.90817 0
    endloop
  endfacet
  facet normal -0 0 -1
    outer loop
      vertex -13.9506 -5.77852 0
      vertex -23 -20 0
      vertex -14.2986 -4.85374 0
    endloop
  endfacet
  facet normal -0 0 -1
    outer loop
      vertex -13.5428 -6.67856 0
      vertex -23 -20 0
      vertex -13.9506 -5.77852 0
    endloop
  endfacet
  facet normal -0 0 -1
    outer loop
      vertex -13.077 -7.55 0
      vertex -23 -20 0
      vertex -13.5428 -6.67856 0
    endloop
  endfacet
  facet normal -0 0 -1
    outer loop
      vertex -12.5552 -8.38911 0
      vertex -23 -20 0
      vertex -13.077 -7.55 0
    endloop
  endfacet
  facet normal -0 0 -1
    outer loop
      vertex -11.9796 -9.1923 0
      vertex -23 -20 0
      vertex -12.5552 -8.38911 0
    endloop
  endfacet
  facet normal -0 0 -1
    outer loop
      vertex -11.3528 -9.95612 0
      vertex -23 -20 0
      vertex -11.9796 -9.1923 0
    endloop
  endfacet
  facet normal -0 0 -1
    outer loop
      vertex -10.6773 -10.6773 0
      vertex -23 -20 0
      vertex -11.3528 -9.95612 0
    endloop
  endfacet
  facet normal 0 0 -1
    outer loop
      vertex -23 -20 0
      vertex -10.6773 -10.6773 0
      vertex -20 -23 0
    endloop
  endfacet
  facet normal -0 0 -1
    outer loop
      vertex -9.95612 -11.3528 0
      vertex -20 -23 0
      vertex -10.6773 -10.6773 0
    endloop
  endfacet
  facet normal -0 0 -1
    outer loop
      vertex -9.1923 -11.9796 0
      vertex -20 -23 0
      vertex -9.95612 -11.3528 0
    endloop
  endfacet
  facet normal -0 0 -1
    outer loop
      vertex -8.38911 -12.5552 0
      vertex -20 -23 0
      vertex -9.1923 -11.9796 0
    endloop
  endfacet
  facet normal -0 0 -1
    outer loop
      vertex -7.55 -13.077 0
      vertex -20 -23 0
      vertex -8.38911 -12.5552 0
    endloop
  endfacet
  facet normal -0 0 -1
    outer loop
      vertex -6.67856 -13.5428 0
      vertex -20 -23 0
      vertex -7.55 -13.077 0
    endloop
  endfacet
  facet normal -0 0 -1
    outer loop
      vertex -5.77852 -13.9506 0
      vertex -20 -23 0
      vertex -6.67856 -13.5428 0
    endloop
  endfacet
  facet normal -0 0 -1
    outer loop
      vertex -4.85374 -14.2986 0
      vertex -20 -23 0
      vertex -5.77852 -13.9506 0
    endloop
  endfacet
  facet normal -0 0 -1
    outer loop
      vertex -3.90817 -14.5855 0
      vertex -20 -23 0
      vertex -4.85374 -14.2986 0
    endloop
  endfacet
  facet normal 0 0 -1
    outer loop
      vertex 21.978 22.2555 0
      vertex 20 23 0
      vertex 21.8263 22.3801 0
    endloop
  endfacet
  facet normal 0 0 -1
    outer loop
      vertex 21.8263 22.3801 0
      vertex 20 23 0
      vertex 21.6667 22.4944 0
    endloop
  endfacet
  facet normal 0 0 -1
    outer loop
      vertex 21.6667 22.4944 0
      vertex 20 23 0
      vertex 21.5 22.5981 0
    endloop
  endfacet
  facet normal 0 0 -1
    outer loop
      vertex 21.5 22.5981 0
      vertex 20 23 0
      vertex 21.3269 22.6906 0
    endloop
  endfacet
  facet normal 0 0 -1
    outer loop
      vertex 21.3269 22.6906 0
      vertex 20 23 0
      vertex 21.1481 22.7716 0
    endloop
  endfacet
  facet normal 0 0 -1
    outer loop
      vertex 21.1481 22.7716 0
      vertex 20 23 0
      vertex 20.9643 22.8408 0
    endloop
  endfacet
  facet normal 0 0 -1
    outer loop
      vertex 20.9643 22.8408 0
      vertex 20 23 0
      vertex 20.7765 22.8978 0
    endloop
  endfacet
  facet normal 0 0 -1
    outer loop
      vertex 20.5853 22.9424 0
      vertex 20 23 0
      vertex 20.3916 22.9743 0
    endloop
  endfacet
  facet normal 0 0 -1
    outer loop
      vertex 20.3916 22.9743 0
      vertex 20 23 0
      vertex 20.1962 22.9936 0
    endloop
  endfacet
  facet normal 0 0 -1
    outer loop
      vertex 20.7765 22.8978 0
      vertex 20 23 0
      vertex 20.5853 22.9424 0
    endloop
  endfacet
  facet normal 0 0 -1
    outer loop
      vertex 22.2555 21.978 0
      vertex 20 23 0
      vertex 22.1213 22.1213 0
    endloop
  endfacet
  facet normal 0 0 -1
    outer loop
      vertex 22.9743 20.3916 0
      vertex 20 23 0
      vertex 22.9424 20.5853 0
    endloop
  endfacet
  facet normal 0 0 -1
    outer loop
      vertex 9.95612 11.3528 0
      vertex 20 23 0
      vertex 10.6773 10.6773 0
    endloop
  endfacet
  facet normal 0 0 -1
    outer loop
      vertex 9.1923 11.9796 0
      vertex 20 23 0
      vertex 9.95612 11.3528 0
    endloop
  endfacet
  facet normal 0 0 -1
    outer loop
      vertex 8.38911 12.5552 0
      vertex 20 23 0
      vertex 9.1923 11.9796 0
    endloop
  endfacet
  facet normal 0 0 -1
    outer loop
      vertex 7.55 13.077 0
      vertex 20 23 0
      vertex 8.38911 12.5552 0
    endloop
  endfacet
  facet normal 0 0 -1
    outer loop
      vertex 6.67856 13.5428 0
      vertex 20 23 0
      vertex 7.55 13.077 0
    endloop
  endfacet
  facet normal 0 0 -1
    outer loop
      vertex 5.77852 13.9506 0
      vertex 20 23 0
      vertex 6.67856 13.5428 0
    endloop
  endfacet
  facet normal 0 0 -1
    outer loop
      vertex 4.85374 14.2986 0
      vertex 20 23 0
      vertex 5.77852 13.9506 0
    endloop
  endfacet
  facet normal 0 0 -1
    outer loop
      vertex 3.90817 14.5855 0
      vertex 20 23 0
      vertex 4.85374 14.2986 0
    endloop
  endfacet
  facet normal 0 0 -1
    outer loop
      vertex 2.94586 14.8099 0
      vertex 20 23 0
      vertex 3.90817 14.5855 0
    endloop
  endfacet
  facet normal 0 0 -1
    outer loop
      vertex 1.97095 14.9708 0
      vertex 20 23 0
      vertex 2.94586 14.8099 0
    endloop
  endfacet
  facet normal 0 0 -1
    outer loop
      vertex 0.987587 15.0677 0
      vertex 20 23 0
      vertex 1.97095 14.9708 0
    endloop
  endfacet
  facet normal 0 0 -1
    outer loop
      vertex 0 15.1 0
      vertex 20 23 0
      vertex 0.987587 15.0677 0
    endloop
  endfacet
  facet normal 0 0 -1
    outer loop
      vertex -20 23 0
      vertex 0 15.1 0
      vertex -0.987587 15.0677 0
    endloop
  endfacet
  facet normal 0 0 -1
    outer loop
      vertex -20 23 0
      vertex -0.987587 15.0677 0
      vertex -1.97095 14.9708 0
    endloop
  endfacet
  facet normal 0 0 -1
    outer loop
      vertex -20 23 0
      vertex -1.97095 14.9708 0
      vertex -2.94586 14.8099 0
    endloop
  endfacet
  facet normal 0 0 -1
    outer loop
      vertex -20 23 0
      vertex -2.94586 14.8099 0
      vertex -3.90817 14.5855 0
    endloop
  endfacet
  facet normal 0 0 -1
    outer loop
      vertex -20 23 0
      vertex -3.90817 14.5855 0
      vertex -4.85374 14.2986 0
    endloop
  endfacet
  facet normal -0 0 -1
    outer loop
      vertex -15.0677 -0.987587 0
      vertex -23 -20 0
      vertex -15.1 0 0
    endloop
  endfacet
  facet normal 0 0 -1
    outer loop
      vertex -23 20 0
      vertex -15.1 0 0
      vertex -23 -20 0
    endloop
  endfacet
  facet normal 0 0 -1
    outer loop
      vertex -15.1 0 0
      vertex -23 20 0
      vertex -15.0677 0.987587 0
    endloop
  endfacet
  facet normal 0 0 -1
    outer loop
      vertex 0 15.1 0
      vertex -20 23 0
      vertex 20 23 0
    endloop
  endfacet
  facet normal 0 0 -1
    outer loop
      vertex -5.77852 13.9506 0
      vertex -20 23 0
      vertex -4.85374 14.2986 0
    endloop
  endfacet
  facet normal 0 0 -1
    outer loop
      vertex -6.67856 13.5428 0
      vertex -20 23 0
      vertex -5.77852 13.9506 0
    endloop
  endfacet
  facet normal 0 0 -1
    outer loop
      vertex -7.55 13.077 0
      vertex -20 23 0
      vertex -6.67856 13.5428 0
    endloop
  endfacet
  facet normal 0 0 -1
    outer loop
      vertex -8.38911 12.5552 0
      vertex -20 23 0
      vertex -7.55 13.077 0
    endloop
  endfacet
  facet normal 0 0 -1
    outer loop
      vertex -9.1923 11.9796 0
      vertex -20 23 0
      vertex -8.38911 12.5552 0
    endloop
  endfacet
  facet normal 0 0 -1
    outer loop
      vertex -9.95612 11.3528 0
      vertex -20 23 0
      vertex -9.1923 11.9796 0
    endloop
  endfacet
  facet normal 0 0 -1
    outer loop
      vertex -10.6773 10.6773 0
      vertex -20 23 0
      vertex -9.95612 11.3528 0
    endloop
  endfacet
  facet normal 0 0 -1
    outer loop
      vertex -23 20 0
      vertex -10.6773 10.6773 0
      vertex -11.3528 9.95612 0
    endloop
  endfacet
  facet normal 0 0 -1
    outer loop
      vertex -23 20 0
      vertex -11.3528 9.95612 0
      vertex -11.9796 9.1923 0
    endloop
  endfacet
  facet normal 0 0 -1
    outer loop
      vertex -23 20 0
      vertex -11.9796 9.1923 0
      vertex -12.5552 8.38911 0
    endloop
  endfacet
  facet normal 0 0 -1
    outer loop
      vertex -23 20 0
      vertex -12.5552 8.38911 0
      vertex -13.077 7.55 0
    endloop
  endfacet
  facet normal 0 0 -1
    outer loop
      vertex -23 20 0
      vertex -13.077 7.55 0
      vertex -13.5428 6.67856 0
    endloop
  endfacet
  facet normal 0 0 -1
    outer loop
      vertex -23 20 0
      vertex -13.5428 6.67856 0
      vertex -13.9506 5.77852 0
    endloop
  endfacet
  facet normal 0 0 -1
    outer loop
      vertex -23 20 0
      vertex -13.9506 5.77852 0
      vertex -14.2986 4.85374 0
    endloop
  endfacet
  facet normal 0 0 -1
    outer loop
      vertex -23 20 0
      vertex -14.2986 4.85374 0
      vertex -14.5855 3.90817 0
    endloop
  endfacet
  facet normal 0 0 -1
    outer loop
      vertex -23 20 0
      vertex -14.5855 3.90817 0
      vertex -14.8099 2.94586 0
    endloop
  endfacet
  facet normal 0 0 -1
    outer loop
      vertex -15.0677 0.987587 0
      vertex -23 20 0
      vertex -14.9708 1.97095 0
    endloop
  endfacet
  facet normal 0 0 -1
    outer loop
      vertex -23 -20 0
      vertex -20 -23 0
      vertex -20.1962 -22.9936 0
    endloop
  endfacet
  facet normal 0 0 -1
    outer loop
      vertex -14.9708 1.97095 0
      vertex -23 20 0
      vertex -14.8099 2.94586 0
    endloop
  endfacet
  facet normal 0 0 -1
    outer loop
      vertex -23 -20 0
      vertex -20.1962 -22.9936 0
      vertex -20.3916 -22.9743 0
    endloop
  endfacet
  facet normal 0 0 -1
    outer loop
      vertex -10.6773 10.6773 0
      vertex -23 20 0
      vertex -20 23 0
    endloop
  endfacet
  facet normal 0 0 -1
    outer loop
      vertex -23 -20 0
      vertex -20.3916 -22.9743 0
      vertex -20.5853 -22.9424 0
    endloop
  endfacet
  facet normal 0 0 -1
    outer loop
      vertex -20 23 0
      vertex -23 20 0
      vertex -20.1962 22.9936 0
    endloop
  endfacet
  facet normal 0 0 -1
    outer loop
      vertex -23 -20 0
      vertex -20.5853 -22.9424 0
      vertex -20.7765 -22.8978 0
    endloop
  endfacet
  facet normal 0 0 -1
    outer loop
      vertex -20.1962 22.9936 0
      vertex -23 20 0
      vertex -20.3916 22.9743 0
    endloop
  endfacet
  facet normal 0 0 -1
    outer loop
      vertex -23 -20 0
      vertex -20.7765 -22.8978 0
      vertex -20.9643 -22.8408 0
    endloop
  endfacet
  facet normal 0 0 -1
    outer loop
      vertex -20.3916 22.9743 0
      vertex -23 20 0
      vertex -20.5853 22.9424 0
    endloop
  endfacet
  facet normal 0 0 -1
    outer loop
      vertex -23 -20 0
      vertex -20.9643 -22.8408 0
      vertex -21.1481 -22.7716 0
    endloop
  endfacet
  facet normal 0 0 -1
    outer loop
      vertex -20.5853 22.9424 0
      vertex -23 20 0
      vertex -20.7765 22.8978 0
    endloop
  endfacet
  facet normal 0 0 -1
    outer loop
      vertex -23 -20 0
      vertex -21.1481 -22.7716 0
      vertex -21.3269 -22.6906 0
    endloop
  endfacet
  facet normal 0 0 -1
    outer loop
      vertex -20.7765 22.8978 0
      vertex -23 20 0
      vertex -20.9643 22.8408 0
    endloop
  endfacet
  facet normal 0 0 -1
    outer loop
      vertex -23 -20 0
      vertex -21.3269 -22.6906 0
      vertex -21.5 -22.5981 0
    endloop
  endfacet
  facet normal 0 0 -1
    outer loop
      vertex -20.9643 22.8408 0
      vertex -23 20 0
      vertex -21.1481 22.7716 0
    endloop
  endfacet
  facet normal 0 0 -1
    outer loop
      vertex -23 -20 0
      vertex -21.5 -22.5981 0
      vertex -21.6667 -22.4944 0
    endloop
  endfacet
  facet normal 0 0 -1
    outer loop
      vertex -21.1481 22.7716 0
      vertex -23 20 0
      vertex -21.3269 22.6906 0
    endloop
  endfacet
  facet normal 0 0 -1
    outer loop
      vertex -23 -20 0
      vertex -21.6667 -22.4944 0
      vertex -21.8263 -22.3801 0
    endloop
  endfacet
  facet normal 0 0 -1
    outer loop
      vertex -21.3269 22.6906 0
      vertex -23 20 0
      vertex -21.5 22.5981 0
    endloop
  endfacet
  facet normal 0 0 -1
    outer loop
      vertex -23 -20 0
      vertex -21.8263 -22.3801 0
      vertex -21.978 -22.2555 0
    endloop
  endfacet
  facet normal 0 0 -1
    outer loop
      vertex -21.5 22.5981 0
      vertex -23 20 0
      vertex -21.6667 22.4944 0
    endloop
  endfacet
  facet normal 0 0 -1
    outer loop
      vertex -23 -20 0
      vertex -21.978 -22.2555 0
      vertex -22.1213 -22.1213 0
    endloop
  endfacet
  facet normal 0 0 -1
    outer loop
      vertex -21.6667 22.4944 0
      vertex -23 20 0
      vertex -21.8263 22.3801 0
    endloop
  endfacet
  facet normal 0 0 -1
    outer loop
      vertex -23 -20 0
      vertex -22.1213 -22.1213 0
      vertex -22.2555 -21.978 0
    endloop
  endfacet
  facet normal 0 0 -1
    outer loop
      vertex -21.8263 22.3801 0
      vertex -23 20 0
      vertex -21.978 22.2555 0
    endloop
  endfacet
  facet normal 0 0 -1
    outer loop
      vertex -23 -20 0
      vertex -22.2555 -21.978 0
      vertex -22.3801 -21.8263 0
    endloop
  endfacet
  facet normal 0 0 -1
    outer loop
      vertex -21.978 22.2555 0
      vertex -23 20 0
      vertex -22.1213 22.1213 0
    endloop
  endfacet
  facet normal 0 0 -1
    outer loop
      vertex -23 -20 0
      vertex -22.3801 -21.8263 0
      vertex -22.4944 -21.6667 0
    endloop
  endfacet
  facet normal 0 0 -1
    outer loop
      vertex -22.1213 22.1213 0
      vertex -23 20 0
      vertex -22.2555 21.978 0
    endloop
  endfacet
  facet normal 0 0 -1
    outer loop
      vertex -23 -20 0
      vertex -22.4944 -21.6667 0
      vertex -22.5981 -21.5 0
    endloop
  endfacet
  facet normal 0 0 -1
    outer loop
      vertex -22.2555 21.978 0
      vertex -23 20 0
      vertex -22.3801 21.8263 0
    endloop
  endfacet
  facet normal 0 0 -1
    outer loop
      vertex -23 -20 0
      vertex -22.5981 -21.5 0
      vertex -22.6906 -21.3269 0
    endloop
  endfacet
  facet normal 0 0 -1
    outer loop
      vertex -22.3801 21.8263 0
      vertex -23 20 0
      vertex -22.4944 21.6667 0
    endloop
  endfacet
  facet normal 0 0 -1
    outer loop
      vertex -23 -20 0
      vertex -22.6906 -21.3269 0
      vertex -22.7716 -21.1481 0
    endloop
  endfacet
  facet normal 0 0 -1
    outer loop
      vertex -22.4944 21.6667 0
      vertex -23 20 0
      vertex -22.5981 21.5 0
    endloop
  endfacet
  facet normal 0 0 -1
    outer loop
      vertex -23 -20 0
      vertex -22.7716 -21.1481 0
      vertex -22.8408 -20.9643 0
    endloop
  endfacet
  facet normal 0 0 -1
    outer loop
      vertex -22.5981 21.5 0
      vertex -23 20 0
      vertex -22.6906 21.3269 0
    endloop
  endfacet
  facet normal 0 0 -1
    outer loop
      vertex -23 -20 0
      vertex -22.8408 -20.9643 0
      vertex -22.8978 -20.7765 0
    endloop
  endfacet
  facet normal 0 0 -1
    outer loop
      vertex -22.6906 21.3269 0
      vertex -23 20 0
      vertex -22.7716 21.1481 0
    endloop
  endfacet
  facet normal 0 0 -1
    outer loop
      vertex -23 -20 0
      vertex -22.8978 -20.7765 0
      vertex -22.9424 -20.5853 0
    endloop
  endfacet
  facet normal 0 0 -1
    outer loop
      vertex -22.7716 21.1481 0
      vertex -23 20 0
      vertex -22.8408 20.9643 0
    endloop
  endfacet
  facet normal 0 0 -1
    outer loop
      vertex -23 -20 0
      vertex -22.9424 -20.5853 0
      vertex -22.9743 -20.3916 0
    endloop
  endfacet
  facet normal 0 0 -1
    outer loop
      vertex -22.8408 20.9643 0
      vertex -23 20 0
      vertex -22.8978 20.7765 0
    endloop
  endfacet
  facet normal 0 0 -1
    outer loop
      vertex -23 -20 0
      vertex -22.9743 -20.3916 0
      vertex -22.9936 -20.1962 0
    endloop
  endfacet
  facet normal 0 0 -1
    outer loop
      vertex -22.8978 20.7765 0
      vertex -23 20 0
      vertex -22.9424 20.5853 0
    endloop
  endfacet
  facet normal 0 0 -1
    outer loop
      vertex -22.9424 20.5853 0
      vertex -23 20 0
      vertex -22.9743 20.3916 0
    endloop
  endfacet
  facet normal 0 0 -1
    outer loop
      vertex -22.9743 20.3916 0
      vertex -23 20 0
      vertex -22.9936 20.1962 0
    endloop
  endfacet
  facet normal -0.935868 -0.352351 0
    outer loop
      vertex -22.7716 -21.1481 0
      vertex -22.8408 -20.9643 1.2
      vertex -22.8408 -20.9643 0
    endloop
  endfacet
  facet normal -0.935868 -0.352351 0
    outer loop
      vertex -22.8408 -20.9643 1.2
      vertex -22.7716 -21.1481 0
      vertex -22.7716 -21.1481 1.2
    endloop
  endfacet
  facet normal -0.849112 -0.528212 0
    outer loop
      vertex -22.4944 -21.6667 0
      vertex -22.5981 -21.5 1.2
      vertex -22.5981 -21.5 0
    endloop
  endfacet
  facet normal -0.849112 -0.528212 0
    outer loop
      vertex -22.5981 -21.5 1.2
      vertex -22.4944 -21.6667 0
      vertex -22.4944 -21.6667 1.2
    endloop
  endfacet
  facet normal -0.729902 -0.683551 0
    outer loop
      vertex -22.1213 -22.1213 0
      vertex -22.2555 -21.978 1.2
      vertex -22.2555 -21.978 0
    endloop
  endfacet
  facet normal -0.729902 -0.683551 0
    outer loop
      vertex -22.2555 -21.978 1.2
      vertex -22.1213 -22.1213 0
      vertex -22.1213 -22.1213 1.2
    endloop
  endfacet
  facet normal -0.634707 -0.772753 0
    outer loop
      vertex -21.978 -22.2555 0
      vertex -21.8263 -22.3801 1.2
      vertex -21.978 -22.2555 1.2
    endloop
  endfacet
  facet normal -0.634707 -0.772753 -0
    outer loop
      vertex -21.8263 -22.3801 1.2
      vertex -21.978 -22.2555 0
      vertex -21.8263 -22.3801 0
    endloop
  endfacet
  facet normal -0.471302 -0.881972 0
    outer loop
      vertex -21.5 -22.5981 0
      vertex -21.3269 -22.6906 1.2
      vertex -21.5 -22.5981 1.2
    endloop
  endfacet
  facet normal -0.471302 -0.881972 -0
    outer loop
      vertex -21.3269 -22.6906 1.2
      vertex -21.5 -22.5981 0
      vertex -21.3269 -22.6906 0
    endloop
  endfacet
  facet normal -0.352351 -0.935868 0
    outer loop
      vertex -21.1481 -22.7716 0
      vertex -20.9643 -22.8408 1.2
      vertex -21.1481 -22.7716 1.2
    endloop
  endfacet
  facet normal -0.352351 -0.935868 -0
    outer loop
      vertex -20.9643 -22.8408 1.2
      vertex -21.1481 -22.7716 0
      vertex -20.9643 -22.8408 0
    endloop
  endfacet
  facet normal 0.729902 0.683551 0
    outer loop
      vertex 22.2555 21.978 1.2
      vertex 22.1213 22.1213 0
      vertex 22.1213 22.1213 1.2
    endloop
  endfacet
  facet normal 0.729902 0.683551 0
    outer loop
      vertex 22.1213 22.1213 0
      vertex 22.2555 21.978 1.2
      vertex 22.2555 21.978 0
    endloop
  endfacet
  facet normal 0.412651 0.910889 -0
    outer loop
      vertex 21.3269 22.6906 0
      vertex 21.1481 22.7716 1.2
      vertex 21.3269 22.6906 1.2
    endloop
  endfacet
  facet normal 0.412651 0.910889 0
    outer loop
      vertex 21.1481 22.7716 1.2
      vertex 21.3269 22.6906 0
      vertex 21.1481 22.7716 0
    endloop
  endfacet
  facet normal 0.471302 0.881972 -0
    outer loop
      vertex 21.5 22.5981 0
      vertex 21.3269 22.6906 1.2
      vertex 21.5 22.5981 1.2
    endloop
  endfacet
  facet normal 0.471302 0.881972 0
    outer loop
      vertex 21.3269 22.6906 1.2
      vertex 21.5 22.5981 0
      vertex 21.3269 22.6906 0
    endloop
  endfacet
  facet normal 0.162499 0.986709 -0
    outer loop
      vertex 20.5853 22.9424 0
      vertex 20.3916 22.9743 1.2
      vertex 20.5853 22.9424 1.2
    endloop
  endfacet
  facet normal 0.162499 0.986709 0
    outer loop
      vertex 20.3916 22.9743 1.2
      vertex 20.5853 22.9424 0
      vertex 20.3916 22.9743 0
    endloop
  endfacet
  facet normal 0.352351 0.935868 -0
    outer loop
      vertex 21.1481 22.7716 0
      vertex 20.9643 22.8408 1.2
      vertex 21.1481 22.7716 1.2
    endloop
  endfacet
  facet normal 0.352351 0.935868 0
    outer loop
      vertex 20.9643 22.8408 1.2
      vertex 21.1481 22.7716 0
      vertex 20.9643 22.8408 0
    endloop
  endfacet
  facet normal 0.995157 0.0982934 0
    outer loop
      vertex 22.9936 20.1962 1.2
      vertex 22.9743 20.3916 0
      vertex 22.9743 20.3916 1.2
    endloop
  endfacet
  facet normal 0.995157 0.0982934 0
    outer loop
      vertex 22.9743 20.3916 0
      vertex 22.9936 20.1962 1.2
      vertex 22.9936 20.1962 0
    endloop
  endfacet
  facet normal 0.956896 0.290432 0
    outer loop
      vertex 22.8978 20.7765 1.2
      vertex 22.8408 20.9643 0
      vertex 22.8408 20.9643 1.2
    endloop
  endfacet
  facet normal 0.956896 0.290432 0
    outer loop
      vertex 22.8408 20.9643 0
      vertex 22.8978 20.7765 1.2
      vertex 22.8978 20.7765 0
    endloop
  endfacet
  facet normal 0.935868 0.352351 0
    outer loop
      vertex 22.8408 20.9643 1.2
      vertex 22.7716 21.1481 0
      vertex 22.7716 21.1481 1.2
    endloop
  endfacet
  facet normal 0.935868 0.352351 0
    outer loop
      vertex 22.7716 21.1481 0
      vertex 22.8408 20.9643 1.2
      vertex 22.8408 20.9643 0
    endloop
  endfacet
  facet normal 0.881972 0.471302 0
    outer loop
      vertex 22.6906 21.3269 1.2
      vertex 22.5981 21.5 0
      vertex 22.5981 21.5 1.2
    endloop
  endfacet
  facet normal 0.881972 0.471302 0
    outer loop
      vertex 22.5981 21.5 0
      vertex 22.6906 21.3269 1.2
      vertex 22.6906 21.3269 0
    endloop
  endfacet
  facet normal 0.935868 -0.352351 0
    outer loop
      vertex 22.7716 -21.1481 1.2
      vertex 22.8408 -20.9643 0
      vertex 22.8408 -20.9643 1.2
    endloop
  endfacet
  facet normal 0.935868 -0.352351 0
    outer loop
      vertex 22.8408 -20.9643 0
      vertex 22.7716 -21.1481 1.2
      vertex 22.7716 -21.1481 0
    endloop
  endfacet
  facet normal 0.849112 -0.528212 0
    outer loop
      vertex 22.4944 -21.6667 1.2
      vertex 22.5981 -21.5 0
      vertex 22.5981 -21.5 1.2
    endloop
  endfacet
  facet normal 0.849112 -0.528212 0
    outer loop
      vertex 22.5981 -21.5 0
      vertex 22.4944 -21.6667 1.2
      vertex 22.4944 -21.6667 0
    endloop
  endfacet
  facet normal 0.729902 -0.683551 0
    outer loop
      vertex 22.1213 -22.1213 1.2
      vertex 22.2555 -21.978 0
      vertex 22.2555 -21.978 1.2
    endloop
  endfacet
  facet normal 0.729902 -0.683551 0
    outer loop
      vertex 22.2555 -21.978 0
      vertex 22.1213 -22.1213 1.2
      vertex 22.1213 -22.1213 0
    endloop
  endfacet
  facet normal 0.528212 -0.849112 0
    outer loop
      vertex 21.5 -22.5981 0
      vertex 21.6667 -22.4944 1.2
      vertex 21.5 -22.5981 1.2
    endloop
  endfacet
  facet normal 0.528212 -0.849112 0
    outer loop
      vertex 21.6667 -22.4944 1.2
      vertex 21.5 -22.5981 0
      vertex 21.6667 -22.4944 0
    endloop
  endfacet
  facet normal 0.683551 -0.729902 0
    outer loop
      vertex 21.978 -22.2555 0
      vertex 22.1213 -22.1213 1.2
      vertex 21.978 -22.2555 1.2
    endloop
  endfacet
  facet normal 0.683551 -0.729902 0
    outer loop
      vertex 22.1213 -22.1213 1.2
      vertex 21.978 -22.2555 0
      vertex 22.1213 -22.1213 0
    endloop
  endfacet
  facet normal 0.352351 -0.935868 0
    outer loop
      vertex 20.9643 -22.8408 0
      vertex 21.1481 -22.7716 1.2
      vertex 20.9643 -22.8408 1.2
    endloop
  endfacet
  facet normal 0.352351 -0.935868 0
    outer loop
      vertex 21.1481 -22.7716 1.2
      vertex 20.9643 -22.8408 0
      vertex 21.1481 -22.7716 0
    endloop
  endfacet
  facet normal 0.227165 -0.973856 0
    outer loop
      vertex 20.5853 -22.9424 0
      vertex 20.7765 -22.8978 1.2
      vertex 20.5853 -22.9424 1.2
    endloop
  endfacet
  facet normal 0.227165 -0.973856 0
    outer loop
      vertex 20.7765 -22.8978 1.2
      vertex 20.5853 -22.9424 0
      vertex 20.7765 -22.8978 0
    endloop
  endfacet
  facet normal -0.227165 0.973856 0
    outer loop
      vertex -20.5853 22.9424 0
      vertex -20.7765 22.8978 1.2
      vertex -20.5853 22.9424 1.2
    endloop
  endfacet
  facet normal -0.227165 0.973856 0
    outer loop
      vertex -20.7765 22.8978 1.2
      vertex -20.5853 22.9424 0
      vertex -20.7765 22.8978 0
    endloop
  endfacet
  facet normal -0.162499 0.986709 0
    outer loop
      vertex -20.3916 22.9743 0
      vertex -20.5853 22.9424 1.2
      vertex -20.3916 22.9743 1.2
    endloop
  endfacet
  facet normal -0.162499 0.986709 0
    outer loop
      vertex -20.5853 22.9424 1.2
      vertex -20.3916 22.9743 0
      vertex -20.5853 22.9424 0
    endloop
  endfacet
  facet normal -0.471302 0.881972 0
    outer loop
      vertex -21.3269 22.6906 0
      vertex -21.5 22.5981 1.2
      vertex -21.3269 22.6906 1.2
    endloop
  endfacet
  facet normal -0.471302 0.881972 0
    outer loop
      vertex -21.5 22.5981 1.2
      vertex -21.3269 22.6906 0
      vertex -21.5 22.5981 0
    endloop
  endfacet
  facet normal -0.412651 0.910889 0
    outer loop
      vertex -21.1481 22.7716 0
      vertex -21.3269 22.6906 1.2
      vertex -21.1481 22.7716 1.2
    endloop
  endfacet
  facet normal -0.412651 0.910889 0
    outer loop
      vertex -21.3269 22.6906 1.2
      vertex -21.1481 22.7716 0
      vertex -21.3269 22.6906 0
    endloop
  endfacet
  facet normal -0.58225 0.81301 0
    outer loop
      vertex -21.6667 22.4944 0
      vertex -21.8263 22.3801 1.2
      vertex -21.6667 22.4944 1.2
    endloop
  endfacet
  facet normal -0.58225 0.81301 0
    outer loop
      vertex -21.8263 22.3801 1.2
      vertex -21.6667 22.4944 0
      vertex -21.8263 22.3801 0
    endloop
  endfacet
  facet normal -0.973856 0.227165 0
    outer loop
      vertex -22.9424 20.5853 0
      vertex -22.8978 20.7765 1.2
      vertex -22.8978 20.7765 0
    endloop
  endfacet
  facet normal -0.973856 0.227165 0
    outer loop
      vertex -22.8978 20.7765 1.2
      vertex -22.9424 20.5853 0
      vertex -22.9424 20.5853 1.2
    endloop
  endfacet
  facet normal -0.986709 0.162499 0
    outer loop
      vertex -22.9743 20.3916 0
      vertex -22.9424 20.5853 1.2
      vertex -22.9424 20.5853 0
    endloop
  endfacet
  facet normal -0.986709 0.162499 0
    outer loop
      vertex -22.9424 20.5853 1.2
      vertex -22.9743 20.3916 0
      vertex -22.9743 20.3916 1.2
    endloop
  endfacet
  facet normal -0.881972 0.471302 0
    outer loop
      vertex -22.6906 21.3269 0
      vertex -22.5981 21.5 1.2
      vertex -22.5981 21.5 0
    endloop
  endfacet
  facet normal -0.881972 0.471302 0
    outer loop
      vertex -22.5981 21.5 1.2
      vertex -22.6906 21.3269 0
      vertex -22.6906 21.3269 1.2
    endloop
  endfacet
  facet normal -0.910889 0.412651 0
    outer loop
      vertex -22.7716 21.1481 0
      vertex -22.6906 21.3269 1.2
      vertex -22.6906 21.3269 0
    endloop
  endfacet
  facet normal -0.910889 0.412651 0
    outer loop
      vertex -22.6906 21.3269 1.2
      vertex -22.7716 21.1481 0
      vertex -22.7716 21.1481 1.2
    endloop
  endfacet
  facet normal -0.995157 -0.0982934 0
    outer loop
      vertex -22.9743 -20.3916 0
      vertex -22.9936 -20.1962 1.2
      vertex -22.9936 -20.1962 0
    endloop
  endfacet
  facet normal -0.995157 -0.0982934 0
    outer loop
      vertex -22.9936 -20.1962 1.2
      vertex -22.9743 -20.3916 0
      vertex -22.9743 -20.3916 1.2
    endloop
  endfacet
  facet normal -0.956896 -0.290432 0
    outer loop
      vertex -22.8408 -20.9643 0
      vertex -22.8978 -20.7765 1.2
      vertex -22.8978 -20.7765 0
    endloop
  endfacet
  facet normal -0.956896 -0.290432 0
    outer loop
      vertex -22.8978 -20.7765 1.2
      vertex -22.8408 -20.9643 0
      vertex -22.8408 -20.9643 1.2
    endloop
  endfacet
  facet normal -0.986709 -0.162499 0
    outer loop
      vertex -22.9424 -20.5853 0
      vertex -22.9743 -20.3916 1.2
      vertex -22.9743 -20.3916 0
    endloop
  endfacet
  facet normal -0.986709 -0.162499 0
    outer loop
      vertex -22.9743 -20.3916 1.2
      vertex -22.9424 -20.5853 0
      vertex -22.9424 -20.5853 1.2
    endloop
  endfacet
  facet normal -0.910889 -0.412651 0
    outer loop
      vertex -22.6906 -21.3269 0
      vertex -22.7716 -21.1481 1.2
      vertex -22.7716 -21.1481 0
    endloop
  endfacet
  facet normal -0.910889 -0.412651 0
    outer loop
      vertex -22.7716 -21.1481 1.2
      vertex -22.6906 -21.3269 0
      vertex -22.6906 -21.3269 1.2
    endloop
  endfacet
  facet normal -0.81301 -0.58225 0
    outer loop
      vertex -22.3801 -21.8263 0
      vertex -22.4944 -21.6667 1.2
      vertex -22.4944 -21.6667 0
    endloop
  endfacet
  facet normal -0.81301 -0.58225 0
    outer loop
      vertex -22.4944 -21.6667 1.2
      vertex -22.3801 -21.8263 0
      vertex -22.3801 -21.8263 1.2
    endloop
  endfacet
  facet normal -0.683551 -0.729902 0
    outer loop
      vertex -22.1213 -22.1213 0
      vertex -21.978 -22.2555 1.2
      vertex -22.1213 -22.1213 1.2
    endloop
  endfacet
  facet normal -0.683551 -0.729902 -0
    outer loop
      vertex -21.978 -22.2555 1.2
      vertex -22.1213 -22.1213 0
      vertex -21.978 -22.2555 0
    endloop
  endfacet
  facet normal -0.58225 -0.81301 0
    outer loop
      vertex -21.8263 -22.3801 0
      vertex -21.6667 -22.4944 1.2
      vertex -21.8263 -22.3801 1.2
    endloop
  endfacet
  facet normal -0.58225 -0.81301 -0
    outer loop
      vertex -21.6667 -22.4944 1.2
      vertex -21.8263 -22.3801 0
      vertex -21.6667 -22.4944 0
    endloop
  endfacet
  facet normal -0.412651 -0.910889 0
    outer loop
      vertex -21.3269 -22.6906 0
      vertex -21.1481 -22.7716 1.2
      vertex -21.3269 -22.6906 1.2
    endloop
  endfacet
  facet normal -0.412651 -0.910889 -0
    outer loop
      vertex -21.1481 -22.7716 1.2
      vertex -21.3269 -22.6906 0
      vertex -21.1481 -22.7716 0
    endloop
  endfacet
  facet normal -0.0326024 -0.999468 0
    outer loop
      vertex -20.1962 -22.9936 0
      vertex -20 -23 1.2
      vertex -20.1962 -22.9936 1.2
    endloop
  endfacet
  facet normal -0.0326024 -0.999468 -0
    outer loop
      vertex -20 -23 1.2
      vertex -20.1962 -22.9936 0
      vertex -20 -23 0
    endloop
  endfacet
  facet normal -0.290432 -0.956896 0
    outer loop
      vertex -20.9643 -22.8408 0
      vertex -20.7765 -22.8978 1.2
      vertex -20.9643 -22.8408 1.2
    endloop
  endfacet
  facet normal -0.290432 -0.956896 -0
    outer loop
      vertex -20.7765 -22.8978 1.2
      vertex -20.9643 -22.8408 0
      vertex -20.7765 -22.8978 0
    endloop
  endfacet
  facet normal 0.58225 0.81301 -0
    outer loop
      vertex 21.8263 22.3801 0
      vertex 21.6667 22.4944 1.2
      vertex 21.8263 22.3801 1.2
    endloop
  endfacet
  facet normal 0.58225 0.81301 0
    outer loop
      vertex 21.6667 22.4944 1.2
      vertex 21.8263 22.3801 0
      vertex 21.6667 22.4944 0
    endloop
  endfacet
  facet normal 0.634707 0.772753 -0
    outer loop
      vertex 21.978 22.2555 0
      vertex 21.8263 22.3801 1.2
      vertex 21.978 22.2555 1.2
    endloop
  endfacet
  facet normal 0.634707 0.772753 0
    outer loop
      vertex 21.8263 22.3801 1.2
      vertex 21.978 22.2555 0
      vertex 21.8263 22.3801 0
    endloop
  endfacet
  facet normal 0.683551 0.729902 -0
    outer loop
      vertex 22.1213 22.1213 0
      vertex 21.978 22.2555 1.2
      vertex 22.1213 22.1213 1.2
    endloop
  endfacet
  facet normal 0.683551 0.729902 0
    outer loop
      vertex 21.978 22.2555 1.2
      vertex 22.1213 22.1213 0
      vertex 21.978 22.2555 0
    endloop
  endfacet
  facet normal 0.973856 0.227165 0
    outer loop
      vertex 22.9424 20.5853 1.2
      vertex 22.8978 20.7765 0
      vertex 22.8978 20.7765 1.2
    endloop
  endfacet
  facet normal 0.973856 0.227165 0
    outer loop
      vertex 22.8978 20.7765 0
      vertex 22.9424 20.5853 1.2
      vertex 22.9424 20.5853 0
    endloop
  endfacet
  facet normal 0.986709 0.162499 0
    outer loop
      vertex 22.9743 20.3916 1.2
      vertex 22.9424 20.5853 0
      vertex 22.9424 20.5853 1.2
    endloop
  endfacet
  facet normal 0.986709 0.162499 0
    outer loop
      vertex 22.9424 20.5853 0
      vertex 22.9743 20.3916 1.2
      vertex 22.9743 20.3916 0
    endloop
  endfacet
  facet normal 0.81301 0.58225 0
    outer loop
      vertex 22.4944 21.6667 1.2
      vertex 22.3801 21.8263 0
      vertex 22.3801 21.8263 1.2
    endloop
  endfacet
  facet normal 0.81301 0.58225 0
    outer loop
      vertex 22.3801 21.8263 0
      vertex 22.4944 21.6667 1.2
      vertex 22.4944 21.6667 0
    endloop
  endfacet
  facet normal 0.910889 0.412651 0
    outer loop
      vertex 22.7716 21.1481 1.2
      vertex 22.6906 21.3269 0
      vertex 22.6906 21.3269 1.2
    endloop
  endfacet
  facet normal 0.910889 0.412651 0
    outer loop
      vertex 22.6906 21.3269 0
      vertex 22.7716 21.1481 1.2
      vertex 22.7716 21.1481 0
    endloop
  endfacet
  facet normal 0.973856 -0.227165 0
    outer loop
      vertex 22.8978 -20.7765 1.2
      vertex 22.9424 -20.5853 0
      vertex 22.9424 -20.5853 1.2
    endloop
  endfacet
  facet normal 0.973856 -0.227165 0
    outer loop
      vertex 22.9424 -20.5853 0
      vertex 22.8978 -20.7765 1.2
      vertex 22.8978 -20.7765 0
    endloop
  endfacet
  facet normal 0.995157 -0.0982934 0
    outer loop
      vertex 22.9743 -20.3916 1.2
      vertex 22.9936 -20.1962 0
      vertex 22.9936 -20.1962 1.2
    endloop
  endfacet
  facet normal 0.995157 -0.0982934 0
    outer loop
      vertex 22.9936 -20.1962 0
      vertex 22.9743 -20.3916 1.2
      vertex 22.9743 -20.3916 0
    endloop
  endfacet
  facet normal 0.956896 -0.290432 0
    outer loop
      vertex 22.8408 -20.9643 1.2
      vertex 22.8978 -20.7765 0
      vertex 22.8978 -20.7765 1.2
    endloop
  endfacet
  facet normal 0.956896 -0.290432 0
    outer loop
      vertex 22.8978 -20.7765 0
      vertex 22.8408 -20.9643 1.2
      vertex 22.8408 -20.9643 0
    endloop
  endfacet
  facet normal 0.81301 -0.58225 0
    outer loop
      vertex 22.3801 -21.8263 1.2
      vertex 22.4944 -21.6667 0
      vertex 22.4944 -21.6667 1.2
    endloop
  endfacet
  facet normal 0.81301 -0.58225 0
    outer loop
      vertex 22.4944 -21.6667 0
      vertex 22.3801 -21.8263 1.2
      vertex 22.3801 -21.8263 0
    endloop
  endfacet
  facet normal 0.881972 -0.471302 0
    outer loop
      vertex 22.5981 -21.5 1.2
      vertex 22.6906 -21.3269 0
      vertex 22.6906 -21.3269 1.2
    endloop
  endfacet
  facet normal 0.881972 -0.471302 0
    outer loop
      vertex 22.6906 -21.3269 0
      vertex 22.5981 -21.5 1.2
      vertex 22.5981 -21.5 0
    endloop
  endfacet
  facet normal 0.58225 -0.81301 0
    outer loop
      vertex 21.6667 -22.4944 0
      vertex 21.8263 -22.3801 1.2
      vertex 21.6667 -22.4944 1.2
    endloop
  endfacet
  facet normal 0.58225 -0.81301 0
    outer loop
      vertex 21.8263 -22.3801 1.2
      vertex 21.6667 -22.4944 0
      vertex 21.8263 -22.3801 0
    endloop
  endfacet
  facet normal 0.412651 -0.910889 0
    outer loop
      vertex 21.1481 -22.7716 0
      vertex 21.3269 -22.6906 1.2
      vertex 21.1481 -22.7716 1.2
    endloop
  endfacet
  facet normal 0.412651 -0.910889 0
    outer loop
      vertex 21.3269 -22.6906 1.2
      vertex 21.1481 -22.7716 0
      vertex 21.3269 -22.6906 0
    endloop
  endfacet
  facet normal 0.290432 -0.956896 0
    outer loop
      vertex 20.7765 -22.8978 0
      vertex 20.9643 -22.8408 1.2
      vertex 20.7765 -22.8978 1.2
    endloop
  endfacet
  facet normal 0.290432 -0.956896 0
    outer loop
      vertex 20.9643 -22.8408 1.2
      vertex 20.7765 -22.8978 0
      vertex 20.9643 -22.8408 0
    endloop
  endfacet
  facet normal -0.973856 -0.227165 0
    outer loop
      vertex -22.8978 -20.7765 0
      vertex -22.9424 -20.5853 1.2
      vertex -22.9424 -20.5853 0
    endloop
  endfacet
  facet normal -0.973856 -0.227165 0
    outer loop
      vertex -22.9424 -20.5853 1.2
      vertex -22.8978 -20.7765 0
      vertex -22.8978 -20.7765 1.2
    endloop
  endfacet
  facet normal -0.772753 -0.634707 0
    outer loop
      vertex -22.2555 -21.978 0
      vertex -22.3801 -21.8263 1.2
      vertex -22.3801 -21.8263 0
    endloop
  endfacet
  facet normal -0.772753 -0.634707 0
    outer loop
      vertex -22.3801 -21.8263 1.2
      vertex -22.2555 -21.978 0
      vertex -22.2555 -21.978 1.2
    endloop
  endfacet
  facet normal 0.986709 -0.162499 0
    outer loop
      vertex 22.9424 -20.5853 1.2
      vertex 22.9743 -20.3916 0
      vertex 22.9743 -20.3916 1.2
    endloop
  endfacet
  facet normal 0.986709 -0.162499 0
    outer loop
      vertex 22.9743 -20.3916 0
      vertex 22.9424 -20.5853 1.2
      vertex 22.9424 -20.5853 0
    endloop
  endfacet
  facet normal 0.910889 -0.412651 0
    outer loop
      vertex 22.6906 -21.3269 1.2
      vertex 22.7716 -21.1481 0
      vertex 22.7716 -21.1481 1.2
    endloop
  endfacet
  facet normal 0.910889 -0.412651 0
    outer loop
      vertex 22.7716 -21.1481 0
      vertex 22.6906 -21.3269 1.2
      vertex 22.6906 -21.3269 0
    endloop
  endfacet
  facet normal 0.634707 -0.772753 0
    outer loop
      vertex 21.8263 -22.3801 0
      vertex 21.978 -22.2555 1.2
      vertex 21.8263 -22.3801 1.2
    endloop
  endfacet
  facet normal 0.634707 -0.772753 0
    outer loop
      vertex 21.978 -22.2555 1.2
      vertex 21.8263 -22.3801 0
      vertex 21.978 -22.2555 0
    endloop
  endfacet
  facet normal 0.471302 -0.881972 0
    outer loop
      vertex 21.3269 -22.6906 0
      vertex 21.5 -22.5981 1.2
      vertex 21.3269 -22.6906 1.2
    endloop
  endfacet
  facet normal 0.471302 -0.881972 0
    outer loop
      vertex 21.5 -22.5981 1.2
      vertex 21.3269 -22.6906 0
      vertex 21.5 -22.5981 0
    endloop
  endfacet
  facet normal -0.999466 -0.0326885 0
    outer loop
      vertex 15.1 0 0
      vertex 15.0677 0.987587 1.2
      vertex 15.0677 0.987587 0
    endloop
  endfacet
  facet normal -0.999466 -0.0326885 0
    outer loop
      vertex 15.0677 0.987587 1.2
      vertex 15.1 0 0
      vertex 15.1 0 1.2
    endloop
  endfacet
  facet normal 0.999466 -0.0326885 0
    outer loop
      vertex -15.1 0 1.2
      vertex -15.0677 0.987587 0
      vertex -15.0677 0.987587 1.2
    endloop
  endfacet
  facet normal 0.999466 -0.0326885 0
    outer loop
      vertex -15.0677 0.987587 0
      vertex -15.1 0 1.2
      vertex -15.1 0 0
    endloop
  endfacet
  facet normal -0.0326885 -0.999466 0
    outer loop
      vertex 0 15.1 0
      vertex 0.987587 15.0677 1.2
      vertex 0 15.1 1.2
    endloop
  endfacet
  facet normal -0.0326885 -0.999466 -0
    outer loop
      vertex 0.987587 15.0677 1.2
      vertex 0 15.1 0
      vertex 0.987587 15.0677 0
    endloop
  endfacet
  facet normal 0.0326885 0.999466 -0
    outer loop
      vertex 0 -15.1 0
      vertex -0.987587 -15.0677 1.2
      vertex 0 -15.1 1.2
    endloop
  endfacet
  facet normal 0.0326885 0.999466 0
    outer loop
      vertex -0.987587 -15.0677 1.2
      vertex 0 -15.1 0
      vertex -0.987587 -15.0677 0
    endloop
  endfacet
  facet normal -0.729843 -0.683615 0
    outer loop
      vertex 11.3528 9.95612 0
      vertex 10.6773 10.6773 1.2
      vertex 10.6773 10.6773 0
    endloop
  endfacet
  facet normal -0.729843 -0.683615 0
    outer loop
      vertex 10.6773 10.6773 1.2
      vertex 11.3528 9.95612 0
      vertex 11.3528 9.95612 1.2
    endloop
  endfacet
  facet normal 0.683615 -0.729843 0
    outer loop
      vertex -10.6773 10.6773 0
      vertex -9.95612 11.3528 1.2
      vertex -10.6773 10.6773 1.2
    endloop
  endfacet
  facet normal 0.683615 -0.729843 0
    outer loop
      vertex -9.95612 11.3528 1.2
      vertex -10.6773 10.6773 0
      vertex -9.95612 11.3528 0
    endloop
  endfacet
  facet normal 0.973872 0.227096 0
    outer loop
      vertex -14.5855 -3.90817 1.2
      vertex -14.8099 -2.94586 0
      vertex -14.8099 -2.94586 1.2
    endloop
  endfacet
  facet normal 0.973872 0.227096 0
    outer loop
      vertex -14.8099 -2.94586 0
      vertex -14.5855 -3.90817 1.2
      vertex -14.5855 -3.90817 0
    endloop
  endfacet
  facet normal -0.935927 -0.352195 0
    outer loop
      vertex 14.2986 4.85374 0
      vertex 13.9506 5.77852 1.2
      vertex 13.9506 5.77852 0
    endloop
  endfacet
  facet normal -0.935927 -0.352195 0
    outer loop
      vertex 13.9506 5.77852 1.2
      vertex 14.2986 4.85374 0
      vertex 14.2986 4.85374 1.2
    endloop
  endfacet
  facet normal 0.849199 -0.528074 0
    outer loop
      vertex -13.077 7.55 1.2
      vertex -12.5552 8.38911 0
      vertex -12.5552 8.38911 1.2
    endloop
  endfacet
  facet normal 0.849199 -0.528074 0
    outer loop
      vertex -12.5552 8.38911 0
      vertex -13.077 7.55 1.2
      vertex -13.077 7.55 0
    endloop
  endfacet
  facet normal 0.812826 -0.582506 0
    outer loop
      vertex -12.5552 8.38911 1.2
      vertex -11.9796 9.1923 0
      vertex -11.9796 9.1923 1.2
    endloop
  endfacet
  facet normal 0.812826 -0.582506 0
    outer loop
      vertex -11.9796 9.1923 0
      vertex -12.5552 8.38911 1.2
      vertex -12.5552 8.38911 0
    endloop
  endfacet
  facet normal 0.634363 -0.773036 0
    outer loop
      vertex -9.95612 11.3528 0
      vertex -9.1923 11.9796 1.2
      vertex -9.95612 11.3528 1.2
    endloop
  endfacet
  facet normal 0.634363 -0.773036 0
    outer loop
      vertex -9.1923 11.9796 1.2
      vertex -9.95612 11.3528 0
      vertex -9.1923 11.9796 0
    endloop
  endfacet
  facet normal 0.0980644 -0.99518 0
    outer loop
      vertex -1.97095 14.9708 0
      vertex -0.987587 15.0677 1.2
      vertex -1.97095 14.9708 1.2
    endloop
  endfacet
  facet normal 0.0980644 -0.99518 0
    outer loop
      vertex -0.987587 15.0677 1.2
      vertex -1.97095 14.9708 0
      vertex -0.987587 15.0677 0
    endloop
  endfacet
  facet normal -0.849199 0.528074 0
    outer loop
      vertex 12.5552 -8.38911 0
      vertex 13.077 -7.55 1.2
      vertex 13.077 -7.55 0
    endloop
  endfacet
  facet normal -0.849199 0.528074 0
    outer loop
      vertex 13.077 -7.55 1.2
      vertex 12.5552 -8.38911 0
      vertex 12.5552 -8.38911 1.2
    endloop
  endfacet
  facet normal -0.227096 0.973872 0
    outer loop
      vertex 3.90817 -14.5855 0
      vertex 2.94586 -14.8099 1.2
      vertex 3.90817 -14.5855 1.2
    endloop
  endfacet
  facet normal -0.227096 0.973872 0
    outer loop
      vertex 2.94586 -14.8099 1.2
      vertex 3.90817 -14.5855 0
      vertex 2.94586 -14.8099 0
    endloop
  endfacet
  facet normal -0.634363 0.773036 0
    outer loop
      vertex 9.95612 -11.3528 0
      vertex 9.1923 -11.9796 1.2
      vertex 9.95612 -11.3528 1.2
    endloop
  endfacet
  facet normal -0.634363 0.773036 0
    outer loop
      vertex 9.1923 -11.9796 1.2
      vertex 9.95612 -11.3528 0
      vertex 9.1923 -11.9796 0
    endloop
  endfacet
  facet normal 0.352195 0.935927 -0
    outer loop
      vertex -4.85374 -14.2986 0
      vertex -5.77852 -13.9506 1.2
      vertex -4.85374 -14.2986 1.2
    endloop
  endfacet
  facet normal 0.352195 0.935927 0
    outer loop
      vertex -5.77852 -13.9506 1.2
      vertex -4.85374 -14.2986 0
      vertex -5.77852 -13.9506 0
    endloop
  endfacet
  facet normal 0.729843 0.683615 0
    outer loop
      vertex -10.6773 -10.6773 1.2
      vertex -11.3528 -9.95612 0
      vertex -11.3528 -9.95612 1.2
    endloop
  endfacet
  facet normal 0.729843 0.683615 0
    outer loop
      vertex -11.3528 -9.95612 0
      vertex -10.6773 -10.6773 1.2
      vertex -10.6773 -10.6773 0
    endloop
  endfacet
  facet normal 0.812826 0.582506 0
    outer loop
      vertex -11.9796 -9.1923 1.2
      vertex -12.5552 -8.38911 0
      vertex -12.5552 -8.38911 1.2
    endloop
  endfacet
  facet normal 0.812826 0.582506 0
    outer loop
      vertex -12.5552 -8.38911 0
      vertex -11.9796 -9.1923 1.2
      vertex -11.9796 -9.1923 0
    endloop
  endfacet
  facet normal -0.986653 -0.162838 0
    outer loop
      vertex 14.9708 1.97095 0
      vertex 14.8099 2.94586 1.2
      vertex 14.8099 2.94586 0
    endloop
  endfacet
  facet normal -0.986653 -0.162838 0
    outer loop
      vertex 14.8099 2.94586 1.2
      vertex 14.9708 1.97095 0
      vertex 14.9708 1.97095 1.2
    endloop
  endfacet
  facet normal -0.99518 -0.0980644 0
    outer loop
      vertex 15.0677 0.987587 0
      vertex 14.9708 1.97095 1.2
      vertex 14.9708 1.97095 0
    endloop
  endfacet
  facet normal -0.99518 -0.0980644 0
    outer loop
      vertex 14.9708 1.97095 1.2
      vertex 15.0677 0.987587 0
      vertex 15.0677 0.987587 1.2
    endloop
  endfacet
  facet normal -0.973872 -0.227096 0
    outer loop
      vertex 14.8099 2.94586 0
      vertex 14.5855 3.90817 1.2
      vertex 14.5855 3.90817 0
    endloop
  endfacet
  facet normal -0.973872 -0.227096 0
    outer loop
      vertex 14.5855 3.90817 1.2
      vertex 14.8099 2.94586 0
      vertex 14.8099 2.94586 1.2
    endloop
  endfacet
  facet normal -0.849199 -0.528074 0
    outer loop
      vertex 13.077 7.55 0
      vertex 12.5552 8.38911 1.2
      vertex 12.5552 8.38911 0
    endloop
  endfacet
  facet normal -0.849199 -0.528074 0
    outer loop
      vertex 12.5552 8.38911 1.2
      vertex 13.077 7.55 0
      vertex 13.077 7.55 1.2
    endloop
  endfacet
  facet normal -0.227096 -0.973872 0
    outer loop
      vertex 2.94586 14.8099 0
      vertex 3.90817 14.5855 1.2
      vertex 2.94586 14.8099 1.2
    endloop
  endfacet
  facet normal -0.227096 -0.973872 -0
    outer loop
      vertex 3.90817 14.5855 1.2
      vertex 2.94586 14.8099 0
      vertex 3.90817 14.5855 0
    endloop
  endfacet
  facet normal -0.582506 -0.812826 0
    outer loop
      vertex 8.38911 12.5552 0
      vertex 9.1923 11.9796 1.2
      vertex 8.38911 12.5552 1.2
    endloop
  endfacet
  facet normal -0.582506 -0.812826 -0
    outer loop
      vertex 9.1923 11.9796 1.2
      vertex 8.38911 12.5552 0
      vertex 9.1923 11.9796 0
    endloop
  endfacet
  facet normal -0.528074 -0.849199 0
    outer loop
      vertex 7.55 13.077 0
      vertex 8.38911 12.5552 1.2
      vertex 7.55 13.077 1.2
    endloop
  endfacet
  facet normal -0.528074 -0.849199 -0
    outer loop
      vertex 8.38911 12.5552 1.2
      vertex 7.55 13.077 0
      vertex 8.38911 12.5552 0
    endloop
  endfacet
  facet normal 0.973872 -0.227096 0
    outer loop
      vertex -14.8099 2.94586 1.2
      vertex -14.5855 3.90817 0
      vertex -14.5855 3.90817 1.2
    endloop
  endfacet
  facet normal 0.973872 -0.227096 0
    outer loop
      vertex -14.5855 3.90817 0
      vertex -14.8099 2.94586 1.2
      vertex -14.8099 2.94586 0
    endloop
  endfacet
  facet normal 0.528074 -0.849199 0
    outer loop
      vertex -8.38911 12.5552 0
      vertex -7.55 13.077 1.2
      vertex -8.38911 12.5552 1.2
    endloop
  endfacet
  facet normal 0.528074 -0.849199 0
    outer loop
      vertex -7.55 13.077 1.2
      vertex -8.38911 12.5552 0
      vertex -7.55 13.077 0
    endloop
  endfacet
  facet normal 0.582506 -0.812826 0
    outer loop
      vertex -9.1923 11.9796 0
      vertex -8.38911 12.5552 1.2
      vertex -9.1923 11.9796 1.2
    endloop
  endfacet
  facet normal 0.582506 -0.812826 0
    outer loop
      vertex -8.38911 12.5552 1.2
      vertex -9.1923 11.9796 0
      vertex -8.38911 12.5552 0
    endloop
  endfacet
  facet normal 0.290344 -0.956922 0
    outer loop
      vertex -4.85374 14.2986 0
      vertex -3.90817 14.5855 1.2
      vertex -4.85374 14.2986 1.2
    endloop
  endfacet
  facet normal 0.290344 -0.956922 0
    outer loop
      vertex -3.90817 14.5855 1.2
      vertex -4.85374 14.2986 0
      vertex -3.90817 14.5855 0
    endloop
  endfacet
  facet normal 0.0326885 -0.999466 0
    outer loop
      vertex -0.987587 15.0677 0
      vertex 0 15.1 1.2
      vertex -0.987587 15.0677 1.2
    endloop
  endfacet
  facet normal 0.0326885 -0.999466 0
    outer loop
      vertex 0 15.1 1.2
      vertex -0.987587 15.0677 0
      vertex 0 15.1 0
    endloop
  endfacet
  facet normal -0.0326885 0.999466 0
    outer loop
      vertex 0.987587 -15.0677 0
      vertex 0 -15.1 1.2
      vertex 0.987587 -15.0677 1.2
    endloop
  endfacet
  facet normal -0.0326885 0.999466 0
    outer loop
      vertex 0 -15.1 1.2
      vertex 0.987587 -15.0677 0
      vertex 0 -15.1 0
    endloop
  endfacet
  facet normal -0.582506 0.812826 0
    outer loop
      vertex 9.1923 -11.9796 0
      vertex 8.38911 -12.5552 1.2
      vertex 9.1923 -11.9796 1.2
    endloop
  endfacet
  facet normal -0.582506 0.812826 0
    outer loop
      vertex 8.38911 -12.5552 1.2
      vertex 9.1923 -11.9796 0
      vertex 8.38911 -12.5552 0
    endloop
  endfacet
  facet normal -0.812826 0.582506 0
    outer loop
      vertex 11.9796 -9.1923 0
      vertex 12.5552 -8.38911 1.2
      vertex 12.5552 -8.38911 0
    endloop
  endfacet
  facet normal -0.812826 0.582506 0
    outer loop
      vertex 12.5552 -8.38911 1.2
      vertex 11.9796 -9.1923 0
      vertex 11.9796 -9.1923 1.2
    endloop
  endfacet
  facet normal -0.973872 0.227096 0
    outer loop
      vertex 14.5855 -3.90817 0
      vertex 14.8099 -2.94586 1.2
      vertex 14.8099 -2.94586 0
    endloop
  endfacet
  facet normal -0.973872 0.227096 0
    outer loop
      vertex 14.8099 -2.94586 1.2
      vertex 14.5855 -3.90817 0
      vertex 14.5855 -3.90817 1.2
    endloop
  endfacet
  facet normal -0.986653 0.162838 0
    outer loop
      vertex 14.8099 -2.94586 0
      vertex 14.9708 -1.97095 1.2
      vertex 14.9708 -1.97095 0
    endloop
  endfacet
  facet normal -0.986653 0.162838 0
    outer loop
      vertex 14.9708 -1.97095 1.2
      vertex 14.8099 -2.94586 0
      vertex 14.8099 -2.94586 1.2
    endloop
  endfacet
  facet normal 0.582506 0.812826 -0
    outer loop
      vertex -8.38911 -12.5552 0
      vertex -9.1923 -11.9796 1.2
      vertex -8.38911 -12.5552 1.2
    endloop
  endfacet
  facet normal 0.582506 0.812826 0
    outer loop
      vertex -9.1923 -11.9796 1.2
      vertex -8.38911 -12.5552 0
      vertex -9.1923 -11.9796 0
    endloop
  endfacet
  facet normal 0.528074 0.849199 -0
    outer loop
      vertex -7.55 -13.077 0
      vertex -8.38911 -12.5552 1.2
      vertex -7.55 -13.077 1.2
    endloop
  endfacet
  facet normal 0.528074 0.849199 0
    outer loop
      vertex -8.38911 -12.5552 1.2
      vertex -7.55 -13.077 0
      vertex -8.38911 -12.5552 0
    endloop
  endfacet
  facet normal 0.910865 0.412705 0
    outer loop
      vertex -13.5428 -6.67856 1.2
      vertex -13.9506 -5.77852 0
      vertex -13.9506 -5.77852 1.2
    endloop
  endfacet
  facet normal 0.910865 0.412705 0
    outer loop
      vertex -13.9506 -5.77852 0
      vertex -13.5428 -6.67856 1.2
      vertex -13.5428 -6.67856 0
    endloop
  endfacet
  facet normal 0.935927 0.352195 0
    outer loop
      vertex -13.9506 -5.77852 1.2
      vertex -14.2986 -4.85374 0
      vertex -14.2986 -4.85374 1.2
    endloop
  endfacet
  facet normal 0.935927 0.352195 0
    outer loop
      vertex -14.2986 -4.85374 0
      vertex -13.9506 -5.77852 1.2
      vertex -13.9506 -5.77852 0
    endloop
  endfacet
  facet normal 0.999466 0.0326885 0
    outer loop
      vertex -15.0677 -0.987587 1.2
      vertex -15.1 0 0
      vertex -15.1 0 1.2
    endloop
  endfacet
  facet normal 0.999466 0.0326885 0
    outer loop
      vertex -15.1 0 0
      vertex -15.0677 -0.987587 1.2
      vertex -15.0677 -0.987587 0
    endloop
  endfacet
  facet normal -0.956922 -0.290344 0
    outer loop
      vertex 14.5855 3.90817 0
      vertex 14.2986 4.85374 1.2
      vertex 14.2986 4.85374 0
    endloop
  endfacet
  facet normal -0.956922 -0.290344 0
    outer loop
      vertex 14.2986 4.85374 1.2
      vertex 14.5855 3.90817 0
      vertex 14.5855 3.90817 1.2
    endloop
  endfacet
  facet normal -0.812826 -0.582506 0
    outer loop
      vertex 12.5552 8.38911 0
      vertex 11.9796 9.1923 1.2
      vertex 11.9796 9.1923 0
    endloop
  endfacet
  facet normal -0.812826 -0.582506 0
    outer loop
      vertex 11.9796 9.1923 1.2
      vertex 12.5552 8.38911 0
      vertex 12.5552 8.38911 1.2
    endloop
  endfacet
  facet normal -0.881919 -0.471401 0
    outer loop
      vertex 13.5428 6.67856 0
      vertex 13.077 7.55 1.2
      vertex 13.077 7.55 0
    endloop
  endfacet
  facet normal -0.881919 -0.471401 0
    outer loop
      vertex 13.077 7.55 1.2
      vertex 13.5428 6.67856 0
      vertex 13.5428 6.67856 1.2
    endloop
  endfacet
  facet normal -0.910865 -0.412705 0
    outer loop
      vertex 13.9506 5.77852 0
      vertex 13.5428 6.67856 1.2
      vertex 13.5428 6.67856 0
    endloop
  endfacet
  facet normal -0.910865 -0.412705 0
    outer loop
      vertex 13.5428 6.67856 1.2
      vertex 13.9506 5.77852 0
      vertex 13.9506 5.77852 1.2
    endloop
  endfacet
  facet normal -0.290344 -0.956922 0
    outer loop
      vertex 3.90817 14.5855 0
      vertex 4.85374 14.2986 1.2
      vertex 3.90817 14.5855 1.2
    endloop
  endfacet
  facet normal -0.290344 -0.956922 -0
    outer loop
      vertex 4.85374 14.2986 1.2
      vertex 3.90817 14.5855 0
      vertex 4.85374 14.2986 0
    endloop
  endfacet
  facet normal -0.162838 -0.986653 0
    outer loop
      vertex 1.97095 14.9708 0
      vertex 2.94586 14.8099 1.2
      vertex 1.97095 14.9708 1.2
    endloop
  endfacet
  facet normal -0.162838 -0.986653 -0
    outer loop
      vertex 2.94586 14.8099 1.2
      vertex 1.97095 14.9708 0
      vertex 2.94586 14.8099 0
    endloop
  endfacet
  facet normal -0.0980644 -0.99518 0
    outer loop
      vertex 0.987587 15.0677 0
      vertex 1.97095 14.9708 1.2
      vertex 0.987587 15.0677 1.2
    endloop
  endfacet
  facet normal -0.0980644 -0.99518 -0
    outer loop
      vertex 1.97095 14.9708 1.2
      vertex 0.987587 15.0677 0
      vertex 1.97095 14.9708 0
    endloop
  endfacet
  facet normal -0.412705 -0.910865 0
    outer loop
      vertex 5.77852 13.9506 0
      vertex 6.67856 13.5428 1.2
      vertex 5.77852 13.9506 1.2
    endloop
  endfacet
  facet normal -0.412705 -0.910865 -0
    outer loop
      vertex 6.67856 13.5428 1.2
      vertex 5.77852 13.9506 0
      vertex 6.67856 13.5428 0
    endloop
  endfacet
  facet normal -0.634363 -0.773036 0
    outer loop
      vertex 9.1923 11.9796 0
      vertex 9.95612 11.3528 1.2
      vertex 9.1923 11.9796 1.2
    endloop
  endfacet
  facet normal -0.634363 -0.773036 -0
    outer loop
      vertex 9.95612 11.3528 1.2
      vertex 9.1923 11.9796 0
      vertex 9.95612 11.3528 0
    endloop
  endfacet
  facet normal -0.683615 -0.729843 0
    outer loop
      vertex 9.95612 11.3528 0
      vertex 10.6773 10.6773 1.2
      vertex 9.95612 11.3528 1.2
    endloop
  endfacet
  facet normal -0.683615 -0.729843 -0
    outer loop
      vertex 10.6773 10.6773 1.2
      vertex 9.95612 11.3528 0
      vertex 10.6773 10.6773 0
    endloop
  endfacet
  facet normal 0.773036 -0.634363 0
    outer loop
      vertex -11.9796 9.1923 1.2
      vertex -11.3528 9.95612 0
      vertex -11.3528 9.95612 1.2
    endloop
  endfacet
  facet normal 0.773036 -0.634363 0
    outer loop
      vertex -11.3528 9.95612 0
      vertex -11.9796 9.1923 1.2
      vertex -11.9796 9.1923 0
    endloop
  endfacet
  facet normal 0.910865 -0.412705 0
    outer loop
      vertex -13.9506 5.77852 1.2
      vertex -13.5428 6.67856 0
      vertex -13.5428 6.67856 1.2
    endloop
  endfacet
  facet normal 0.910865 -0.412705 0
    outer loop
      vertex -13.5428 6.67856 0
      vertex -13.9506 5.77852 1.2
      vertex -13.9506 5.77852 0
    endloop
  endfacet
  facet normal 0.935927 -0.352195 0
    outer loop
      vertex -14.2986 4.85374 1.2
      vertex -13.9506 5.77852 0
      vertex -13.9506 5.77852 1.2
    endloop
  endfacet
  facet normal 0.935927 -0.352195 0
    outer loop
      vertex -13.9506 5.77852 0
      vertex -14.2986 4.85374 1.2
      vertex -14.2986 4.85374 0
    endloop
  endfacet
  facet normal 0.956922 -0.290344 0
    outer loop
      vertex -14.5855 3.90817 1.2
      vertex -14.2986 4.85374 0
      vertex -14.2986 4.85374 1.2
    endloop
  endfacet
  facet normal 0.956922 -0.290344 0
    outer loop
      vertex -14.2986 4.85374 0
      vertex -14.5855 3.90817 1.2
      vertex -14.5855 3.90817 0
    endloop
  endfacet
  facet normal 0.986653 -0.162838 0
    outer loop
      vertex -14.9708 1.97095 1.2
      vertex -14.8099 2.94586 0
      vertex -14.8099 2.94586 1.2
    endloop
  endfacet
  facet normal 0.986653 -0.162838 0
    outer loop
      vertex -14.8099 2.94586 0
      vertex -14.9708 1.97095 1.2
      vertex -14.9708 1.97095 0
    endloop
  endfacet
  facet normal 0.99518 -0.0980644 0
    outer loop
      vertex -15.0677 0.987587 1.2
      vertex -14.9708 1.97095 0
      vertex -14.9708 1.97095 1.2
    endloop
  endfacet
  facet normal 0.99518 -0.0980644 0
    outer loop
      vertex -14.9708 1.97095 0
      vertex -15.0677 0.987587 1.2
      vertex -15.0677 0.987587 0
    endloop
  endfacet
  facet normal 0.471401 -0.881919 0
    outer loop
      vertex -7.55 13.077 0
      vertex -6.67856 13.5428 1.2
      vertex -7.55 13.077 1.2
    endloop
  endfacet
  facet normal 0.471401 -0.881919 0
    outer loop
      vertex -6.67856 13.5428 1.2
      vertex -7.55 13.077 0
      vertex -6.67856 13.5428 0
    endloop
  endfacet
  facet normal 0.352195 -0.935927 0
    outer loop
      vertex -5.77852 13.9506 0
      vertex -4.85374 14.2986 1.2
      vertex -5.77852 13.9506 1.2
    endloop
  endfacet
  facet normal 0.352195 -0.935927 0
    outer loop
      vertex -4.85374 14.2986 1.2
      vertex -5.77852 13.9506 0
      vertex -4.85374 14.2986 0
    endloop
  endfacet
  facet normal 0.227096 -0.973872 0
    outer loop
      vertex -3.90817 14.5855 0
      vertex -2.94586 14.8099 1.2
      vertex -3.90817 14.5855 1.2
    endloop
  endfacet
  facet normal 0.227096 -0.973872 0
    outer loop
      vertex -2.94586 14.8099 1.2
      vertex -3.90817 14.5855 0
      vertex -2.94586 14.8099 0
    endloop
  endfacet
  facet normal 0.162838 -0.986653 0
    outer loop
      vertex -2.94586 14.8099 0
      vertex -1.97095 14.9708 1.2
      vertex -2.94586 14.8099 1.2
    endloop
  endfacet
  facet normal 0.162838 -0.986653 0
    outer loop
      vertex -1.97095 14.9708 1.2
      vertex -2.94586 14.8099 0
      vertex -1.97095 14.9708 0
    endloop
  endfacet
  facet normal -0.999466 0.0326885 0
    outer loop
      vertex 15.0677 -0.987587 0
      vertex 15.1 0 1.2
      vertex 15.1 0 0
    endloop
  endfacet
  facet normal -0.999466 0.0326885 0
    outer loop
      vertex 15.1 0 1.2
      vertex 15.0677 -0.987587 0
      vertex 15.0677 -0.987587 1.2
    endloop
  endfacet
  facet normal -0.0980644 0.99518 0
    outer loop
      vertex 1.97095 -14.9708 0
      vertex 0.987587 -15.0677 1.2
      vertex 1.97095 -14.9708 1.2
    endloop
  endfacet
  facet normal -0.0980644 0.99518 0
    outer loop
      vertex 0.987587 -15.0677 1.2
      vertex 1.97095 -14.9708 0
      vertex 0.987587 -15.0677 0
    endloop
  endfacet
  facet normal -0.290344 0.956922 0
    outer loop
      vertex 4.85374 -14.2986 0
      vertex 3.90817 -14.5855 1.2
      vertex 4.85374 -14.2986 1.2
    endloop
  endfacet
  facet normal -0.290344 0.956922 0
    outer loop
      vertex 3.90817 -14.5855 1.2
      vertex 4.85374 -14.2986 0
      vertex 3.90817 -14.5855 0
    endloop
  endfacet
  facet normal -0.352195 0.935927 0
    outer loop
      vertex 5.77852 -13.9506 0
      vertex 4.85374 -14.2986 1.2
      vertex 5.77852 -13.9506 1.2
    endloop
  endfacet
  facet normal -0.352195 0.935927 0
    outer loop
      vertex 4.85374 -14.2986 1.2
      vertex 5.77852 -13.9506 0
      vertex 4.85374 -14.2986 0
    endloop
  endfacet
  facet normal -0.683615 0.729843 0
    outer loop
      vertex 10.6773 -10.6773 0
      vertex 9.95612 -11.3528 1.2
      vertex 10.6773 -10.6773 1.2
    endloop
  endfacet
  facet normal -0.683615 0.729843 0
    outer loop
      vertex 9.95612 -11.3528 1.2
      vertex 10.6773 -10.6773 0
      vertex 9.95612 -11.3528 0
    endloop
  endfacet
  facet normal -0.528074 0.849199 0
    outer loop
      vertex 8.38911 -12.5552 0
      vertex 7.55 -13.077 1.2
      vertex 8.38911 -12.5552 1.2
    endloop
  endfacet
  facet normal -0.528074 0.849199 0
    outer loop
      vertex 7.55 -13.077 1.2
      vertex 8.38911 -12.5552 0
      vertex 7.55 -13.077 0
    endloop
  endfacet
  facet normal -0.412705 0.910865 0
    outer loop
      vertex 6.67856 -13.5428 0
      vertex 5.77852 -13.9506 1.2
      vertex 6.67856 -13.5428 1.2
    endloop
  endfacet
  facet normal -0.412705 0.910865 0
    outer loop
      vertex 5.77852 -13.9506 1.2
      vertex 6.67856 -13.5428 0
      vertex 5.77852 -13.9506 0
    endloop
  endfacet
  facet normal -0.729843 0.683615 0
    outer loop
      vertex 10.6773 -10.6773 0
      vertex 11.3528 -9.95612 1.2
      vertex 11.3528 -9.95612 0
    endloop
  endfacet
  facet normal -0.729843 0.683615 0
    outer loop
      vertex 11.3528 -9.95612 1.2
      vertex 10.6773 -10.6773 0
      vertex 10.6773 -10.6773 1.2
    endloop
  endfacet
  facet normal -0.773036 0.634363 0
    outer loop
      vertex 11.3528 -9.95612 0
      vertex 11.9796 -9.1923 1.2
      vertex 11.9796 -9.1923 0
    endloop
  endfacet
  facet normal -0.773036 0.634363 0
    outer loop
      vertex 11.9796 -9.1923 1.2
      vertex 11.3528 -9.95612 0
      vertex 11.3528 -9.95612 1.2
    endloop
  endfacet
  facet normal -0.881919 0.471401 0
    outer loop
      vertex 13.077 -7.55 0
      vertex 13.5428 -6.67856 1.2
      vertex 13.5428 -6.67856 0
    endloop
  endfacet
  facet normal -0.881919 0.471401 0
    outer loop
      vertex 13.5428 -6.67856 1.2
      vertex 13.077 -7.55 0
      vertex 13.077 -7.55 1.2
    endloop
  endfacet
  facet normal -0.910865 0.412705 0
    outer loop
      vertex 13.5428 -6.67856 0
      vertex 13.9506 -5.77852 1.2
      vertex 13.9506 -5.77852 0
    endloop
  endfacet
  facet normal -0.910865 0.412705 0
    outer loop
      vertex 13.9506 -5.77852 1.2
      vertex 13.5428 -6.67856 0
      vertex 13.5428 -6.67856 1.2
    endloop
  endfacet
  facet normal -0.935927 0.352195 0
    outer loop
      vertex 13.9506 -5.77852 0
      vertex 14.2986 -4.85374 1.2
      vertex 14.2986 -4.85374 0
    endloop
  endfacet
  facet normal -0.935927 0.352195 0
    outer loop
      vertex 14.2986 -4.85374 1.2
      vertex 13.9506 -5.77852 0
      vertex 13.9506 -5.77852 1.2
    endloop
  endfacet
  facet normal -0.956922 0.290344 0
    outer loop
      vertex 14.2986 -4.85374 0
      vertex 14.5855 -3.90817 1.2
      vertex 14.5855 -3.90817 0
    endloop
  endfacet
  facet normal -0.956922 0.290344 0
    outer loop
      vertex 14.5855 -3.90817 1.2
      vertex 14.2986 -4.85374 0
      vertex 14.2986 -4.85374 1.2
    endloop
  endfacet
  facet normal -0.99518 0.0980644 0
    outer loop
      vertex 14.9708 -1.97095 0
      vertex 15.0677 -0.987587 1.2
      vertex 15.0677 -0.987587 0
    endloop
  endfacet
  facet normal -0.99518 0.0980644 0
    outer loop
      vertex 15.0677 -0.987587 1.2
      vertex 14.9708 -1.97095 0
      vertex 14.9708 -1.97095 1.2
    endloop
  endfacet
  facet normal 0.683615 0.729843 -0
    outer loop
      vertex -9.95612 -11.3528 0
      vertex -10.6773 -10.6773 1.2
      vertex -9.95612 -11.3528 1.2
    endloop
  endfacet
  facet normal 0.683615 0.729843 0
    outer loop
      vertex -10.6773 -10.6773 1.2
      vertex -9.95612 -11.3528 0
      vertex -10.6773 -10.6773 0
    endloop
  endfacet
  facet normal 0.634363 0.773036 -0
    outer loop
      vertex -9.1923 -11.9796 0
      vertex -9.95612 -11.3528 1.2
      vertex -9.1923 -11.9796 1.2
    endloop
  endfacet
  facet normal 0.634363 0.773036 0
    outer loop
      vertex -9.95612 -11.3528 1.2
      vertex -9.1923 -11.9796 0
      vertex -9.95612 -11.3528 0
    endloop
  endfacet
  facet normal 0.471401 0.881919 -0
    outer loop
      vertex -6.67856 -13.5428 0
      vertex -7.55 -13.077 1.2
      vertex -6.67856 -13.5428 1.2
    endloop
  endfacet
  facet normal 0.471401 0.881919 0
    outer loop
      vertex -7.55 -13.077 1.2
      vertex -6.67856 -13.5428 0
      vertex -7.55 -13.077 0
    endloop
  endfacet
  facet normal 0.227096 0.973872 -0
    outer loop
      vertex -2.94586 -14.8099 0
      vertex -3.90817 -14.5855 1.2
      vertex -2.94586 -14.8099 1.2
    endloop
  endfacet
  facet normal 0.227096 0.973872 0
    outer loop
      vertex -3.90817 -14.5855 1.2
      vertex -2.94586 -14.8099 0
      vertex -3.90817 -14.5855 0
    endloop
  endfacet
  facet normal 0.162838 0.986653 -0
    outer loop
      vertex -1.97095 -14.9708 0
      vertex -2.94586 -14.8099 1.2
      vertex -1.97095 -14.9708 1.2
    endloop
  endfacet
  facet normal 0.162838 0.986653 0
    outer loop
      vertex -2.94586 -14.8099 1.2
      vertex -1.97095 -14.9708 0
      vertex -2.94586 -14.8099 0
    endloop
  endfacet
  facet normal 0.849199 0.528074 0
    outer loop
      vertex -12.5552 -8.38911 1.2
      vertex -13.077 -7.55 0
      vertex -13.077 -7.55 1.2
    endloop
  endfacet
  facet normal 0.849199 0.528074 0
    outer loop
      vertex -13.077 -7.55 0
      vertex -12.5552 -8.38911 1.2
      vertex -12.5552 -8.38911 0
    endloop
  endfacet
  facet normal 0.773036 0.634363 0
    outer loop
      vertex -11.3528 -9.95612 1.2
      vertex -11.9796 -9.1923 0
      vertex -11.9796 -9.1923 1.2
    endloop
  endfacet
  facet normal 0.773036 0.634363 0
    outer loop
      vertex -11.9796 -9.1923 0
      vertex -11.3528 -9.95612 1.2
      vertex -11.3528 -9.95612 0
    endloop
  endfacet
  facet normal 0.881919 0.471401 0
    outer loop
      vertex -13.077 -7.55 1.2
      vertex -13.5428 -6.67856 0
      vertex -13.5428 -6.67856 1.2
    endloop
  endfacet
  facet normal 0.881919 0.471401 0
    outer loop
      vertex -13.5428 -6.67856 0
      vertex -13.077 -7.55 1.2
      vertex -13.077 -7.55 0
    endloop
  endfacet
  facet normal 0.956922 0.290344 0
    outer loop
      vertex -14.2986 -4.85374 1.2
      vertex -14.5855 -3.90817 0
      vertex -14.5855 -3.90817 1.2
    endloop
  endfacet
  facet normal 0.956922 0.290344 0
    outer loop
      vertex -14.5855 -3.90817 0
      vertex -14.2986 -4.85374 1.2
      vertex -14.2986 -4.85374 0
    endloop
  endfacet
  facet normal 0.99518 0.0980644 0
    outer loop
      vertex -14.9708 -1.97095 1.2
      vertex -15.0677 -0.987587 0
      vertex -15.0677 -0.987587 1.2
    endloop
  endfacet
  facet normal 0.99518 0.0980644 0
    outer loop
      vertex -15.0677 -0.987587 0
      vertex -14.9708 -1.97095 1.2
      vertex -14.9708 -1.97095 0
    endloop
  endfacet
  facet normal 0.986653 0.162838 0
    outer loop
      vertex -14.8099 -2.94586 1.2
      vertex -14.9708 -1.97095 0
      vertex -14.9708 -1.97095 1.2
    endloop
  endfacet
  facet normal 0.986653 0.162838 0
    outer loop
      vertex -14.9708 -1.97095 0
      vertex -14.8099 -2.94586 1.2
      vertex -14.8099 -2.94586 0
    endloop
  endfacet
  facet normal -0.773036 -0.634363 0
    outer loop
      vertex 11.9796 9.1923 0
      vertex 11.3528 9.95612 1.2
      vertex 11.3528 9.95612 0
    endloop
  endfacet
  facet normal -0.773036 -0.634363 0
    outer loop
      vertex 11.3528 9.95612 1.2
      vertex 11.9796 9.1923 0
      vertex 11.9796 9.1923 1.2
    endloop
  endfacet
  facet normal -0.352195 -0.935927 0
    outer loop
      vertex 4.85374 14.2986 0
      vertex 5.77852 13.9506 1.2
      vertex 4.85374 14.2986 1.2
    endloop
  endfacet
  facet normal -0.352195 -0.935927 -0
    outer loop
      vertex 5.77852 13.9506 1.2
      vertex 4.85374 14.2986 0
      vertex 5.77852 13.9506 0
    endloop
  endfacet
  facet normal -0.471401 -0.881919 0
    outer loop
      vertex 6.67856 13.5428 0
      vertex 7.55 13.077 1.2
      vertex 6.67856 13.5428 1.2
    endloop
  endfacet
  facet normal -0.471401 -0.881919 -0
    outer loop
      vertex 7.55 13.077 1.2
      vertex 6.67856 13.5428 0
      vertex 7.55 13.077 0
    endloop
  endfacet
  facet normal 0.729843 -0.683615 0
    outer loop
      vertex -11.3528 9.95612 1.2
      vertex -10.6773 10.6773 0
      vertex -10.6773 10.6773 1.2
    endloop
  endfacet
  facet normal 0.729843 -0.683615 0
    outer loop
      vertex -10.6773 10.6773 0
      vertex -11.3528 9.95612 1.2
      vertex -11.3528 9.95612 0
    endloop
  endfacet
  facet normal 0.881919 -0.471401 0
    outer loop
      vertex -13.5428 6.67856 1.2
      vertex -13.077 7.55 0
      vertex -13.077 7.55 1.2
    endloop
  endfacet
  facet normal 0.881919 -0.471401 0
    outer loop
      vertex -13.077 7.55 0
      vertex -13.5428 6.67856 1.2
      vertex -13.5428 6.67856 0
    endloop
  endfacet
  facet normal 0.412705 -0.910865 0
    outer loop
      vertex -6.67856 13.5428 0
      vertex -5.77852 13.9506 1.2
      vertex -6.67856 13.5428 1.2
    endloop
  endfacet
  facet normal 0.412705 -0.910865 0
    outer loop
      vertex -5.77852 13.9506 1.2
      vertex -6.67856 13.5428 0
      vertex -5.77852 13.9506 0
    endloop
  endfacet
  facet normal -0.162838 0.986653 0
    outer loop
      vertex 2.94586 -14.8099 0
      vertex 1.97095 -14.9708 1.2
      vertex 2.94586 -14.8099 1.2
    endloop
  endfacet
  facet normal -0.162838 0.986653 0
    outer loop
      vertex 1.97095 -14.9708 1.2
      vertex 2.94586 -14.8099 0
      vertex 1.97095 -14.9708 0
    endloop
  endfacet
  facet normal -0.471401 0.881919 0
    outer loop
      vertex 7.55 -13.077 0
      vertex 6.67856 -13.5428 1.2
      vertex 7.55 -13.077 1.2
    endloop
  endfacet
  facet normal -0.471401 0.881919 0
    outer loop
      vertex 6.67856 -13.5428 1.2
      vertex 7.55 -13.077 0
      vertex 6.67856 -13.5428 0
    endloop
  endfacet
  facet normal 0.412705 0.910865 -0
    outer loop
      vertex -5.77852 -13.9506 0
      vertex -6.67856 -13.5428 1.2
      vertex -5.77852 -13.9506 1.2
    endloop
  endfacet
  facet normal 0.412705 0.910865 0
    outer loop
      vertex -6.67856 -13.5428 1.2
      vertex -5.77852 -13.9506 0
      vertex -6.67856 -13.5428 0
    endloop
  endfacet
  facet normal 0.290344 0.956922 -0
    outer loop
      vertex -3.90817 -14.5855 0
      vertex -4.85374 -14.2986 1.2
      vertex -3.90817 -14.5855 1.2
    endloop
  endfacet
  facet normal 0.290344 0.956922 0
    outer loop
      vertex -4.85374 -14.2986 1.2
      vertex -3.90817 -14.5855 0
      vertex -4.85374 -14.2986 0
    endloop
  endfacet
  facet normal 0.0980644 0.99518 -0
    outer loop
      vertex -0.987587 -15.0677 0
      vertex -1.97095 -14.9708 1.2
      vertex -0.987587 -15.0677 1.2
    endloop
  endfacet
  facet normal 0.0980644 0.99518 0
    outer loop
      vertex -1.97095 -14.9708 1.2
      vertex -0.987587 -15.0677 0
      vertex -1.97095 -14.9708 0
    endloop
  endfacet
endsolid OpenSCAD_Model
