solid OpenSCAD_Model
  facet normal -0.999476 0.0323571 0
    outer loop
      vertex -78.3036 44.8888 0
      vertex -78.3 45 3
      vertex -78.3 45 0
    endloop
  endfacet
  facet normal -0.999476 0.0323571 0
    outer loop
      vertex -78.3 45 3
      vertex -78.3036 44.8888 0
      vertex -78.3036 44.8888 3
    endloop
  endfacet
  facet normal 0.999476 0.0323571 0
    outer loop
      vertex -81.6964 44.8888 3
      vertex -81.7 45 0
      vertex -81.7 45 3
    endloop
  endfacet
  facet normal 0.999476 0.0323571 0
    outer loop
      vertex -81.7 45 0
      vertex -81.6964 44.8888 3
      vertex -81.6964 44.8888 0
    endloop
  endfacet
  facet normal -0.0323571 0.999476 0
    outer loop
      vertex -79.8888 43.3036 0
      vertex -80 43.3 3
      vertex -79.8888 43.3036 3
    endloop
  endfacet
  facet normal -0.0323571 0.999476 0
    outer loop
      vertex -80 43.3 3
      vertex -79.8888 43.3036 0
      vertex -80 43.3 0
    endloop
  endfacet
  facet normal -0.683343 0.730098 0
    outer loop
      vertex -78.7979 43.7979 0
      vertex -78.8791 43.7219 3
      vertex -78.7979 43.7979 3
    endloop
  endfacet
  facet normal -0.683343 0.730098 0
    outer loop
      vertex -78.8791 43.7219 3
      vertex -78.7979 43.7979 0
      vertex -78.8791 43.7219 0
    endloop
  endfacet
  facet normal 0.683343 0.730098 -0
    outer loop
      vertex -81.1209 43.7219 0
      vertex -81.2021 43.7979 3
      vertex -81.1209 43.7219 3
    endloop
  endfacet
  facet normal 0.683343 0.730098 0
    outer loop
      vertex -81.2021 43.7979 3
      vertex -81.1209 43.7219 0
      vertex -81.2021 43.7979 0
    endloop
  endfacet
  facet normal 0.352108 0.93596 -0
    outer loop
      vertex -80.5464 43.3902 0
      vertex -80.6506 43.4294 3
      vertex -80.5464 43.3902 3
    endloop
  endfacet
  facet normal 0.352108 0.93596 0
    outer loop
      vertex -80.6506 43.4294 3
      vertex -80.5464 43.3902 0
      vertex -80.6506 43.4294 0
    endloop
  endfacet
  facet normal 0.93596 -0.352108 0
    outer loop
      vertex -81.6098 45.5464 3
      vertex -81.5706 45.6506 0
      vertex -81.5706 45.6506 3
    endloop
  endfacet
  facet normal 0.93596 -0.352108 0
    outer loop
      vertex -81.5706 45.6506 0
      vertex -81.6098 45.5464 3
      vertex -81.6098 45.5464 0
    endloop
  endfacet
  facet normal -0.910859 0.412719 0
    outer loop
      vertex -78.4753 44.2481 0
      vertex -78.4294 44.3494 3
      vertex -78.4294 44.3494 0
    endloop
  endfacet
  facet normal -0.910859 0.412719 0
    outer loop
      vertex -78.4294 44.3494 3
      vertex -78.4753 44.2481 0
      vertex -78.4753 44.2481 3
    endloop
  endfacet
  facet normal -0.412719 0.910859 0
    outer loop
      vertex -79.2481 43.4753 0
      vertex -79.3494 43.4294 3
      vertex -79.2481 43.4753 3
    endloop
  endfacet
  facet normal -0.412719 0.910859 0
    outer loop
      vertex -79.3494 43.4294 3
      vertex -79.2481 43.4753 0
      vertex -79.3494 43.4294 0
    endloop
  endfacet
  facet normal -0.582598 0.81276 0
    outer loop
      vertex -78.9651 43.6513 0
      vertex -79.0555 43.5865 3
      vertex -78.9651 43.6513 3
    endloop
  endfacet
  facet normal -0.582598 0.81276 0
    outer loop
      vertex -79.0555 43.5865 3
      vertex -78.9651 43.6513 0
      vertex -79.0555 43.5865 0
    endloop
  endfacet
  facet normal 0.910859 0.412719 0
    outer loop
      vertex -81.5247 44.2481 3
      vertex -81.5706 44.3494 0
      vertex -81.5706 44.3494 3
    endloop
  endfacet
  facet normal 0.910859 0.412719 0
    outer loop
      vertex -81.5706 44.3494 0
      vertex -81.5247 44.2481 3
      vertex -81.5247 44.2481 0
    endloop
  endfacet
  facet normal 0.16367 0.986515 -0
    outer loop
      vertex -80.2219 43.3145 0
      vertex -80.3316 43.3327 3
      vertex -80.2219 43.3145 3
    endloop
  endfacet
  facet normal 0.16367 0.986515 0
    outer loop
      vertex -80.3316 43.3327 3
      vertex -80.2219 43.3145 0
      vertex -80.3316 43.3327 0
    endloop
  endfacet
  facet normal 0.995187 -0.0979904 0
    outer loop
      vertex -81.6964 45.1112 3
      vertex -81.6855 45.2219 0
      vertex -81.6855 45.2219 3
    endloop
  endfacet
  facet normal 0.995187 -0.0979904 0
    outer loop
      vertex -81.6855 45.2219 0
      vertex -81.6964 45.1112 3
      vertex -81.6964 45.1112 0
    endloop
  endfacet
  facet normal -0.97398 0.226633 0
    outer loop
      vertex -78.3579 44.56 0
      vertex -78.3327 44.6683 3
      vertex -78.3327 44.6683 0
    endloop
  endfacet
  facet normal -0.97398 0.226633 0
    outer loop
      vertex -78.3327 44.6683 3
      vertex -78.3579 44.56 0
      vertex -78.3579 44.56 3
    endloop
  endfacet
  facet normal -0.81276 0.582598 0
    outer loop
      vertex -78.6513 43.9651 0
      vertex -78.5865 44.0555 3
      vertex -78.5865 44.0555 0
    endloop
  endfacet
  facet normal -0.81276 0.582598 0
    outer loop
      vertex -78.5865 44.0555 3
      vertex -78.6513 43.9651 0
      vertex -78.6513 43.9651 3
    endloop
  endfacet
  facet normal -0.772915 0.634509 0
    outer loop
      vertex -78.7219 43.8791 0
      vertex -78.6513 43.9651 3
      vertex -78.6513 43.9651 0
    endloop
  endfacet
  facet normal -0.772915 0.634509 0
    outer loop
      vertex -78.6513 43.9651 3
      vertex -78.7219 43.8791 0
      vertex -78.7219 43.8791 3
    endloop
  endfacet
  facet normal -0.84946 0.527654 0
    outer loop
      vertex -78.5865 44.0555 0
      vertex -78.5278 44.15 3
      vertex -78.5278 44.15 0
    endloop
  endfacet
  facet normal -0.84946 0.527654 0
    outer loop
      vertex -78.5278 44.15 3
      vertex -78.5865 44.0555 0
      vertex -78.5865 44.0555 3
    endloop
  endfacet
  facet normal -0.226434 0.974026 0
    outer loop
      vertex -79.56 43.3579 0
      vertex -79.6684 43.3327 3
      vertex -79.56 43.3579 3
    endloop
  endfacet
  facet normal -0.226434 0.974026 0
    outer loop
      vertex -79.6684 43.3327 3
      vertex -79.56 43.3579 0
      vertex -79.6684 43.3327 0
    endloop
  endfacet
  facet normal -0.634509 0.772915 0
    outer loop
      vertex -78.8791 43.7219 0
      vertex -78.9651 43.6513 3
      vertex -78.8791 43.7219 3
    endloop
  endfacet
  facet normal -0.634509 0.772915 0
    outer loop
      vertex -78.9651 43.6513 3
      vertex -78.8791 43.7219 0
      vertex -78.9651 43.6513 0
    endloop
  endfacet
  facet normal 0.97398 0.226633 0
    outer loop
      vertex -81.6421 44.56 3
      vertex -81.6673 44.6683 0
      vertex -81.6673 44.6683 3
    endloop
  endfacet
  facet normal 0.97398 0.226633 0
    outer loop
      vertex -81.6673 44.6683 0
      vertex -81.6421 44.56 3
      vertex -81.6421 44.56 0
    endloop
  endfacet
  facet normal 0.81276 0.582598 0
    outer loop
      vertex -81.3487 43.9651 3
      vertex -81.4135 44.0555 0
      vertex -81.4135 44.0555 3
    endloop
  endfacet
  facet normal 0.81276 0.582598 0
    outer loop
      vertex -81.4135 44.0555 0
      vertex -81.3487 43.9651 3
      vertex -81.3487 43.9651 0
    endloop
  endfacet
  facet normal 0.730098 0.683343 0
    outer loop
      vertex -81.2021 43.7979 3
      vertex -81.2781 43.8791 0
      vertex -81.2781 43.8791 3
    endloop
  endfacet
  facet normal 0.730098 0.683343 0
    outer loop
      vertex -81.2781 43.8791 0
      vertex -81.2021 43.7979 3
      vertex -81.2021 43.7979 0
    endloop
  endfacet
  facet normal 0.527654 0.84946 -0
    outer loop
      vertex -80.85 43.5278 0
      vertex -80.9445 43.5865 3
      vertex -80.85 43.5278 3
    endloop
  endfacet
  facet normal 0.527654 0.84946 0
    outer loop
      vertex -80.9445 43.5865 3
      vertex -80.85 43.5278 0
      vertex -80.9445 43.5865 0
    endloop
  endfacet
  facet normal 0.412719 0.910859 -0
    outer loop
      vertex -80.6506 43.4294 0
      vertex -80.7519 43.4753 3
      vertex -80.6506 43.4294 3
    endloop
  endfacet
  facet normal 0.412719 0.910859 0
    outer loop
      vertex -80.7519 43.4753 3
      vertex -80.6506 43.4294 0
      vertex -80.7519 43.4753 0
    endloop
  endfacet
  facet normal 0.226434 0.974026 -0
    outer loop
      vertex -80.3316 43.3327 0
      vertex -80.44 43.3579 3
      vertex -80.3316 43.3327 3
    endloop
  endfacet
  facet normal 0.226434 0.974026 0
    outer loop
      vertex -80.44 43.3579 3
      vertex -80.3316 43.3327 0
      vertex -80.44 43.3579 0
    endloop
  endfacet
  facet normal 0.0323571 0.999476 -0
    outer loop
      vertex -80 43.3 0
      vertex -80.1112 43.3036 3
      vertex -80 43.3 3
    endloop
  endfacet
  facet normal 0.0323571 0.999476 0
    outer loop
      vertex -80.1112 43.3036 3
      vertex -80 43.3 0
      vertex -80.1112 43.3036 0
    endloop
  endfacet
  facet normal -0.0323571 -0.999476 0
    outer loop
      vertex -80 46.7 0
      vertex -79.8888 46.6964 3
      vertex -80 46.7 3
    endloop
  endfacet
  facet normal -0.0323571 -0.999476 -0
    outer loop
      vertex -79.8888 46.6964 3
      vertex -80 46.7 0
      vertex -79.8888 46.6964 0
    endloop
  endfacet
  facet normal -0.226434 -0.974026 0
    outer loop
      vertex -79.6684 46.6673 0
      vertex -79.56 46.6421 3
      vertex -79.6684 46.6673 3
    endloop
  endfacet
  facet normal -0.226434 -0.974026 -0
    outer loop
      vertex -79.56 46.6421 3
      vertex -79.6684 46.6673 0
      vertex -79.56 46.6421 0
    endloop
  endfacet
  facet normal -0.634509 -0.772915 0
    outer loop
      vertex -78.9651 46.3487 0
      vertex -78.8791 46.2781 3
      vertex -78.9651 46.3487 3
    endloop
  endfacet
  facet normal -0.634509 -0.772915 -0
    outer loop
      vertex -78.8791 46.2781 3
      vertex -78.9651 46.3487 0
      vertex -78.8791 46.2781 0
    endloop
  endfacet
  facet normal -0.772915 -0.634509 0
    outer loop
      vertex -78.6513 46.0349 0
      vertex -78.7219 46.1209 3
      vertex -78.7219 46.1209 0
    endloop
  endfacet
  facet normal -0.772915 -0.634509 0
    outer loop
      vertex -78.7219 46.1209 3
      vertex -78.6513 46.0349 0
      vertex -78.6513 46.0349 3
    endloop
  endfacet
  facet normal -0.956881 -0.290482 0
    outer loop
      vertex -78.3579 45.44 0
      vertex -78.3902 45.5464 3
      vertex -78.3902 45.5464 0
    endloop
  endfacet
  facet normal -0.956881 -0.290482 0
    outer loop
      vertex -78.3902 45.5464 3
      vertex -78.3579 45.44 0
      vertex -78.3579 45.44 3
    endloop
  endfacet
  facet normal -0.995187 -0.0979904 0
    outer loop
      vertex -78.3036 45.1112 0
      vertex -78.3145 45.2219 3
      vertex -78.3145 45.2219 0
    endloop
  endfacet
  facet normal -0.995187 -0.0979904 0
    outer loop
      vertex -78.3145 45.2219 3
      vertex -78.3036 45.1112 0
      vertex -78.3036 45.1112 3
    endloop
  endfacet
  facet normal 0.634509 -0.772915 0
    outer loop
      vertex -81.1209 46.2781 0
      vertex -81.0349 46.3487 3
      vertex -81.1209 46.2781 3
    endloop
  endfacet
  facet normal 0.634509 -0.772915 0
    outer loop
      vertex -81.0349 46.3487 3
      vertex -81.1209 46.2781 0
      vertex -81.0349 46.3487 0
    endloop
  endfacet
  facet normal 0.683343 -0.730098 0
    outer loop
      vertex -81.2021 46.2021 0
      vertex -81.1209 46.2781 3
      vertex -81.2021 46.2021 3
    endloop
  endfacet
  facet normal 0.683343 -0.730098 0
    outer loop
      vertex -81.1209 46.2781 3
      vertex -81.2021 46.2021 0
      vertex -81.1209 46.2781 0
    endloop
  endfacet
  facet normal 0.910859 -0.412719 0
    outer loop
      vertex -81.5706 45.6506 3
      vertex -81.5247 45.7519 0
      vertex -81.5247 45.7519 3
    endloop
  endfacet
  facet normal 0.910859 -0.412719 0
    outer loop
      vertex -81.5247 45.7519 0
      vertex -81.5706 45.6506 3
      vertex -81.5706 45.6506 0
    endloop
  endfacet
  facet normal 0.97398 -0.226633 0
    outer loop
      vertex -81.6673 45.3317 3
      vertex -81.6421 45.44 0
      vertex -81.6421 45.44 3
    endloop
  endfacet
  facet normal 0.97398 -0.226633 0
    outer loop
      vertex -81.6421 45.44 0
      vertex -81.6673 45.3317 3
      vertex -81.6673 45.3317 0
    endloop
  endfacet
  facet normal 0.956881 -0.290482 0
    outer loop
      vertex -81.6421 45.44 3
      vertex -81.6098 45.5464 0
      vertex -81.6098 45.5464 3
    endloop
  endfacet
  facet normal 0.956881 -0.290482 0
    outer loop
      vertex -81.6098 45.5464 0
      vertex -81.6421 45.44 3
      vertex -81.6421 45.44 0
    endloop
  endfacet
  facet normal 0.999476 -0.0323571 0
    outer loop
      vertex -81.7 45 3
      vertex -81.6964 45.1112 0
      vertex -81.6964 45.1112 3
    endloop
  endfacet
  facet normal 0.999476 -0.0323571 0
    outer loop
      vertex -81.6964 45.1112 0
      vertex -81.7 45 3
      vertex -81.7 45 0
    endloop
  endfacet
  facet normal -0.986539 0.163525 0
    outer loop
      vertex -78.3327 44.6683 0
      vertex -78.3145 44.7781 3
      vertex -78.3145 44.7781 0
    endloop
  endfacet
  facet normal -0.986539 0.163525 0
    outer loop
      vertex -78.3145 44.7781 3
      vertex -78.3327 44.6683 0
      vertex -78.3327 44.6683 3
    endloop
  endfacet
  facet normal -0.995187 0.0979904 0
    outer loop
      vertex -78.3145 44.7781 0
      vertex -78.3036 44.8888 3
      vertex -78.3036 44.8888 0
    endloop
  endfacet
  facet normal -0.995187 0.0979904 0
    outer loop
      vertex -78.3036 44.8888 3
      vertex -78.3145 44.7781 0
      vertex -78.3145 44.7781 3
    endloop
  endfacet
  facet normal -0.93596 0.352108 0
    outer loop
      vertex -78.4294 44.3494 0
      vertex -78.3902 44.4536 3
      vertex -78.3902 44.4536 0
    endloop
  endfacet
  facet normal -0.93596 0.352108 0
    outer loop
      vertex -78.3902 44.4536 3
      vertex -78.4294 44.3494 0
      vertex -78.4294 44.3494 3
    endloop
  endfacet
  facet normal -0.956881 0.290482 0
    outer loop
      vertex -78.3902 44.4536 0
      vertex -78.3579 44.56 3
      vertex -78.3579 44.56 0
    endloop
  endfacet
  facet normal -0.956881 0.290482 0
    outer loop
      vertex -78.3579 44.56 3
      vertex -78.3902 44.4536 0
      vertex -78.3902 44.4536 3
    endloop
  endfacet
  facet normal -0.730098 0.683343 0
    outer loop
      vertex -78.7979 43.7979 0
      vertex -78.7219 43.8791 3
      vertex -78.7219 43.8791 0
    endloop
  endfacet
  facet normal -0.730098 0.683343 0
    outer loop
      vertex -78.7219 43.8791 3
      vertex -78.7979 43.7979 0
      vertex -78.7979 43.7979 3
    endloop
  endfacet
  facet normal -0.88168 0.471847 0
    outer loop
      vertex -78.5278 44.15 0
      vertex -78.4753 44.2481 3
      vertex -78.4753 44.2481 0
    endloop
  endfacet
  facet normal -0.88168 0.471847 0
    outer loop
      vertex -78.4753 44.2481 3
      vertex -78.5278 44.15 0
      vertex -78.5278 44.15 3
    endloop
  endfacet
  facet normal -0.290482 0.956881 0
    outer loop
      vertex -79.4536 43.3902 0
      vertex -79.56 43.3579 3
      vertex -79.4536 43.3902 3
    endloop
  endfacet
  facet normal -0.290482 0.956881 0
    outer loop
      vertex -79.56 43.3579 3
      vertex -79.4536 43.3902 0
      vertex -79.56 43.3579 0
    endloop
  endfacet
  facet normal -0.352108 0.93596 0
    outer loop
      vertex -79.3494 43.4294 0
      vertex -79.4536 43.3902 3
      vertex -79.3494 43.4294 3
    endloop
  endfacet
  facet normal -0.352108 0.93596 0
    outer loop
      vertex -79.4536 43.3902 3
      vertex -79.3494 43.4294 0
      vertex -79.4536 43.3902 0
    endloop
  endfacet
  facet normal -0.0979904 0.995187 0
    outer loop
      vertex -79.7781 43.3145 0
      vertex -79.8888 43.3036 3
      vertex -79.7781 43.3145 3
    endloop
  endfacet
  facet normal -0.0979904 0.995187 0
    outer loop
      vertex -79.8888 43.3036 3
      vertex -79.7781 43.3145 0
      vertex -79.8888 43.3036 0
    endloop
  endfacet
  facet normal -0.527654 0.84946 0
    outer loop
      vertex -79.0555 43.5865 0
      vertex -79.15 43.5278 3
      vertex -79.0555 43.5865 3
    endloop
  endfacet
  facet normal -0.527654 0.84946 0
    outer loop
      vertex -79.15 43.5278 3
      vertex -79.0555 43.5865 0
      vertex -79.15 43.5278 0
    endloop
  endfacet
  facet normal -0.471847 0.88168 0
    outer loop
      vertex -79.15 43.5278 0
      vertex -79.2481 43.4753 3
      vertex -79.15 43.5278 3
    endloop
  endfacet
  facet normal -0.471847 0.88168 0
    outer loop
      vertex -79.2481 43.4753 3
      vertex -79.15 43.5278 0
      vertex -79.2481 43.4753 0
    endloop
  endfacet
  facet normal 0.772915 0.634509 0
    outer loop
      vertex -81.2781 43.8791 3
      vertex -81.3487 43.9651 0
      vertex -81.3487 43.9651 3
    endloop
  endfacet
  facet normal 0.772915 0.634509 0
    outer loop
      vertex -81.3487 43.9651 0
      vertex -81.2781 43.8791 3
      vertex -81.2781 43.8791 0
    endloop
  endfacet
  facet normal 0.88168 0.471847 0
    outer loop
      vertex -81.4722 44.15 3
      vertex -81.5247 44.2481 0
      vertex -81.5247 44.2481 3
    endloop
  endfacet
  facet normal 0.88168 0.471847 0
    outer loop
      vertex -81.5247 44.2481 0
      vertex -81.4722 44.15 3
      vertex -81.4722 44.15 0
    endloop
  endfacet
  facet normal 0.84946 0.527654 0
    outer loop
      vertex -81.4135 44.0555 3
      vertex -81.4722 44.15 0
      vertex -81.4722 44.15 3
    endloop
  endfacet
  facet normal 0.84946 0.527654 0
    outer loop
      vertex -81.4722 44.15 0
      vertex -81.4135 44.0555 3
      vertex -81.4135 44.0555 0
    endloop
  endfacet
  facet normal 0.956881 0.290482 0
    outer loop
      vertex -81.6098 44.4536 3
      vertex -81.6421 44.56 0
      vertex -81.6421 44.56 3
    endloop
  endfacet
  facet normal 0.956881 0.290482 0
    outer loop
      vertex -81.6421 44.56 0
      vertex -81.6098 44.4536 3
      vertex -81.6098 44.4536 0
    endloop
  endfacet
  facet normal 0.93596 0.352108 0
    outer loop
      vertex -81.5706 44.3494 3
      vertex -81.6098 44.4536 0
      vertex -81.6098 44.4536 3
    endloop
  endfacet
  facet normal 0.93596 0.352108 0
    outer loop
      vertex -81.6098 44.4536 0
      vertex -81.5706 44.3494 3
      vertex -81.5706 44.3494 0
    endloop
  endfacet
  facet normal 0.995187 0.0979904 0
    outer loop
      vertex -81.6855 44.7781 3
      vertex -81.6964 44.8888 0
      vertex -81.6964 44.8888 3
    endloop
  endfacet
  facet normal 0.995187 0.0979904 0
    outer loop
      vertex -81.6964 44.8888 0
      vertex -81.6855 44.7781 3
      vertex -81.6855 44.7781 0
    endloop
  endfacet
  facet normal 0.471847 0.88168 -0
    outer loop
      vertex -80.7519 43.4753 0
      vertex -80.85 43.5278 3
      vertex -80.7519 43.4753 3
    endloop
  endfacet
  facet normal 0.471847 0.88168 0
    outer loop
      vertex -80.85 43.5278 3
      vertex -80.7519 43.4753 0
      vertex -80.85 43.5278 0
    endloop
  endfacet
  facet normal 0.634509 0.772915 -0
    outer loop
      vertex -81.0349 43.6513 0
      vertex -81.1209 43.7219 3
      vertex -81.0349 43.6513 3
    endloop
  endfacet
  facet normal 0.634509 0.772915 0
    outer loop
      vertex -81.1209 43.7219 3
      vertex -81.0349 43.6513 0
      vertex -81.1209 43.7219 0
    endloop
  endfacet
  facet normal 0.290482 0.956881 -0
    outer loop
      vertex -80.44 43.3579 0
      vertex -80.5464 43.3902 3
      vertex -80.44 43.3579 3
    endloop
  endfacet
  facet normal 0.290482 0.956881 0
    outer loop
      vertex -80.5464 43.3902 3
      vertex -80.44 43.3579 0
      vertex -80.5464 43.3902 0
    endloop
  endfacet
  facet normal -0.999476 -0.0323571 0
    outer loop
      vertex -78.3 45 0
      vertex -78.3036 45.1112 3
      vertex -78.3036 45.1112 0
    endloop
  endfacet
  facet normal -0.999476 -0.0323571 0
    outer loop
      vertex -78.3036 45.1112 3
      vertex -78.3 45 0
      vertex -78.3 45 3
    endloop
  endfacet
  facet normal -0.0979904 -0.995187 0
    outer loop
      vertex -79.8888 46.6964 0
      vertex -79.7781 46.6855 3
      vertex -79.8888 46.6964 3
    endloop
  endfacet
  facet normal -0.0979904 -0.995187 -0
    outer loop
      vertex -79.7781 46.6855 3
      vertex -79.8888 46.6964 0
      vertex -79.7781 46.6855 0
    endloop
  endfacet
  facet normal -0.290482 -0.956881 0
    outer loop
      vertex -79.56 46.6421 0
      vertex -79.4536 46.6098 3
      vertex -79.56 46.6421 3
    endloop
  endfacet
  facet normal -0.290482 -0.956881 -0
    outer loop
      vertex -79.4536 46.6098 3
      vertex -79.56 46.6421 0
      vertex -79.4536 46.6098 0
    endloop
  endfacet
  facet normal -0.683343 -0.730098 0
    outer loop
      vertex -78.8791 46.2781 0
      vertex -78.7979 46.2021 3
      vertex -78.8791 46.2781 3
    endloop
  endfacet
  facet normal -0.683343 -0.730098 -0
    outer loop
      vertex -78.7979 46.2021 3
      vertex -78.8791 46.2781 0
      vertex -78.7979 46.2021 0
    endloop
  endfacet
  facet normal -0.527654 -0.84946 0
    outer loop
      vertex -79.15 46.4722 0
      vertex -79.0555 46.4135 3
      vertex -79.15 46.4722 3
    endloop
  endfacet
  facet normal -0.527654 -0.84946 -0
    outer loop
      vertex -79.0555 46.4135 3
      vertex -79.15 46.4722 0
      vertex -79.0555 46.4135 0
    endloop
  endfacet
  facet normal -0.582598 -0.81276 0
    outer loop
      vertex -79.0555 46.4135 0
      vertex -78.9651 46.3487 3
      vertex -79.0555 46.4135 3
    endloop
  endfacet
  facet normal -0.582598 -0.81276 -0
    outer loop
      vertex -78.9651 46.3487 3
      vertex -79.0555 46.4135 0
      vertex -78.9651 46.3487 0
    endloop
  endfacet
  facet normal -0.412719 -0.910859 0
    outer loop
      vertex -79.3494 46.5706 0
      vertex -79.2481 46.5247 3
      vertex -79.3494 46.5706 3
    endloop
  endfacet
  facet normal -0.412719 -0.910859 -0
    outer loop
      vertex -79.2481 46.5247 3
      vertex -79.3494 46.5706 0
      vertex -79.2481 46.5247 0
    endloop
  endfacet
  facet normal -0.81276 -0.582598 0
    outer loop
      vertex -78.5865 45.9445 0
      vertex -78.6513 46.0349 3
      vertex -78.6513 46.0349 0
    endloop
  endfacet
  facet normal -0.81276 -0.582598 0
    outer loop
      vertex -78.6513 46.0349 3
      vertex -78.5865 45.9445 0
      vertex -78.5865 45.9445 3
    endloop
  endfacet
  facet normal -0.93596 -0.352108 0
    outer loop
      vertex -78.3902 45.5464 0
      vertex -78.4294 45.6506 3
      vertex -78.4294 45.6506 0
    endloop
  endfacet
  facet normal -0.93596 -0.352108 0
    outer loop
      vertex -78.4294 45.6506 3
      vertex -78.3902 45.5464 0
      vertex -78.3902 45.5464 3
    endloop
  endfacet
  facet normal -0.88168 -0.471847 0
    outer loop
      vertex -78.4753 45.7519 0
      vertex -78.5278 45.85 3
      vertex -78.5278 45.85 0
    endloop
  endfacet
  facet normal -0.88168 -0.471847 0
    outer loop
      vertex -78.5278 45.85 3
      vertex -78.4753 45.7519 0
      vertex -78.4753 45.7519 3
    endloop
  endfacet
  facet normal -0.97398 -0.226633 0
    outer loop
      vertex -78.3327 45.3317 0
      vertex -78.3579 45.44 3
      vertex -78.3579 45.44 0
    endloop
  endfacet
  facet normal -0.97398 -0.226633 0
    outer loop
      vertex -78.3579 45.44 3
      vertex -78.3327 45.3317 0
      vertex -78.3327 45.3317 3
    endloop
  endfacet
  facet normal 0.527654 -0.84946 0
    outer loop
      vertex -80.9445 46.4135 0
      vertex -80.85 46.4722 3
      vertex -80.9445 46.4135 3
    endloop
  endfacet
  facet normal 0.527654 -0.84946 0
    outer loop
      vertex -80.85 46.4722 3
      vertex -80.9445 46.4135 0
      vertex -80.85 46.4722 0
    endloop
  endfacet
  facet normal 0.412719 -0.910859 0
    outer loop
      vertex -80.7519 46.5247 0
      vertex -80.6506 46.5706 3
      vertex -80.7519 46.5247 3
    endloop
  endfacet
  facet normal 0.412719 -0.910859 0
    outer loop
      vertex -80.6506 46.5706 3
      vertex -80.7519 46.5247 0
      vertex -80.6506 46.5706 0
    endloop
  endfacet
  facet normal 0.290482 -0.956881 0
    outer loop
      vertex -80.5464 46.6098 0
      vertex -80.44 46.6421 3
      vertex -80.5464 46.6098 3
    endloop
  endfacet
  facet normal 0.290482 -0.956881 0
    outer loop
      vertex -80.44 46.6421 3
      vertex -80.5464 46.6098 0
      vertex -80.44 46.6421 0
    endloop
  endfacet
  facet normal 0.352108 -0.93596 0
    outer loop
      vertex -80.6506 46.5706 0
      vertex -80.5464 46.6098 3
      vertex -80.6506 46.5706 3
    endloop
  endfacet
  facet normal 0.352108 -0.93596 0
    outer loop
      vertex -80.5464 46.6098 3
      vertex -80.6506 46.5706 0
      vertex -80.5464 46.6098 0
    endloop
  endfacet
  facet normal 0.226434 -0.974026 0
    outer loop
      vertex -80.44 46.6421 0
      vertex -80.3316 46.6673 3
      vertex -80.44 46.6421 3
    endloop
  endfacet
  facet normal 0.226434 -0.974026 0
    outer loop
      vertex -80.3316 46.6673 3
      vertex -80.44 46.6421 0
      vertex -80.3316 46.6673 0
    endloop
  endfacet
  facet normal 0.16367 -0.986515 0
    outer loop
      vertex -80.3316 46.6673 0
      vertex -80.2219 46.6855 3
      vertex -80.3316 46.6673 3
    endloop
  endfacet
  facet normal 0.16367 -0.986515 0
    outer loop
      vertex -80.2219 46.6855 3
      vertex -80.3316 46.6673 0
      vertex -80.2219 46.6855 0
    endloop
  endfacet
  facet normal 0.0323571 -0.999476 0
    outer loop
      vertex -80.1112 46.6964 0
      vertex -80 46.7 3
      vertex -80.1112 46.6964 3
    endloop
  endfacet
  facet normal 0.0323571 -0.999476 0
    outer loop
      vertex -80 46.7 3
      vertex -80.1112 46.6964 0
      vertex -80 46.7 0
    endloop
  endfacet
  facet normal 0.88168 -0.471847 0
    outer loop
      vertex -81.5247 45.7519 3
      vertex -81.4722 45.85 0
      vertex -81.4722 45.85 3
    endloop
  endfacet
  facet normal 0.88168 -0.471847 0
    outer loop
      vertex -81.4722 45.85 0
      vertex -81.5247 45.7519 3
      vertex -81.5247 45.7519 0
    endloop
  endfacet
  facet normal 0.81276 -0.582598 0
    outer loop
      vertex -81.4135 45.9445 3
      vertex -81.3487 46.0349 0
      vertex -81.3487 46.0349 3
    endloop
  endfacet
  facet normal 0.81276 -0.582598 0
    outer loop
      vertex -81.3487 46.0349 0
      vertex -81.4135 45.9445 3
      vertex -81.4135 45.9445 0
    endloop
  endfacet
  facet normal 0.730098 -0.683343 0
    outer loop
      vertex -81.2781 46.1209 3
      vertex -81.2021 46.2021 0
      vertex -81.2021 46.2021 3
    endloop
  endfacet
  facet normal 0.730098 -0.683343 0
    outer loop
      vertex -81.2021 46.2021 0
      vertex -81.2781 46.1209 3
      vertex -81.2781 46.1209 0
    endloop
  endfacet
  facet normal -0.16367 0.986515 0
    outer loop
      vertex -79.6684 43.3327 0
      vertex -79.7781 43.3145 3
      vertex -79.6684 43.3327 3
    endloop
  endfacet
  facet normal -0.16367 0.986515 0
    outer loop
      vertex -79.7781 43.3145 3
      vertex -79.6684 43.3327 0
      vertex -79.7781 43.3145 0
    endloop
  endfacet
  facet normal 0.986539 0.163525 0
    outer loop
      vertex -81.6673 44.6683 3
      vertex -81.6855 44.7781 0
      vertex -81.6855 44.7781 3
    endloop
  endfacet
  facet normal 0.986539 0.163525 0
    outer loop
      vertex -81.6855 44.7781 0
      vertex -81.6673 44.6683 3
      vertex -81.6673 44.6683 0
    endloop
  endfacet
  facet normal 0.582598 0.81276 -0
    outer loop
      vertex -80.9445 43.5865 0
      vertex -81.0349 43.6513 3
      vertex -80.9445 43.5865 3
    endloop
  endfacet
  facet normal 0.582598 0.81276 0
    outer loop
      vertex -81.0349 43.6513 3
      vertex -80.9445 43.5865 0
      vertex -81.0349 43.6513 0
    endloop
  endfacet
  facet normal 0.0979904 0.995187 -0
    outer loop
      vertex -80.1112 43.3036 0
      vertex -80.2219 43.3145 3
      vertex -80.1112 43.3036 3
    endloop
  endfacet
  facet normal 0.0979904 0.995187 0
    outer loop
      vertex -80.2219 43.3145 3
      vertex -80.1112 43.3036 0
      vertex -80.2219 43.3145 0
    endloop
  endfacet
  facet normal -0.16367 -0.986515 0
    outer loop
      vertex -79.7781 46.6855 0
      vertex -79.6684 46.6673 3
      vertex -79.7781 46.6855 3
    endloop
  endfacet
  facet normal -0.16367 -0.986515 -0
    outer loop
      vertex -79.6684 46.6673 3
      vertex -79.7781 46.6855 0
      vertex -79.6684 46.6673 0
    endloop
  endfacet
  facet normal -0.352108 -0.93596 0
    outer loop
      vertex -79.4536 46.6098 0
      vertex -79.3494 46.5706 3
      vertex -79.4536 46.6098 3
    endloop
  endfacet
  facet normal -0.352108 -0.93596 -0
    outer loop
      vertex -79.3494 46.5706 3
      vertex -79.4536 46.6098 0
      vertex -79.3494 46.5706 0
    endloop
  endfacet
  facet normal -0.730098 -0.683343 0
    outer loop
      vertex -78.7219 46.1209 0
      vertex -78.7979 46.2021 3
      vertex -78.7979 46.2021 0
    endloop
  endfacet
  facet normal -0.730098 -0.683343 0
    outer loop
      vertex -78.7979 46.2021 3
      vertex -78.7219 46.1209 0
      vertex -78.7219 46.1209 3
    endloop
  endfacet
  facet normal -0.471847 -0.88168 0
    outer loop
      vertex -79.2481 46.5247 0
      vertex -79.15 46.4722 3
      vertex -79.2481 46.5247 3
    endloop
  endfacet
  facet normal -0.471847 -0.88168 -0
    outer loop
      vertex -79.15 46.4722 3
      vertex -79.2481 46.5247 0
      vertex -79.15 46.4722 0
    endloop
  endfacet
  facet normal -0.84946 -0.527654 0
    outer loop
      vertex -78.5278 45.85 0
      vertex -78.5865 45.9445 3
      vertex -78.5865 45.9445 0
    endloop
  endfacet
  facet normal -0.84946 -0.527654 0
    outer loop
      vertex -78.5865 45.9445 3
      vertex -78.5278 45.85 0
      vertex -78.5278 45.85 3
    endloop
  endfacet
  facet normal -0.910859 -0.412719 0
    outer loop
      vertex -78.4294 45.6506 0
      vertex -78.4753 45.7519 3
      vertex -78.4753 45.7519 0
    endloop
  endfacet
  facet normal -0.910859 -0.412719 0
    outer loop
      vertex -78.4753 45.7519 3
      vertex -78.4294 45.6506 0
      vertex -78.4294 45.6506 3
    endloop
  endfacet
  facet normal -0.986539 -0.163525 0
    outer loop
      vertex -78.3145 45.2219 0
      vertex -78.3327 45.3317 3
      vertex -78.3327 45.3317 0
    endloop
  endfacet
  facet normal -0.986539 -0.163525 0
    outer loop
      vertex -78.3327 45.3317 3
      vertex -78.3145 45.2219 0
      vertex -78.3145 45.2219 3
    endloop
  endfacet
  facet normal 0.582598 -0.81276 0
    outer loop
      vertex -81.0349 46.3487 0
      vertex -80.9445 46.4135 3
      vertex -81.0349 46.3487 3
    endloop
  endfacet
  facet normal 0.582598 -0.81276 0
    outer loop
      vertex -80.9445 46.4135 3
      vertex -81.0349 46.3487 0
      vertex -80.9445 46.4135 0
    endloop
  endfacet
  facet normal 0.471847 -0.88168 0
    outer loop
      vertex -80.85 46.4722 0
      vertex -80.7519 46.5247 3
      vertex -80.85 46.4722 3
    endloop
  endfacet
  facet normal 0.471847 -0.88168 0
    outer loop
      vertex -80.7519 46.5247 3
      vertex -80.85 46.4722 0
      vertex -80.7519 46.5247 0
    endloop
  endfacet
  facet normal 0.0979904 -0.995187 0
    outer loop
      vertex -80.2219 46.6855 0
      vertex -80.1112 46.6964 3
      vertex -80.2219 46.6855 3
    endloop
  endfacet
  facet normal 0.0979904 -0.995187 0
    outer loop
      vertex -80.1112 46.6964 3
      vertex -80.2219 46.6855 0
      vertex -80.1112 46.6964 0
    endloop
  endfacet
  facet normal 0.84946 -0.527654 0
    outer loop
      vertex -81.4722 45.85 3
      vertex -81.4135 45.9445 0
      vertex -81.4135 45.9445 3
    endloop
  endfacet
  facet normal 0.84946 -0.527654 0
    outer loop
      vertex -81.4135 45.9445 0
      vertex -81.4722 45.85 3
      vertex -81.4722 45.85 0
    endloop
  endfacet
  facet normal 0.772915 -0.634509 0
    outer loop
      vertex -81.3487 46.0349 3
      vertex -81.2781 46.1209 0
      vertex -81.2781 46.1209 3
    endloop
  endfacet
  facet normal 0.772915 -0.634509 0
    outer loop
      vertex -81.2781 46.1209 0
      vertex -81.3487 46.0349 3
      vertex -81.3487 46.0349 0
    endloop
  endfacet
  facet normal 0.986539 -0.163525 0
    outer loop
      vertex -81.6855 45.2219 3
      vertex -81.6673 45.3317 0
      vertex -81.6673 45.3317 3
    endloop
  endfacet
  facet normal 0.986539 -0.163525 0
    outer loop
      vertex -81.6673 45.3317 0
      vertex -81.6855 45.2219 3
      vertex -81.6855 45.2219 0
    endloop
  endfacet
  facet normal -0.999476 0.0323571 0
    outer loop
      vertex -78.3036 -45.1112 0
      vertex -78.3 -45 3
      vertex -78.3 -45 0
    endloop
  endfacet
  facet normal -0.999476 0.0323571 0
    outer loop
      vertex -78.3 -45 3
      vertex -78.3036 -45.1112 0
      vertex -78.3036 -45.1112 3
    endloop
  endfacet
  facet normal 0.0323571 0.999476 -0
    outer loop
      vertex -80 -46.7 0
      vertex -80.1112 -46.6964 3
      vertex -80 -46.7 3
    endloop
  endfacet
  facet normal 0.0323571 0.999476 0
    outer loop
      vertex -80.1112 -46.6964 3
      vertex -80 -46.7 0
      vertex -80.1112 -46.6964 0
    endloop
  endfacet
  facet normal -0.0323571 -0.999476 0
    outer loop
      vertex -80 -43.3 0
      vertex -79.8888 -43.3036 3
      vertex -80 -43.3 3
    endloop
  endfacet
  facet normal -0.0323571 -0.999476 -0
    outer loop
      vertex -79.8888 -43.3036 3
      vertex -80 -43.3 0
      vertex -79.8888 -43.3036 0
    endloop
  endfacet
  facet normal -0.683343 0.730098 0
    outer loop
      vertex -78.7979 -46.2021 0
      vertex -78.8791 -46.2781 3
      vertex -78.7979 -46.2021 3
    endloop
  endfacet
  facet normal -0.683343 0.730098 0
    outer loop
      vertex -78.8791 -46.2781 3
      vertex -78.7979 -46.2021 0
      vertex -78.8791 -46.2781 0
    endloop
  endfacet
  facet normal 0.730098 0.683343 0
    outer loop
      vertex -81.2021 -46.2021 3
      vertex -81.2781 -46.1209 0
      vertex -81.2781 -46.1209 3
    endloop
  endfacet
  facet normal 0.730098 0.683343 0
    outer loop
      vertex -81.2781 -46.1209 0
      vertex -81.2021 -46.2021 3
      vertex -81.2021 -46.2021 0
    endloop
  endfacet
  facet normal 0.412719 0.910859 -0
    outer loop
      vertex -80.6506 -46.5706 0
      vertex -80.7519 -46.5247 3
      vertex -80.6506 -46.5706 3
    endloop
  endfacet
  facet normal 0.412719 0.910859 0
    outer loop
      vertex -80.7519 -46.5247 3
      vertex -80.6506 -46.5706 0
      vertex -80.7519 -46.5247 0
    endloop
  endfacet
  facet normal -0.910859 0.412719 0
    outer loop
      vertex -78.4753 -45.7519 0
      vertex -78.4294 -45.6506 3
      vertex -78.4294 -45.6506 0
    endloop
  endfacet
  facet normal -0.910859 0.412719 0
    outer loop
      vertex -78.4294 -45.6506 3
      vertex -78.4753 -45.7519 0
      vertex -78.4753 -45.7519 3
    endloop
  endfacet
  facet normal -0.352108 0.93596 0
    outer loop
      vertex -79.3494 -46.5706 0
      vertex -79.4536 -46.6098 3
      vertex -79.3494 -46.5706 3
    endloop
  endfacet
  facet normal -0.352108 0.93596 0
    outer loop
      vertex -79.4536 -46.6098 3
      vertex -79.3494 -46.5706 0
      vertex -79.4536 -46.6098 0
    endloop
  endfacet
  facet normal -0.582598 0.81276 0
    outer loop
      vertex -78.9651 -46.3487 0
      vertex -79.0555 -46.4135 3
      vertex -78.9651 -46.3487 3
    endloop
  endfacet
  facet normal -0.582598 0.81276 0
    outer loop
      vertex -79.0555 -46.4135 3
      vertex -78.9651 -46.3487 0
      vertex -79.0555 -46.4135 0
    endloop
  endfacet
  facet normal 0.88168 0.471847 0
    outer loop
      vertex -81.4722 -45.85 3
      vertex -81.5247 -45.7519 0
      vertex -81.5247 -45.7519 3
    endloop
  endfacet
  facet normal 0.88168 0.471847 0
    outer loop
      vertex -81.5247 -45.7519 0
      vertex -81.4722 -45.85 3
      vertex -81.4722 -45.85 0
    endloop
  endfacet
  facet normal 0.683343 0.730098 -0
    outer loop
      vertex -81.1209 -46.2781 0
      vertex -81.2021 -46.2021 3
      vertex -81.1209 -46.2781 3
    endloop
  endfacet
  facet normal 0.683343 0.730098 0
    outer loop
      vertex -81.2021 -46.2021 3
      vertex -81.1209 -46.2781 0
      vertex -81.2021 -46.2021 0
    endloop
  endfacet
  facet normal 0.226434 0.974026 -0
    outer loop
      vertex -80.3316 -46.6673 0
      vertex -80.44 -46.6421 3
      vertex -80.3316 -46.6673 3
    endloop
  endfacet
  facet normal 0.226434 0.974026 0
    outer loop
      vertex -80.44 -46.6421 3
      vertex -80.3316 -46.6673 0
      vertex -80.44 -46.6421 0
    endloop
  endfacet
  facet normal -0.97398 0.226633 0
    outer loop
      vertex -78.3579 -45.44 0
      vertex -78.3327 -45.3317 3
      vertex -78.3327 -45.3317 0
    endloop
  endfacet
  facet normal -0.97398 0.226633 0
    outer loop
      vertex -78.3327 -45.3317 3
      vertex -78.3579 -45.44 0
      vertex -78.3579 -45.44 3
    endloop
  endfacet
  facet normal -0.81276 0.582598 0
    outer loop
      vertex -78.6513 -46.0349 0
      vertex -78.5865 -45.9445 3
      vertex -78.5865 -45.9445 0
    endloop
  endfacet
  facet normal -0.81276 0.582598 0
    outer loop
      vertex -78.5865 -45.9445 3
      vertex -78.6513 -46.0349 0
      vertex -78.6513 -46.0349 3
    endloop
  endfacet
  facet normal -0.772915 0.634509 0
    outer loop
      vertex -78.7219 -46.1209 0
      vertex -78.6513 -46.0349 3
      vertex -78.6513 -46.0349 0
    endloop
  endfacet
  facet normal -0.772915 0.634509 0
    outer loop
      vertex -78.6513 -46.0349 3
      vertex -78.7219 -46.1209 0
      vertex -78.7219 -46.1209 3
    endloop
  endfacet
  facet normal -0.16367 0.986515 0
    outer loop
      vertex -79.6684 -46.6673 0
      vertex -79.7781 -46.6855 3
      vertex -79.6684 -46.6673 3
    endloop
  endfacet
  facet normal -0.16367 0.986515 0
    outer loop
      vertex -79.7781 -46.6855 3
      vertex -79.6684 -46.6673 0
      vertex -79.7781 -46.6855 0
    endloop
  endfacet
  facet normal -0.290482 0.956881 0
    outer loop
      vertex -79.4536 -46.6098 0
      vertex -79.56 -46.6421 3
      vertex -79.4536 -46.6098 3
    endloop
  endfacet
  facet normal -0.290482 0.956881 0
    outer loop
      vertex -79.56 -46.6421 3
      vertex -79.4536 -46.6098 0
      vertex -79.56 -46.6421 0
    endloop
  endfacet
  facet normal -0.634509 0.772915 0
    outer loop
      vertex -78.8791 -46.2781 0
      vertex -78.9651 -46.3487 3
      vertex -78.8791 -46.2781 3
    endloop
  endfacet
  facet normal -0.634509 0.772915 0
    outer loop
      vertex -78.9651 -46.3487 3
      vertex -78.8791 -46.2781 0
      vertex -78.9651 -46.3487 0
    endloop
  endfacet
  facet normal 0.93596 0.352108 0
    outer loop
      vertex -81.5706 -45.6506 3
      vertex -81.6098 -45.5464 0
      vertex -81.6098 -45.5464 3
    endloop
  endfacet
  facet normal 0.93596 0.352108 0
    outer loop
      vertex -81.6098 -45.5464 0
      vertex -81.5706 -45.6506 3
      vertex -81.5706 -45.6506 0
    endloop
  endfacet
  facet normal 0.986539 0.163525 0
    outer loop
      vertex -81.6673 -45.3317 3
      vertex -81.6855 -45.2219 0
      vertex -81.6855 -45.2219 3
    endloop
  endfacet
  facet normal 0.986539 0.163525 0
    outer loop
      vertex -81.6855 -45.2219 0
      vertex -81.6673 -45.3317 3
      vertex -81.6673 -45.3317 0
    endloop
  endfacet
  facet normal 0.956881 0.290482 0
    outer loop
      vertex -81.6098 -45.5464 3
      vertex -81.6421 -45.44 0
      vertex -81.6421 -45.44 3
    endloop
  endfacet
  facet normal 0.956881 0.290482 0
    outer loop
      vertex -81.6421 -45.44 0
      vertex -81.6098 -45.5464 3
      vertex -81.6098 -45.5464 0
    endloop
  endfacet
  facet normal 0.582598 0.81276 -0
    outer loop
      vertex -80.9445 -46.4135 0
      vertex -81.0349 -46.3487 3
      vertex -80.9445 -46.4135 3
    endloop
  endfacet
  facet normal 0.582598 0.81276 0
    outer loop
      vertex -81.0349 -46.3487 3
      vertex -80.9445 -46.4135 0
      vertex -81.0349 -46.3487 0
    endloop
  endfacet
  facet normal 0.634509 0.772915 -0
    outer loop
      vertex -81.0349 -46.3487 0
      vertex -81.1209 -46.2781 3
      vertex -81.0349 -46.3487 3
    endloop
  endfacet
  facet normal 0.634509 0.772915 0
    outer loop
      vertex -81.1209 -46.2781 3
      vertex -81.0349 -46.3487 0
      vertex -81.1209 -46.2781 0
    endloop
  endfacet
  facet normal 0.16367 0.986515 -0
    outer loop
      vertex -80.2219 -46.6855 0
      vertex -80.3316 -46.6673 3
      vertex -80.2219 -46.6855 3
    endloop
  endfacet
  facet normal 0.16367 0.986515 0
    outer loop
      vertex -80.3316 -46.6673 3
      vertex -80.2219 -46.6855 0
      vertex -80.3316 -46.6673 0
    endloop
  endfacet
  facet normal -0.93596 -0.352108 0
    outer loop
      vertex -78.3902 -44.4536 0
      vertex -78.4294 -44.3494 3
      vertex -78.4294 -44.3494 0
    endloop
  endfacet
  facet normal -0.93596 -0.352108 0
    outer loop
      vertex -78.4294 -44.3494 3
      vertex -78.3902 -44.4536 0
      vertex -78.3902 -44.4536 3
    endloop
  endfacet
  facet normal 0.352108 -0.93596 0
    outer loop
      vertex -80.6506 -43.4294 0
      vertex -80.5464 -43.3902 3
      vertex -80.6506 -43.4294 3
    endloop
  endfacet
  facet normal 0.352108 -0.93596 0
    outer loop
      vertex -80.5464 -43.3902 3
      vertex -80.6506 -43.4294 0
      vertex -80.5464 -43.3902 0
    endloop
  endfacet
  facet normal 0.772915 -0.634509 0
    outer loop
      vertex -81.3487 -43.9651 3
      vertex -81.2781 -43.8791 0
      vertex -81.2781 -43.8791 3
    endloop
  endfacet
  facet normal 0.772915 -0.634509 0
    outer loop
      vertex -81.2781 -43.8791 0
      vertex -81.3487 -43.9651 3
      vertex -81.3487 -43.9651 0
    endloop
  endfacet
  facet normal -0.0979904 -0.995187 0
    outer loop
      vertex -79.8888 -43.3036 0
      vertex -79.7781 -43.3145 3
      vertex -79.8888 -43.3036 3
    endloop
  endfacet
  facet normal -0.0979904 -0.995187 -0
    outer loop
      vertex -79.7781 -43.3145 3
      vertex -79.8888 -43.3036 0
      vertex -79.7781 -43.3145 0
    endloop
  endfacet
  facet normal -0.412719 -0.910859 0
    outer loop
      vertex -79.3494 -43.4294 0
      vertex -79.2481 -43.4753 3
      vertex -79.3494 -43.4294 3
    endloop
  endfacet
  facet normal -0.412719 -0.910859 -0
    outer loop
      vertex -79.2481 -43.4753 3
      vertex -79.3494 -43.4294 0
      vertex -79.2481 -43.4753 0
    endloop
  endfacet
  facet normal -0.986539 0.163525 0
    outer loop
      vertex -78.3327 -45.3317 0
      vertex -78.3145 -45.2219 3
      vertex -78.3145 -45.2219 0
    endloop
  endfacet
  facet normal -0.986539 0.163525 0
    outer loop
      vertex -78.3145 -45.2219 3
      vertex -78.3327 -45.3317 0
      vertex -78.3327 -45.3317 3
    endloop
  endfacet
  facet normal -0.995187 0.0979904 0
    outer loop
      vertex -78.3145 -45.2219 0
      vertex -78.3036 -45.1112 3
      vertex -78.3036 -45.1112 0
    endloop
  endfacet
  facet normal -0.995187 0.0979904 0
    outer loop
      vertex -78.3036 -45.1112 3
      vertex -78.3145 -45.2219 0
      vertex -78.3145 -45.2219 3
    endloop
  endfacet
  facet normal -0.956881 0.290482 0
    outer loop
      vertex -78.3902 -45.5464 0
      vertex -78.3579 -45.44 3
      vertex -78.3579 -45.44 0
    endloop
  endfacet
  facet normal -0.956881 0.290482 0
    outer loop
      vertex -78.3579 -45.44 3
      vertex -78.3902 -45.5464 0
      vertex -78.3902 -45.5464 3
    endloop
  endfacet
  facet normal -0.93596 0.352108 0
    outer loop
      vertex -78.4294 -45.6506 0
      vertex -78.3902 -45.5464 3
      vertex -78.3902 -45.5464 0
    endloop
  endfacet
  facet normal -0.93596 0.352108 0
    outer loop
      vertex -78.3902 -45.5464 3
      vertex -78.4294 -45.6506 0
      vertex -78.4294 -45.6506 3
    endloop
  endfacet
  facet normal -0.730098 0.683343 0
    outer loop
      vertex -78.7979 -46.2021 0
      vertex -78.7219 -46.1209 3
      vertex -78.7219 -46.1209 0
    endloop
  endfacet
  facet normal -0.730098 0.683343 0
    outer loop
      vertex -78.7219 -46.1209 3
      vertex -78.7979 -46.2021 0
      vertex -78.7979 -46.2021 3
    endloop
  endfacet
  facet normal -0.84946 0.527654 0
    outer loop
      vertex -78.5865 -45.9445 0
      vertex -78.5278 -45.85 3
      vertex -78.5278 -45.85 0
    endloop
  endfacet
  facet normal -0.84946 0.527654 0
    outer loop
      vertex -78.5278 -45.85 3
      vertex -78.5865 -45.9445 0
      vertex -78.5865 -45.9445 3
    endloop
  endfacet
  facet normal -0.88168 0.471847 0
    outer loop
      vertex -78.5278 -45.85 0
      vertex -78.4753 -45.7519 3
      vertex -78.4753 -45.7519 0
    endloop
  endfacet
  facet normal -0.88168 0.471847 0
    outer loop
      vertex -78.4753 -45.7519 3
      vertex -78.5278 -45.85 0
      vertex -78.5278 -45.85 3
    endloop
  endfacet
  facet normal -0.226434 0.974026 0
    outer loop
      vertex -79.56 -46.6421 0
      vertex -79.6684 -46.6673 3
      vertex -79.56 -46.6421 3
    endloop
  endfacet
  facet normal -0.226434 0.974026 0
    outer loop
      vertex -79.6684 -46.6673 3
      vertex -79.56 -46.6421 0
      vertex -79.6684 -46.6673 0
    endloop
  endfacet
  facet normal -0.0979904 0.995187 0
    outer loop
      vertex -79.7781 -46.6855 0
      vertex -79.8888 -46.6964 3
      vertex -79.7781 -46.6855 3
    endloop
  endfacet
  facet normal -0.0979904 0.995187 0
    outer loop
      vertex -79.8888 -46.6964 3
      vertex -79.7781 -46.6855 0
      vertex -79.8888 -46.6964 0
    endloop
  endfacet
  facet normal -0.0323571 0.999476 0
    outer loop
      vertex -79.8888 -46.6964 0
      vertex -80 -46.7 3
      vertex -79.8888 -46.6964 3
    endloop
  endfacet
  facet normal -0.0323571 0.999476 0
    outer loop
      vertex -80 -46.7 3
      vertex -79.8888 -46.6964 0
      vertex -80 -46.7 0
    endloop
  endfacet
  facet normal -0.471847 0.88168 0
    outer loop
      vertex -79.15 -46.4722 0
      vertex -79.2481 -46.5247 3
      vertex -79.15 -46.4722 3
    endloop
  endfacet
  facet normal -0.471847 0.88168 0
    outer loop
      vertex -79.2481 -46.5247 3
      vertex -79.15 -46.4722 0
      vertex -79.2481 -46.5247 0
    endloop
  endfacet
  facet normal -0.412719 0.910859 0
    outer loop
      vertex -79.2481 -46.5247 0
      vertex -79.3494 -46.5706 3
      vertex -79.2481 -46.5247 3
    endloop
  endfacet
  facet normal -0.412719 0.910859 0
    outer loop
      vertex -79.3494 -46.5706 3
      vertex -79.2481 -46.5247 0
      vertex -79.3494 -46.5706 0
    endloop
  endfacet
  facet normal -0.527654 0.84946 0
    outer loop
      vertex -79.0555 -46.4135 0
      vertex -79.15 -46.4722 3
      vertex -79.0555 -46.4135 3
    endloop
  endfacet
  facet normal -0.527654 0.84946 0
    outer loop
      vertex -79.15 -46.4722 3
      vertex -79.0555 -46.4135 0
      vertex -79.15 -46.4722 0
    endloop
  endfacet
  facet normal 0.910859 0.412719 0
    outer loop
      vertex -81.5247 -45.7519 3
      vertex -81.5706 -45.6506 0
      vertex -81.5706 -45.6506 3
    endloop
  endfacet
  facet normal 0.910859 0.412719 0
    outer loop
      vertex -81.5706 -45.6506 0
      vertex -81.5247 -45.7519 3
      vertex -81.5247 -45.7519 0
    endloop
  endfacet
  facet normal 0.97398 0.226633 0
    outer loop
      vertex -81.6421 -45.44 3
      vertex -81.6673 -45.3317 0
      vertex -81.6673 -45.3317 3
    endloop
  endfacet
  facet normal 0.97398 0.226633 0
    outer loop
      vertex -81.6673 -45.3317 0
      vertex -81.6421 -45.44 3
      vertex -81.6421 -45.44 0
    endloop
  endfacet
  facet normal 0.995187 0.0979904 0
    outer loop
      vertex -81.6855 -45.2219 3
      vertex -81.6964 -45.1112 0
      vertex -81.6964 -45.1112 3
    endloop
  endfacet
  facet normal 0.995187 0.0979904 0
    outer loop
      vertex -81.6964 -45.1112 0
      vertex -81.6855 -45.2219 3
      vertex -81.6855 -45.2219 0
    endloop
  endfacet
  facet normal 0.999476 0.0323571 0
    outer loop
      vertex -81.6964 -45.1112 3
      vertex -81.7 -45 0
      vertex -81.7 -45 3
    endloop
  endfacet
  facet normal 0.999476 0.0323571 0
    outer loop
      vertex -81.7 -45 0
      vertex -81.6964 -45.1112 3
      vertex -81.6964 -45.1112 0
    endloop
  endfacet
  facet normal 0.999476 -0.0323571 0
    outer loop
      vertex -81.7 -45 3
      vertex -81.6964 -44.8888 0
      vertex -81.6964 -44.8888 3
    endloop
  endfacet
  facet normal 0.999476 -0.0323571 0
    outer loop
      vertex -81.6964 -44.8888 0
      vertex -81.7 -45 3
      vertex -81.7 -45 0
    endloop
  endfacet
  facet normal 0.471847 0.88168 -0
    outer loop
      vertex -80.7519 -46.5247 0
      vertex -80.85 -46.4722 3
      vertex -80.7519 -46.5247 3
    endloop
  endfacet
  facet normal 0.471847 0.88168 0
    outer loop
      vertex -80.85 -46.4722 3
      vertex -80.7519 -46.5247 0
      vertex -80.85 -46.4722 0
    endloop
  endfacet
  facet normal 0.527654 0.84946 -0
    outer loop
      vertex -80.85 -46.4722 0
      vertex -80.9445 -46.4135 3
      vertex -80.85 -46.4722 3
    endloop
  endfacet
  facet normal 0.527654 0.84946 0
    outer loop
      vertex -80.9445 -46.4135 3
      vertex -80.85 -46.4722 0
      vertex -80.9445 -46.4135 0
    endloop
  endfacet
  facet normal 0.290482 0.956881 -0
    outer loop
      vertex -80.44 -46.6421 0
      vertex -80.5464 -46.6098 3
      vertex -80.44 -46.6421 3
    endloop
  endfacet
  facet normal 0.290482 0.956881 0
    outer loop
      vertex -80.5464 -46.6098 3
      vertex -80.44 -46.6421 0
      vertex -80.5464 -46.6098 0
    endloop
  endfacet
  facet normal 0.352108 0.93596 -0
    outer loop
      vertex -80.5464 -46.6098 0
      vertex -80.6506 -46.5706 3
      vertex -80.5464 -46.6098 3
    endloop
  endfacet
  facet normal 0.352108 0.93596 0
    outer loop
      vertex -80.6506 -46.5706 3
      vertex -80.5464 -46.6098 0
      vertex -80.6506 -46.5706 0
    endloop
  endfacet
  facet normal 0.0979904 0.995187 -0
    outer loop
      vertex -80.1112 -46.6964 0
      vertex -80.2219 -46.6855 3
      vertex -80.1112 -46.6964 3
    endloop
  endfacet
  facet normal 0.0979904 0.995187 0
    outer loop
      vertex -80.2219 -46.6855 3
      vertex -80.1112 -46.6964 0
      vertex -80.2219 -46.6855 0
    endloop
  endfacet
  facet normal -0.999476 -0.0323571 0
    outer loop
      vertex -78.3 -45 0
      vertex -78.3036 -44.8888 3
      vertex -78.3036 -44.8888 0
    endloop
  endfacet
  facet normal -0.999476 -0.0323571 0
    outer loop
      vertex -78.3036 -44.8888 3
      vertex -78.3 -45 0
      vertex -78.3 -45 3
    endloop
  endfacet
  facet normal -0.97398 -0.226633 0
    outer loop
      vertex -78.3327 -44.6683 0
      vertex -78.3579 -44.56 3
      vertex -78.3579 -44.56 0
    endloop
  endfacet
  facet normal -0.97398 -0.226633 0
    outer loop
      vertex -78.3579 -44.56 3
      vertex -78.3327 -44.6683 0
      vertex -78.3327 -44.6683 3
    endloop
  endfacet
  facet normal -0.995187 -0.0979904 0
    outer loop
      vertex -78.3036 -44.8888 0
      vertex -78.3145 -44.7781 3
      vertex -78.3145 -44.7781 0
    endloop
  endfacet
  facet normal -0.995187 -0.0979904 0
    outer loop
      vertex -78.3145 -44.7781 3
      vertex -78.3036 -44.8888 0
      vertex -78.3036 -44.8888 3
    endloop
  endfacet
  facet normal -0.471847 -0.88168 0
    outer loop
      vertex -79.2481 -43.4753 0
      vertex -79.15 -43.5278 3
      vertex -79.2481 -43.4753 3
    endloop
  endfacet
  facet normal -0.471847 -0.88168 -0
    outer loop
      vertex -79.15 -43.5278 3
      vertex -79.2481 -43.4753 0
      vertex -79.15 -43.5278 0
    endloop
  endfacet
  facet normal -0.772915 -0.634509 0
    outer loop
      vertex -78.6513 -43.9651 0
      vertex -78.7219 -43.8791 3
      vertex -78.7219 -43.8791 0
    endloop
  endfacet
  facet normal -0.772915 -0.634509 0
    outer loop
      vertex -78.7219 -43.8791 3
      vertex -78.6513 -43.9651 0
      vertex -78.6513 -43.9651 3
    endloop
  endfacet
  facet normal 0.290482 -0.956881 0
    outer loop
      vertex -80.5464 -43.3902 0
      vertex -80.44 -43.3579 3
      vertex -80.5464 -43.3902 3
    endloop
  endfacet
  facet normal 0.290482 -0.956881 0
    outer loop
      vertex -80.44 -43.3579 3
      vertex -80.5464 -43.3902 0
      vertex -80.44 -43.3579 0
    endloop
  endfacet
  facet normal 0.956881 -0.290482 0
    outer loop
      vertex -81.6421 -44.56 3
      vertex -81.6098 -44.4536 0
      vertex -81.6098 -44.4536 3
    endloop
  endfacet
  facet normal 0.956881 -0.290482 0
    outer loop
      vertex -81.6098 -44.4536 0
      vertex -81.6421 -44.56 3
      vertex -81.6421 -44.56 0
    endloop
  endfacet
  facet normal 0.910859 -0.412719 0
    outer loop
      vertex -81.5706 -44.3494 3
      vertex -81.5247 -44.2481 0
      vertex -81.5247 -44.2481 3
    endloop
  endfacet
  facet normal 0.910859 -0.412719 0
    outer loop
      vertex -81.5247 -44.2481 0
      vertex -81.5706 -44.3494 3
      vertex -81.5706 -44.3494 0
    endloop
  endfacet
  facet normal -0.226434 -0.974026 0
    outer loop
      vertex -79.6684 -43.3327 0
      vertex -79.56 -43.3579 3
      vertex -79.6684 -43.3327 3
    endloop
  endfacet
  facet normal -0.226434 -0.974026 -0
    outer loop
      vertex -79.56 -43.3579 3
      vertex -79.6684 -43.3327 0
      vertex -79.56 -43.3579 0
    endloop
  endfacet
  facet normal 0.84946 0.527654 0
    outer loop
      vertex -81.4135 -45.9445 3
      vertex -81.4722 -45.85 0
      vertex -81.4722 -45.85 3
    endloop
  endfacet
  facet normal 0.84946 0.527654 0
    outer loop
      vertex -81.4722 -45.85 0
      vertex -81.4135 -45.9445 3
      vertex -81.4135 -45.9445 0
    endloop
  endfacet
  facet normal 0.81276 0.582598 0
    outer loop
      vertex -81.3487 -46.0349 3
      vertex -81.4135 -45.9445 0
      vertex -81.4135 -45.9445 3
    endloop
  endfacet
  facet normal 0.81276 0.582598 0
    outer loop
      vertex -81.4135 -45.9445 0
      vertex -81.3487 -46.0349 3
      vertex -81.3487 -46.0349 0
    endloop
  endfacet
  facet normal 0.772915 0.634509 0
    outer loop
      vertex -81.2781 -46.1209 3
      vertex -81.3487 -46.0349 0
      vertex -81.3487 -46.0349 3
    endloop
  endfacet
  facet normal 0.772915 0.634509 0
    outer loop
      vertex -81.3487 -46.0349 0
      vertex -81.2781 -46.1209 3
      vertex -81.2781 -46.1209 0
    endloop
  endfacet
  facet normal -0.88168 -0.471847 0
    outer loop
      vertex -78.4753 -44.2481 0
      vertex -78.5278 -44.15 3
      vertex -78.5278 -44.15 0
    endloop
  endfacet
  facet normal -0.88168 -0.471847 0
    outer loop
      vertex -78.5278 -44.15 3
      vertex -78.4753 -44.2481 0
      vertex -78.4753 -44.2481 3
    endloop
  endfacet
  facet normal -0.956881 -0.290482 0
    outer loop
      vertex -78.3579 -44.56 0
      vertex -78.3902 -44.4536 3
      vertex -78.3902 -44.4536 0
    endloop
  endfacet
  facet normal -0.956881 -0.290482 0
    outer loop
      vertex -78.3902 -44.4536 3
      vertex -78.3579 -44.56 0
      vertex -78.3579 -44.56 3
    endloop
  endfacet
  facet normal -0.683343 -0.730098 0
    outer loop
      vertex -78.8791 -43.7219 0
      vertex -78.7979 -43.7979 3
      vertex -78.8791 -43.7219 3
    endloop
  endfacet
  facet normal -0.683343 -0.730098 -0
    outer loop
      vertex -78.7979 -43.7979 3
      vertex -78.8791 -43.7219 0
      vertex -78.7979 -43.7979 0
    endloop
  endfacet
  facet normal -0.730098 -0.683343 0
    outer loop
      vertex -78.7219 -43.8791 0
      vertex -78.7979 -43.7979 3
      vertex -78.7979 -43.7979 0
    endloop
  endfacet
  facet normal -0.730098 -0.683343 0
    outer loop
      vertex -78.7979 -43.7979 3
      vertex -78.7219 -43.8791 0
      vertex -78.7219 -43.8791 3
    endloop
  endfacet
  facet normal -0.582598 -0.81276 0
    outer loop
      vertex -79.0555 -43.5865 0
      vertex -78.9651 -43.6513 3
      vertex -79.0555 -43.5865 3
    endloop
  endfacet
  facet normal -0.582598 -0.81276 -0
    outer loop
      vertex -78.9651 -43.6513 3
      vertex -79.0555 -43.5865 0
      vertex -78.9651 -43.6513 0
    endloop
  endfacet
  facet normal -0.634509 -0.772915 0
    outer loop
      vertex -78.9651 -43.6513 0
      vertex -78.8791 -43.7219 3
      vertex -78.9651 -43.6513 3
    endloop
  endfacet
  facet normal -0.634509 -0.772915 -0
    outer loop
      vertex -78.8791 -43.7219 3
      vertex -78.9651 -43.6513 0
      vertex -78.8791 -43.7219 0
    endloop
  endfacet
  facet normal -0.81276 -0.582598 0
    outer loop
      vertex -78.5865 -44.0555 0
      vertex -78.6513 -43.9651 3
      vertex -78.6513 -43.9651 0
    endloop
  endfacet
  facet normal -0.81276 -0.582598 0
    outer loop
      vertex -78.6513 -43.9651 3
      vertex -78.5865 -44.0555 0
      vertex -78.5865 -44.0555 3
    endloop
  endfacet
  facet normal 0.527654 -0.84946 0
    outer loop
      vertex -80.9445 -43.5865 0
      vertex -80.85 -43.5278 3
      vertex -80.9445 -43.5865 3
    endloop
  endfacet
  facet normal 0.527654 -0.84946 0
    outer loop
      vertex -80.85 -43.5278 3
      vertex -80.9445 -43.5865 0
      vertex -80.85 -43.5278 0
    endloop
  endfacet
  facet normal 0.730098 -0.683343 0
    outer loop
      vertex -81.2781 -43.8791 3
      vertex -81.2021 -43.7979 0
      vertex -81.2021 -43.7979 3
    endloop
  endfacet
  facet normal 0.730098 -0.683343 0
    outer loop
      vertex -81.2021 -43.7979 0
      vertex -81.2781 -43.8791 3
      vertex -81.2781 -43.8791 0
    endloop
  endfacet
  facet normal 0.81276 -0.582598 0
    outer loop
      vertex -81.4135 -44.0555 3
      vertex -81.3487 -43.9651 0
      vertex -81.3487 -43.9651 3
    endloop
  endfacet
  facet normal 0.81276 -0.582598 0
    outer loop
      vertex -81.3487 -43.9651 0
      vertex -81.4135 -44.0555 3
      vertex -81.4135 -44.0555 0
    endloop
  endfacet
  facet normal 0.97398 -0.226633 0
    outer loop
      vertex -81.6673 -44.6683 3
      vertex -81.6421 -44.56 0
      vertex -81.6421 -44.56 3
    endloop
  endfacet
  facet normal 0.97398 -0.226633 0
    outer loop
      vertex -81.6421 -44.56 0
      vertex -81.6673 -44.6683 3
      vertex -81.6673 -44.6683 0
    endloop
  endfacet
  facet normal -0.290482 -0.956881 0
    outer loop
      vertex -79.56 -43.3579 0
      vertex -79.4536 -43.3902 3
      vertex -79.56 -43.3579 3
    endloop
  endfacet
  facet normal -0.290482 -0.956881 -0
    outer loop
      vertex -79.4536 -43.3902 3
      vertex -79.56 -43.3579 0
      vertex -79.4536 -43.3902 0
    endloop
  endfacet
  facet normal -0.352108 -0.93596 0
    outer loop
      vertex -79.4536 -43.3902 0
      vertex -79.3494 -43.4294 3
      vertex -79.4536 -43.3902 3
    endloop
  endfacet
  facet normal -0.352108 -0.93596 -0
    outer loop
      vertex -79.3494 -43.4294 3
      vertex -79.4536 -43.3902 0
      vertex -79.3494 -43.4294 0
    endloop
  endfacet
  facet normal -0.910859 -0.412719 0
    outer loop
      vertex -78.4294 -44.3494 0
      vertex -78.4753 -44.2481 3
      vertex -78.4753 -44.2481 0
    endloop
  endfacet
  facet normal -0.910859 -0.412719 0
    outer loop
      vertex -78.4753 -44.2481 3
      vertex -78.4294 -44.3494 0
      vertex -78.4294 -44.3494 3
    endloop
  endfacet
  facet normal -0.986539 -0.163525 0
    outer loop
      vertex -78.3145 -44.7781 0
      vertex -78.3327 -44.6683 3
      vertex -78.3327 -44.6683 0
    endloop
  endfacet
  facet normal -0.986539 -0.163525 0
    outer loop
      vertex -78.3327 -44.6683 3
      vertex -78.3145 -44.7781 0
      vertex -78.3145 -44.7781 3
    endloop
  endfacet
  facet normal -0.527654 -0.84946 0
    outer loop
      vertex -79.15 -43.5278 0
      vertex -79.0555 -43.5865 3
      vertex -79.15 -43.5278 3
    endloop
  endfacet
  facet normal -0.527654 -0.84946 -0
    outer loop
      vertex -79.0555 -43.5865 3
      vertex -79.15 -43.5278 0
      vertex -79.0555 -43.5865 0
    endloop
  endfacet
  facet normal -0.84946 -0.527654 0
    outer loop
      vertex -78.5278 -44.15 0
      vertex -78.5865 -44.0555 3
      vertex -78.5865 -44.0555 0
    endloop
  endfacet
  facet normal -0.84946 -0.527654 0
    outer loop
      vertex -78.5865 -44.0555 3
      vertex -78.5278 -44.15 0
      vertex -78.5278 -44.15 3
    endloop
  endfacet
  facet normal 0.0323571 -0.999476 0
    outer loop
      vertex -80.1112 -43.3036 0
      vertex -80 -43.3 3
      vertex -80.1112 -43.3036 3
    endloop
  endfacet
  facet normal 0.0323571 -0.999476 0
    outer loop
      vertex -80 -43.3 3
      vertex -80.1112 -43.3036 0
      vertex -80 -43.3 0
    endloop
  endfacet
  facet normal 0.634509 -0.772915 0
    outer loop
      vertex -81.1209 -43.7219 0
      vertex -81.0349 -43.6513 3
      vertex -81.1209 -43.7219 3
    endloop
  endfacet
  facet normal 0.634509 -0.772915 0
    outer loop
      vertex -81.0349 -43.6513 3
      vertex -81.1209 -43.7219 0
      vertex -81.0349 -43.6513 0
    endloop
  endfacet
  facet normal 0.226434 -0.974026 0
    outer loop
      vertex -80.44 -43.3579 0
      vertex -80.3316 -43.3327 3
      vertex -80.44 -43.3579 3
    endloop
  endfacet
  facet normal 0.226434 -0.974026 0
    outer loop
      vertex -80.3316 -43.3327 3
      vertex -80.44 -43.3579 0
      vertex -80.3316 -43.3327 0
    endloop
  endfacet
  facet normal 0.0979904 -0.995187 0
    outer loop
      vertex -80.2219 -43.3145 0
      vertex -80.1112 -43.3036 3
      vertex -80.2219 -43.3145 3
    endloop
  endfacet
  facet normal 0.0979904 -0.995187 0
    outer loop
      vertex -80.1112 -43.3036 3
      vertex -80.2219 -43.3145 0
      vertex -80.1112 -43.3036 0
    endloop
  endfacet
  facet normal 0.683343 -0.730098 0
    outer loop
      vertex -81.2021 -43.7979 0
      vertex -81.1209 -43.7219 3
      vertex -81.2021 -43.7979 3
    endloop
  endfacet
  facet normal 0.683343 -0.730098 0
    outer loop
      vertex -81.1209 -43.7219 3
      vertex -81.2021 -43.7979 0
      vertex -81.1209 -43.7219 0
    endloop
  endfacet
  facet normal 0.84946 -0.527654 0
    outer loop
      vertex -81.4722 -44.15 3
      vertex -81.4135 -44.0555 0
      vertex -81.4135 -44.0555 3
    endloop
  endfacet
  facet normal 0.84946 -0.527654 0
    outer loop
      vertex -81.4135 -44.0555 0
      vertex -81.4722 -44.15 3
      vertex -81.4722 -44.15 0
    endloop
  endfacet
  facet normal 0.88168 -0.471847 0
    outer loop
      vertex -81.5247 -44.2481 3
      vertex -81.4722 -44.15 0
      vertex -81.4722 -44.15 3
    endloop
  endfacet
  facet normal 0.88168 -0.471847 0
    outer loop
      vertex -81.4722 -44.15 0
      vertex -81.5247 -44.2481 3
      vertex -81.5247 -44.2481 0
    endloop
  endfacet
  facet normal 0.93596 -0.352108 0
    outer loop
      vertex -81.6098 -44.4536 3
      vertex -81.5706 -44.3494 0
      vertex -81.5706 -44.3494 3
    endloop
  endfacet
  facet normal 0.93596 -0.352108 0
    outer loop
      vertex -81.5706 -44.3494 0
      vertex -81.6098 -44.4536 3
      vertex -81.6098 -44.4536 0
    endloop
  endfacet
  facet normal 0.986539 -0.163525 0
    outer loop
      vertex -81.6855 -44.7781 3
      vertex -81.6673 -44.6683 0
      vertex -81.6673 -44.6683 3
    endloop
  endfacet
  facet normal 0.986539 -0.163525 0
    outer loop
      vertex -81.6673 -44.6683 0
      vertex -81.6855 -44.7781 3
      vertex -81.6855 -44.7781 0
    endloop
  endfacet
  facet normal 0.995187 -0.0979904 0
    outer loop
      vertex -81.6964 -44.8888 3
      vertex -81.6855 -44.7781 0
      vertex -81.6855 -44.7781 3
    endloop
  endfacet
  facet normal 0.995187 -0.0979904 0
    outer loop
      vertex -81.6855 -44.7781 0
      vertex -81.6964 -44.8888 3
      vertex -81.6964 -44.8888 0
    endloop
  endfacet
  facet normal -0.16367 -0.986515 0
    outer loop
      vertex -79.7781 -43.3145 0
      vertex -79.6684 -43.3327 3
      vertex -79.7781 -43.3145 3
    endloop
  endfacet
  facet normal -0.16367 -0.986515 -0
    outer loop
      vertex -79.6684 -43.3327 3
      vertex -79.7781 -43.3145 0
      vertex -79.6684 -43.3327 0
    endloop
  endfacet
  facet normal 0.412719 -0.910859 0
    outer loop
      vertex -80.7519 -43.4753 0
      vertex -80.6506 -43.4294 3
      vertex -80.7519 -43.4753 3
    endloop
  endfacet
  facet normal 0.412719 -0.910859 0
    outer loop
      vertex -80.6506 -43.4294 3
      vertex -80.7519 -43.4753 0
      vertex -80.6506 -43.4294 0
    endloop
  endfacet
  facet normal 0.471847 -0.88168 0
    outer loop
      vertex -80.85 -43.5278 0
      vertex -80.7519 -43.4753 3
      vertex -80.85 -43.5278 3
    endloop
  endfacet
  facet normal 0.471847 -0.88168 0
    outer loop
      vertex -80.7519 -43.4753 3
      vertex -80.85 -43.5278 0
      vertex -80.7519 -43.4753 0
    endloop
  endfacet
  facet normal 0.582598 -0.81276 0
    outer loop
      vertex -81.0349 -43.6513 0
      vertex -80.9445 -43.5865 3
      vertex -81.0349 -43.6513 3
    endloop
  endfacet
  facet normal 0.582598 -0.81276 0
    outer loop
      vertex -80.9445 -43.5865 3
      vertex -81.0349 -43.6513 0
      vertex -80.9445 -43.5865 0
    endloop
  endfacet
  facet normal 0.16367 -0.986515 0
    outer loop
      vertex -80.3316 -43.3327 0
      vertex -80.2219 -43.3145 3
      vertex -80.3316 -43.3327 3
    endloop
  endfacet
  facet normal 0.16367 -0.986515 0
    outer loop
      vertex -80.2219 -43.3145 3
      vertex -80.3316 -43.3327 0
      vertex -80.2219 -43.3145 0
    endloop
  endfacet
  facet normal -0.999476 0.0323571 0
    outer loop
      vertex 81.6964 44.8888 0
      vertex 81.7 45 3
      vertex 81.7 45 0
    endloop
  endfacet
  facet normal -0.999476 0.0323571 0
    outer loop
      vertex 81.7 45 3
      vertex 81.6964 44.8888 0
      vertex 81.6964 44.8888 3
    endloop
  endfacet
  facet normal 0.999476 0.0323571 0
    outer loop
      vertex 78.3036 44.8888 3
      vertex 78.3 45 0
      vertex 78.3 45 3
    endloop
  endfacet
  facet normal 0.999476 0.0323571 0
    outer loop
      vertex 78.3 45 0
      vertex 78.3036 44.8888 3
      vertex 78.3036 44.8888 0
    endloop
  endfacet
  facet normal -0.0323571 0.999476 0
    outer loop
      vertex 80.1112 43.3036 0
      vertex 80 43.3 3
      vertex 80.1112 43.3036 3
    endloop
  endfacet
  facet normal -0.0323571 0.999476 0
    outer loop
      vertex 80 43.3 3
      vertex 80.1112 43.3036 0
      vertex 80 43.3 0
    endloop
  endfacet
  facet normal 0.0323571 -0.999476 0
    outer loop
      vertex 79.8888 46.6964 0
      vertex 80 46.7 3
      vertex 79.8888 46.6964 3
    endloop
  endfacet
  facet normal 0.0323571 -0.999476 0
    outer loop
      vertex 80 46.7 3
      vertex 79.8888 46.6964 0
      vertex 80 46.7 0
    endloop
  endfacet
  facet normal -0.683343 0.730098 0
    outer loop
      vertex 81.2021 43.7979 0
      vertex 81.1209 43.7219 3
      vertex 81.2021 43.7979 3
    endloop
  endfacet
  facet normal -0.683343 0.730098 0
    outer loop
      vertex 81.1209 43.7219 3
      vertex 81.2021 43.7979 0
      vertex 81.1209 43.7219 0
    endloop
  endfacet
  facet normal 0.683343 0.730098 -0
    outer loop
      vertex 78.8791 43.7219 0
      vertex 78.7979 43.7979 3
      vertex 78.8791 43.7219 3
    endloop
  endfacet
  facet normal 0.683343 0.730098 0
    outer loop
      vertex 78.7979 43.7979 3
      vertex 78.8791 43.7219 0
      vertex 78.7979 43.7979 0
    endloop
  endfacet
  facet normal 0.97398 -0.226633 0
    outer loop
      vertex 78.3327 45.3317 3
      vertex 78.3579 45.44 0
      vertex 78.3579 45.44 3
    endloop
  endfacet
  facet normal 0.97398 -0.226633 0
    outer loop
      vertex 78.3579 45.44 0
      vertex 78.3327 45.3317 3
      vertex 78.3327 45.3317 0
    endloop
  endfacet
  facet normal -0.910859 0.412719 0
    outer loop
      vertex 81.5247 44.2481 0
      vertex 81.5706 44.3494 3
      vertex 81.5706 44.3494 0
    endloop
  endfacet
  facet normal -0.910859 0.412719 0
    outer loop
      vertex 81.5706 44.3494 3
      vertex 81.5247 44.2481 0
      vertex 81.5247 44.2481 3
    endloop
  endfacet
  facet normal -0.412719 0.910859 0
    outer loop
      vertex 80.7519 43.4753 0
      vertex 80.6506 43.4294 3
      vertex 80.7519 43.4753 3
    endloop
  endfacet
  facet normal -0.412719 0.910859 0
    outer loop
      vertex 80.6506 43.4294 3
      vertex 80.7519 43.4753 0
      vertex 80.6506 43.4294 0
    endloop
  endfacet
  facet normal 0.84946 0.527654 0
    outer loop
      vertex 78.5865 44.0555 3
      vertex 78.5278 44.15 0
      vertex 78.5278 44.15 3
    endloop
  endfacet
  facet normal 0.84946 0.527654 0
    outer loop
      vertex 78.5278 44.15 0
      vertex 78.5865 44.0555 3
      vertex 78.5865 44.0555 0
    endloop
  endfacet
  facet normal 0.0979904 0.995187 -0
    outer loop
      vertex 79.8888 43.3036 0
      vertex 79.7781 43.3145 3
      vertex 79.8888 43.3036 3
    endloop
  endfacet
  facet normal 0.0979904 0.995187 0
    outer loop
      vertex 79.7781 43.3145 3
      vertex 79.8888 43.3036 0
      vertex 79.7781 43.3145 0
    endloop
  endfacet
  facet normal -0.88168 -0.471847 0
    outer loop
      vertex 81.5247 45.7519 0
      vertex 81.4722 45.85 3
      vertex 81.4722 45.85 0
    endloop
  endfacet
  facet normal -0.88168 -0.471847 0
    outer loop
      vertex 81.4722 45.85 3
      vertex 81.5247 45.7519 0
      vertex 81.5247 45.7519 3
    endloop
  endfacet
  facet normal -0.226434 -0.974026 0
    outer loop
      vertex 80.3316 46.6673 0
      vertex 80.44 46.6421 3
      vertex 80.3316 46.6673 3
    endloop
  endfacet
  facet normal -0.226434 -0.974026 -0
    outer loop
      vertex 80.44 46.6421 3
      vertex 80.3316 46.6673 0
      vertex 80.44 46.6421 0
    endloop
  endfacet
  facet normal -0.683343 -0.730098 0
    outer loop
      vertex 81.1209 46.2781 0
      vertex 81.2021 46.2021 3
      vertex 81.1209 46.2781 3
    endloop
  endfacet
  facet normal -0.683343 -0.730098 -0
    outer loop
      vertex 81.2021 46.2021 3
      vertex 81.1209 46.2781 0
      vertex 81.2021 46.2021 0
    endloop
  endfacet
  facet normal 0.352108 -0.93596 0
    outer loop
      vertex 79.3494 46.5706 0
      vertex 79.4536 46.6098 3
      vertex 79.3494 46.5706 3
    endloop
  endfacet
  facet normal 0.352108 -0.93596 0
    outer loop
      vertex 79.4536 46.6098 3
      vertex 79.3494 46.5706 0
      vertex 79.4536 46.6098 0
    endloop
  endfacet
  facet normal 0.730098 -0.683343 0
    outer loop
      vertex 78.7219 46.1209 3
      vertex 78.7979 46.2021 0
      vertex 78.7979 46.2021 3
    endloop
  endfacet
  facet normal 0.730098 -0.683343 0
    outer loop
      vertex 78.7979 46.2021 0
      vertex 78.7219 46.1209 3
      vertex 78.7219 46.1209 0
    endloop
  endfacet
  facet normal -0.97398 0.226633 0
    outer loop
      vertex 81.6421 44.56 0
      vertex 81.6673 44.6683 3
      vertex 81.6673 44.6683 0
    endloop
  endfacet
  facet normal -0.97398 0.226633 0
    outer loop
      vertex 81.6673 44.6683 3
      vertex 81.6421 44.56 0
      vertex 81.6421 44.56 3
    endloop
  endfacet
  facet normal -0.956881 0.290482 0
    outer loop
      vertex 81.6098 44.4536 0
      vertex 81.6421 44.56 3
      vertex 81.6421 44.56 0
    endloop
  endfacet
  facet normal -0.956881 0.290482 0
    outer loop
      vertex 81.6421 44.56 3
      vertex 81.6098 44.4536 0
      vertex 81.6098 44.4536 3
    endloop
  endfacet
  facet normal -0.81276 0.582598 0
    outer loop
      vertex 81.3487 43.9651 0
      vertex 81.4135 44.0555 3
      vertex 81.4135 44.0555 0
    endloop
  endfacet
  facet normal -0.81276 0.582598 0
    outer loop
      vertex 81.4135 44.0555 3
      vertex 81.3487 43.9651 0
      vertex 81.3487 43.9651 3
    endloop
  endfacet
  facet normal -0.226434 0.974026 0
    outer loop
      vertex 80.44 43.3579 0
      vertex 80.3316 43.3327 3
      vertex 80.44 43.3579 3
    endloop
  endfacet
  facet normal -0.226434 0.974026 0
    outer loop
      vertex 80.3316 43.3327 3
      vertex 80.44 43.3579 0
      vertex 80.3316 43.3327 0
    endloop
  endfacet
  facet normal -0.582598 0.81276 0
    outer loop
      vertex 81.0349 43.6513 0
      vertex 80.9445 43.5865 3
      vertex 81.0349 43.6513 3
    endloop
  endfacet
  facet normal -0.582598 0.81276 0
    outer loop
      vertex 80.9445 43.5865 3
      vertex 81.0349 43.6513 0
      vertex 80.9445 43.5865 0
    endloop
  endfacet
  facet normal -0.471847 0.88168 0
    outer loop
      vertex 80.85 43.5278 0
      vertex 80.7519 43.4753 3
      vertex 80.85 43.5278 3
    endloop
  endfacet
  facet normal -0.471847 0.88168 0
    outer loop
      vertex 80.7519 43.4753 3
      vertex 80.85 43.5278 0
      vertex 80.7519 43.4753 0
    endloop
  endfacet
  facet normal -0.634509 0.772915 0
    outer loop
      vertex 81.1209 43.7219 0
      vertex 81.0349 43.6513 3
      vertex 81.1209 43.7219 3
    endloop
  endfacet
  facet normal -0.634509 0.772915 0
    outer loop
      vertex 81.0349 43.6513 3
      vertex 81.1209 43.7219 0
      vertex 81.0349 43.6513 0
    endloop
  endfacet
  facet normal 0.97398 0.226633 0
    outer loop
      vertex 78.3579 44.56 3
      vertex 78.3327 44.6683 0
      vertex 78.3327 44.6683 3
    endloop
  endfacet
  facet normal 0.97398 0.226633 0
    outer loop
      vertex 78.3327 44.6683 0
      vertex 78.3579 44.56 3
      vertex 78.3579 44.56 0
    endloop
  endfacet
  facet normal 0.910859 0.412719 0
    outer loop
      vertex 78.4753 44.2481 3
      vertex 78.4294 44.3494 0
      vertex 78.4294 44.3494 3
    endloop
  endfacet
  facet normal 0.910859 0.412719 0
    outer loop
      vertex 78.4294 44.3494 0
      vertex 78.4753 44.2481 3
      vertex 78.4753 44.2481 0
    endloop
  endfacet
  facet normal 0.527654 0.84946 -0
    outer loop
      vertex 79.15 43.5278 0
      vertex 79.0555 43.5865 3
      vertex 79.15 43.5278 3
    endloop
  endfacet
  facet normal 0.527654 0.84946 0
    outer loop
      vertex 79.0555 43.5865 3
      vertex 79.15 43.5278 0
      vertex 79.0555 43.5865 0
    endloop
  endfacet
  facet normal 0.412719 0.910859 -0
    outer loop
      vertex 79.3494 43.4294 0
      vertex 79.2481 43.4753 3
      vertex 79.3494 43.4294 3
    endloop
  endfacet
  facet normal 0.412719 0.910859 0
    outer loop
      vertex 79.2481 43.4753 3
      vertex 79.3494 43.4294 0
      vertex 79.2481 43.4753 0
    endloop
  endfacet
  facet normal 0.634509 0.772915 -0
    outer loop
      vertex 78.9651 43.6513 0
      vertex 78.8791 43.7219 3
      vertex 78.9651 43.6513 3
    endloop
  endfacet
  facet normal 0.634509 0.772915 0
    outer loop
      vertex 78.8791 43.7219 3
      vertex 78.9651 43.6513 0
      vertex 78.8791 43.7219 0
    endloop
  endfacet
  facet normal 0.290482 0.956881 -0
    outer loop
      vertex 79.56 43.3579 0
      vertex 79.4536 43.3902 3
      vertex 79.56 43.3579 3
    endloop
  endfacet
  facet normal 0.290482 0.956881 0
    outer loop
      vertex 79.4536 43.3902 3
      vertex 79.56 43.3579 0
      vertex 79.4536 43.3902 0
    endloop
  endfacet
  facet normal 0.0323571 0.999476 -0
    outer loop
      vertex 80 43.3 0
      vertex 79.8888 43.3036 3
      vertex 80 43.3 3
    endloop
  endfacet
  facet normal 0.0323571 0.999476 0
    outer loop
      vertex 79.8888 43.3036 3
      vertex 80 43.3 0
      vertex 79.8888 43.3036 0
    endloop
  endfacet
  facet normal -0.0323571 -0.999476 0
    outer loop
      vertex 80 46.7 0
      vertex 80.1112 46.6964 3
      vertex 80 46.7 3
    endloop
  endfacet
  facet normal -0.0323571 -0.999476 -0
    outer loop
      vertex 80.1112 46.6964 3
      vertex 80 46.7 0
      vertex 80.1112 46.6964 0
    endloop
  endfacet
  facet normal -0.634509 -0.772915 0
    outer loop
      vertex 81.0349 46.3487 0
      vertex 81.1209 46.2781 3
      vertex 81.0349 46.3487 3
    endloop
  endfacet
  facet normal -0.634509 -0.772915 -0
    outer loop
      vertex 81.1209 46.2781 3
      vertex 81.0349 46.3487 0
      vertex 81.1209 46.2781 0
    endloop
  endfacet
  facet normal -0.772915 -0.634509 0
    outer loop
      vertex 81.3487 46.0349 0
      vertex 81.2781 46.1209 3
      vertex 81.2781 46.1209 0
    endloop
  endfacet
  facet normal -0.772915 -0.634509 0
    outer loop
      vertex 81.2781 46.1209 3
      vertex 81.3487 46.0349 0
      vertex 81.3487 46.0349 3
    endloop
  endfacet
  facet normal -0.956881 -0.290482 0
    outer loop
      vertex 81.6421 45.44 0
      vertex 81.6098 45.5464 3
      vertex 81.6098 45.5464 0
    endloop
  endfacet
  facet normal -0.956881 -0.290482 0
    outer loop
      vertex 81.6098 45.5464 3
      vertex 81.6421 45.44 0
      vertex 81.6421 45.44 3
    endloop
  endfacet
  facet normal -0.995187 -0.0979904 0
    outer loop
      vertex 81.6964 45.1112 0
      vertex 81.6855 45.2219 3
      vertex 81.6855 45.2219 0
    endloop
  endfacet
  facet normal -0.995187 -0.0979904 0
    outer loop
      vertex 81.6855 45.2219 3
      vertex 81.6964 45.1112 0
      vertex 81.6964 45.1112 3
    endloop
  endfacet
  facet normal 0.683343 -0.730098 0
    outer loop
      vertex 78.7979 46.2021 0
      vertex 78.8791 46.2781 3
      vertex 78.7979 46.2021 3
    endloop
  endfacet
  facet normal 0.683343 -0.730098 0
    outer loop
      vertex 78.8791 46.2781 3
      vertex 78.7979 46.2021 0
      vertex 78.8791 46.2781 0
    endloop
  endfacet
  facet normal 0.910859 -0.412719 0
    outer loop
      vertex 78.4294 45.6506 3
      vertex 78.4753 45.7519 0
      vertex 78.4753 45.7519 3
    endloop
  endfacet
  facet normal 0.910859 -0.412719 0
    outer loop
      vertex 78.4753 45.7519 0
      vertex 78.4294 45.6506 3
      vertex 78.4294 45.6506 0
    endloop
  endfacet
  facet normal 0.999476 -0.0323571 0
    outer loop
      vertex 78.3 45 3
      vertex 78.3036 45.1112 0
      vertex 78.3036 45.1112 3
    endloop
  endfacet
  facet normal 0.999476 -0.0323571 0
    outer loop
      vertex 78.3036 45.1112 0
      vertex 78.3 45 3
      vertex 78.3 45 0
    endloop
  endfacet
  facet normal -0.986539 0.163525 0
    outer loop
      vertex 81.6673 44.6683 0
      vertex 81.6855 44.7781 3
      vertex 81.6855 44.7781 0
    endloop
  endfacet
  facet normal -0.986539 0.163525 0
    outer loop
      vertex 81.6855 44.7781 3
      vertex 81.6673 44.6683 0
      vertex 81.6673 44.6683 3
    endloop
  endfacet
  facet normal -0.995187 0.0979904 0
    outer loop
      vertex 81.6855 44.7781 0
      vertex 81.6964 44.8888 3
      vertex 81.6964 44.8888 0
    endloop
  endfacet
  facet normal -0.995187 0.0979904 0
    outer loop
      vertex 81.6964 44.8888 3
      vertex 81.6855 44.7781 0
      vertex 81.6855 44.7781 3
    endloop
  endfacet
  facet normal -0.93596 0.352108 0
    outer loop
      vertex 81.5706 44.3494 0
      vertex 81.6098 44.4536 3
      vertex 81.6098 44.4536 0
    endloop
  endfacet
  facet normal -0.93596 0.352108 0
    outer loop
      vertex 81.6098 44.4536 3
      vertex 81.5706 44.3494 0
      vertex 81.5706 44.3494 3
    endloop
  endfacet
  facet normal -0.772915 0.634509 0
    outer loop
      vertex 81.2781 43.8791 0
      vertex 81.3487 43.9651 3
      vertex 81.3487 43.9651 0
    endloop
  endfacet
  facet normal -0.772915 0.634509 0
    outer loop
      vertex 81.3487 43.9651 3
      vertex 81.2781 43.8791 0
      vertex 81.2781 43.8791 3
    endloop
  endfacet
  facet normal -0.84946 0.527654 0
    outer loop
      vertex 81.4135 44.0555 0
      vertex 81.4722 44.15 3
      vertex 81.4722 44.15 0
    endloop
  endfacet
  facet normal -0.84946 0.527654 0
    outer loop
      vertex 81.4722 44.15 3
      vertex 81.4135 44.0555 0
      vertex 81.4135 44.0555 3
    endloop
  endfacet
  facet normal -0.88168 0.471847 0
    outer loop
      vertex 81.4722 44.15 0
      vertex 81.5247 44.2481 3
      vertex 81.5247 44.2481 0
    endloop
  endfacet
  facet normal -0.88168 0.471847 0
    outer loop
      vertex 81.5247 44.2481 3
      vertex 81.4722 44.15 0
      vertex 81.4722 44.15 3
    endloop
  endfacet
  facet normal -0.290482 0.956881 0
    outer loop
      vertex 80.5464 43.3902 0
      vertex 80.44 43.3579 3
      vertex 80.5464 43.3902 3
    endloop
  endfacet
  facet normal -0.290482 0.956881 0
    outer loop
      vertex 80.44 43.3579 3
      vertex 80.5464 43.3902 0
      vertex 80.44 43.3579 0
    endloop
  endfacet
  facet normal -0.16367 0.986515 0
    outer loop
      vertex 80.3316 43.3327 0
      vertex 80.2219 43.3145 3
      vertex 80.3316 43.3327 3
    endloop
  endfacet
  facet normal -0.16367 0.986515 0
    outer loop
      vertex 80.2219 43.3145 3
      vertex 80.3316 43.3327 0
      vertex 80.2219 43.3145 0
    endloop
  endfacet
  facet normal -0.0979904 0.995187 0
    outer loop
      vertex 80.2219 43.3145 0
      vertex 80.1112 43.3036 3
      vertex 80.2219 43.3145 3
    endloop
  endfacet
  facet normal -0.0979904 0.995187 0
    outer loop
      vertex 80.1112 43.3036 3
      vertex 80.2219 43.3145 0
      vertex 80.1112 43.3036 0
    endloop
  endfacet
  facet normal -0.527654 0.84946 0
    outer loop
      vertex 80.9445 43.5865 0
      vertex 80.85 43.5278 3
      vertex 80.9445 43.5865 3
    endloop
  endfacet
  facet normal -0.527654 0.84946 0
    outer loop
      vertex 80.85 43.5278 3
      vertex 80.9445 43.5865 0
      vertex 80.85 43.5278 0
    endloop
  endfacet
  facet normal 0.88168 0.471847 0
    outer loop
      vertex 78.5278 44.15 3
      vertex 78.4753 44.2481 0
      vertex 78.4753 44.2481 3
    endloop
  endfacet
  facet normal 0.88168 0.471847 0
    outer loop
      vertex 78.4753 44.2481 0
      vertex 78.5278 44.15 3
      vertex 78.5278 44.15 0
    endloop
  endfacet
  facet normal 0.93596 0.352108 0
    outer loop
      vertex 78.4294 44.3494 3
      vertex 78.3902 44.4536 0
      vertex 78.3902 44.4536 3
    endloop
  endfacet
  facet normal 0.93596 0.352108 0
    outer loop
      vertex 78.3902 44.4536 0
      vertex 78.4294 44.3494 3
      vertex 78.4294 44.3494 0
    endloop
  endfacet
  facet normal 0.956881 0.290482 0
    outer loop
      vertex 78.3902 44.4536 3
      vertex 78.3579 44.56 0
      vertex 78.3579 44.56 3
    endloop
  endfacet
  facet normal 0.956881 0.290482 0
    outer loop
      vertex 78.3579 44.56 0
      vertex 78.3902 44.4536 3
      vertex 78.3902 44.4536 0
    endloop
  endfacet
  facet normal 0.986539 0.163525 0
    outer loop
      vertex 78.3327 44.6683 3
      vertex 78.3145 44.7781 0
      vertex 78.3145 44.7781 3
    endloop
  endfacet
  facet normal 0.986539 0.163525 0
    outer loop
      vertex 78.3145 44.7781 0
      vertex 78.3327 44.6683 3
      vertex 78.3327 44.6683 0
    endloop
  endfacet
  facet normal 0.995187 0.0979904 0
    outer loop
      vertex 78.3145 44.7781 3
      vertex 78.3036 44.8888 0
      vertex 78.3036 44.8888 3
    endloop
  endfacet
  facet normal 0.995187 0.0979904 0
    outer loop
      vertex 78.3036 44.8888 0
      vertex 78.3145 44.7781 3
      vertex 78.3145 44.7781 0
    endloop
  endfacet
  facet normal 0.471847 0.88168 -0
    outer loop
      vertex 79.2481 43.4753 0
      vertex 79.15 43.5278 3
      vertex 79.2481 43.4753 3
    endloop
  endfacet
  facet normal 0.471847 0.88168 0
    outer loop
      vertex 79.15 43.5278 3
      vertex 79.2481 43.4753 0
      vertex 79.15 43.5278 0
    endloop
  endfacet
  facet normal 0.582598 0.81276 -0
    outer loop
      vertex 79.0555 43.5865 0
      vertex 78.9651 43.6513 3
      vertex 79.0555 43.5865 3
    endloop
  endfacet
  facet normal 0.582598 0.81276 0
    outer loop
      vertex 78.9651 43.6513 3
      vertex 79.0555 43.5865 0
      vertex 78.9651 43.6513 0
    endloop
  endfacet
  facet normal 0.352108 0.93596 -0
    outer loop
      vertex 79.4536 43.3902 0
      vertex 79.3494 43.4294 3
      vertex 79.4536 43.3902 3
    endloop
  endfacet
  facet normal 0.352108 0.93596 0
    outer loop
      vertex 79.3494 43.4294 3
      vertex 79.4536 43.3902 0
      vertex 79.3494 43.4294 0
    endloop
  endfacet
  facet normal 0.226434 0.974026 -0
    outer loop
      vertex 79.6684 43.3327 0
      vertex 79.56 43.3579 3
      vertex 79.6684 43.3327 3
    endloop
  endfacet
  facet normal 0.226434 0.974026 0
    outer loop
      vertex 79.56 43.3579 3
      vertex 79.6684 43.3327 0
      vertex 79.56 43.3579 0
    endloop
  endfacet
  facet normal 0.16367 0.986515 -0
    outer loop
      vertex 79.7781 43.3145 0
      vertex 79.6684 43.3327 3
      vertex 79.7781 43.3145 3
    endloop
  endfacet
  facet normal 0.16367 0.986515 0
    outer loop
      vertex 79.6684 43.3327 3
      vertex 79.7781 43.3145 0
      vertex 79.6684 43.3327 0
    endloop
  endfacet
  facet normal -0.999476 -0.0323571 0
    outer loop
      vertex 81.7 45 0
      vertex 81.6964 45.1112 3
      vertex 81.6964 45.1112 0
    endloop
  endfacet
  facet normal -0.999476 -0.0323571 0
    outer loop
      vertex 81.6964 45.1112 3
      vertex 81.7 45 0
      vertex 81.7 45 3
    endloop
  endfacet
  facet normal -0.0979904 -0.995187 0
    outer loop
      vertex 80.1112 46.6964 0
      vertex 80.2219 46.6855 3
      vertex 80.1112 46.6964 3
    endloop
  endfacet
  facet normal -0.0979904 -0.995187 -0
    outer loop
      vertex 80.2219 46.6855 3
      vertex 80.1112 46.6964 0
      vertex 80.2219 46.6855 0
    endloop
  endfacet
  facet normal -0.290482 -0.956881 0
    outer loop
      vertex 80.44 46.6421 0
      vertex 80.5464 46.6098 3
      vertex 80.44 46.6421 3
    endloop
  endfacet
  facet normal -0.290482 -0.956881 -0
    outer loop
      vertex 80.5464 46.6098 3
      vertex 80.44 46.6421 0
      vertex 80.5464 46.6098 0
    endloop
  endfacet
  facet normal -0.352108 -0.93596 0
    outer loop
      vertex 80.5464 46.6098 0
      vertex 80.6506 46.5706 3
      vertex 80.5464 46.6098 3
    endloop
  endfacet
  facet normal -0.352108 -0.93596 -0
    outer loop
      vertex 80.6506 46.5706 3
      vertex 80.5464 46.6098 0
      vertex 80.6506 46.5706 0
    endloop
  endfacet
  facet normal -0.730098 -0.683343 0
    outer loop
      vertex 81.2781 46.1209 0
      vertex 81.2021 46.2021 3
      vertex 81.2021 46.2021 0
    endloop
  endfacet
  facet normal -0.730098 -0.683343 0
    outer loop
      vertex 81.2021 46.2021 3
      vertex 81.2781 46.1209 0
      vertex 81.2781 46.1209 3
    endloop
  endfacet
  facet normal -0.527654 -0.84946 0
    outer loop
      vertex 80.85 46.4722 0
      vertex 80.9445 46.4135 3
      vertex 80.85 46.4722 3
    endloop
  endfacet
  facet normal -0.527654 -0.84946 -0
    outer loop
      vertex 80.9445 46.4135 3
      vertex 80.85 46.4722 0
      vertex 80.9445 46.4135 0
    endloop
  endfacet
  facet normal -0.412719 -0.910859 0
    outer loop
      vertex 80.6506 46.5706 0
      vertex 80.7519 46.5247 3
      vertex 80.6506 46.5706 3
    endloop
  endfacet
  facet normal -0.412719 -0.910859 -0
    outer loop
      vertex 80.7519 46.5247 3
      vertex 80.6506 46.5706 0
      vertex 80.7519 46.5247 0
    endloop
  endfacet
  facet normal -0.582598 -0.81276 0
    outer loop
      vertex 80.9445 46.4135 0
      vertex 81.0349 46.3487 3
      vertex 80.9445 46.4135 3
    endloop
  endfacet
  facet normal -0.582598 -0.81276 -0
    outer loop
      vertex 81.0349 46.3487 3
      vertex 80.9445 46.4135 0
      vertex 81.0349 46.3487 0
    endloop
  endfacet
  facet normal -0.81276 -0.582598 0
    outer loop
      vertex 81.4135 45.9445 0
      vertex 81.3487 46.0349 3
      vertex 81.3487 46.0349 0
    endloop
  endfacet
  facet normal -0.81276 -0.582598 0
    outer loop
      vertex 81.3487 46.0349 3
      vertex 81.4135 45.9445 0
      vertex 81.4135 45.9445 3
    endloop
  endfacet
  facet normal -0.93596 -0.352108 0
    outer loop
      vertex 81.6098 45.5464 0
      vertex 81.5706 45.6506 3
      vertex 81.5706 45.6506 0
    endloop
  endfacet
  facet normal -0.93596 -0.352108 0
    outer loop
      vertex 81.5706 45.6506 3
      vertex 81.6098 45.5464 0
      vertex 81.6098 45.5464 3
    endloop
  endfacet
  facet normal -0.97398 -0.226633 0
    outer loop
      vertex 81.6673 45.3317 0
      vertex 81.6421 45.44 3
      vertex 81.6421 45.44 0
    endloop
  endfacet
  facet normal -0.97398 -0.226633 0
    outer loop
      vertex 81.6421 45.44 3
      vertex 81.6673 45.3317 0
      vertex 81.6673 45.3317 3
    endloop
  endfacet
  facet normal 0.634509 -0.772915 0
    outer loop
      vertex 78.8791 46.2781 0
      vertex 78.9651 46.3487 3
      vertex 78.8791 46.2781 3
    endloop
  endfacet
  facet normal 0.634509 -0.772915 0
    outer loop
      vertex 78.9651 46.3487 3
      vertex 78.8791 46.2781 0
      vertex 78.9651 46.3487 0
    endloop
  endfacet
  facet normal 0.412719 -0.910859 0
    outer loop
      vertex 79.2481 46.5247 0
      vertex 79.3494 46.5706 3
      vertex 79.2481 46.5247 3
    endloop
  endfacet
  facet normal 0.412719 -0.910859 0
    outer loop
      vertex 79.3494 46.5706 3
      vertex 79.2481 46.5247 0
      vertex 79.3494 46.5706 0
    endloop
  endfacet
  facet normal 0.527654 -0.84946 0
    outer loop
      vertex 79.0555 46.4135 0
      vertex 79.15 46.4722 3
      vertex 79.0555 46.4135 3
    endloop
  endfacet
  facet normal 0.527654 -0.84946 0
    outer loop
      vertex 79.15 46.4722 3
      vertex 79.0555 46.4135 0
      vertex 79.15 46.4722 0
    endloop
  endfacet
  facet normal 0.226434 -0.974026 0
    outer loop
      vertex 79.56 46.6421 0
      vertex 79.6684 46.6673 3
      vertex 79.56 46.6421 3
    endloop
  endfacet
  facet normal 0.226434 -0.974026 0
    outer loop
      vertex 79.6684 46.6673 3
      vertex 79.56 46.6421 0
      vertex 79.6684 46.6673 0
    endloop
  endfacet
  facet normal 0.16367 -0.986515 0
    outer loop
      vertex 79.6684 46.6673 0
      vertex 79.7781 46.6855 3
      vertex 79.6684 46.6673 3
    endloop
  endfacet
  facet normal 0.16367 -0.986515 0
    outer loop
      vertex 79.7781 46.6855 3
      vertex 79.6684 46.6673 0
      vertex 79.7781 46.6855 0
    endloop
  endfacet
  facet normal 0.81276 -0.582598 0
    outer loop
      vertex 78.5865 45.9445 3
      vertex 78.6513 46.0349 0
      vertex 78.6513 46.0349 3
    endloop
  endfacet
  facet normal 0.81276 -0.582598 0
    outer loop
      vertex 78.6513 46.0349 0
      vertex 78.5865 45.9445 3
      vertex 78.5865 45.9445 0
    endloop
  endfacet
  facet normal 0.88168 -0.471847 0
    outer loop
      vertex 78.4753 45.7519 3
      vertex 78.5278 45.85 0
      vertex 78.5278 45.85 3
    endloop
  endfacet
  facet normal 0.88168 -0.471847 0
    outer loop
      vertex 78.5278 45.85 0
      vertex 78.4753 45.7519 3
      vertex 78.4753 45.7519 0
    endloop
  endfacet
  facet normal 0.93596 -0.352108 0
    outer loop
      vertex 78.3902 45.5464 3
      vertex 78.4294 45.6506 0
      vertex 78.4294 45.6506 3
    endloop
  endfacet
  facet normal 0.93596 -0.352108 0
    outer loop
      vertex 78.4294 45.6506 0
      vertex 78.3902 45.5464 3
      vertex 78.3902 45.5464 0
    endloop
  endfacet
  facet normal 0.956881 -0.290482 0
    outer loop
      vertex 78.3579 45.44 3
      vertex 78.3902 45.5464 0
      vertex 78.3902 45.5464 3
    endloop
  endfacet
  facet normal 0.956881 -0.290482 0
    outer loop
      vertex 78.3902 45.5464 0
      vertex 78.3579 45.44 3
      vertex 78.3579 45.44 0
    endloop
  endfacet
  facet normal 0.995187 -0.0979904 0
    outer loop
      vertex 78.3036 45.1112 3
      vertex 78.3145 45.2219 0
      vertex 78.3145 45.2219 3
    endloop
  endfacet
  facet normal 0.995187 -0.0979904 0
    outer loop
      vertex 78.3145 45.2219 0
      vertex 78.3036 45.1112 3
      vertex 78.3036 45.1112 0
    endloop
  endfacet
  facet normal -0.730098 0.683343 0
    outer loop
      vertex 81.2021 43.7979 0
      vertex 81.2781 43.8791 3
      vertex 81.2781 43.8791 0
    endloop
  endfacet
  facet normal -0.730098 0.683343 0
    outer loop
      vertex 81.2781 43.8791 3
      vertex 81.2021 43.7979 0
      vertex 81.2021 43.7979 3
    endloop
  endfacet
  facet normal -0.352108 0.93596 0
    outer loop
      vertex 80.6506 43.4294 0
      vertex 80.5464 43.3902 3
      vertex 80.6506 43.4294 3
    endloop
  endfacet
  facet normal -0.352108 0.93596 0
    outer loop
      vertex 80.5464 43.3902 3
      vertex 80.6506 43.4294 0
      vertex 80.5464 43.3902 0
    endloop
  endfacet
  facet normal 0.81276 0.582598 0
    outer loop
      vertex 78.6513 43.9651 3
      vertex 78.5865 44.0555 0
      vertex 78.5865 44.0555 3
    endloop
  endfacet
  facet normal 0.81276 0.582598 0
    outer loop
      vertex 78.5865 44.0555 0
      vertex 78.6513 43.9651 3
      vertex 78.6513 43.9651 0
    endloop
  endfacet
  facet normal 0.772915 0.634509 0
    outer loop
      vertex 78.7219 43.8791 3
      vertex 78.6513 43.9651 0
      vertex 78.6513 43.9651 3
    endloop
  endfacet
  facet normal 0.772915 0.634509 0
    outer loop
      vertex 78.6513 43.9651 0
      vertex 78.7219 43.8791 3
      vertex 78.7219 43.8791 0
    endloop
  endfacet
  facet normal 0.730098 0.683343 0
    outer loop
      vertex 78.7979 43.7979 3
      vertex 78.7219 43.8791 0
      vertex 78.7219 43.8791 3
    endloop
  endfacet
  facet normal 0.730098 0.683343 0
    outer loop
      vertex 78.7219 43.8791 0
      vertex 78.7979 43.7979 3
      vertex 78.7979 43.7979 0
    endloop
  endfacet
  facet normal -0.16367 -0.986515 0
    outer loop
      vertex 80.2219 46.6855 0
      vertex 80.3316 46.6673 3
      vertex 80.2219 46.6855 3
    endloop
  endfacet
  facet normal -0.16367 -0.986515 -0
    outer loop
      vertex 80.3316 46.6673 3
      vertex 80.2219 46.6855 0
      vertex 80.3316 46.6673 0
    endloop
  endfacet
  facet normal -0.471847 -0.88168 0
    outer loop
      vertex 80.7519 46.5247 0
      vertex 80.85 46.4722 3
      vertex 80.7519 46.5247 3
    endloop
  endfacet
  facet normal -0.471847 -0.88168 -0
    outer loop
      vertex 80.85 46.4722 3
      vertex 80.7519 46.5247 0
      vertex 80.85 46.4722 0
    endloop
  endfacet
  facet normal -0.84946 -0.527654 0
    outer loop
      vertex 81.4722 45.85 0
      vertex 81.4135 45.9445 3
      vertex 81.4135 45.9445 0
    endloop
  endfacet
  facet normal -0.84946 -0.527654 0
    outer loop
      vertex 81.4135 45.9445 3
      vertex 81.4722 45.85 0
      vertex 81.4722 45.85 3
    endloop
  endfacet
  facet normal -0.910859 -0.412719 0
    outer loop
      vertex 81.5706 45.6506 0
      vertex 81.5247 45.7519 3
      vertex 81.5247 45.7519 0
    endloop
  endfacet
  facet normal -0.910859 -0.412719 0
    outer loop
      vertex 81.5247 45.7519 3
      vertex 81.5706 45.6506 0
      vertex 81.5706 45.6506 3
    endloop
  endfacet
  facet normal -0.986539 -0.163525 0
    outer loop
      vertex 81.6855 45.2219 0
      vertex 81.6673 45.3317 3
      vertex 81.6673 45.3317 0
    endloop
  endfacet
  facet normal -0.986539 -0.163525 0
    outer loop
      vertex 81.6673 45.3317 3
      vertex 81.6855 45.2219 0
      vertex 81.6855 45.2219 3
    endloop
  endfacet
  facet normal 0.582598 -0.81276 0
    outer loop
      vertex 78.9651 46.3487 0
      vertex 79.0555 46.4135 3
      vertex 78.9651 46.3487 3
    endloop
  endfacet
  facet normal 0.582598 -0.81276 0
    outer loop
      vertex 79.0555 46.4135 3
      vertex 78.9651 46.3487 0
      vertex 79.0555 46.4135 0
    endloop
  endfacet
  facet normal 0.471847 -0.88168 0
    outer loop
      vertex 79.15 46.4722 0
      vertex 79.2481 46.5247 3
      vertex 79.15 46.4722 3
    endloop
  endfacet
  facet normal 0.471847 -0.88168 0
    outer loop
      vertex 79.2481 46.5247 3
      vertex 79.15 46.4722 0
      vertex 79.2481 46.5247 0
    endloop
  endfacet
  facet normal 0.290482 -0.956881 0
    outer loop
      vertex 79.4536 46.6098 0
      vertex 79.56 46.6421 3
      vertex 79.4536 46.6098 3
    endloop
  endfacet
  facet normal 0.290482 -0.956881 0
    outer loop
      vertex 79.56 46.6421 3
      vertex 79.4536 46.6098 0
      vertex 79.56 46.6421 0
    endloop
  endfacet
  facet normal 0.0979904 -0.995187 0
    outer loop
      vertex 79.7781 46.6855 0
      vertex 79.8888 46.6964 3
      vertex 79.7781 46.6855 3
    endloop
  endfacet
  facet normal 0.0979904 -0.995187 0
    outer loop
      vertex 79.8888 46.6964 3
      vertex 79.7781 46.6855 0
      vertex 79.8888 46.6964 0
    endloop
  endfacet
  facet normal 0.772915 -0.634509 0
    outer loop
      vertex 78.6513 46.0349 3
      vertex 78.7219 46.1209 0
      vertex 78.7219 46.1209 3
    endloop
  endfacet
  facet normal 0.772915 -0.634509 0
    outer loop
      vertex 78.7219 46.1209 0
      vertex 78.6513 46.0349 3
      vertex 78.6513 46.0349 0
    endloop
  endfacet
  facet normal 0.84946 -0.527654 0
    outer loop
      vertex 78.5278 45.85 3
      vertex 78.5865 45.9445 0
      vertex 78.5865 45.9445 3
    endloop
  endfacet
  facet normal 0.84946 -0.527654 0
    outer loop
      vertex 78.5865 45.9445 0
      vertex 78.5278 45.85 3
      vertex 78.5278 45.85 0
    endloop
  endfacet
  facet normal 0.986539 -0.163525 0
    outer loop
      vertex 78.3145 45.2219 3
      vertex 78.3327 45.3317 0
      vertex 78.3327 45.3317 3
    endloop
  endfacet
  facet normal 0.986539 -0.163525 0
    outer loop
      vertex 78.3327 45.3317 0
      vertex 78.3145 45.2219 3
      vertex 78.3145 45.2219 0
    endloop
  endfacet
  facet normal -0.986539 0.163525 0
    outer loop
      vertex 81.6673 -45.3317 0
      vertex 81.6855 -45.2219 3
      vertex 81.6855 -45.2219 0
    endloop
  endfacet
  facet normal -0.986539 0.163525 0
    outer loop
      vertex 81.6855 -45.2219 3
      vertex 81.6673 -45.3317 0
      vertex 81.6673 -45.3317 3
    endloop
  endfacet
  facet normal -0.999476 0.0323571 0
    outer loop
      vertex 81.6964 -45.1112 0
      vertex 81.7 -45 3
      vertex 81.7 -45 0
    endloop
  endfacet
  facet normal -0.999476 0.0323571 0
    outer loop
      vertex 81.7 -45 3
      vertex 81.6964 -45.1112 0
      vertex 81.6964 -45.1112 3
    endloop
  endfacet
  facet normal 0.0323571 0.999476 -0
    outer loop
      vertex 80 -46.7 0
      vertex 79.8888 -46.6964 3
      vertex 80 -46.7 3
    endloop
  endfacet
  facet normal 0.0323571 0.999476 0
    outer loop
      vertex 79.8888 -46.6964 3
      vertex 80 -46.7 0
      vertex 79.8888 -46.6964 0
    endloop
  endfacet
  facet normal -0.683343 0.730098 0
    outer loop
      vertex 81.2021 -46.2021 0
      vertex 81.1209 -46.2781 3
      vertex 81.2021 -46.2021 3
    endloop
  endfacet
  facet normal -0.683343 0.730098 0
    outer loop
      vertex 81.1209 -46.2781 3
      vertex 81.2021 -46.2021 0
      vertex 81.1209 -46.2781 0
    endloop
  endfacet
  facet normal 0.412719 0.910859 -0
    outer loop
      vertex 79.3494 -46.5706 0
      vertex 79.2481 -46.5247 3
      vertex 79.3494 -46.5706 3
    endloop
  endfacet
  facet normal 0.412719 0.910859 0
    outer loop
      vertex 79.2481 -46.5247 3
      vertex 79.3494 -46.5706 0
      vertex 79.2481 -46.5247 0
    endloop
  endfacet
  facet normal -0.683343 -0.730098 0
    outer loop
      vertex 81.1209 -43.7219 0
      vertex 81.2021 -43.7979 3
      vertex 81.1209 -43.7219 3
    endloop
  endfacet
  facet normal -0.683343 -0.730098 -0
    outer loop
      vertex 81.2021 -43.7979 3
      vertex 81.1209 -43.7219 0
      vertex 81.2021 -43.7979 0
    endloop
  endfacet
  facet normal -0.910859 0.412719 0
    outer loop
      vertex 81.5247 -45.7519 0
      vertex 81.5706 -45.6506 3
      vertex 81.5706 -45.6506 0
    endloop
  endfacet
  facet normal -0.910859 0.412719 0
    outer loop
      vertex 81.5706 -45.6506 3
      vertex 81.5247 -45.7519 0
      vertex 81.5247 -45.7519 3
    endloop
  endfacet
  facet normal -0.352108 0.93596 0
    outer loop
      vertex 80.6506 -46.5706 0
      vertex 80.5464 -46.6098 3
      vertex 80.6506 -46.5706 3
    endloop
  endfacet
  facet normal -0.352108 0.93596 0
    outer loop
      vertex 80.5464 -46.6098 3
      vertex 80.6506 -46.5706 0
      vertex 80.5464 -46.6098 0
    endloop
  endfacet
  facet normal 0.88168 0.471847 0
    outer loop
      vertex 78.5278 -45.85 3
      vertex 78.4753 -45.7519 0
      vertex 78.4753 -45.7519 3
    endloop
  endfacet
  facet normal 0.88168 0.471847 0
    outer loop
      vertex 78.4753 -45.7519 0
      vertex 78.5278 -45.85 3
      vertex 78.5278 -45.85 0
    endloop
  endfacet
  facet normal 0.999476 -0.0323571 0
    outer loop
      vertex 78.3 -45 3
      vertex 78.3036 -44.8888 0
      vertex 78.3036 -44.8888 3
    endloop
  endfacet
  facet normal 0.999476 -0.0323571 0
    outer loop
      vertex 78.3036 -44.8888 0
      vertex 78.3 -45 3
      vertex 78.3 -45 0
    endloop
  endfacet
  facet normal -0.97398 0.226633 0
    outer loop
      vertex 81.6421 -45.44 0
      vertex 81.6673 -45.3317 3
      vertex 81.6673 -45.3317 0
    endloop
  endfacet
  facet normal -0.97398 0.226633 0
    outer loop
      vertex 81.6673 -45.3317 3
      vertex 81.6421 -45.44 0
      vertex 81.6421 -45.44 3
    endloop
  endfacet
  facet normal -0.81276 0.582598 0
    outer loop
      vertex 81.3487 -46.0349 0
      vertex 81.4135 -45.9445 3
      vertex 81.4135 -45.9445 0
    endloop
  endfacet
  facet normal -0.81276 0.582598 0
    outer loop
      vertex 81.4135 -45.9445 3
      vertex 81.3487 -46.0349 0
      vertex 81.3487 -46.0349 3
    endloop
  endfacet
  facet normal -0.772915 0.634509 0
    outer loop
      vertex 81.2781 -46.1209 0
      vertex 81.3487 -46.0349 3
      vertex 81.3487 -46.0349 0
    endloop
  endfacet
  facet normal -0.772915 0.634509 0
    outer loop
      vertex 81.3487 -46.0349 3
      vertex 81.2781 -46.1209 0
      vertex 81.2781 -46.1209 3
    endloop
  endfacet
  facet normal -0.84946 0.527654 0
    outer loop
      vertex 81.4135 -45.9445 0
      vertex 81.4722 -45.85 3
      vertex 81.4722 -45.85 0
    endloop
  endfacet
  facet normal -0.84946 0.527654 0
    outer loop
      vertex 81.4722 -45.85 3
      vertex 81.4135 -45.9445 0
      vertex 81.4135 -45.9445 3
    endloop
  endfacet
  facet normal -0.16367 0.986515 0
    outer loop
      vertex 80.3316 -46.6673 0
      vertex 80.2219 -46.6855 3
      vertex 80.3316 -46.6673 3
    endloop
  endfacet
  facet normal -0.16367 0.986515 0
    outer loop
      vertex 80.2219 -46.6855 3
      vertex 80.3316 -46.6673 0
      vertex 80.2219 -46.6855 0
    endloop
  endfacet
  facet normal -0.290482 0.956881 0
    outer loop
      vertex 80.5464 -46.6098 0
      vertex 80.44 -46.6421 3
      vertex 80.5464 -46.6098 3
    endloop
  endfacet
  facet normal -0.290482 0.956881 0
    outer loop
      vertex 80.44 -46.6421 3
      vertex 80.5464 -46.6098 0
      vertex 80.44 -46.6421 0
    endloop
  endfacet
  facet normal -0.0323571 0.999476 0
    outer loop
      vertex 80.1112 -46.6964 0
      vertex 80 -46.7 3
      vertex 80.1112 -46.6964 3
    endloop
  endfacet
  facet normal -0.0323571 0.999476 0
    outer loop
      vertex 80 -46.7 3
      vertex 80.1112 -46.6964 0
      vertex 80 -46.7 0
    endloop
  endfacet
  facet normal -0.634509 0.772915 0
    outer loop
      vertex 81.1209 -46.2781 0
      vertex 81.0349 -46.3487 3
      vertex 81.1209 -46.2781 3
    endloop
  endfacet
  facet normal -0.634509 0.772915 0
    outer loop
      vertex 81.0349 -46.3487 3
      vertex 81.1209 -46.2781 0
      vertex 81.0349 -46.3487 0
    endloop
  endfacet
  facet normal -0.412719 0.910859 0
    outer loop
      vertex 80.7519 -46.5247 0
      vertex 80.6506 -46.5706 3
      vertex 80.7519 -46.5247 3
    endloop
  endfacet
  facet normal -0.412719 0.910859 0
    outer loop
      vertex 80.6506 -46.5706 3
      vertex 80.7519 -46.5247 0
      vertex 80.6506 -46.5706 0
    endloop
  endfacet
  facet normal 0.986539 0.163525 0
    outer loop
      vertex 78.3327 -45.3317 3
      vertex 78.3145 -45.2219 0
      vertex 78.3145 -45.2219 3
    endloop
  endfacet
  facet normal 0.986539 0.163525 0
    outer loop
      vertex 78.3145 -45.2219 0
      vertex 78.3327 -45.3317 3
      vertex 78.3327 -45.3317 0
    endloop
  endfacet
  facet normal 0.93596 0.352108 0
    outer loop
      vertex 78.4294 -45.6506 3
      vertex 78.3902 -45.5464 0
      vertex 78.3902 -45.5464 3
    endloop
  endfacet
  facet normal 0.93596 0.352108 0
    outer loop
      vertex 78.3902 -45.5464 0
      vertex 78.4294 -45.6506 3
      vertex 78.4294 -45.6506 0
    endloop
  endfacet
  facet normal 0.956881 0.290482 0
    outer loop
      vertex 78.3902 -45.5464 3
      vertex 78.3579 -45.44 0
      vertex 78.3579 -45.44 3
    endloop
  endfacet
  facet normal 0.956881 0.290482 0
    outer loop
      vertex 78.3579 -45.44 0
      vertex 78.3902 -45.5464 3
      vertex 78.3902 -45.5464 0
    endloop
  endfacet
  facet normal 0.999476 0.0323571 0
    outer loop
      vertex 78.3036 -45.1112 3
      vertex 78.3 -45 0
      vertex 78.3 -45 3
    endloop
  endfacet
  facet normal 0.999476 0.0323571 0
    outer loop
      vertex 78.3 -45 0
      vertex 78.3036 -45.1112 3
      vertex 78.3036 -45.1112 0
    endloop
  endfacet
  facet normal 0.582598 0.81276 -0
    outer loop
      vertex 79.0555 -46.4135 0
      vertex 78.9651 -46.3487 3
      vertex 79.0555 -46.4135 3
    endloop
  endfacet
  facet normal 0.582598 0.81276 0
    outer loop
      vertex 78.9651 -46.3487 3
      vertex 79.0555 -46.4135 0
      vertex 78.9651 -46.3487 0
    endloop
  endfacet
  facet normal 0.634509 0.772915 -0
    outer loop
      vertex 78.9651 -46.3487 0
      vertex 78.8791 -46.2781 3
      vertex 78.9651 -46.3487 3
    endloop
  endfacet
  facet normal 0.634509 0.772915 0
    outer loop
      vertex 78.8791 -46.2781 3
      vertex 78.9651 -46.3487 0
      vertex 78.8791 -46.2781 0
    endloop
  endfacet
  facet normal 0.16367 0.986515 -0
    outer loop
      vertex 79.7781 -46.6855 0
      vertex 79.6684 -46.6673 3
      vertex 79.7781 -46.6855 3
    endloop
  endfacet
  facet normal 0.16367 0.986515 0
    outer loop
      vertex 79.6684 -46.6673 3
      vertex 79.7781 -46.6855 0
      vertex 79.6684 -46.6673 0
    endloop
  endfacet
  facet normal 0.352108 0.93596 -0
    outer loop
      vertex 79.4536 -46.6098 0
      vertex 79.3494 -46.5706 3
      vertex 79.4536 -46.6098 3
    endloop
  endfacet
  facet normal 0.352108 0.93596 0
    outer loop
      vertex 79.3494 -46.5706 3
      vertex 79.4536 -46.6098 0
      vertex 79.3494 -46.5706 0
    endloop
  endfacet
  facet normal 0.226434 0.974026 -0
    outer loop
      vertex 79.6684 -46.6673 0
      vertex 79.56 -46.6421 3
      vertex 79.6684 -46.6673 3
    endloop
  endfacet
  facet normal 0.226434 0.974026 0
    outer loop
      vertex 79.56 -46.6421 3
      vertex 79.6684 -46.6673 0
      vertex 79.56 -46.6421 0
    endloop
  endfacet
  facet normal -0.93596 -0.352108 0
    outer loop
      vertex 81.6098 -44.4536 0
      vertex 81.5706 -44.3494 3
      vertex 81.5706 -44.3494 0
    endloop
  endfacet
  facet normal -0.93596 -0.352108 0
    outer loop
      vertex 81.5706 -44.3494 3
      vertex 81.6098 -44.4536 0
      vertex 81.6098 -44.4536 3
    endloop
  endfacet
  facet normal 0.772915 -0.634509 0
    outer loop
      vertex 78.6513 -43.9651 3
      vertex 78.7219 -43.8791 0
      vertex 78.7219 -43.8791 3
    endloop
  endfacet
  facet normal 0.772915 -0.634509 0
    outer loop
      vertex 78.7219 -43.8791 0
      vertex 78.6513 -43.9651 3
      vertex 78.6513 -43.9651 0
    endloop
  endfacet
  facet normal 0.910859 -0.412719 0
    outer loop
      vertex 78.4294 -44.3494 3
      vertex 78.4753 -44.2481 0
      vertex 78.4753 -44.2481 3
    endloop
  endfacet
  facet normal 0.910859 -0.412719 0
    outer loop
      vertex 78.4753 -44.2481 0
      vertex 78.4294 -44.3494 3
      vertex 78.4294 -44.3494 0
    endloop
  endfacet
  facet normal -0.412719 -0.910859 0
    outer loop
      vertex 80.6506 -43.4294 0
      vertex 80.7519 -43.4753 3
      vertex 80.6506 -43.4294 3
    endloop
  endfacet
  facet normal -0.412719 -0.910859 -0
    outer loop
      vertex 80.7519 -43.4753 3
      vertex 80.6506 -43.4294 0
      vertex 80.7519 -43.4753 0
    endloop
  endfacet
  facet normal -0.956881 0.290482 0
    outer loop
      vertex 81.6098 -45.5464 0
      vertex 81.6421 -45.44 3
      vertex 81.6421 -45.44 0
    endloop
  endfacet
  facet normal -0.956881 0.290482 0
    outer loop
      vertex 81.6421 -45.44 3
      vertex 81.6098 -45.5464 0
      vertex 81.6098 -45.5464 3
    endloop
  endfacet
  facet normal -0.93596 0.352108 0
    outer loop
      vertex 81.5706 -45.6506 0
      vertex 81.6098 -45.5464 3
      vertex 81.6098 -45.5464 0
    endloop
  endfacet
  facet normal -0.93596 0.352108 0
    outer loop
      vertex 81.6098 -45.5464 3
      vertex 81.5706 -45.6506 0
      vertex 81.5706 -45.6506 3
    endloop
  endfacet
  facet normal -0.730098 0.683343 0
    outer loop
      vertex 81.2021 -46.2021 0
      vertex 81.2781 -46.1209 3
      vertex 81.2781 -46.1209 0
    endloop
  endfacet
  facet normal -0.730098 0.683343 0
    outer loop
      vertex 81.2781 -46.1209 3
      vertex 81.2021 -46.2021 0
      vertex 81.2021 -46.2021 3
    endloop
  endfacet
  facet normal -0.88168 0.471847 0
    outer loop
      vertex 81.4722 -45.85 0
      vertex 81.5247 -45.7519 3
      vertex 81.5247 -45.7519 0
    endloop
  endfacet
  facet normal -0.88168 0.471847 0
    outer loop
      vertex 81.5247 -45.7519 3
      vertex 81.4722 -45.85 0
      vertex 81.4722 -45.85 3
    endloop
  endfacet
  facet normal -0.226434 0.974026 0
    outer loop
      vertex 80.44 -46.6421 0
      vertex 80.3316 -46.6673 3
      vertex 80.44 -46.6421 3
    endloop
  endfacet
  facet normal -0.226434 0.974026 0
    outer loop
      vertex 80.3316 -46.6673 3
      vertex 80.44 -46.6421 0
      vertex 80.3316 -46.6673 0
    endloop
  endfacet
  facet normal -0.0979904 0.995187 0
    outer loop
      vertex 80.2219 -46.6855 0
      vertex 80.1112 -46.6964 3
      vertex 80.2219 -46.6855 3
    endloop
  endfacet
  facet normal -0.0979904 0.995187 0
    outer loop
      vertex 80.1112 -46.6964 3
      vertex 80.2219 -46.6855 0
      vertex 80.1112 -46.6964 0
    endloop
  endfacet
  facet normal -0.471847 0.88168 0
    outer loop
      vertex 80.85 -46.4722 0
      vertex 80.7519 -46.5247 3
      vertex 80.85 -46.4722 3
    endloop
  endfacet
  facet normal -0.471847 0.88168 0
    outer loop
      vertex 80.7519 -46.5247 3
      vertex 80.85 -46.4722 0
      vertex 80.7519 -46.5247 0
    endloop
  endfacet
  facet normal -0.582598 0.81276 0
    outer loop
      vertex 81.0349 -46.3487 0
      vertex 80.9445 -46.4135 3
      vertex 81.0349 -46.3487 3
    endloop
  endfacet
  facet normal -0.582598 0.81276 0
    outer loop
      vertex 80.9445 -46.4135 3
      vertex 81.0349 -46.3487 0
      vertex 80.9445 -46.4135 0
    endloop
  endfacet
  facet normal -0.527654 0.84946 0
    outer loop
      vertex 80.9445 -46.4135 0
      vertex 80.85 -46.4722 3
      vertex 80.9445 -46.4135 3
    endloop
  endfacet
  facet normal -0.527654 0.84946 0
    outer loop
      vertex 80.85 -46.4722 3
      vertex 80.9445 -46.4135 0
      vertex 80.85 -46.4722 0
    endloop
  endfacet
  facet normal 0.910859 0.412719 0
    outer loop
      vertex 78.4753 -45.7519 3
      vertex 78.4294 -45.6506 0
      vertex 78.4294 -45.6506 3
    endloop
  endfacet
  facet normal 0.910859 0.412719 0
    outer loop
      vertex 78.4294 -45.6506 0
      vertex 78.4753 -45.7519 3
      vertex 78.4753 -45.7519 0
    endloop
  endfacet
  facet normal 0.97398 0.226633 0
    outer loop
      vertex 78.3579 -45.44 3
      vertex 78.3327 -45.3317 0
      vertex 78.3327 -45.3317 3
    endloop
  endfacet
  facet normal 0.97398 0.226633 0
    outer loop
      vertex 78.3327 -45.3317 0
      vertex 78.3579 -45.44 3
      vertex 78.3579 -45.44 0
    endloop
  endfacet
  facet normal 0.995187 0.0979904 0
    outer loop
      vertex 78.3145 -45.2219 3
      vertex 78.3036 -45.1112 0
      vertex 78.3036 -45.1112 3
    endloop
  endfacet
  facet normal 0.995187 0.0979904 0
    outer loop
      vertex 78.3036 -45.1112 0
      vertex 78.3145 -45.2219 3
      vertex 78.3145 -45.2219 0
    endloop
  endfacet
  facet normal 0.730098 0.683343 0
    outer loop
      vertex 78.7979 -46.2021 3
      vertex 78.7219 -46.1209 0
      vertex 78.7219 -46.1209 3
    endloop
  endfacet
  facet normal 0.730098 0.683343 0
    outer loop
      vertex 78.7219 -46.1209 0
      vertex 78.7979 -46.2021 3
      vertex 78.7979 -46.2021 0
    endloop
  endfacet
  facet normal 0.527654 0.84946 -0
    outer loop
      vertex 79.15 -46.4722 0
      vertex 79.0555 -46.4135 3
      vertex 79.15 -46.4722 3
    endloop
  endfacet
  facet normal 0.527654 0.84946 0
    outer loop
      vertex 79.0555 -46.4135 3
      vertex 79.15 -46.4722 0
      vertex 79.0555 -46.4135 0
    endloop
  endfacet
  facet normal 0.290482 0.956881 -0
    outer loop
      vertex 79.56 -46.6421 0
      vertex 79.4536 -46.6098 3
      vertex 79.56 -46.6421 3
    endloop
  endfacet
  facet normal 0.290482 0.956881 0
    outer loop
      vertex 79.4536 -46.6098 3
      vertex 79.56 -46.6421 0
      vertex 79.4536 -46.6098 0
    endloop
  endfacet
  facet normal 0.0979904 0.995187 -0
    outer loop
      vertex 79.8888 -46.6964 0
      vertex 79.7781 -46.6855 3
      vertex 79.8888 -46.6964 3
    endloop
  endfacet
  facet normal 0.0979904 0.995187 0
    outer loop
      vertex 79.7781 -46.6855 3
      vertex 79.8888 -46.6964 0
      vertex 79.7781 -46.6855 0
    endloop
  endfacet
  facet normal -0.995187 -0.0979904 0
    outer loop
      vertex 81.6964 -44.8888 0
      vertex 81.6855 -44.7781 3
      vertex 81.6855 -44.7781 0
    endloop
  endfacet
  facet normal -0.995187 -0.0979904 0
    outer loop
      vertex 81.6855 -44.7781 3
      vertex 81.6964 -44.8888 0
      vertex 81.6964 -44.8888 3
    endloop
  endfacet
  facet normal -0.97398 -0.226633 0
    outer loop
      vertex 81.6673 -44.6683 0
      vertex 81.6421 -44.56 3
      vertex 81.6421 -44.56 0
    endloop
  endfacet
  facet normal -0.97398 -0.226633 0
    outer loop
      vertex 81.6421 -44.56 3
      vertex 81.6673 -44.6683 0
      vertex 81.6673 -44.6683 3
    endloop
  endfacet
  facet normal -0.730098 -0.683343 0
    outer loop
      vertex 81.2781 -43.8791 0
      vertex 81.2021 -43.7979 3
      vertex 81.2021 -43.7979 0
    endloop
  endfacet
  facet normal -0.730098 -0.683343 0
    outer loop
      vertex 81.2021 -43.7979 3
      vertex 81.2781 -43.8791 0
      vertex 81.2781 -43.8791 3
    endloop
  endfacet
  facet normal -0.772915 -0.634509 0
    outer loop
      vertex 81.3487 -43.9651 0
      vertex 81.2781 -43.8791 3
      vertex 81.2781 -43.8791 0
    endloop
  endfacet
  facet normal -0.772915 -0.634509 0
    outer loop
      vertex 81.2781 -43.8791 3
      vertex 81.3487 -43.9651 0
      vertex 81.3487 -43.9651 3
    endloop
  endfacet
  facet normal -0.0323571 -0.999476 0
    outer loop
      vertex 80 -43.3 0
      vertex 80.1112 -43.3036 3
      vertex 80 -43.3 3
    endloop
  endfacet
  facet normal -0.0323571 -0.999476 -0
    outer loop
      vertex 80.1112 -43.3036 3
      vertex 80 -43.3 0
      vertex 80.1112 -43.3036 0
    endloop
  endfacet
  facet normal 0.352108 -0.93596 0
    outer loop
      vertex 79.3494 -43.4294 0
      vertex 79.4536 -43.3902 3
      vertex 79.3494 -43.4294 3
    endloop
  endfacet
  facet normal 0.352108 -0.93596 0
    outer loop
      vertex 79.4536 -43.3902 3
      vertex 79.3494 -43.4294 0
      vertex 79.4536 -43.3902 0
    endloop
  endfacet
  facet normal 0.730098 -0.683343 0
    outer loop
      vertex 78.7219 -43.8791 3
      vertex 78.7979 -43.7979 0
      vertex 78.7979 -43.7979 3
    endloop
  endfacet
  facet normal 0.730098 -0.683343 0
    outer loop
      vertex 78.7979 -43.7979 0
      vertex 78.7219 -43.8791 3
      vertex 78.7219 -43.8791 0
    endloop
  endfacet
  facet normal 0.97398 -0.226633 0
    outer loop
      vertex 78.3327 -44.6683 3
      vertex 78.3579 -44.56 0
      vertex 78.3579 -44.56 3
    endloop
  endfacet
  facet normal 0.97398 -0.226633 0
    outer loop
      vertex 78.3579 -44.56 0
      vertex 78.3327 -44.6683 3
      vertex 78.3327 -44.6683 0
    endloop
  endfacet
  facet normal -0.0979904 -0.995187 0
    outer loop
      vertex 80.1112 -43.3036 0
      vertex 80.2219 -43.3145 3
      vertex 80.1112 -43.3036 3
    endloop
  endfacet
  facet normal -0.0979904 -0.995187 -0
    outer loop
      vertex 80.2219 -43.3145 3
      vertex 80.1112 -43.3036 0
      vertex 80.2219 -43.3145 0
    endloop
  endfacet
  facet normal -0.995187 0.0979904 0
    outer loop
      vertex 81.6855 -45.2219 0
      vertex 81.6964 -45.1112 3
      vertex 81.6964 -45.1112 0
    endloop
  endfacet
  facet normal -0.995187 0.0979904 0
    outer loop
      vertex 81.6964 -45.1112 3
      vertex 81.6855 -45.2219 0
      vertex 81.6855 -45.2219 3
    endloop
  endfacet
  facet normal 0.84946 0.527654 0
    outer loop
      vertex 78.5865 -45.9445 3
      vertex 78.5278 -45.85 0
      vertex 78.5278 -45.85 3
    endloop
  endfacet
  facet normal 0.84946 0.527654 0
    outer loop
      vertex 78.5278 -45.85 0
      vertex 78.5865 -45.9445 3
      vertex 78.5865 -45.9445 0
    endloop
  endfacet
  facet normal 0.81276 0.582598 0
    outer loop
      vertex 78.6513 -46.0349 3
      vertex 78.5865 -45.9445 0
      vertex 78.5865 -45.9445 3
    endloop
  endfacet
  facet normal 0.81276 0.582598 0
    outer loop
      vertex 78.5865 -45.9445 0
      vertex 78.6513 -46.0349 3
      vertex 78.6513 -46.0349 0
    endloop
  endfacet
  facet normal 0.772915 0.634509 0
    outer loop
      vertex 78.7219 -46.1209 3
      vertex 78.6513 -46.0349 0
      vertex 78.6513 -46.0349 3
    endloop
  endfacet
  facet normal 0.772915 0.634509 0
    outer loop
      vertex 78.6513 -46.0349 0
      vertex 78.7219 -46.1209 3
      vertex 78.7219 -46.1209 0
    endloop
  endfacet
  facet normal 0.683343 0.730098 -0
    outer loop
      vertex 78.8791 -46.2781 0
      vertex 78.7979 -46.2021 3
      vertex 78.8791 -46.2781 3
    endloop
  endfacet
  facet normal 0.683343 0.730098 0
    outer loop
      vertex 78.7979 -46.2021 3
      vertex 78.8791 -46.2781 0
      vertex 78.7979 -46.2021 0
    endloop
  endfacet
  facet normal 0.471847 0.88168 -0
    outer loop
      vertex 79.2481 -46.5247 0
      vertex 79.15 -46.4722 3
      vertex 79.2481 -46.5247 3
    endloop
  endfacet
  facet normal 0.471847 0.88168 0
    outer loop
      vertex 79.15 -46.4722 3
      vertex 79.2481 -46.5247 0
      vertex 79.15 -46.4722 0
    endloop
  endfacet
  facet normal -0.956881 -0.290482 0
    outer loop
      vertex 81.6421 -44.56 0
      vertex 81.6098 -44.4536 3
      vertex 81.6098 -44.4536 0
    endloop
  endfacet
  facet normal -0.956881 -0.290482 0
    outer loop
      vertex 81.6098 -44.4536 3
      vertex 81.6421 -44.56 0
      vertex 81.6421 -44.56 3
    endloop
  endfacet
  facet normal -0.999476 -0.0323571 0
    outer loop
      vertex 81.7 -45 0
      vertex 81.6964 -44.8888 3
      vertex 81.6964 -44.8888 0
    endloop
  endfacet
  facet normal -0.999476 -0.0323571 0
    outer loop
      vertex 81.6964 -44.8888 3
      vertex 81.7 -45 0
      vertex 81.7 -45 3
    endloop
  endfacet
  facet normal -0.471847 -0.88168 0
    outer loop
      vertex 80.7519 -43.4753 0
      vertex 80.85 -43.5278 3
      vertex 80.7519 -43.4753 3
    endloop
  endfacet
  facet normal -0.471847 -0.88168 -0
    outer loop
      vertex 80.85 -43.5278 3
      vertex 80.7519 -43.4753 0
      vertex 80.85 -43.5278 0
    endloop
  endfacet
  facet normal -0.634509 -0.772915 0
    outer loop
      vertex 81.0349 -43.6513 0
      vertex 81.1209 -43.7219 3
      vertex 81.0349 -43.6513 3
    endloop
  endfacet
  facet normal -0.634509 -0.772915 -0
    outer loop
      vertex 81.1209 -43.7219 3
      vertex 81.0349 -43.6513 0
      vertex 81.1209 -43.7219 0
    endloop
  endfacet
  facet normal -0.582598 -0.81276 0
    outer loop
      vertex 80.9445 -43.5865 0
      vertex 81.0349 -43.6513 3
      vertex 80.9445 -43.5865 3
    endloop
  endfacet
  facet normal -0.582598 -0.81276 -0
    outer loop
      vertex 81.0349 -43.6513 3
      vertex 80.9445 -43.5865 0
      vertex 81.0349 -43.6513 0
    endloop
  endfacet
  facet normal -0.81276 -0.582598 0
    outer loop
      vertex 81.4135 -44.0555 0
      vertex 81.3487 -43.9651 3
      vertex 81.3487 -43.9651 0
    endloop
  endfacet
  facet normal -0.81276 -0.582598 0
    outer loop
      vertex 81.3487 -43.9651 3
      vertex 81.4135 -44.0555 0
      vertex 81.4135 -44.0555 3
    endloop
  endfacet
  facet normal -0.84946 -0.527654 0
    outer loop
      vertex 81.4722 -44.15 0
      vertex 81.4135 -44.0555 3
      vertex 81.4135 -44.0555 0
    endloop
  endfacet
  facet normal -0.84946 -0.527654 0
    outer loop
      vertex 81.4135 -44.0555 3
      vertex 81.4722 -44.15 0
      vertex 81.4722 -44.15 3
    endloop
  endfacet
  facet normal 0.290482 -0.956881 0
    outer loop
      vertex 79.4536 -43.3902 0
      vertex 79.56 -43.3579 3
      vertex 79.4536 -43.3902 3
    endloop
  endfacet
  facet normal 0.290482 -0.956881 0
    outer loop
      vertex 79.56 -43.3579 3
      vertex 79.4536 -43.3902 0
      vertex 79.56 -43.3579 0
    endloop
  endfacet
  facet normal 0.634509 -0.772915 0
    outer loop
      vertex 78.8791 -43.7219 0
      vertex 78.9651 -43.6513 3
      vertex 78.8791 -43.7219 3
    endloop
  endfacet
  facet normal 0.634509 -0.772915 0
    outer loop
      vertex 78.9651 -43.6513 3
      vertex 78.8791 -43.7219 0
      vertex 78.9651 -43.6513 0
    endloop
  endfacet
  facet normal 0.683343 -0.730098 0
    outer loop
      vertex 78.7979 -43.7979 0
      vertex 78.8791 -43.7219 3
      vertex 78.7979 -43.7979 3
    endloop
  endfacet
  facet normal 0.683343 -0.730098 0
    outer loop
      vertex 78.8791 -43.7219 3
      vertex 78.7979 -43.7979 0
      vertex 78.8791 -43.7219 0
    endloop
  endfacet
  facet normal 0.81276 -0.582598 0
    outer loop
      vertex 78.5865 -44.0555 3
      vertex 78.6513 -43.9651 0
      vertex 78.6513 -43.9651 3
    endloop
  endfacet
  facet normal 0.81276 -0.582598 0
    outer loop
      vertex 78.6513 -43.9651 0
      vertex 78.5865 -44.0555 3
      vertex 78.5865 -44.0555 0
    endloop
  endfacet
  facet normal -0.290482 -0.956881 0
    outer loop
      vertex 80.44 -43.3579 0
      vertex 80.5464 -43.3902 3
      vertex 80.44 -43.3579 3
    endloop
  endfacet
  facet normal -0.290482 -0.956881 -0
    outer loop
      vertex 80.5464 -43.3902 3
      vertex 80.44 -43.3579 0
      vertex 80.5464 -43.3902 0
    endloop
  endfacet
  facet normal -0.352108 -0.93596 0
    outer loop
      vertex 80.5464 -43.3902 0
      vertex 80.6506 -43.4294 3
      vertex 80.5464 -43.3902 3
    endloop
  endfacet
  facet normal -0.352108 -0.93596 -0
    outer loop
      vertex 80.6506 -43.4294 3
      vertex 80.5464 -43.3902 0
      vertex 80.6506 -43.4294 0
    endloop
  endfacet
  facet normal -0.226434 -0.974026 0
    outer loop
      vertex 80.3316 -43.3327 0
      vertex 80.44 -43.3579 3
      vertex 80.3316 -43.3327 3
    endloop
  endfacet
  facet normal -0.226434 -0.974026 -0
    outer loop
      vertex 80.44 -43.3579 3
      vertex 80.3316 -43.3327 0
      vertex 80.44 -43.3579 0
    endloop
  endfacet
  facet normal -0.910859 -0.412719 0
    outer loop
      vertex 81.5706 -44.3494 0
      vertex 81.5247 -44.2481 3
      vertex 81.5247 -44.2481 0
    endloop
  endfacet
  facet normal -0.910859 -0.412719 0
    outer loop
      vertex 81.5247 -44.2481 3
      vertex 81.5706 -44.3494 0
      vertex 81.5706 -44.3494 3
    endloop
  endfacet
  facet normal -0.88168 -0.471847 0
    outer loop
      vertex 81.5247 -44.2481 0
      vertex 81.4722 -44.15 3
      vertex 81.4722 -44.15 0
    endloop
  endfacet
  facet normal -0.88168 -0.471847 0
    outer loop
      vertex 81.4722 -44.15 3
      vertex 81.5247 -44.2481 0
      vertex 81.5247 -44.2481 3
    endloop
  endfacet
  facet normal -0.986539 -0.163525 0
    outer loop
      vertex 81.6855 -44.7781 0
      vertex 81.6673 -44.6683 3
      vertex 81.6673 -44.6683 0
    endloop
  endfacet
  facet normal -0.986539 -0.163525 0
    outer loop
      vertex 81.6673 -44.6683 3
      vertex 81.6855 -44.7781 0
      vertex 81.6855 -44.7781 3
    endloop
  endfacet
  facet normal -0.527654 -0.84946 0
    outer loop
      vertex 80.85 -43.5278 0
      vertex 80.9445 -43.5865 3
      vertex 80.85 -43.5278 3
    endloop
  endfacet
  facet normal -0.527654 -0.84946 -0
    outer loop
      vertex 80.9445 -43.5865 3
      vertex 80.85 -43.5278 0
      vertex 80.9445 -43.5865 0
    endloop
  endfacet
  facet normal 0.0323571 -0.999476 0
    outer loop
      vertex 79.8888 -43.3036 0
      vertex 80 -43.3 3
      vertex 79.8888 -43.3036 3
    endloop
  endfacet
  facet normal 0.0323571 -0.999476 0
    outer loop
      vertex 80 -43.3 3
      vertex 79.8888 -43.3036 0
      vertex 80 -43.3 0
    endloop
  endfacet
  facet normal 0.0979904 -0.995187 0
    outer loop
      vertex 79.7781 -43.3145 0
      vertex 79.8888 -43.3036 3
      vertex 79.7781 -43.3145 3
    endloop
  endfacet
  facet normal 0.0979904 -0.995187 0
    outer loop
      vertex 79.8888 -43.3036 3
      vertex 79.7781 -43.3145 0
      vertex 79.8888 -43.3036 0
    endloop
  endfacet
  facet normal 0.471847 -0.88168 0
    outer loop
      vertex 79.15 -43.5278 0
      vertex 79.2481 -43.4753 3
      vertex 79.15 -43.5278 3
    endloop
  endfacet
  facet normal 0.471847 -0.88168 0
    outer loop
      vertex 79.2481 -43.4753 3
      vertex 79.15 -43.5278 0
      vertex 79.2481 -43.4753 0
    endloop
  endfacet
  facet normal 0.84946 -0.527654 0
    outer loop
      vertex 78.5278 -44.15 3
      vertex 78.5865 -44.0555 0
      vertex 78.5865 -44.0555 3
    endloop
  endfacet
  facet normal 0.84946 -0.527654 0
    outer loop
      vertex 78.5865 -44.0555 0
      vertex 78.5278 -44.15 3
      vertex 78.5278 -44.15 0
    endloop
  endfacet
  facet normal 0.88168 -0.471847 0
    outer loop
      vertex 78.4753 -44.2481 3
      vertex 78.5278 -44.15 0
      vertex 78.5278 -44.15 3
    endloop
  endfacet
  facet normal 0.88168 -0.471847 0
    outer loop
      vertex 78.5278 -44.15 0
      vertex 78.4753 -44.2481 3
      vertex 78.4753 -44.2481 0
    endloop
  endfacet
  facet normal 0.93596 -0.352108 0
    outer loop
      vertex 78.3902 -44.4536 3
      vertex 78.4294 -44.3494 0
      vertex 78.4294 -44.3494 3
    endloop
  endfacet
  facet normal 0.93596 -0.352108 0
    outer loop
      vertex 78.4294 -44.3494 0
      vertex 78.3902 -44.4536 3
      vertex 78.3902 -44.4536 0
    endloop
  endfacet
  facet normal 0.956881 -0.290482 0
    outer loop
      vertex 78.3579 -44.56 3
      vertex 78.3902 -44.4536 0
      vertex 78.3902 -44.4536 3
    endloop
  endfacet
  facet normal 0.956881 -0.290482 0
    outer loop
      vertex 78.3902 -44.4536 0
      vertex 78.3579 -44.56 3
      vertex 78.3579 -44.56 0
    endloop
  endfacet
  facet normal 0.986539 -0.163525 0
    outer loop
      vertex 78.3145 -44.7781 3
      vertex 78.3327 -44.6683 0
      vertex 78.3327 -44.6683 3
    endloop
  endfacet
  facet normal 0.986539 -0.163525 0
    outer loop
      vertex 78.3327 -44.6683 0
      vertex 78.3145 -44.7781 3
      vertex 78.3145 -44.7781 0
    endloop
  endfacet
  facet normal 0.995187 -0.0979904 0
    outer loop
      vertex 78.3036 -44.8888 3
      vertex 78.3145 -44.7781 0
      vertex 78.3145 -44.7781 3
    endloop
  endfacet
  facet normal 0.995187 -0.0979904 0
    outer loop
      vertex 78.3145 -44.7781 0
      vertex 78.3036 -44.8888 3
      vertex 78.3036 -44.8888 0
    endloop
  endfacet
  facet normal -0.16367 -0.986515 0
    outer loop
      vertex 80.2219 -43.3145 0
      vertex 80.3316 -43.3327 3
      vertex 80.2219 -43.3145 3
    endloop
  endfacet
  facet normal -0.16367 -0.986515 -0
    outer loop
      vertex 80.3316 -43.3327 3
      vertex 80.2219 -43.3145 0
      vertex 80.3316 -43.3327 0
    endloop
  endfacet
  facet normal 0.226434 -0.974026 0
    outer loop
      vertex 79.56 -43.3579 0
      vertex 79.6684 -43.3327 3
      vertex 79.56 -43.3579 3
    endloop
  endfacet
  facet normal 0.226434 -0.974026 0
    outer loop
      vertex 79.6684 -43.3327 3
      vertex 79.56 -43.3579 0
      vertex 79.6684 -43.3327 0
    endloop
  endfacet
  facet normal 0.412719 -0.910859 0
    outer loop
      vertex 79.2481 -43.4753 0
      vertex 79.3494 -43.4294 3
      vertex 79.2481 -43.4753 3
    endloop
  endfacet
  facet normal 0.412719 -0.910859 0
    outer loop
      vertex 79.3494 -43.4294 3
      vertex 79.2481 -43.4753 0
      vertex 79.3494 -43.4294 0
    endloop
  endfacet
  facet normal 0.527654 -0.84946 0
    outer loop
      vertex 79.0555 -43.5865 0
      vertex 79.15 -43.5278 3
      vertex 79.0555 -43.5865 3
    endloop
  endfacet
  facet normal 0.527654 -0.84946 0
    outer loop
      vertex 79.15 -43.5278 3
      vertex 79.0555 -43.5865 0
      vertex 79.15 -43.5278 0
    endloop
  endfacet
  facet normal 0.16367 -0.986515 0
    outer loop
      vertex 79.6684 -43.3327 0
      vertex 79.7781 -43.3145 3
      vertex 79.6684 -43.3327 3
    endloop
  endfacet
  facet normal 0.16367 -0.986515 0
    outer loop
      vertex 79.7781 -43.3145 3
      vertex 79.6684 -43.3327 0
      vertex 79.7781 -43.3145 0
    endloop
  endfacet
  facet normal 0.582598 -0.81276 0
    outer loop
      vertex 78.9651 -43.6513 0
      vertex 79.0555 -43.5865 3
      vertex 78.9651 -43.6513 3
    endloop
  endfacet
  facet normal 0.582598 -0.81276 0
    outer loop
      vertex 79.0555 -43.5865 3
      vertex 78.9651 -43.6513 0
      vertex 79.0555 -43.5865 0
    endloop
  endfacet
  facet normal 0.162912 0.986641 -0
    outer loop
      vertex 85.9754 54.9039 0
      vertex 85.6526 54.9572 3
      vertex 85.9754 54.9039 3
    endloop
  endfacet
  facet normal 0.162912 0.986641 0
    outer loop
      vertex 85.6526 54.9572 3
      vertex 85.9754 54.9039 0
      vertex 85.6526 54.9572 0
    endloop
  endfacet
  facet normal 0.0981116 0.995175 -0
    outer loop
      vertex 85.6526 54.9572 0
      vertex 85.327 54.9893 3
      vertex 85.6526 54.9572 3
    endloop
  endfacet
  facet normal 0.0981116 0.995175 0
    outer loop
      vertex 85.327 54.9893 3
      vertex 85.6526 54.9572 0
      vertex 85.327 54.9893 0
    endloop
  endfacet
  facet normal 0.999465 0.0327042 0
    outer loop
      vertex 90 50 3
      vertex 89.9893 50.327 0
      vertex 89.9893 50.327 3
    endloop
  endfacet
  facet normal 0.999465 0.0327042 0
    outer loop
      vertex 89.9893 50.327 0
      vertex 90 50 3
      vertex 90 50 0
    endloop
  endfacet
  facet normal -1 0 0
    outer loop
      vertex -90 -50 0
      vertex -90 50 3
      vertex -90 50 0
    endloop
  endfacet
  facet normal -1 -0 0
    outer loop
      vertex -90 50 3
      vertex -90 -50 0
      vertex -90 -50 3
    endloop
  endfacet
  facet normal 0.0327042 0.999465 -0
    outer loop
      vertex 85.327 54.9893 0
      vertex 85 55 3
      vertex 85.327 54.9893 3
    endloop
  endfacet
  facet normal 0.0327042 0.999465 0
    outer loop
      vertex 85 55 3
      vertex 85.327 54.9893 0
      vertex 85 55 0
    endloop
  endfacet
  facet normal 0.528184 -0.84913 0
    outer loop
      vertex 87.5 -54.3301 0
      vertex 87.7778 -54.1573 3
      vertex 87.5 -54.3301 3
    endloop
  endfacet
  facet normal 0.528184 -0.84913 0
    outer loop
      vertex 87.7778 -54.1573 3
      vertex 87.5 -54.3301 0
      vertex 87.7778 -54.1573 0
    endloop
  endfacet
  facet normal 0 1 -0
    outer loop
      vertex 85 55 0
      vertex -85 55 3
      vertex 85 55 3
    endloop
  endfacet
  facet normal 0 1 0
    outer loop
      vertex -85 55 3
      vertex 85 55 0
      vertex -85 55 0
    endloop
  endfacet
  facet normal -0.0327042 -0.999465 0
    outer loop
      vertex -85.327 -54.9893 0
      vertex -85 -55 3
      vertex -85.327 -54.9893 3
    endloop
  endfacet
  facet normal -0.0327042 -0.999465 -0
    outer loop
      vertex -85 -55 3
      vertex -85.327 -54.9893 0
      vertex -85 -55 0
    endloop
  endfacet
  facet normal 1 -0 0
    outer loop
      vertex 90 -50 3
      vertex 90 50 0
      vertex 90 50 3
    endloop
  endfacet
  facet normal 1 0 0
    outer loop
      vertex 90 50 0
      vertex 90 -50 3
      vertex 90 -50 0
    endloop
  endfacet
  facet normal 0.772935 0.634485 0
    outer loop
      vertex 88.9668 53.0438 3
      vertex 88.7592 53.2967 0
      vertex 88.7592 53.2967 3
    endloop
  endfacet
  facet normal 0.772935 0.634485 0
    outer loop
      vertex 88.7592 53.2967 0
      vertex 88.9668 53.0438 3
      vertex 88.9668 53.0438 0
    endloop
  endfacet
  facet normal -0.58225 -0.81301 0
    outer loop
      vertex -88.0438 -53.9668 0
      vertex -87.7778 -54.1573 3
      vertex -88.0438 -53.9668 3
    endloop
  endfacet
  facet normal -0.58225 -0.81301 -0
    outer loop
      vertex -87.7778 -54.1573 3
      vertex -88.0438 -53.9668 0
      vertex -87.7778 -54.1573 0
    endloop
  endfacet
  facet normal -0 0 -1
    outer loop
      vertex -58.3891 -12.5552 0
      vertex -79.15 -43.5278 0
      vertex -59.1923 -11.9796 0
    endloop
  endfacet
  facet normal 0 0 -1
    outer loop
      vertex -65.1 0 0
      vertex -78.3036 44.8888 0
      vertex -78.3 45 0
    endloop
  endfacet
  facet normal 0 0 -1
    outer loop
      vertex -79.2481 -43.4753 0
      vertex -59.1923 -11.9796 0
      vertex -79.15 -43.5278 0
    endloop
  endfacet
  facet normal 0 0 -1
    outer loop
      vertex -65.1 0 0
      vertex -78.3145 44.7781 0
      vertex -78.3036 44.8888 0
    endloop
  endfacet
  facet normal -0 0 -1
    outer loop
      vertex -59.1923 -11.9796 0
      vertex -79.2481 -43.4753 0
      vertex -59.9561 -11.3528 0
    endloop
  endfacet
  facet normal 0 0 -1
    outer loop
      vertex -65.1 0 0
      vertex -78.3327 44.6683 0
      vertex -78.3145 44.7781 0
    endloop
  endfacet
  facet normal 0 0 -1
    outer loop
      vertex -79.3494 -43.4294 0
      vertex -59.9561 -11.3528 0
      vertex -79.2481 -43.4753 0
    endloop
  endfacet
  facet normal 0 0 -1
    outer loop
      vertex -65.1 0 0
      vertex -78.3579 44.56 0
      vertex -78.3327 44.6683 0
    endloop
  endfacet
  facet normal 0 0 -1
    outer loop
      vertex -79.4536 -43.3902 0
      vertex -59.9561 -11.3528 0
      vertex -79.3494 -43.4294 0
    endloop
  endfacet
  facet normal 0 0 -1
    outer loop
      vertex -65.1 0 0
      vertex -78.3902 44.4536 0
      vertex -78.3579 44.56 0
    endloop
  endfacet
  facet normal -0 0 -1
    outer loop
      vertex -59.9561 -11.3528 0
      vertex -79.4536 -43.3902 0
      vertex -60.6773 -10.6773 0
    endloop
  endfacet
  facet normal 0 0 -1
    outer loop
      vertex -65.1 0 0
      vertex -78.4294 44.3494 0
      vertex -78.3902 44.4536 0
    endloop
  endfacet
  facet normal 0 0 -1
    outer loop
      vertex -79.56 -43.3579 0
      vertex -60.6773 -10.6773 0
      vertex -79.4536 -43.3902 0
    endloop
  endfacet
  facet normal 0 0 -1
    outer loop
      vertex -65.1 0 0
      vertex -78.4753 44.2481 0
      vertex -78.4294 44.3494 0
    endloop
  endfacet
  facet normal 0 0 -1
    outer loop
      vertex -79.6684 -43.3327 0
      vertex -60.6773 -10.6773 0
      vertex -79.56 -43.3579 0
    endloop
  endfacet
  facet normal 0 0 -1
    outer loop
      vertex -65.1 0 0
      vertex -78.5278 44.15 0
      vertex -78.4753 44.2481 0
    endloop
  endfacet
  facet normal -0 0 -1
    outer loop
      vertex -60.6773 -10.6773 0
      vertex -79.6684 -43.3327 0
      vertex -61.3528 -9.95612 0
    endloop
  endfacet
  facet normal 0 0 -1
    outer loop
      vertex -65.1 0 0
      vertex -78.5865 44.0555 0
      vertex -78.5278 44.15 0
    endloop
  endfacet
  facet normal 0 0 -1
    outer loop
      vertex -79.7781 -43.3145 0
      vertex -61.3528 -9.95612 0
      vertex -79.6684 -43.3327 0
    endloop
  endfacet
  facet normal 0 0 -1
    outer loop
      vertex -65.1 0 0
      vertex -78.6513 43.9651 0
      vertex -78.5865 44.0555 0
    endloop
  endfacet
  facet normal -0 0 -1
    outer loop
      vertex -61.3528 -9.95612 0
      vertex -79.7781 -43.3145 0
      vertex -61.9796 -9.1923 0
    endloop
  endfacet
  facet normal 0 0 -1
    outer loop
      vertex -65.1 0 0
      vertex -78.7219 43.8791 0
      vertex -78.6513 43.9651 0
    endloop
  endfacet
  facet normal 0 0 -1
    outer loop
      vertex -79.8888 -43.3036 0
      vertex -61.9796 -9.1923 0
      vertex -79.7781 -43.3145 0
    endloop
  endfacet
  facet normal 0 0 -1
    outer loop
      vertex -65.1 0 0
      vertex -78.7979 43.7979 0
      vertex -78.7219 43.8791 0
    endloop
  endfacet
  facet normal 0 0 -1
    outer loop
      vertex -80 -43.3 0
      vertex -61.9796 -9.1923 0
      vertex -79.8888 -43.3036 0
    endloop
  endfacet
  facet normal 0 0 -1
    outer loop
      vertex -65.1 0 0
      vertex -78.8791 43.7219 0
      vertex -78.7979 43.7979 0
    endloop
  endfacet
  facet normal -0 0 -1
    outer loop
      vertex -61.9796 -9.1923 0
      vertex -80 -43.3 0
      vertex -62.5552 -8.38911 0
    endloop
  endfacet
  facet normal 0 0 -1
    outer loop
      vertex -65.1 0 0
      vertex -78.9651 43.6513 0
      vertex -78.8791 43.7219 0
    endloop
  endfacet
  facet normal 0 0 -1
    outer loop
      vertex -80.1112 -43.3036 0
      vertex -62.5552 -8.38911 0
      vertex -80 -43.3 0
    endloop
  endfacet
  facet normal 0 0 -1
    outer loop
      vertex -65.1 0 0
      vertex -79.0555 43.5865 0
      vertex -78.9651 43.6513 0
    endloop
  endfacet
  facet normal -0 0 -1
    outer loop
      vertex -62.5552 -8.38911 0
      vertex -80.1112 -43.3036 0
      vertex -63.077 -7.55 0
    endloop
  endfacet
  facet normal 0 0 -1
    outer loop
      vertex -65.1 0 0
      vertex -79.15 43.5278 0
      vertex -79.0555 43.5865 0
    endloop
  endfacet
  facet normal 0 0 -1
    outer loop
      vertex -80.2219 -43.3145 0
      vertex -63.077 -7.55 0
      vertex -80.1112 -43.3036 0
    endloop
  endfacet
  facet normal 0 0 -1
    outer loop
      vertex -65.1 0 0
      vertex -79.2481 43.4753 0
      vertex -79.15 43.5278 0
    endloop
  endfacet
  facet normal 0 0 -1
    outer loop
      vertex -80.3316 -43.3327 0
      vertex -63.077 -7.55 0
      vertex -80.2219 -43.3145 0
    endloop
  endfacet
  facet normal 0 0 -1
    outer loop
      vertex -65.1 0 0
      vertex -79.3494 43.4294 0
      vertex -79.2481 43.4753 0
    endloop
  endfacet
  facet normal -0 0 -1
    outer loop
      vertex -63.077 -7.55 0
      vertex -80.3316 -43.3327 0
      vertex -63.5428 -6.67856 0
    endloop
  endfacet
  facet normal 0 0 -1
    outer loop
      vertex -65.1 0 0
      vertex -79.4536 43.3902 0
      vertex -79.3494 43.4294 0
    endloop
  endfacet
  facet normal 0 0 -1
    outer loop
      vertex -80.44 -43.3579 0
      vertex -63.5428 -6.67856 0
      vertex -80.3316 -43.3327 0
    endloop
  endfacet
  facet normal 0 0 -1
    outer loop
      vertex -65.1 0 0
      vertex -79.56 43.3579 0
      vertex -79.4536 43.3902 0
    endloop
  endfacet
  facet normal -0 0 -1
    outer loop
      vertex -63.5428 -6.67856 0
      vertex -80.44 -43.3579 0
      vertex -63.9506 -5.77852 0
    endloop
  endfacet
  facet normal 0 0 -1
    outer loop
      vertex -65.1 0 0
      vertex -79.6684 43.3327 0
      vertex -79.56 43.3579 0
    endloop
  endfacet
  facet normal 0 0 -1
    outer loop
      vertex -80.5464 -43.3902 0
      vertex -63.9506 -5.77852 0
      vertex -80.44 -43.3579 0
    endloop
  endfacet
  facet normal 0 0 -1
    outer loop
      vertex -65.1 0 0
      vertex -79.7781 43.3145 0
      vertex -79.6684 43.3327 0
    endloop
  endfacet
  facet normal 0 0 -1
    outer loop
      vertex -80.6506 -43.4294 0
      vertex -63.9506 -5.77852 0
      vertex -80.5464 -43.3902 0
    endloop
  endfacet
  facet normal 0 0 -1
    outer loop
      vertex -65.1 0 0
      vertex -79.8888 43.3036 0
      vertex -79.7781 43.3145 0
    endloop
  endfacet
  facet normal -0 0 -1
    outer loop
      vertex -63.9506 -5.77852 0
      vertex -80.6506 -43.4294 0
      vertex -64.2986 -4.85374 0
    endloop
  endfacet
  facet normal 0 0 -1
    outer loop
      vertex -65.1 0 0
      vertex -80 43.3 0
      vertex -79.8888 43.3036 0
    endloop
  endfacet
  facet normal 0 0 -1
    outer loop
      vertex -80.7519 -43.4753 0
      vertex -64.2986 -4.85374 0
      vertex -80.6506 -43.4294 0
    endloop
  endfacet
  facet normal 0 0 -1
    outer loop
      vertex -65.1 0 0
      vertex -80.1112 43.3036 0
      vertex -80 43.3 0
    endloop
  endfacet
  facet normal -0 0 -1
    outer loop
      vertex -64.2986 -4.85374 0
      vertex -80.7519 -43.4753 0
      vertex -64.5855 -3.90817 0
    endloop
  endfacet
  facet normal 0 0 -1
    outer loop
      vertex -65.1 0 0
      vertex -80.2219 43.3145 0
      vertex -80.1112 43.3036 0
    endloop
  endfacet
  facet normal 0 0 -1
    outer loop
      vertex -80.85 -43.5278 0
      vertex -64.5855 -3.90817 0
      vertex -80.7519 -43.4753 0
    endloop
  endfacet
  facet normal 0 0 -1
    outer loop
      vertex -65.1 0 0
      vertex -80.3316 43.3327 0
      vertex -80.2219 43.3145 0
    endloop
  endfacet
  facet normal 0 0 -1
    outer loop
      vertex -80.9445 -43.5865 0
      vertex -64.5855 -3.90817 0
      vertex -80.85 -43.5278 0
    endloop
  endfacet
  facet normal 0 0 -1
    outer loop
      vertex -65.1 0 0
      vertex -80.44 43.3579 0
      vertex -80.3316 43.3327 0
    endloop
  endfacet
  facet normal -0 0 -1
    outer loop
      vertex -64.5855 -3.90817 0
      vertex -80.9445 -43.5865 0
      vertex -64.8099 -2.94586 0
    endloop
  endfacet
  facet normal 0 0 -1
    outer loop
      vertex -65.1 0 0
      vertex -80.5464 43.3902 0
      vertex -80.44 43.3579 0
    endloop
  endfacet
  facet normal 0 0 -1
    outer loop
      vertex -81.0349 -43.6513 0
      vertex -64.8099 -2.94586 0
      vertex -80.9445 -43.5865 0
    endloop
  endfacet
  facet normal 0 0 -1
    outer loop
      vertex -65.1 0 0
      vertex -80.6506 43.4294 0
      vertex -80.5464 43.3902 0
    endloop
  endfacet
  facet normal -0 0 -1
    outer loop
      vertex -64.8099 -2.94586 0
      vertex -81.0349 -43.6513 0
      vertex -64.9708 -1.97095 0
    endloop
  endfacet
  facet normal 0 0 -1
    outer loop
      vertex -65.1 0 0
      vertex -80.7519 43.4753 0
      vertex -80.6506 43.4294 0
    endloop
  endfacet
  facet normal 0 0 -1
    outer loop
      vertex -81.1209 -43.7219 0
      vertex -64.9708 -1.97095 0
      vertex -81.0349 -43.6513 0
    endloop
  endfacet
  facet normal 0 0 -1
    outer loop
      vertex -65.1 0 0
      vertex -80.85 43.5278 0
      vertex -80.7519 43.4753 0
    endloop
  endfacet
  facet normal 0 0 -1
    outer loop
      vertex -90 -50 0
      vertex -64.9708 -1.97095 0
      vertex -81.1209 -43.7219 0
    endloop
  endfacet
  facet normal 0 0 -1
    outer loop
      vertex -65.1 0 0
      vertex -80.9445 43.5865 0
      vertex -80.85 43.5278 0
    endloop
  endfacet
  facet normal -0 0 -1
    outer loop
      vertex -64.9708 -1.97095 0
      vertex -90 -50 0
      vertex -65.0677 -0.987587 0
    endloop
  endfacet
  facet normal 0 0 -1
    outer loop
      vertex -65.1 0 0
      vertex -81.0349 43.6513 0
      vertex -80.9445 43.5865 0
    endloop
  endfacet
  facet normal -0 0 -1
    outer loop
      vertex -65.0677 -0.987587 0
      vertex -90 -50 0
      vertex -65.1 0 0
    endloop
  endfacet
  facet normal 0 0 -1
    outer loop
      vertex -65.1 0 0
      vertex -81.1209 43.7219 0
      vertex -81.0349 43.6513 0
    endloop
  endfacet
  facet normal 0 0 -1
    outer loop
      vertex -90 -50 0
      vertex -81.1209 -43.7219 0
      vertex -81.2021 -43.7979 0
    endloop
  endfacet
  facet normal 0 0 -1
    outer loop
      vertex -90 50 0
      vertex -65.1 0 0
      vertex -90 -50 0
    endloop
  endfacet
  facet normal 0 0 -1
    outer loop
      vertex -90 -50 0
      vertex -81.2021 -43.7979 0
      vertex -81.2781 -43.8791 0
    endloop
  endfacet
  facet normal 0 0 -1
    outer loop
      vertex -65.1 0 0
      vertex -90 50 0
      vertex -81.1209 43.7219 0
    endloop
  endfacet
  facet normal 0 0 -1
    outer loop
      vertex -90 -50 0
      vertex -81.2781 -43.8791 0
      vertex -81.3487 -43.9651 0
    endloop
  endfacet
  facet normal 0 0 -1
    outer loop
      vertex -81.1209 43.7219 0
      vertex -90 50 0
      vertex -81.2021 43.7979 0
    endloop
  endfacet
  facet normal 0 0 -1
    outer loop
      vertex -90 -50 0
      vertex -81.3487 -43.9651 0
      vertex -81.4135 -44.0555 0
    endloop
  endfacet
  facet normal 0 0 -1
    outer loop
      vertex -81.2021 43.7979 0
      vertex -90 50 0
      vertex -81.2781 43.8791 0
    endloop
  endfacet
  facet normal 0 0 -1
    outer loop
      vertex -90 -50 0
      vertex -81.4135 -44.0555 0
      vertex -81.4722 -44.15 0
    endloop
  endfacet
  facet normal 0 0 -1
    outer loop
      vertex -81.2781 43.8791 0
      vertex -90 50 0
      vertex -81.3487 43.9651 0
    endloop
  endfacet
  facet normal 0 0 -1
    outer loop
      vertex -90 -50 0
      vertex -81.4722 -44.15 0
      vertex -81.5247 -44.2481 0
    endloop
  endfacet
  facet normal 0 0 -1
    outer loop
      vertex -81.3487 43.9651 0
      vertex -90 50 0
      vertex -81.4135 44.0555 0
    endloop
  endfacet
  facet normal 0 0 -1
    outer loop
      vertex -90 -50 0
      vertex -81.5247 -44.2481 0
      vertex -81.5706 -44.3494 0
    endloop
  endfacet
  facet normal 0 0 -1
    outer loop
      vertex -81.4135 44.0555 0
      vertex -90 50 0
      vertex -81.4722 44.15 0
    endloop
  endfacet
  facet normal 0 0 -1
    outer loop
      vertex -90 -50 0
      vertex -81.5706 -44.3494 0
      vertex -81.6098 -44.4536 0
    endloop
  endfacet
  facet normal 0 0 -1
    outer loop
      vertex -81.4722 44.15 0
      vertex -90 50 0
      vertex -81.5247 44.2481 0
    endloop
  endfacet
  facet normal 0 0 -1
    outer loop
      vertex -90 -50 0
      vertex -81.6098 -44.4536 0
      vertex -81.6421 -44.56 0
    endloop
  endfacet
  facet normal 0 0 -1
    outer loop
      vertex -81.5247 44.2481 0
      vertex -90 50 0
      vertex -81.5706 44.3494 0
    endloop
  endfacet
  facet normal 0 0 -1
    outer loop
      vertex -90 -50 0
      vertex -81.6421 -44.56 0
      vertex -81.6673 -44.6683 0
    endloop
  endfacet
  facet normal 0 0 -1
    outer loop
      vertex -81.5706 44.3494 0
      vertex -90 50 0
      vertex -81.6098 44.4536 0
    endloop
  endfacet
  facet normal 0 0 -1
    outer loop
      vertex -90 -50 0
      vertex -81.6673 -44.6683 0
      vertex -81.6855 -44.7781 0
    endloop
  endfacet
  facet normal 0 0 -1
    outer loop
      vertex -81.6098 44.4536 0
      vertex -90 50 0
      vertex -81.6421 44.56 0
    endloop
  endfacet
  facet normal 0 0 -1
    outer loop
      vertex -90 -50 0
      vertex -81.6855 -44.7781 0
      vertex -81.6964 -44.8888 0
    endloop
  endfacet
  facet normal 0 0 -1
    outer loop
      vertex -81.6421 44.56 0
      vertex -90 50 0
      vertex -81.6673 44.6683 0
    endloop
  endfacet
  facet normal 0 0 -1
    outer loop
      vertex -90 -50 0
      vertex -81.6964 -44.8888 0
      vertex -81.7 -45 0
    endloop
  endfacet
  facet normal 0 0 -1
    outer loop
      vertex -81.6673 44.6683 0
      vertex -90 50 0
      vertex -81.6855 44.7781 0
    endloop
  endfacet
  facet normal 0 0 -1
    outer loop
      vertex 81.6673 -44.6683 0
      vertex 90 -50 0
      vertex 81.6855 -44.7781 0
    endloop
  endfacet
  facet normal 0 0 -1
    outer loop
      vertex 90 50 0
      vertex 81.6964 44.8888 0
      vertex 81.7 45 0
    endloop
  endfacet
  facet normal 0 0 -1
    outer loop
      vertex 81.6421 -44.56 0
      vertex 90 -50 0
      vertex 81.6673 -44.6683 0
    endloop
  endfacet
  facet normal 0 0 -1
    outer loop
      vertex 90 50 0
      vertex 81.6855 44.7781 0
      vertex 81.6964 44.8888 0
    endloop
  endfacet
  facet normal 0 0 -1
    outer loop
      vertex 81.6098 -44.4536 0
      vertex 90 -50 0
      vertex 81.6421 -44.56 0
    endloop
  endfacet
  facet normal 0 0 -1
    outer loop
      vertex 90 50 0
      vertex 81.6673 44.6683 0
      vertex 81.6855 44.7781 0
    endloop
  endfacet
  facet normal 0 0 -1
    outer loop
      vertex 81.5706 -44.3494 0
      vertex 90 -50 0
      vertex 81.6098 -44.4536 0
    endloop
  endfacet
  facet normal 0 0 -1
    outer loop
      vertex 90 50 0
      vertex 81.6421 44.56 0
      vertex 81.6673 44.6683 0
    endloop
  endfacet
  facet normal 0 0 -1
    outer loop
      vertex 81.5247 -44.2481 0
      vertex 90 -50 0
      vertex 81.5706 -44.3494 0
    endloop
  endfacet
  facet normal 0 0 -1
    outer loop
      vertex 90 50 0
      vertex 81.6098 44.4536 0
      vertex 81.6421 44.56 0
    endloop
  endfacet
  facet normal 0 0 -1
    outer loop
      vertex 81.4722 -44.15 0
      vertex 90 -50 0
      vertex 81.5247 -44.2481 0
    endloop
  endfacet
  facet normal 0 0 -1
    outer loop
      vertex 90 50 0
      vertex 81.5706 44.3494 0
      vertex 81.6098 44.4536 0
    endloop
  endfacet
  facet normal 0 0 -1
    outer loop
      vertex 81.4135 -44.0555 0
      vertex 90 -50 0
      vertex 81.4722 -44.15 0
    endloop
  endfacet
  facet normal 0 0 -1
    outer loop
      vertex 90 50 0
      vertex 81.5247 44.2481 0
      vertex 81.5706 44.3494 0
    endloop
  endfacet
  facet normal 0 0 -1
    outer loop
      vertex 81.3487 -43.9651 0
      vertex 90 -50 0
      vertex 81.4135 -44.0555 0
    endloop
  endfacet
  facet normal 0 0 -1
    outer loop
      vertex 90 50 0
      vertex 81.4722 44.15 0
      vertex 81.5247 44.2481 0
    endloop
  endfacet
  facet normal 0 0 -1
    outer loop
      vertex 81.2781 -43.8791 0
      vertex 90 -50 0
      vertex 81.3487 -43.9651 0
    endloop
  endfacet
  facet normal 0 0 -1
    outer loop
      vertex 90 50 0
      vertex 81.4135 44.0555 0
      vertex 81.4722 44.15 0
    endloop
  endfacet
  facet normal 0 0 -1
    outer loop
      vertex 81.2021 -43.7979 0
      vertex 90 -50 0
      vertex 81.2781 -43.8791 0
    endloop
  endfacet
  facet normal 0 0 -1
    outer loop
      vertex 90 50 0
      vertex 81.3487 43.9651 0
      vertex 81.4135 44.0555 0
    endloop
  endfacet
  facet normal 0 0 -1
    outer loop
      vertex 81.1209 -43.7219 0
      vertex 90 -50 0
      vertex 81.2021 -43.7979 0
    endloop
  endfacet
  facet normal 0 0 -1
    outer loop
      vertex 90 50 0
      vertex 81.2781 43.8791 0
      vertex 81.3487 43.9651 0
    endloop
  endfacet
  facet normal 0 0 -1
    outer loop
      vertex 90 -50 0
      vertex 81.1209 -43.7219 0
      vertex 90 50 0
    endloop
  endfacet
  facet normal 0 0 -1
    outer loop
      vertex 90 50 0
      vertex 81.2021 43.7979 0
      vertex 81.2781 43.8791 0
    endloop
  endfacet
  facet normal 0 0 -1
    outer loop
      vertex 81.1209 43.7219 0
      vertex 90 50 0
      vertex 81.1209 -43.7219 0
    endloop
  endfacet
  facet normal 0 0 -1
    outer loop
      vertex 90 50 0
      vertex 81.1209 43.7219 0
      vertex 81.2021 43.7979 0
    endloop
  endfacet
  facet normal 0 0 -1
    outer loop
      vertex 81.0349 -43.6513 0
      vertex 81.1209 43.7219 0
      vertex 81.1209 -43.7219 0
    endloop
  endfacet
  facet normal 0 0 -1
    outer loop
      vertex 81.0349 -43.6513 0
      vertex 81.0349 43.6513 0
      vertex 81.1209 43.7219 0
    endloop
  endfacet
  facet normal 0 0 -1
    outer loop
      vertex 80.9445 -43.5865 0
      vertex 81.0349 43.6513 0
      vertex 81.0349 -43.6513 0
    endloop
  endfacet
  facet normal 0 0 -1
    outer loop
      vertex 80.9445 -43.5865 0
      vertex 80.9445 43.5865 0
      vertex 81.0349 43.6513 0
    endloop
  endfacet
  facet normal 0 0 -1
    outer loop
      vertex 80.85 -43.5278 0
      vertex 80.9445 43.5865 0
      vertex 80.9445 -43.5865 0
    endloop
  endfacet
  facet normal 0 0 -1
    outer loop
      vertex 80.85 -43.5278 0
      vertex 80.85 43.5278 0
      vertex 80.9445 43.5865 0
    endloop
  endfacet
  facet normal 0 0 -1
    outer loop
      vertex 80.7519 -43.4753 0
      vertex 80.85 43.5278 0
      vertex 80.85 -43.5278 0
    endloop
  endfacet
  facet normal 0 0 -1
    outer loop
      vertex 80.7519 -43.4753 0
      vertex 80.7519 43.4753 0
      vertex 80.85 43.5278 0
    endloop
  endfacet
  facet normal 0 0 -1
    outer loop
      vertex 80.6506 -43.4294 0
      vertex 80.7519 43.4753 0
      vertex 80.7519 -43.4753 0
    endloop
  endfacet
  facet normal 0 0 -1
    outer loop
      vertex 80.6506 -43.4294 0
      vertex 80.6506 43.4294 0
      vertex 80.7519 43.4753 0
    endloop
  endfacet
  facet normal 0 0 -1
    outer loop
      vertex 80.5464 -43.3902 0
      vertex 80.6506 43.4294 0
      vertex 80.6506 -43.4294 0
    endloop
  endfacet
  facet normal 0 0 -1
    outer loop
      vertex 80.5464 -43.3902 0
      vertex 80.5464 43.3902 0
      vertex 80.6506 43.4294 0
    endloop
  endfacet
  facet normal 0 0 -1
    outer loop
      vertex 80.44 -43.3579 0
      vertex 80.5464 43.3902 0
      vertex 80.5464 -43.3902 0
    endloop
  endfacet
  facet normal 0 0 -1
    outer loop
      vertex 80.44 -43.3579 0
      vertex 80.44 43.3579 0
      vertex 80.5464 43.3902 0
    endloop
  endfacet
  facet normal 0 0 -1
    outer loop
      vertex 80.3316 -43.3327 0
      vertex 80.44 43.3579 0
      vertex 80.44 -43.3579 0
    endloop
  endfacet
  facet normal 0 0 -1
    outer loop
      vertex 80.3316 -43.3327 0
      vertex 80.3316 43.3327 0
      vertex 80.44 43.3579 0
    endloop
  endfacet
  facet normal 0 0 -1
    outer loop
      vertex 80.2219 -43.3145 0
      vertex 80.3316 43.3327 0
      vertex 80.3316 -43.3327 0
    endloop
  endfacet
  facet normal 0 0 -1
    outer loop
      vertex 80.2219 -43.3145 0
      vertex 80.2219 43.3145 0
      vertex 80.3316 43.3327 0
    endloop
  endfacet
  facet normal 0 0 -1
    outer loop
      vertex 80.1112 -43.3036 0
      vertex 80.2219 43.3145 0
      vertex 80.2219 -43.3145 0
    endloop
  endfacet
  facet normal 0 0 -1
    outer loop
      vertex 80.1112 -43.3036 0
      vertex 80.1112 43.3036 0
      vertex 80.2219 43.3145 0
    endloop
  endfacet
  facet normal 0 0 -1
    outer loop
      vertex 80 -43.3 0
      vertex 80.1112 43.3036 0
      vertex 80.1112 -43.3036 0
    endloop
  endfacet
  facet normal 0 0 -1
    outer loop
      vertex 80 -43.3 0
      vertex 80 43.3 0
      vertex 80.1112 43.3036 0
    endloop
  endfacet
  facet normal 0 0 -1
    outer loop
      vertex 79.8888 -43.3036 0
      vertex 80 43.3 0
      vertex 80 -43.3 0
    endloop
  endfacet
  facet normal 0 0 -1
    outer loop
      vertex 79.8888 -43.3036 0
      vertex 79.8888 43.3036 0
      vertex 80 43.3 0
    endloop
  endfacet
  facet normal 0 0 -1
    outer loop
      vertex 79.7781 -43.3145 0
      vertex 79.8888 43.3036 0
      vertex 79.8888 -43.3036 0
    endloop
  endfacet
  facet normal 0 0 -1
    outer loop
      vertex 79.7781 -43.3145 0
      vertex 79.7781 43.3145 0
      vertex 79.8888 43.3036 0
    endloop
  endfacet
  facet normal 0 0 -1
    outer loop
      vertex 79.6684 -43.3327 0
      vertex 79.7781 43.3145 0
      vertex 79.7781 -43.3145 0
    endloop
  endfacet
  facet normal 0 0 -1
    outer loop
      vertex 79.6684 -43.3327 0
      vertex 79.6684 43.3327 0
      vertex 79.7781 43.3145 0
    endloop
  endfacet
  facet normal 0 0 -1
    outer loop
      vertex 68 -44 0
      vertex 79.6684 -43.3327 0
      vertex 79.56 -43.3579 0
    endloop
  endfacet
  facet normal -0 0 -1
    outer loop
      vertex 79.6684 -43.3327 0
      vertex 68 -44 0
      vertex 79.6684 43.3327 0
    endloop
  endfacet
  facet normal 0 0 -1
    outer loop
      vertex 68 -44 0
      vertex 79.56 -43.3579 0
      vertex 79.4536 -43.3902 0
    endloop
  endfacet
  facet normal 0 0 -1
    outer loop
      vertex 68 44 0
      vertex 79.6684 43.3327 0
      vertex 68 -44 0
    endloop
  endfacet
  facet normal 0 0 -1
    outer loop
      vertex 68 -44 0
      vertex 79.4536 -43.3902 0
      vertex 79.3494 -43.4294 0
    endloop
  endfacet
  facet normal 0 0 -1
    outer loop
      vertex 79.6684 43.3327 0
      vertex 68 44 0
      vertex 79.56 43.3579 0
    endloop
  endfacet
  facet normal 0 0 -1
    outer loop
      vertex 68 -44 0
      vertex 79.3494 -43.4294 0
      vertex 79.2481 -43.4753 0
    endloop
  endfacet
  facet normal 0 0 -1
    outer loop
      vertex 79.56 43.3579 0
      vertex 68 44 0
      vertex 79.4536 43.3902 0
    endloop
  endfacet
  facet normal 0 0 -1
    outer loop
      vertex 68 -44 0
      vertex 79.2481 -43.4753 0
      vertex 79.15 -43.5278 0
    endloop
  endfacet
  facet normal 0 0 -1
    outer loop
      vertex 79.4536 43.3902 0
      vertex 68 44 0
      vertex 79.3494 43.4294 0
    endloop
  endfacet
  facet normal 0 0 -1
    outer loop
      vertex 68 -44 0
      vertex 79.15 -43.5278 0
      vertex 79.0555 -43.5865 0
    endloop
  endfacet
  facet normal 0 0 -1
    outer loop
      vertex 79.3494 43.4294 0
      vertex 68 44 0
      vertex 79.2481 43.4753 0
    endloop
  endfacet
  facet normal 0 0 -1
    outer loop
      vertex 68 -44 0
      vertex 79.0555 -43.5865 0
      vertex 78.9651 -43.6513 0
    endloop
  endfacet
  facet normal 0 0 -1
    outer loop
      vertex 79.2481 43.4753 0
      vertex 68 44 0
      vertex 79.15 43.5278 0
    endloop
  endfacet
  facet normal 0 0 -1
    outer loop
      vertex 68 -44 0
      vertex 78.9651 -43.6513 0
      vertex 78.8791 -43.7219 0
    endloop
  endfacet
  facet normal 0 0 -1
    outer loop
      vertex 79.15 43.5278 0
      vertex 68 44 0
      vertex 79.0555 43.5865 0
    endloop
  endfacet
  facet normal 0 0 -1
    outer loop
      vertex 68 -44 0
      vertex 78.8791 -43.7219 0
      vertex 78.7979 -43.7979 0
    endloop
  endfacet
  facet normal 0 0 -1
    outer loop
      vertex 79.0555 43.5865 0
      vertex 68 44 0
      vertex 78.9651 43.6513 0
    endloop
  endfacet
  facet normal 0 0 -1
    outer loop
      vertex 68 -44 0
      vertex 78.7979 -43.7979 0
      vertex 78.7219 -43.8791 0
    endloop
  endfacet
  facet normal 0 0 -1
    outer loop
      vertex 78.9651 43.6513 0
      vertex 68 44 0
      vertex 78.8791 43.7219 0
    endloop
  endfacet
  facet normal 0 0 -1
    outer loop
      vertex 68 -44 0
      vertex 78.7219 -43.8791 0
      vertex 78.6513 -43.9651 0
    endloop
  endfacet
  facet normal 0 0 -1
    outer loop
      vertex 78.8791 43.7219 0
      vertex 68 44 0
      vertex 78.7979 43.7979 0
    endloop
  endfacet
  facet normal 0 0 -1
    outer loop
      vertex 68 -44 0
      vertex 78.6513 -43.9651 0
      vertex 78.5865 -44.0555 0
    endloop
  endfacet
  facet normal 0 0 -1
    outer loop
      vertex 78.7979 43.7979 0
      vertex 68 44 0
      vertex 78.7219 43.8791 0
    endloop
  endfacet
  facet normal 0 0 -1
    outer loop
      vertex 68 -44 0
      vertex 78.5865 -44.0555 0
      vertex 78.5278 -44.15 0
    endloop
  endfacet
  facet normal 0 0 -1
    outer loop
      vertex 78.7219 43.8791 0
      vertex 68 44 0
      vertex 78.6513 43.9651 0
    endloop
  endfacet
  facet normal 0 0 -1
    outer loop
      vertex 68 -44 0
      vertex 78.5278 -44.15 0
      vertex 78.4753 -44.2481 0
    endloop
  endfacet
  facet normal 0 0 -1
    outer loop
      vertex 78.6513 43.9651 0
      vertex 68 44 0
      vertex 78.5865 44.0555 0
    endloop
  endfacet
  facet normal 0 0 -1
    outer loop
      vertex 68 -44 0
      vertex 78.4753 -44.2481 0
      vertex 78.4294 -44.3494 0
    endloop
  endfacet
  facet normal -0 0 -1
    outer loop
      vertex 78.5865 44.0555 0
      vertex 68 44 0
      vertex 78.5278 44.15 0
    endloop
  endfacet
  facet normal 0 0 -1
    outer loop
      vertex 68 -44 0
      vertex 78.4294 -44.3494 0
      vertex 78.3902 -44.4536 0
    endloop
  endfacet
  facet normal -0 0 -1
    outer loop
      vertex 78.5278 44.15 0
      vertex 68 44 0
      vertex 78.4753 44.2481 0
    endloop
  endfacet
  facet normal 0 0 -1
    outer loop
      vertex 68 -44 0
      vertex 78.3902 -44.4536 0
      vertex 78.3579 -44.56 0
    endloop
  endfacet
  facet normal -0 0 -1
    outer loop
      vertex 78.4753 44.2481 0
      vertex 68 44 0
      vertex 78.4294 44.3494 0
    endloop
  endfacet
  facet normal 0 0 -1
    outer loop
      vertex 68 -44 0
      vertex 78.3579 -44.56 0
      vertex 78.3327 -44.6683 0
    endloop
  endfacet
  facet normal -0 0 -1
    outer loop
      vertex 78.4294 44.3494 0
      vertex 68 44 0
      vertex 78.3902 44.4536 0
    endloop
  endfacet
  facet normal 0 0 -1
    outer loop
      vertex 68 -44 0
      vertex 78.3327 -44.6683 0
      vertex 78.3145 -44.7781 0
    endloop
  endfacet
  facet normal -0 0 -1
    outer loop
      vertex 78.3902 44.4536 0
      vertex 68 44 0
      vertex 78.3579 44.56 0
    endloop
  endfacet
  facet normal 0 0 -1
    outer loop
      vertex 67.9936 -44.1962 0
      vertex 78.3145 -44.7781 0
      vertex 78.3036 -44.8888 0
    endloop
  endfacet
  facet normal -0 0 -1
    outer loop
      vertex 78.3579 44.56 0
      vertex 68 44 0
      vertex 78.3327 44.6683 0
    endloop
  endfacet
  facet normal 0 0 -1
    outer loop
      vertex 67.9936 -44.1962 0
      vertex 78.3036 -44.8888 0
      vertex 78.3 -45 0
    endloop
  endfacet
  facet normal -0 0 -1
    outer loop
      vertex 78.3327 44.6683 0
      vertex 68 44 0
      vertex 78.3145 44.7781 0
    endloop
  endfacet
  facet normal 0 0 -1
    outer loop
      vertex 81.2021 -46.2021 0
      vertex 90 -50 0
      vertex 89.9893 -50.327 0
    endloop
  endfacet
  facet normal 0 0 -1
    outer loop
      vertex 81.6964 -44.8888 0
      vertex 90 -50 0
      vertex 81.7 -45 0
    endloop
  endfacet
  facet normal 0 0 -1
    outer loop
      vertex 81.2021 -46.2021 0
      vertex 89.9893 -50.327 0
      vertex 89.9572 -50.6526 0
    endloop
  endfacet
  facet normal 0 0 -1
    outer loop
      vertex 81.6855 -44.7781 0
      vertex 90 -50 0
      vertex 81.6964 -44.8888 0
    endloop
  endfacet
  facet normal 0 0 -1
    outer loop
      vertex 81.2021 -46.2021 0
      vertex 89.9572 -50.6526 0
      vertex 89.9039 -50.9754 0
    endloop
  endfacet
  facet normal 0 0 -1
    outer loop
      vertex 81.6964 45.1112 0
      vertex 90 50 0
      vertex 81.7 45 0
    endloop
  endfacet
  facet normal 0 0 -1
    outer loop
      vertex 81.2021 -46.2021 0
      vertex 89.9039 -50.9754 0
      vertex 89.8296 -51.2941 0
    endloop
  endfacet
  facet normal 0 0 -1
    outer loop
      vertex 81.6855 45.2219 0
      vertex 90 50 0
      vertex 81.6964 45.1112 0
    endloop
  endfacet
  facet normal 0 0 -1
    outer loop
      vertex 81.2021 -46.2021 0
      vertex 89.8296 -51.2941 0
      vertex 89.7346 -51.6072 0
    endloop
  endfacet
  facet normal 0 0 -1
    outer loop
      vertex 81.6673 45.3317 0
      vertex 90 50 0
      vertex 81.6855 45.2219 0
    endloop
  endfacet
  facet normal 0 0 -1
    outer loop
      vertex 81.2021 -46.2021 0
      vertex 89.7346 -51.6072 0
      vertex 89.6194 -51.9134 0
    endloop
  endfacet
  facet normal 0 0 -1
    outer loop
      vertex 81.6421 45.44 0
      vertex 90 50 0
      vertex 81.6673 45.3317 0
    endloop
  endfacet
  facet normal 0 0 -1
    outer loop
      vertex 81.2021 -46.2021 0
      vertex 89.6194 -51.9134 0
      vertex 89.4844 -52.2114 0
    endloop
  endfacet
  facet normal 0 0 -1
    outer loop
      vertex 81.6098 45.5464 0
      vertex 90 50 0
      vertex 81.6421 45.44 0
    endloop
  endfacet
  facet normal 0 0 -1
    outer loop
      vertex 81.2021 -46.2021 0
      vertex 89.4844 -52.2114 0
      vertex 89.3301 -52.5 0
    endloop
  endfacet
  facet normal 0 0 -1
    outer loop
      vertex 81.5706 45.6506 0
      vertex 90 50 0
      vertex 81.6098 45.5464 0
    endloop
  endfacet
  facet normal 0 0 -1
    outer loop
      vertex 81.2021 -46.2021 0
      vertex 89.3301 -52.5 0
      vertex 89.1573 -52.7778 0
    endloop
  endfacet
  facet normal 0 0 -1
    outer loop
      vertex 81.5247 45.7519 0
      vertex 90 50 0
      vertex 81.5706 45.6506 0
    endloop
  endfacet
  facet normal 0 0 -1
    outer loop
      vertex 81.2021 -46.2021 0
      vertex 89.1573 -52.7778 0
      vertex 88.9668 -53.0438 0
    endloop
  endfacet
  facet normal 0 0 -1
    outer loop
      vertex 81.4722 45.85 0
      vertex 90 50 0
      vertex 81.5247 45.7519 0
    endloop
  endfacet
  facet normal 0 0 -1
    outer loop
      vertex 81.2021 -46.2021 0
      vertex 88.9668 -53.0438 0
      vertex 88.7592 -53.2967 0
    endloop
  endfacet
  facet normal 0 0 -1
    outer loop
      vertex 81.4135 45.9445 0
      vertex 90 50 0
      vertex 81.4722 45.85 0
    endloop
  endfacet
  facet normal 0 0 -1
    outer loop
      vertex 81.2021 -46.2021 0
      vertex 88.7592 -53.2967 0
      vertex 88.5355 -53.5355 0
    endloop
  endfacet
  facet normal 0 0 -1
    outer loop
      vertex 81.3487 46.0349 0
      vertex 90 50 0
      vertex 81.4135 45.9445 0
    endloop
  endfacet
  facet normal 0 0 -1
    outer loop
      vertex 81.2021 -46.2021 0
      vertex 88.5355 -53.5355 0
      vertex 88.2967 -53.7592 0
    endloop
  endfacet
  facet normal 0 0 -1
    outer loop
      vertex 81.2781 46.1209 0
      vertex 90 50 0
      vertex 81.3487 46.0349 0
    endloop
  endfacet
  facet normal 0 0 -1
    outer loop
      vertex 81.2021 -46.2021 0
      vertex 88.2967 -53.7592 0
      vertex 88.0438 -53.9668 0
    endloop
  endfacet
  facet normal 0 0 -1
    outer loop
      vertex 81.2021 46.2021 0
      vertex 90 50 0
      vertex 81.2781 46.1209 0
    endloop
  endfacet
  facet normal 0 0 -1
    outer loop
      vertex 81.2021 -46.2021 0
      vertex 88.0438 -53.9668 0
      vertex 87.7778 -54.1573 0
    endloop
  endfacet
  facet normal -0 0 -1
    outer loop
      vertex 90 50 0
      vertex 81.2021 46.2021 0
      vertex 89.9893 50.327 0
    endloop
  endfacet
  facet normal 0 0 -1
    outer loop
      vertex 81.2021 -46.2021 0
      vertex 87.7778 -54.1573 0
      vertex 87.5 -54.3301 0
    endloop
  endfacet
  facet normal -0 0 -1
    outer loop
      vertex 89.9893 50.327 0
      vertex 81.2021 46.2021 0
      vertex 89.9572 50.6526 0
    endloop
  endfacet
  facet normal 0 0 -1
    outer loop
      vertex 81.2021 -46.2021 0
      vertex 87.5 -54.3301 0
      vertex 87.2114 -54.4844 0
    endloop
  endfacet
  facet normal -0 0 -1
    outer loop
      vertex 89.9572 50.6526 0
      vertex 81.2021 46.2021 0
      vertex 89.9039 50.9754 0
    endloop
  endfacet
  facet normal 0 0 -1
    outer loop
      vertex 81.2021 -46.2021 0
      vertex 87.2114 -54.4844 0
      vertex 86.9134 -54.6194 0
    endloop
  endfacet
  facet normal -0 0 -1
    outer loop
      vertex 89.9039 50.9754 0
      vertex 81.2021 46.2021 0
      vertex 89.8296 51.2941 0
    endloop
  endfacet
  facet normal 0 0 -1
    outer loop
      vertex 81.2021 -46.2021 0
      vertex 86.9134 -54.6194 0
      vertex 86.6072 -54.7346 0
    endloop
  endfacet
  facet normal -0 0 -1
    outer loop
      vertex 89.8296 51.2941 0
      vertex 81.2021 46.2021 0
      vertex 89.7346 51.6072 0
    endloop
  endfacet
  facet normal 0 0 -1
    outer loop
      vertex 81.2021 -46.2021 0
      vertex 86.6072 -54.7346 0
      vertex 86.2941 -54.8296 0
    endloop
  endfacet
  facet normal -0 0 -1
    outer loop
      vertex 89.7346 51.6072 0
      vertex 81.2021 46.2021 0
      vertex 89.6194 51.9134 0
    endloop
  endfacet
  facet normal 0 0 -1
    outer loop
      vertex 81.2021 -46.2021 0
      vertex 86.2941 -54.8296 0
      vertex 85.9754 -54.9039 0
    endloop
  endfacet
  facet normal -0 0 -1
    outer loop
      vertex 89.6194 51.9134 0
      vertex 81.2021 46.2021 0
      vertex 89.4844 52.2114 0
    endloop
  endfacet
  facet normal 0 0 -1
    outer loop
      vertex 81.2021 -46.2021 0
      vertex 85.9754 -54.9039 0
      vertex 85.6526 -54.9572 0
    endloop
  endfacet
  facet normal -0 0 -1
    outer loop
      vertex 89.4844 52.2114 0
      vertex 81.2021 46.2021 0
      vertex 89.3301 52.5 0
    endloop
  endfacet
  facet normal 0 0 -1
    outer loop
      vertex 81.2021 -46.2021 0
      vertex 85.6526 -54.9572 0
      vertex 85.327 -54.9893 0
    endloop
  endfacet
  facet normal -0 0 -1
    outer loop
      vertex 89.3301 52.5 0
      vertex 81.2021 46.2021 0
      vertex 89.1573 52.7778 0
    endloop
  endfacet
  facet normal 0 0 -1
    outer loop
      vertex 81.2021 -46.2021 0
      vertex 85.327 -54.9893 0
      vertex 85 -55 0
    endloop
  endfacet
  facet normal -0 0 -1
    outer loop
      vertex 89.1573 52.7778 0
      vertex 81.2021 46.2021 0
      vertex 88.9668 53.0438 0
    endloop
  endfacet
  facet normal -0 0 -1
    outer loop
      vertex 88.9668 53.0438 0
      vertex 81.2021 46.2021 0
      vertex 88.7592 53.2967 0
    endloop
  endfacet
  facet normal 0 0 -1
    outer loop
      vertex 90 -50 0
      vertex 81.6964 -45.1112 0
      vertex 81.7 -45 0
    endloop
  endfacet
  facet normal 0 0 -1
    outer loop
      vertex 90 -50 0
      vertex 81.6855 -45.2219 0
      vertex 81.6964 -45.1112 0
    endloop
  endfacet
  facet normal 0 0 -1
    outer loop
      vertex 90 -50 0
      vertex 81.6673 -45.3317 0
      vertex 81.6855 -45.2219 0
    endloop
  endfacet
  facet normal 0 0 -1
    outer loop
      vertex 90 -50 0
      vertex 81.6421 -45.44 0
      vertex 81.6673 -45.3317 0
    endloop
  endfacet
  facet normal 0 0 -1
    outer loop
      vertex 90 -50 0
      vertex 81.6098 -45.5464 0
      vertex 81.6421 -45.44 0
    endloop
  endfacet
  facet normal 0 0 -1
    outer loop
      vertex 90 -50 0
      vertex 81.5706 -45.6506 0
      vertex 81.6098 -45.5464 0
    endloop
  endfacet
  facet normal 0 0 -1
    outer loop
      vertex 90 -50 0
      vertex 81.5247 -45.7519 0
      vertex 81.5706 -45.6506 0
    endloop
  endfacet
  facet normal 0 0 -1
    outer loop
      vertex 90 -50 0
      vertex 81.4722 -45.85 0
      vertex 81.5247 -45.7519 0
    endloop
  endfacet
  facet normal 0 0 -1
    outer loop
      vertex 90 -50 0
      vertex 81.4135 -45.9445 0
      vertex 81.4722 -45.85 0
    endloop
  endfacet
  facet normal 0 0 -1
    outer loop
      vertex 90 -50 0
      vertex 81.3487 -46.0349 0
      vertex 81.4135 -45.9445 0
    endloop
  endfacet
  facet normal 0 0 -1
    outer loop
      vertex 90 -50 0
      vertex 81.2781 -46.1209 0
      vertex 81.3487 -46.0349 0
    endloop
  endfacet
  facet normal 0 0 -1
    outer loop
      vertex 90 -50 0
      vertex 81.2021 -46.2021 0
      vertex 81.2781 -46.1209 0
    endloop
  endfacet
  facet normal 0 0 -1
    outer loop
      vertex 85 -55 0
      vertex 81.1209 -46.2781 0
      vertex 81.2021 -46.2021 0
    endloop
  endfacet
  facet normal 0 0 -1
    outer loop
      vertex 85 -55 0
      vertex 81.0349 -46.3487 0
      vertex 81.1209 -46.2781 0
    endloop
  endfacet
  facet normal 0 0 -1
    outer loop
      vertex 85 -55 0
      vertex 80.9445 -46.4135 0
      vertex 81.0349 -46.3487 0
    endloop
  endfacet
  facet normal 0 0 -1
    outer loop
      vertex 85 -55 0
      vertex 80.85 -46.4722 0
      vertex 80.9445 -46.4135 0
    endloop
  endfacet
  facet normal 0 0 -1
    outer loop
      vertex 85 -55 0
      vertex 80.7519 -46.5247 0
      vertex 80.85 -46.4722 0
    endloop
  endfacet
  facet normal 0 0 -1
    outer loop
      vertex 85 -55 0
      vertex 80.6506 -46.5706 0
      vertex 80.7519 -46.5247 0
    endloop
  endfacet
  facet normal 0 0 -1
    outer loop
      vertex 85 -55 0
      vertex 80.5464 -46.6098 0
      vertex 80.6506 -46.5706 0
    endloop
  endfacet
  facet normal 0 0 -1
    outer loop
      vertex 85 -55 0
      vertex 80.44 -46.6421 0
      vertex 80.5464 -46.6098 0
    endloop
  endfacet
  facet normal 0 0 -1
    outer loop
      vertex 85 -55 0
      vertex 80.3316 -46.6673 0
      vertex 80.44 -46.6421 0
    endloop
  endfacet
  facet normal 0 0 -1
    outer loop
      vertex 85 -55 0
      vertex 80.2219 -46.6855 0
      vertex 80.3316 -46.6673 0
    endloop
  endfacet
  facet normal 0 0 -1
    outer loop
      vertex 85 -55 0
      vertex 80.1112 -46.6964 0
      vertex 80.2219 -46.6855 0
    endloop
  endfacet
  facet normal 0 0 -1
    outer loop
      vertex 85 -55 0
      vertex 80 -46.7 0
      vertex 80.1112 -46.6964 0
    endloop
  endfacet
  facet normal 0 0 -1
    outer loop
      vertex 85 -55 0
      vertex 79.8888 -46.6964 0
      vertex 80 -46.7 0
    endloop
  endfacet
  facet normal 0 0 -1
    outer loop
      vertex 85 -55 0
      vertex 79.7781 -46.6855 0
      vertex 79.8888 -46.6964 0
    endloop
  endfacet
  facet normal 0 0 -1
    outer loop
      vertex 85 -55 0
      vertex 79.6684 -46.6673 0
      vertex 79.7781 -46.6855 0
    endloop
  endfacet
  facet normal 0 0 -1
    outer loop
      vertex 85 -55 0
      vertex 79.56 -46.6421 0
      vertex 79.6684 -46.6673 0
    endloop
  endfacet
  facet normal 0 0 -1
    outer loop
      vertex 85 -55 0
      vertex 79.4536 -46.6098 0
      vertex 79.56 -46.6421 0
    endloop
  endfacet
  facet normal 0 0 -1
    outer loop
      vertex 85 -55 0
      vertex 79.3494 -46.5706 0
      vertex 79.4536 -46.6098 0
    endloop
  endfacet
  facet normal 0 0 -1
    outer loop
      vertex 85 -55 0
      vertex 79.2481 -46.5247 0
      vertex 79.3494 -46.5706 0
    endloop
  endfacet
  facet normal 0 0 -1
    outer loop
      vertex 85 -55 0
      vertex 79.15 -46.4722 0
      vertex 79.2481 -46.5247 0
    endloop
  endfacet
  facet normal 0 0 -1
    outer loop
      vertex 66.5 -46.5981 0
      vertex 79.15 -46.4722 0
      vertex 85 -55 0
    endloop
  endfacet
  facet normal 0 -0 -1
    outer loop
      vertex 66.6667 -46.4944 0
      vertex 79.15 -46.4722 0
      vertex 66.5 -46.5981 0
    endloop
  endfacet
  facet normal -0 0 -1
    outer loop
      vertex 79.0555 -46.4135 0
      vertex 66.6667 -46.4944 0
      vertex 78.9651 -46.3487 0
    endloop
  endfacet
  facet normal 0 -0 -1
    outer loop
      vertex 66.8263 -46.3801 0
      vertex 78.9651 -46.3487 0
      vertex 66.6667 -46.4944 0
    endloop
  endfacet
  facet normal -0 0 -1
    outer loop
      vertex 78.9651 -46.3487 0
      vertex 66.8263 -46.3801 0
      vertex 78.8791 -46.2781 0
    endloop
  endfacet
  facet normal 0 -0 -1
    outer loop
      vertex 66.978 -46.2555 0
      vertex 78.8791 -46.2781 0
      vertex 66.8263 -46.3801 0
    endloop
  endfacet
  facet normal 0 0 -1
    outer loop
      vertex 78.8791 -46.2781 0
      vertex 66.978 -46.2555 0
      vertex 78.7979 -46.2021 0
    endloop
  endfacet
  facet normal 0 0 -1
    outer loop
      vertex 67.9936 44.1962 0
      vertex 78.3145 44.7781 0
      vertex 68 44 0
    endloop
  endfacet
  facet normal 0 0 -1
    outer loop
      vertex 67.9743 -44.3916 0
      vertex 78.3 -45 0
      vertex 78.3036 -45.1112 0
    endloop
  endfacet
  facet normal 0 0 -1
    outer loop
      vertex 67.9424 -44.5853 0
      vertex 78.3036 -45.1112 0
      vertex 78.3145 -45.2219 0
    endloop
  endfacet
  facet normal 0 0 -1
    outer loop
      vertex 67.8978 -44.7765 0
      vertex 78.3145 -45.2219 0
      vertex 78.3327 -45.3317 0
    endloop
  endfacet
  facet normal 0 0 -1
    outer loop
      vertex 67.8408 -44.9643 0
      vertex 78.3327 -45.3317 0
      vertex 78.3579 -45.44 0
    endloop
  endfacet
  facet normal 0 0 -1
    outer loop
      vertex 67.7716 -45.1481 0
      vertex 78.3579 -45.44 0
      vertex 78.3902 -45.5464 0
    endloop
  endfacet
  facet normal 0 0 -1
    outer loop
      vertex 67.7716 -45.1481 0
      vertex 78.3902 -45.5464 0
      vertex 78.4294 -45.6506 0
    endloop
  endfacet
  facet normal 0 0 -1
    outer loop
      vertex 67.6906 -45.3269 0
      vertex 78.4294 -45.6506 0
      vertex 78.4753 -45.7519 0
    endloop
  endfacet
  facet normal 0 0 -1
    outer loop
      vertex 67.5981 -45.5 0
      vertex 78.4753 -45.7519 0
      vertex 78.5278 -45.85 0
    endloop
  endfacet
  facet normal 0 0 -1
    outer loop
      vertex 67.4944 -45.6667 0
      vertex 78.5278 -45.85 0
      vertex 78.5865 -45.9445 0
    endloop
  endfacet
  facet normal 0 -0 -1
    outer loop
      vertex 67.1213 -46.1213 0
      vertex 78.7979 -46.2021 0
      vertex 66.978 -46.2555 0
    endloop
  endfacet
  facet normal 0 0 -1
    outer loop
      vertex 78.3145 -44.7781 0
      vertex 67.9936 -44.1962 0
      vertex 68 -44 0
    endloop
  endfacet
  facet normal 0 0 -1
    outer loop
      vertex 78.3 -45 0
      vertex 67.9743 -44.3916 0
      vertex 67.9936 -44.1962 0
    endloop
  endfacet
  facet normal 0 0 -1
    outer loop
      vertex 78.3036 -45.1112 0
      vertex 67.9424 -44.5853 0
      vertex 67.9743 -44.3916 0
    endloop
  endfacet
  facet normal 0 0 -1
    outer loop
      vertex 78.3145 -45.2219 0
      vertex 67.8978 -44.7765 0
      vertex 67.9424 -44.5853 0
    endloop
  endfacet
  facet normal 0 0 -1
    outer loop
      vertex 78.3327 -45.3317 0
      vertex 67.8408 -44.9643 0
      vertex 67.8978 -44.7765 0
    endloop
  endfacet
  facet normal 0 0 -1
    outer loop
      vertex 78.3579 -45.44 0
      vertex 67.7716 -45.1481 0
      vertex 67.8408 -44.9643 0
    endloop
  endfacet
  facet normal 0 0 -1
    outer loop
      vertex 78.4294 -45.6506 0
      vertex 67.6906 -45.3269 0
      vertex 67.7716 -45.1481 0
    endloop
  endfacet
  facet normal 0 0 -1
    outer loop
      vertex 78.4753 -45.7519 0
      vertex 67.5981 -45.5 0
      vertex 67.6906 -45.3269 0
    endloop
  endfacet
  facet normal 0 0 -1
    outer loop
      vertex 78.5278 -45.85 0
      vertex 67.4944 -45.6667 0
      vertex 67.5981 -45.5 0
    endloop
  endfacet
  facet normal 0 0 -1
    outer loop
      vertex 78.5865 -45.9445 0
      vertex 67.3801 -45.8263 0
      vertex 67.4944 -45.6667 0
    endloop
  endfacet
  facet normal 0 0 -1
    outer loop
      vertex 78.6513 -46.0349 0
      vertex 67.3801 -45.8263 0
      vertex 78.5865 -45.9445 0
    endloop
  endfacet
  facet normal 0 -0 -1
    outer loop
      vertex 67.3801 -45.8263 0
      vertex 78.6513 -46.0349 0
      vertex 67.2555 -45.978 0
    endloop
  endfacet
  facet normal 0 0 -1
    outer loop
      vertex 78.7219 -46.1209 0
      vertex 67.2555 -45.978 0
      vertex 78.6513 -46.0349 0
    endloop
  endfacet
  facet normal 0 -0 -1
    outer loop
      vertex 67.2555 -45.978 0
      vertex 78.7219 -46.1209 0
      vertex 67.1213 -46.1213 0
    endloop
  endfacet
  facet normal 0 0 -1
    outer loop
      vertex 78.7979 -46.2021 0
      vertex 67.1213 -46.1213 0
      vertex 78.7219 -46.1209 0
    endloop
  endfacet
  facet normal -0 0 -1
    outer loop
      vertex 79.15 -46.4722 0
      vertex 66.6667 -46.4944 0
      vertex 79.0555 -46.4135 0
    endloop
  endfacet
  facet normal 0 0 -1
    outer loop
      vertex 85 -55 0
      vertex 66.3269 -46.6906 0
      vertex 66.5 -46.5981 0
    endloop
  endfacet
  facet normal 0 0 -1
    outer loop
      vertex 85 -55 0
      vertex 66.1481 -46.7716 0
      vertex 66.3269 -46.6906 0
    endloop
  endfacet
  facet normal 0 0 -1
    outer loop
      vertex 85 -55 0
      vertex 65.9643 -46.8408 0
      vertex 66.1481 -46.7716 0
    endloop
  endfacet
  facet normal 0 0 -1
    outer loop
      vertex 85 -55 0
      vertex 65.7765 -46.8978 0
      vertex 65.9643 -46.8408 0
    endloop
  endfacet
  facet normal 0 0 -1
    outer loop
      vertex 85 -55 0
      vertex 65.5853 -46.9424 0
      vertex 65.7765 -46.8978 0
    endloop
  endfacet
  facet normal 0 0 -1
    outer loop
      vertex 85 -55 0
      vertex 65.3916 -46.9743 0
      vertex 65.5853 -46.9424 0
    endloop
  endfacet
  facet normal 0 0 -1
    outer loop
      vertex 85 -55 0
      vertex 65.1962 -46.9936 0
      vertex 65.3916 -46.9743 0
    endloop
  endfacet
  facet normal 0 0 -1
    outer loop
      vertex 85 -55 0
      vertex 65 -47 0
      vertex 65.1962 -46.9936 0
    endloop
  endfacet
  facet normal 0 0 -1
    outer loop
      vertex 85 -55 0
      vertex 5 -47 0
      vertex 65 -47 0
    endloop
  endfacet
  facet normal 0 0 -1
    outer loop
      vertex -85 -55 0
      vertex 5 -47 0
      vertex 85 -55 0
    endloop
  endfacet
  facet normal -0 0 -1
    outer loop
      vertex 5 -47 0
      vertex -85 -55 0
      vertex 4.80379 -46.9936 0
    endloop
  endfacet
  facet normal 0 0 -1
    outer loop
      vertex 2 -44 0
      vertex -34.9 0 0
      vertex 2 44 0
    endloop
  endfacet
  facet normal 0 0 -1
    outer loop
      vertex -44.2215 -13.9506 0
      vertex 2 -44 0
      vertex 2.00642 -44.1962 0
    endloop
  endfacet
  facet normal 0 0 -1
    outer loop
      vertex -45.1463 -14.2986 0
      vertex 2.00642 -44.1962 0
      vertex 2.02567 -44.3916 0
    endloop
  endfacet
  facet normal 0 0 -1
    outer loop
      vertex -46.0918 -14.5855 0
      vertex 2.02567 -44.3916 0
      vertex 2.05765 -44.5853 0
    endloop
  endfacet
  facet normal 0 0 -1
    outer loop
      vertex -46.0918 -14.5855 0
      vertex 2.05765 -44.5853 0
      vertex 2.10222 -44.7765 0
    endloop
  endfacet
  facet normal 0 0 -1
    outer loop
      vertex -78.3579 -45.44 0
      vertex 2.10222 -44.7765 0
      vertex 2.15921 -44.9643 0
    endloop
  endfacet
  facet normal 0 0 -1
    outer loop
      vertex -78.3902 -45.5464 0
      vertex 2.15921 -44.9643 0
      vertex 2.22836 -45.1481 0
    endloop
  endfacet
  facet normal 0 0 -1
    outer loop
      vertex -78.4294 -45.6506 0
      vertex 2.22836 -45.1481 0
      vertex 2.30939 -45.3269 0
    endloop
  endfacet
  facet normal 0 0 -1
    outer loop
      vertex -78.4753 -45.7519 0
      vertex 2.30939 -45.3269 0
      vertex 2.40192 -45.5 0
    endloop
  endfacet
  facet normal 0 0 -1
    outer loop
      vertex -78.5278 -45.85 0
      vertex 2.40192 -45.5 0
      vertex 2.50558 -45.6667 0
    endloop
  endfacet
  facet normal 0 0 -1
    outer loop
      vertex -78.5865 -45.9445 0
      vertex 2.50558 -45.6667 0
      vertex 2.61993 -45.8263 0
    endloop
  endfacet
  facet normal 0 0 -1
    outer loop
      vertex 2 -44 0
      vertex -34.9323 -0.987587 0
      vertex -34.9 0 0
    endloop
  endfacet
  facet normal 0 0 -1
    outer loop
      vertex -78.6513 -46.0349 0
      vertex 2.61993 -45.8263 0
      vertex 2.74448 -45.978 0
    endloop
  endfacet
  facet normal 0 0 -1
    outer loop
      vertex 2 -44 0
      vertex -35.0292 -1.97095 0
      vertex -34.9323 -0.987587 0
    endloop
  endfacet
  facet normal 0 0 -1
    outer loop
      vertex 2 -44 0
      vertex -35.1901 -2.94586 0
      vertex -35.0292 -1.97095 0
    endloop
  endfacet
  facet normal 0 0 -1
    outer loop
      vertex 2 -44 0
      vertex -35.4145 -3.90817 0
      vertex -35.1901 -2.94586 0
    endloop
  endfacet
  facet normal 0 0 -1
    outer loop
      vertex 2 -44 0
      vertex -35.7014 -4.85374 0
      vertex -35.4145 -3.90817 0
    endloop
  endfacet
  facet normal 0 0 -1
    outer loop
      vertex 2 -44 0
      vertex -36.0494 -5.77852 0
      vertex -35.7014 -4.85374 0
    endloop
  endfacet
  facet normal 0 0 -1
    outer loop
      vertex -85 -55 0
      vertex 2.74448 -45.978 0
      vertex 2.87868 -46.1213 0
    endloop
  endfacet
  facet normal 0 0 -1
    outer loop
      vertex 2 -44 0
      vertex -36.4572 -6.67856 0
      vertex -36.0494 -5.77852 0
    endloop
  endfacet
  facet normal 0 0 -1
    outer loop
      vertex 2 -44 0
      vertex -36.923 -7.55 0
      vertex -36.4572 -6.67856 0
    endloop
  endfacet
  facet normal 0 0 -1
    outer loop
      vertex 2 -44 0
      vertex -37.4448 -8.38911 0
      vertex -36.923 -7.55 0
    endloop
  endfacet
  facet normal 0 0 -1
    outer loop
      vertex -85 -55 0
      vertex 2.87868 -46.1213 0
      vertex 3.02196 -46.2555 0
    endloop
  endfacet
  facet normal 0 0 -1
    outer loop
      vertex 2 -44 0
      vertex -38.0204 -9.1923 0
      vertex -37.4448 -8.38911 0
    endloop
  endfacet
  facet normal 0 0 -1
    outer loop
      vertex 2 -44 0
      vertex -38.6472 -9.95612 0
      vertex -38.0204 -9.1923 0
    endloop
  endfacet
  facet normal 0 0 -1
    outer loop
      vertex 2 -44 0
      vertex -39.3227 -10.6773 0
      vertex -38.6472 -9.95612 0
    endloop
  endfacet
  facet normal 0 0 -1
    outer loop
      vertex 2 -44 0
      vertex -40.0439 -11.3528 0
      vertex -39.3227 -10.6773 0
    endloop
  endfacet
  facet normal 0 0 -1
    outer loop
      vertex -85 -55 0
      vertex 3.02196 -46.2555 0
      vertex 3.17372 -46.3801 0
    endloop
  endfacet
  facet normal 0 0 -1
    outer loop
      vertex 2 -44 0
      vertex -40.8077 -11.9796 0
      vertex -40.0439 -11.3528 0
    endloop
  endfacet
  facet normal 0 0 -1
    outer loop
      vertex 2 -44 0
      vertex -41.6109 -12.5552 0
      vertex -40.8077 -11.9796 0
    endloop
  endfacet
  facet normal 0 0 -1
    outer loop
      vertex 2 -44 0
      vertex -42.45 -13.077 0
      vertex -41.6109 -12.5552 0
    endloop
  endfacet
  facet normal 0 0 -1
    outer loop
      vertex 2 -44 0
      vertex -43.3214 -13.5428 0
      vertex -42.45 -13.077 0
    endloop
  endfacet
  facet normal 0 0 -1
    outer loop
      vertex -85 -55 0
      vertex 3.17372 -46.3801 0
      vertex 3.33328 -46.4944 0
    endloop
  endfacet
  facet normal 0 0 -1
    outer loop
      vertex 2 -44 0
      vertex -44.2215 -13.9506 0
      vertex -43.3214 -13.5428 0
    endloop
  endfacet
  facet normal 0 0 -1
    outer loop
      vertex 2.00642 -44.1962 0
      vertex -45.1463 -14.2986 0
      vertex -44.2215 -13.9506 0
    endloop
  endfacet
  facet normal 0 0 -1
    outer loop
      vertex 2.02567 -44.3916 0
      vertex -46.0918 -14.5855 0
      vertex -45.1463 -14.2986 0
    endloop
  endfacet
  facet normal 0 0 -1
    outer loop
      vertex 2.10222 -44.7765 0
      vertex -47.0541 -14.8099 0
      vertex -46.0918 -14.5855 0
    endloop
  endfacet
  facet normal -0 0 -1
    outer loop
      vertex 2.10222 -44.7765 0
      vertex -78.3579 -45.44 0
      vertex -47.0541 -14.8099 0
    endloop
  endfacet
  facet normal 0 0 -1
    outer loop
      vertex -85 -55 0
      vertex 3.33328 -46.4944 0
      vertex 3.5 -46.5981 0
    endloop
  endfacet
  facet normal 0 -0 -1
    outer loop
      vertex -78.3327 -45.3317 0
      vertex -47.0541 -14.8099 0
      vertex -78.3579 -45.44 0
    endloop
  endfacet
  facet normal 0 0 -1
    outer loop
      vertex -47.0541 -14.8099 0
      vertex -78.3327 -45.3317 0
      vertex -48.0291 -14.9708 0
    endloop
  endfacet
  facet normal 0 -0 -1
    outer loop
      vertex -78.3036 -45.1112 0
      vertex -48.0291 -14.9708 0
      vertex -78.3145 -45.2219 0
    endloop
  endfacet
  facet normal 0 0 -1
    outer loop
      vertex -48.0291 -14.9708 0
      vertex -78.3036 -45.1112 0
      vertex -49.0124 -15.0677 0
    endloop
  endfacet
  facet normal 0 -0 -1
    outer loop
      vertex -78.3 -45 0
      vertex -49.0124 -15.0677 0
      vertex -78.3036 -45.1112 0
    endloop
  endfacet
  facet normal 0 0 -1
    outer loop
      vertex -49.0124 -15.0677 0
      vertex -78.3 -45 0
      vertex -50 -15.1 0
    endloop
  endfacet
  facet normal 0 0 -1
    outer loop
      vertex -78.3036 -44.8888 0
      vertex -50 -15.1 0
      vertex -78.3 -45 0
    endloop
  endfacet
  facet normal 0 0 -1
    outer loop
      vertex -78.3145 -44.7781 0
      vertex -50.9876 -15.0677 0
      vertex -78.3036 -44.8888 0
    endloop
  endfacet
  facet normal 0 0 -1
    outer loop
      vertex -78.3327 -44.6683 0
      vertex -50.9876 -15.0677 0
      vertex -78.3145 -44.7781 0
    endloop
  endfacet
  facet normal -0 0 -1
    outer loop
      vertex -50.9876 -15.0677 0
      vertex -78.3327 -44.6683 0
      vertex -51.9709 -14.9708 0
    endloop
  endfacet
  facet normal 0 0 -1
    outer loop
      vertex -79.0555 -43.5865 0
      vertex -58.3891 -12.5552 0
      vertex -78.9651 -43.6513 0
    endloop
  endfacet
  facet normal -0 0 -1
    outer loop
      vertex -57.55 -13.077 0
      vertex -78.9651 -43.6513 0
      vertex -58.3891 -12.5552 0
    endloop
  endfacet
  facet normal 0 0 -1
    outer loop
      vertex -78.9651 -43.6513 0
      vertex -57.55 -13.077 0
      vertex -78.8791 -43.7219 0
    endloop
  endfacet
  facet normal 0 0 -1
    outer loop
      vertex -78.8791 -43.7219 0
      vertex -57.55 -13.077 0
      vertex -78.7979 -43.7979 0
    endloop
  endfacet
  facet normal -0 0 -1
    outer loop
      vertex -56.6786 -13.5428 0
      vertex -78.7979 -43.7979 0
      vertex -57.55 -13.077 0
    endloop
  endfacet
  facet normal 0 0 -1
    outer loop
      vertex -78.7979 -43.7979 0
      vertex -56.6786 -13.5428 0
      vertex -78.7219 -43.8791 0
    endloop
  endfacet
  facet normal -0 0 -1
    outer loop
      vertex -55.7785 -13.9506 0
      vertex -78.7219 -43.8791 0
      vertex -56.6786 -13.5428 0
    endloop
  endfacet
  facet normal 0 0 -1
    outer loop
      vertex -78.7219 -43.8791 0
      vertex -55.7785 -13.9506 0
      vertex -78.6513 -43.9651 0
    endloop
  endfacet
  facet normal 0 0 -1
    outer loop
      vertex -78.6513 -43.9651 0
      vertex -55.7785 -13.9506 0
      vertex -78.5865 -44.0555 0
    endloop
  endfacet
  facet normal -0 0 -1
    outer loop
      vertex -54.8537 -14.2986 0
      vertex -78.5865 -44.0555 0
      vertex -55.7785 -13.9506 0
    endloop
  endfacet
  facet normal 0 0 -1
    outer loop
      vertex -78.5865 -44.0555 0
      vertex -54.8537 -14.2986 0
      vertex -78.5278 -44.15 0
    endloop
  endfacet
  facet normal -0 0 -1
    outer loop
      vertex -53.9082 -14.5855 0
      vertex -78.5278 -44.15 0
      vertex -54.8537 -14.2986 0
    endloop
  endfacet
  facet normal 0 0 -1
    outer loop
      vertex -78.5278 -44.15 0
      vertex -53.9082 -14.5855 0
      vertex -78.4753 -44.2481 0
    endloop
  endfacet
  facet normal 0 0 -1
    outer loop
      vertex -78.4753 -44.2481 0
      vertex -53.9082 -14.5855 0
      vertex -78.4294 -44.3494 0
    endloop
  endfacet
  facet normal -0 0 -1
    outer loop
      vertex -52.9459 -14.8099 0
      vertex -78.4294 -44.3494 0
      vertex -53.9082 -14.5855 0
    endloop
  endfacet
  facet normal 0 0 -1
    outer loop
      vertex -78.4294 -44.3494 0
      vertex -52.9459 -14.8099 0
      vertex -78.3902 -44.4536 0
    endloop
  endfacet
  facet normal -0 0 -1
    outer loop
      vertex -51.9709 -14.9708 0
      vertex -78.3579 -44.56 0
      vertex -52.9459 -14.8099 0
    endloop
  endfacet
  facet normal 0 0 -1
    outer loop
      vertex -85 -55 0
      vertex 3.5 -46.5981 0
      vertex 3.67314 -46.6906 0
    endloop
  endfacet
  facet normal 0 0 -1
    outer loop
      vertex -85 -55 0
      vertex 3.67314 -46.6906 0
      vertex 3.85194 -46.7716 0
    endloop
  endfacet
  facet normal 0 0 -1
    outer loop
      vertex -85 -55 0
      vertex 3.85194 -46.7716 0
      vertex 4.03568 -46.8408 0
    endloop
  endfacet
  facet normal 0 0 -1
    outer loop
      vertex -85 -55 0
      vertex 4.03568 -46.8408 0
      vertex 4.22354 -46.8978 0
    endloop
  endfacet
  facet normal 0 0 -1
    outer loop
      vertex -85 -55 0
      vertex 4.22354 -46.8978 0
      vertex 4.41473 -46.9424 0
    endloop
  endfacet
  facet normal 0 0 -1
    outer loop
      vertex -85 -55 0
      vertex 4.41473 -46.9424 0
      vertex 4.60843 -46.9743 0
    endloop
  endfacet
  facet normal -0 0 -1
    outer loop
      vertex 4.80379 -46.9936 0
      vertex -85 -55 0
      vertex 4.60843 -46.9743 0
    endloop
  endfacet
  facet normal 0 0 -1
    outer loop
      vertex -78.3902 -44.4536 0
      vertex -52.9459 -14.8099 0
      vertex -78.3579 -44.56 0
    endloop
  endfacet
  facet normal 0 0 -1
    outer loop
      vertex -78.3579 -44.56 0
      vertex -51.9709 -14.9708 0
      vertex -78.3327 -44.6683 0
    endloop
  endfacet
  facet normal -0 0 -1
    outer loop
      vertex -50 -15.1 0
      vertex -78.3036 -44.8888 0
      vertex -50.9876 -15.0677 0
    endloop
  endfacet
  facet normal 0 -0 -1
    outer loop
      vertex -78.3145 -45.2219 0
      vertex -48.0291 -14.9708 0
      vertex -78.3327 -45.3317 0
    endloop
  endfacet
  facet normal 0 0 -1
    outer loop
      vertex 2.15921 -44.9643 0
      vertex -78.3902 -45.5464 0
      vertex -78.3579 -45.44 0
    endloop
  endfacet
  facet normal 0 0 -1
    outer loop
      vertex 2.22836 -45.1481 0
      vertex -78.4294 -45.6506 0
      vertex -78.3902 -45.5464 0
    endloop
  endfacet
  facet normal 0 0 -1
    outer loop
      vertex 2.30939 -45.3269 0
      vertex -78.4753 -45.7519 0
      vertex -78.4294 -45.6506 0
    endloop
  endfacet
  facet normal 0 0 -1
    outer loop
      vertex 2.40192 -45.5 0
      vertex -78.5278 -45.85 0
      vertex -78.4753 -45.7519 0
    endloop
  endfacet
  facet normal 0 0 -1
    outer loop
      vertex 2.50558 -45.6667 0
      vertex -78.5865 -45.9445 0
      vertex -78.5278 -45.85 0
    endloop
  endfacet
  facet normal 0 0 -1
    outer loop
      vertex 2.61993 -45.8263 0
      vertex -78.6513 -46.0349 0
      vertex -78.5865 -45.9445 0
    endloop
  endfacet
  facet normal 0 0 -1
    outer loop
      vertex 2.74448 -45.978 0
      vertex -85 -55 0
      vertex -78.7219 -46.1209 0
    endloop
  endfacet
  facet normal 0 0 -1
    outer loop
      vertex 2.74448 -45.978 0
      vertex -78.7219 -46.1209 0
      vertex -78.6513 -46.0349 0
    endloop
  endfacet
  facet normal 0 0 -1
    outer loop
      vertex -78.7219 -46.1209 0
      vertex -85 -55 0
      vertex -78.7979 -46.2021 0
    endloop
  endfacet
  facet normal 0 0 -1
    outer loop
      vertex -78.7979 -46.2021 0
      vertex -85 -55 0
      vertex -78.8791 -46.2781 0
    endloop
  endfacet
  facet normal 0 0 -1
    outer loop
      vertex -78.8791 -46.2781 0
      vertex -85 -55 0
      vertex -78.9651 -46.3487 0
    endloop
  endfacet
  facet normal 0 0 -1
    outer loop
      vertex -78.9651 -46.3487 0
      vertex -85 -55 0
      vertex -79.0555 -46.4135 0
    endloop
  endfacet
  facet normal 0 0 -1
    outer loop
      vertex -79.0555 -46.4135 0
      vertex -85 -55 0
      vertex -79.15 -46.4722 0
    endloop
  endfacet
  facet normal 0 0 -1
    outer loop
      vertex -79.15 -46.4722 0
      vertex -85 -55 0
      vertex -79.2481 -46.5247 0
    endloop
  endfacet
  facet normal 0 0 -1
    outer loop
      vertex -79.2481 -46.5247 0
      vertex -85 -55 0
      vertex -79.3494 -46.5706 0
    endloop
  endfacet
  facet normal 0 0 -1
    outer loop
      vertex -79.3494 -46.5706 0
      vertex -85 -55 0
      vertex -79.4536 -46.6098 0
    endloop
  endfacet
  facet normal 0 0 -1
    outer loop
      vertex -79.4536 -46.6098 0
      vertex -85 -55 0
      vertex -79.56 -46.6421 0
    endloop
  endfacet
  facet normal 0 0 -1
    outer loop
      vertex -79.56 -46.6421 0
      vertex -85 -55 0
      vertex -79.6684 -46.6673 0
    endloop
  endfacet
  facet normal 0 0 -1
    outer loop
      vertex -79.6684 -46.6673 0
      vertex -85 -55 0
      vertex -79.7781 -46.6855 0
    endloop
  endfacet
  facet normal 0 0 -1
    outer loop
      vertex -79.7781 -46.6855 0
      vertex -85 -55 0
      vertex -79.8888 -46.6964 0
    endloop
  endfacet
  facet normal 0 0 -1
    outer loop
      vertex -79.8888 -46.6964 0
      vertex -85 -55 0
      vertex -80 -46.7 0
    endloop
  endfacet
  facet normal -0 0 -1
    outer loop
      vertex -81.6964 -45.1112 0
      vertex -90 -50 0
      vertex -81.7 -45 0
    endloop
  endfacet
  facet normal -0 0 -1
    outer loop
      vertex -81.6855 -45.2219 0
      vertex -90 -50 0
      vertex -81.6964 -45.1112 0
    endloop
  endfacet
  facet normal -0 0 -1
    outer loop
      vertex -81.6673 -45.3317 0
      vertex -90 -50 0
      vertex -81.6855 -45.2219 0
    endloop
  endfacet
  facet normal -0 0 -1
    outer loop
      vertex -81.6421 -45.44 0
      vertex -90 -50 0
      vertex -81.6673 -45.3317 0
    endloop
  endfacet
  facet normal -0 0 -1
    outer loop
      vertex -81.6098 -45.5464 0
      vertex -90 -50 0
      vertex -81.6421 -45.44 0
    endloop
  endfacet
  facet normal -0 0 -1
    outer loop
      vertex -81.5706 -45.6506 0
      vertex -90 -50 0
      vertex -81.6098 -45.5464 0
    endloop
  endfacet
  facet normal -0 0 -1
    outer loop
      vertex -81.5247 -45.7519 0
      vertex -90 -50 0
      vertex -81.5706 -45.6506 0
    endloop
  endfacet
  facet normal -0 0 -1
    outer loop
      vertex -81.4722 -45.85 0
      vertex -90 -50 0
      vertex -81.5247 -45.7519 0
    endloop
  endfacet
  facet normal -0 0 -1
    outer loop
      vertex -81.4135 -45.9445 0
      vertex -90 -50 0
      vertex -81.4722 -45.85 0
    endloop
  endfacet
  facet normal -0 0 -1
    outer loop
      vertex -81.3487 -46.0349 0
      vertex -90 -50 0
      vertex -81.4135 -45.9445 0
    endloop
  endfacet
  facet normal -0 0 -1
    outer loop
      vertex -81.2781 -46.1209 0
      vertex -90 -50 0
      vertex -81.3487 -46.0349 0
    endloop
  endfacet
  facet normal -0 0 -1
    outer loop
      vertex -81.2021 -46.2021 0
      vertex -90 -50 0
      vertex -81.2781 -46.1209 0
    endloop
  endfacet
  facet normal 0 0 -1
    outer loop
      vertex -90 -50 0
      vertex -81.2021 -46.2021 0
      vertex -85 -55 0
    endloop
  endfacet
  facet normal -0 0 -1
    outer loop
      vertex -81.1209 -46.2781 0
      vertex -85 -55 0
      vertex -81.2021 -46.2021 0
    endloop
  endfacet
  facet normal -0 0 -1
    outer loop
      vertex -81.0349 -46.3487 0
      vertex -85 -55 0
      vertex -81.1209 -46.2781 0
    endloop
  endfacet
  facet normal -0 0 -1
    outer loop
      vertex -80.9445 -46.4135 0
      vertex -85 -55 0
      vertex -81.0349 -46.3487 0
    endloop
  endfacet
  facet normal -0 0 -1
    outer loop
      vertex -80.85 -46.4722 0
      vertex -85 -55 0
      vertex -80.9445 -46.4135 0
    endloop
  endfacet
  facet normal -0 0 -1
    outer loop
      vertex -80.7519 -46.5247 0
      vertex -85 -55 0
      vertex -80.85 -46.4722 0
    endloop
  endfacet
  facet normal -0 0 -1
    outer loop
      vertex -80.6506 -46.5706 0
      vertex -85 -55 0
      vertex -80.7519 -46.5247 0
    endloop
  endfacet
  facet normal -0 0 -1
    outer loop
      vertex -80.5464 -46.6098 0
      vertex -85 -55 0
      vertex -80.6506 -46.5706 0
    endloop
  endfacet
  facet normal -0 0 -1
    outer loop
      vertex -80.44 -46.6421 0
      vertex -85 -55 0
      vertex -80.5464 -46.6098 0
    endloop
  endfacet
  facet normal -0 0 -1
    outer loop
      vertex -80.3316 -46.6673 0
      vertex -85 -55 0
      vertex -80.44 -46.6421 0
    endloop
  endfacet
  facet normal -0 0 -1
    outer loop
      vertex -80.2219 -46.6855 0
      vertex -85 -55 0
      vertex -80.3316 -46.6673 0
    endloop
  endfacet
  facet normal -0 0 -1
    outer loop
      vertex -80.1112 -46.6964 0
      vertex -85 -55 0
      vertex -80.2219 -46.6855 0
    endloop
  endfacet
  facet normal -0 0 -1
    outer loop
      vertex -80 -46.7 0
      vertex -85 -55 0
      vertex -80.1112 -46.6964 0
    endloop
  endfacet
  facet normal -0 0 -1
    outer loop
      vertex 88.7592 53.2967 0
      vertex 81.2021 46.2021 0
      vertex 88.5355 53.5355 0
    endloop
  endfacet
  facet normal -0 0 -1
    outer loop
      vertex 88.5355 53.5355 0
      vertex 81.2021 46.2021 0
      vertex 88.2967 53.7592 0
    endloop
  endfacet
  facet normal -0 0 -1
    outer loop
      vertex 88.2967 53.7592 0
      vertex 81.2021 46.2021 0
      vertex 88.0438 53.9668 0
    endloop
  endfacet
  facet normal -0 0 -1
    outer loop
      vertex 88.0438 53.9668 0
      vertex 81.2021 46.2021 0
      vertex 87.7778 54.1573 0
    endloop
  endfacet
  facet normal -0 0 -1
    outer loop
      vertex 87.7778 54.1573 0
      vertex 81.2021 46.2021 0
      vertex 87.5 54.3301 0
    endloop
  endfacet
  facet normal -0 0 -1
    outer loop
      vertex 87.5 54.3301 0
      vertex 81.2021 46.2021 0
      vertex 87.2114 54.4844 0
    endloop
  endfacet
  facet normal -0 0 -1
    outer loop
      vertex 87.2114 54.4844 0
      vertex 81.2021 46.2021 0
      vertex 86.9134 54.6194 0
    endloop
  endfacet
  facet normal -0 0 -1
    outer loop
      vertex 86.9134 54.6194 0
      vertex 81.2021 46.2021 0
      vertex 86.6072 54.7346 0
    endloop
  endfacet
  facet normal -0 0 -1
    outer loop
      vertex 86.6072 54.7346 0
      vertex 81.2021 46.2021 0
      vertex 86.2941 54.8296 0
    endloop
  endfacet
  facet normal -0 0 -1
    outer loop
      vertex 86.2941 54.8296 0
      vertex 81.2021 46.2021 0
      vertex 85.9754 54.9039 0
    endloop
  endfacet
  facet normal -0 0 -1
    outer loop
      vertex 85.9754 54.9039 0
      vertex 81.2021 46.2021 0
      vertex 85.6526 54.9572 0
    endloop
  endfacet
  facet normal -0 0 -1
    outer loop
      vertex 85.6526 54.9572 0
      vertex 81.2021 46.2021 0
      vertex 85.327 54.9893 0
    endloop
  endfacet
  facet normal -0 0 -1
    outer loop
      vertex 85.327 54.9893 0
      vertex 81.2021 46.2021 0
      vertex 85 55 0
    endloop
  endfacet
  facet normal 0 0 -1
    outer loop
      vertex 81.1209 46.2781 0
      vertex 85 55 0
      vertex 81.2021 46.2021 0
    endloop
  endfacet
  facet normal 0 0 -1
    outer loop
      vertex 81.0349 46.3487 0
      vertex 85 55 0
      vertex 81.1209 46.2781 0
    endloop
  endfacet
  facet normal 0 0 -1
    outer loop
      vertex 80.9445 46.4135 0
      vertex 85 55 0
      vertex 81.0349 46.3487 0
    endloop
  endfacet
  facet normal 0 0 -1
    outer loop
      vertex 80.85 46.4722 0
      vertex 85 55 0
      vertex 80.9445 46.4135 0
    endloop
  endfacet
  facet normal 0 0 -1
    outer loop
      vertex 80.7519 46.5247 0
      vertex 85 55 0
      vertex 80.85 46.4722 0
    endloop
  endfacet
  facet normal 0 0 -1
    outer loop
      vertex 80.6506 46.5706 0
      vertex 85 55 0
      vertex 80.7519 46.5247 0
    endloop
  endfacet
  facet normal 0 0 -1
    outer loop
      vertex 80.5464 46.6098 0
      vertex 85 55 0
      vertex 80.6506 46.5706 0
    endloop
  endfacet
  facet normal 0 0 -1
    outer loop
      vertex 80.44 46.6421 0
      vertex 85 55 0
      vertex 80.5464 46.6098 0
    endloop
  endfacet
  facet normal 0 0 -1
    outer loop
      vertex 80.3316 46.6673 0
      vertex 85 55 0
      vertex 80.44 46.6421 0
    endloop
  endfacet
  facet normal 0 0 -1
    outer loop
      vertex 80.2219 46.6855 0
      vertex 85 55 0
      vertex 80.3316 46.6673 0
    endloop
  endfacet
  facet normal 0 0 -1
    outer loop
      vertex 80.1112 46.6964 0
      vertex 85 55 0
      vertex 80.2219 46.6855 0
    endloop
  endfacet
  facet normal 0 0 -1
    outer loop
      vertex 80 46.7 0
      vertex 85 55 0
      vertex 80.1112 46.6964 0
    endloop
  endfacet
  facet normal 0 0 -1
    outer loop
      vertex 79.8888 46.6964 0
      vertex 85 55 0
      vertex 80 46.7 0
    endloop
  endfacet
  facet normal 0 0 -1
    outer loop
      vertex 79.7781 46.6855 0
      vertex 85 55 0
      vertex 79.8888 46.6964 0
    endloop
  endfacet
  facet normal 0 0 -1
    outer loop
      vertex 79.6684 46.6673 0
      vertex 85 55 0
      vertex 79.7781 46.6855 0
    endloop
  endfacet
  facet normal 0 0 -1
    outer loop
      vertex 79.56 46.6421 0
      vertex 85 55 0
      vertex 79.6684 46.6673 0
    endloop
  endfacet
  facet normal 0 0 -1
    outer loop
      vertex 79.4536 46.6098 0
      vertex 85 55 0
      vertex 79.56 46.6421 0
    endloop
  endfacet
  facet normal 0 0 -1
    outer loop
      vertex 79.3494 46.5706 0
      vertex 85 55 0
      vertex 79.4536 46.6098 0
    endloop
  endfacet
  facet normal 0 0 -1
    outer loop
      vertex 79.2481 46.5247 0
      vertex 85 55 0
      vertex 79.3494 46.5706 0
    endloop
  endfacet
  facet normal 0 0 -1
    outer loop
      vertex 79.15 46.4722 0
      vertex 85 55 0
      vertex 79.2481 46.5247 0
    endloop
  endfacet
  facet normal 0 0 -1
    outer loop
      vertex 66.6667 46.4944 0
      vertex 79.15 46.4722 0
      vertex 79.0555 46.4135 0
    endloop
  endfacet
  facet normal 0 0 -1
    outer loop
      vertex 66.6667 46.4944 0
      vertex 79.0555 46.4135 0
      vertex 78.9651 46.3487 0
    endloop
  endfacet
  facet normal 0 0 -1
    outer loop
      vertex 66.8263 46.3801 0
      vertex 78.9651 46.3487 0
      vertex 78.8791 46.2781 0
    endloop
  endfacet
  facet normal 0 0 -1
    outer loop
      vertex 66.978 46.2555 0
      vertex 78.8791 46.2781 0
      vertex 78.7979 46.2021 0
    endloop
  endfacet
  facet normal 0 0 -1
    outer loop
      vertex 67.1213 46.1213 0
      vertex 78.7979 46.2021 0
      vertex 78.7219 46.1209 0
    endloop
  endfacet
  facet normal 0 0 -1
    outer loop
      vertex 67.2555 45.978 0
      vertex 78.7219 46.1209 0
      vertex 78.6513 46.0349 0
    endloop
  endfacet
  facet normal 0 0 -1
    outer loop
      vertex 67.3801 45.8263 0
      vertex 78.6513 46.0349 0
      vertex 78.5865 45.9445 0
    endloop
  endfacet
  facet normal -0 0 -1
    outer loop
      vertex 78.3145 44.7781 0
      vertex 67.9936 44.1962 0
      vertex 78.3036 44.8888 0
    endloop
  endfacet
  facet normal -0 0 -1
    outer loop
      vertex 78.3036 44.8888 0
      vertex 67.9936 44.1962 0
      vertex 78.3 45 0
    endloop
  endfacet
  facet normal 0 0 -1
    outer loop
      vertex 67.9743 44.3916 0
      vertex 78.3 45 0
      vertex 67.9936 44.1962 0
    endloop
  endfacet
  facet normal -0 0 -1
    outer loop
      vertex 78.3 45 0
      vertex 67.9743 44.3916 0
      vertex 78.3036 45.1112 0
    endloop
  endfacet
  facet normal 0 0 -1
    outer loop
      vertex 67.9424 44.5853 0
      vertex 78.3036 45.1112 0
      vertex 67.9743 44.3916 0
    endloop
  endfacet
  facet normal -0 0 -1
    outer loop
      vertex 78.3036 45.1112 0
      vertex 67.9424 44.5853 0
      vertex 78.3145 45.2219 0
    endloop
  endfacet
  facet normal 0 0 -1
    outer loop
      vertex 67.8978 44.7765 0
      vertex 78.3145 45.2219 0
      vertex 67.9424 44.5853 0
    endloop
  endfacet
  facet normal -0 0 -1
    outer loop
      vertex 78.3145 45.2219 0
      vertex 67.8978 44.7765 0
      vertex 78.3327 45.3317 0
    endloop
  endfacet
  facet normal 0 0 -1
    outer loop
      vertex 67.8408 44.9643 0
      vertex 78.3327 45.3317 0
      vertex 67.8978 44.7765 0
    endloop
  endfacet
  facet normal -0 0 -1
    outer loop
      vertex 78.3327 45.3317 0
      vertex 67.8408 44.9643 0
      vertex 78.3579 45.44 0
    endloop
  endfacet
  facet normal 0 0 -1
    outer loop
      vertex 67.7716 45.1481 0
      vertex 78.3579 45.44 0
      vertex 67.8408 44.9643 0
    endloop
  endfacet
  facet normal -0 0 -1
    outer loop
      vertex 78.3579 45.44 0
      vertex 67.7716 45.1481 0
      vertex 78.3902 45.5464 0
    endloop
  endfacet
  facet normal -0 0 -1
    outer loop
      vertex 78.3902 45.5464 0
      vertex 67.7716 45.1481 0
      vertex 78.4294 45.6506 0
    endloop
  endfacet
  facet normal 0 0 -1
    outer loop
      vertex 67.6906 45.3269 0
      vertex 78.4294 45.6506 0
      vertex 67.7716 45.1481 0
    endloop
  endfacet
  facet normal -0 0 -1
    outer loop
      vertex 78.4294 45.6506 0
      vertex 67.6906 45.3269 0
      vertex 78.4753 45.7519 0
    endloop
  endfacet
  facet normal 0 0 -1
    outer loop
      vertex 67.5981 45.5 0
      vertex 78.4753 45.7519 0
      vertex 67.6906 45.3269 0
    endloop
  endfacet
  facet normal -0 0 -1
    outer loop
      vertex 78.4753 45.7519 0
      vertex 67.5981 45.5 0
      vertex 78.5278 45.85 0
    endloop
  endfacet
  facet normal 0 0 -1
    outer loop
      vertex 67.4944 45.6667 0
      vertex 78.5278 45.85 0
      vertex 67.5981 45.5 0
    endloop
  endfacet
  facet normal -0 0 -1
    outer loop
      vertex 78.5278 45.85 0
      vertex 67.4944 45.6667 0
      vertex 78.5865 45.9445 0
    endloop
  endfacet
  facet normal 0 0 -1
    outer loop
      vertex 67.3801 45.8263 0
      vertex 78.5865 45.9445 0
      vertex 67.4944 45.6667 0
    endloop
  endfacet
  facet normal 0 0 -1
    outer loop
      vertex 78.6513 46.0349 0
      vertex 67.3801 45.8263 0
      vertex 67.2555 45.978 0
    endloop
  endfacet
  facet normal -0 0 -1
    outer loop
      vertex 78.7219 46.1209 0
      vertex 67.2555 45.978 0
      vertex 67.1213 46.1213 0
    endloop
  endfacet
  facet normal -0 0 -1
    outer loop
      vertex 78.7979 46.2021 0
      vertex 67.1213 46.1213 0
      vertex 66.978 46.2555 0
    endloop
  endfacet
  facet normal -0 0 -1
    outer loop
      vertex 78.8791 46.2781 0
      vertex 66.978 46.2555 0
      vertex 66.8263 46.3801 0
    endloop
  endfacet
  facet normal 0 0 -1
    outer loop
      vertex 78.9651 46.3487 0
      vertex 66.8263 46.3801 0
      vertex 66.6667 46.4944 0
    endloop
  endfacet
  facet normal 0 0 -1
    outer loop
      vertex 79.15 46.4722 0
      vertex 66.6667 46.4944 0
      vertex 66.5 46.5981 0
    endloop
  endfacet
  facet normal 0 0 -1
    outer loop
      vertex 79.15 46.4722 0
      vertex 66.5 46.5981 0
      vertex 85 55 0
    endloop
  endfacet
  facet normal 0 0 -1
    outer loop
      vertex 66.3269 46.6906 0
      vertex 85 55 0
      vertex 66.5 46.5981 0
    endloop
  endfacet
  facet normal 0 0 -1
    outer loop
      vertex 66.1481 46.7716 0
      vertex 85 55 0
      vertex 66.3269 46.6906 0
    endloop
  endfacet
  facet normal 0 0 -1
    outer loop
      vertex 65.9643 46.8408 0
      vertex 85 55 0
      vertex 66.1481 46.7716 0
    endloop
  endfacet
  facet normal 0 0 -1
    outer loop
      vertex 65.7765 46.8978 0
      vertex 85 55 0
      vertex 65.9643 46.8408 0
    endloop
  endfacet
  facet normal 0 0 -1
    outer loop
      vertex 65.5853 46.9424 0
      vertex 85 55 0
      vertex 65.7765 46.8978 0
    endloop
  endfacet
  facet normal 0 0 -1
    outer loop
      vertex 65.3916 46.9743 0
      vertex 85 55 0
      vertex 65.5853 46.9424 0
    endloop
  endfacet
  facet normal 0 0 -1
    outer loop
      vertex 65.1962 46.9936 0
      vertex 85 55 0
      vertex 65.3916 46.9743 0
    endloop
  endfacet
  facet normal 0 0 -1
    outer loop
      vertex 65 47 0
      vertex 85 55 0
      vertex 65.1962 46.9936 0
    endloop
  endfacet
  facet normal 0 0 -1
    outer loop
      vertex 5 47 0
      vertex 85 55 0
      vertex 65 47 0
    endloop
  endfacet
  facet normal 0 0 -1
    outer loop
      vertex -85 55 0
      vertex 5 47 0
      vertex 4.80379 46.9936 0
    endloop
  endfacet
  facet normal 0 0 -1
    outer loop
      vertex -85 55 0
      vertex 4.80379 46.9936 0
      vertex 4.60843 46.9743 0
    endloop
  endfacet
  facet normal 0 0 -1
    outer loop
      vertex -34.9323 0.987587 0
      vertex 2 44 0
      vertex -34.9 0 0
    endloop
  endfacet
  facet normal 0 0 -1
    outer loop
      vertex -35.0292 1.97095 0
      vertex 2 44 0
      vertex -34.9323 0.987587 0
    endloop
  endfacet
  facet normal 0 0 -1
    outer loop
      vertex -35.1901 2.94586 0
      vertex 2 44 0
      vertex -35.0292 1.97095 0
    endloop
  endfacet
  facet normal 0 0 -1
    outer loop
      vertex -35.4145 3.90817 0
      vertex 2 44 0
      vertex -35.1901 2.94586 0
    endloop
  endfacet
  facet normal 0 0 -1
    outer loop
      vertex -35.7014 4.85374 0
      vertex 2 44 0
      vertex -35.4145 3.90817 0
    endloop
  endfacet
  facet normal 0 0 -1
    outer loop
      vertex -36.0494 5.77852 0
      vertex 2 44 0
      vertex -35.7014 4.85374 0
    endloop
  endfacet
  facet normal 0 0 -1
    outer loop
      vertex -36.4572 6.67856 0
      vertex 2 44 0
      vertex -36.0494 5.77852 0
    endloop
  endfacet
  facet normal 0 0 -1
    outer loop
      vertex -36.923 7.55 0
      vertex 2 44 0
      vertex -36.4572 6.67856 0
    endloop
  endfacet
  facet normal 0 0 -1
    outer loop
      vertex -37.4448 8.38911 0
      vertex 2 44 0
      vertex -36.923 7.55 0
    endloop
  endfacet
  facet normal 0 0 -1
    outer loop
      vertex -38.0204 9.1923 0
      vertex 2 44 0
      vertex -37.4448 8.38911 0
    endloop
  endfacet
  facet normal 0 0 -1
    outer loop
      vertex -38.6472 9.95612 0
      vertex 2 44 0
      vertex -38.0204 9.1923 0
    endloop
  endfacet
  facet normal 0 0 -1
    outer loop
      vertex -39.3227 10.6773 0
      vertex 2 44 0
      vertex -38.6472 9.95612 0
    endloop
  endfacet
  facet normal 0 0 -1
    outer loop
      vertex -40.0439 11.3528 0
      vertex 2 44 0
      vertex -39.3227 10.6773 0
    endloop
  endfacet
  facet normal 0 0 -1
    outer loop
      vertex -40.8077 11.9796 0
      vertex 2 44 0
      vertex -40.0439 11.3528 0
    endloop
  endfacet
  facet normal 0 0 -1
    outer loop
      vertex -41.6109 12.5552 0
      vertex 2 44 0
      vertex -40.8077 11.9796 0
    endloop
  endfacet
  facet normal 0 0 -1
    outer loop
      vertex -42.45 13.077 0
      vertex 2 44 0
      vertex -41.6109 12.5552 0
    endloop
  endfacet
  facet normal 0 0 -1
    outer loop
      vertex -43.3214 13.5428 0
      vertex 2 44 0
      vertex -42.45 13.077 0
    endloop
  endfacet
  facet normal 0 0 -1
    outer loop
      vertex -44.2215 13.9506 0
      vertex 2 44 0
      vertex -43.3214 13.5428 0
    endloop
  endfacet
  facet normal -0 0 -1
    outer loop
      vertex 2 44 0
      vertex -44.2215 13.9506 0
      vertex 2.00642 44.1962 0
    endloop
  endfacet
  facet normal 0 0 -1
    outer loop
      vertex -45.1463 14.2986 0
      vertex 2.00642 44.1962 0
      vertex -44.2215 13.9506 0
    endloop
  endfacet
  facet normal -0 0 -1
    outer loop
      vertex 2.00642 44.1962 0
      vertex -45.1463 14.2986 0
      vertex 2.02567 44.3916 0
    endloop
  endfacet
  facet normal 0 0 -1
    outer loop
      vertex -46.0918 14.5855 0
      vertex 2.02567 44.3916 0
      vertex -45.1463 14.2986 0
    endloop
  endfacet
  facet normal -0 0 -1
    outer loop
      vertex 2.02567 44.3916 0
      vertex -46.0918 14.5855 0
      vertex 2.05765 44.5853 0
    endloop
  endfacet
  facet normal -0 0 -1
    outer loop
      vertex 2.05765 44.5853 0
      vertex -46.0918 14.5855 0
      vertex 2.10222 44.7765 0
    endloop
  endfacet
  facet normal 0 0 -1
    outer loop
      vertex -47.0541 14.8099 0
      vertex 2.10222 44.7765 0
      vertex -46.0918 14.5855 0
    endloop
  endfacet
  facet normal 0 0 -1
    outer loop
      vertex -78.3579 45.44 0
      vertex 2.10222 44.7765 0
      vertex -47.0541 14.8099 0
    endloop
  endfacet
  facet normal 0 0 -1
    outer loop
      vertex 2.10222 44.7765 0
      vertex -78.3579 45.44 0
      vertex 2.15921 44.9643 0
    endloop
  endfacet
  facet normal 0 0 -1
    outer loop
      vertex -78.3902 45.5464 0
      vertex 2.15921 44.9643 0
      vertex -78.3579 45.44 0
    endloop
  endfacet
  facet normal 0 0 -1
    outer loop
      vertex 2.15921 44.9643 0
      vertex -78.3902 45.5464 0
      vertex 2.22836 45.1481 0
    endloop
  endfacet
  facet normal 0 0 -1
    outer loop
      vertex -78.4294 45.6506 0
      vertex 2.22836 45.1481 0
      vertex -78.3902 45.5464 0
    endloop
  endfacet
  facet normal 0 0 -1
    outer loop
      vertex 2.22836 45.1481 0
      vertex -78.4294 45.6506 0
      vertex 2.30939 45.3269 0
    endloop
  endfacet
  facet normal 0 0 -1
    outer loop
      vertex -78.4753 45.7519 0
      vertex 2.30939 45.3269 0
      vertex -78.4294 45.6506 0
    endloop
  endfacet
  facet normal 0 0 -1
    outer loop
      vertex 2.30939 45.3269 0
      vertex -78.4753 45.7519 0
      vertex 2.40192 45.5 0
    endloop
  endfacet
  facet normal 0 0 -1
    outer loop
      vertex -78.5278 45.85 0
      vertex 2.40192 45.5 0
      vertex -78.4753 45.7519 0
    endloop
  endfacet
  facet normal 0 0 -1
    outer loop
      vertex 2.40192 45.5 0
      vertex -78.5278 45.85 0
      vertex 2.50558 45.6667 0
    endloop
  endfacet
  facet normal 0 0 -1
    outer loop
      vertex -78.5865 45.9445 0
      vertex 2.50558 45.6667 0
      vertex -78.5278 45.85 0
    endloop
  endfacet
  facet normal 0 0 -1
    outer loop
      vertex -78.3327 45.3317 0
      vertex -47.0541 14.8099 0
      vertex -48.0291 14.9708 0
    endloop
  endfacet
  facet normal 0 0 -1
    outer loop
      vertex 2.50558 45.6667 0
      vertex -78.5865 45.9445 0
      vertex 2.61993 45.8263 0
    endloop
  endfacet
  facet normal 0 0 -1
    outer loop
      vertex -78.3036 45.1112 0
      vertex -48.0291 14.9708 0
      vertex -49.0124 15.0677 0
    endloop
  endfacet
  facet normal 0 0 -1
    outer loop
      vertex -78.3 45 0
      vertex -49.0124 15.0677 0
      vertex -50 15.1 0
    endloop
  endfacet
  facet normal 0 0 -1
    outer loop
      vertex -78.3 45 0
      vertex -50 15.1 0
      vertex -50.9876 15.0677 0
    endloop
  endfacet
  facet normal 0 0 -1
    outer loop
      vertex -78.3 45 0
      vertex -50.9876 15.0677 0
      vertex -51.9709 14.9708 0
    endloop
  endfacet
  facet normal 0 0 -1
    outer loop
      vertex -78.3 45 0
      vertex -51.9709 14.9708 0
      vertex -52.9459 14.8099 0
    endloop
  endfacet
  facet normal 0 0 -1
    outer loop
      vertex -78.3 45 0
      vertex -52.9459 14.8099 0
      vertex -53.9082 14.5855 0
    endloop
  endfacet
  facet normal 0 0 -1
    outer loop
      vertex -78.3 45 0
      vertex -53.9082 14.5855 0
      vertex -54.8537 14.2986 0
    endloop
  endfacet
  facet normal 0 0 -1
    outer loop
      vertex -78.3 45 0
      vertex -54.8537 14.2986 0
      vertex -55.7785 13.9506 0
    endloop
  endfacet
  facet normal 0 0 -1
    outer loop
      vertex -78.3 45 0
      vertex -55.7785 13.9506 0
      vertex -56.6786 13.5428 0
    endloop
  endfacet
  facet normal 0 0 -1
    outer loop
      vertex -78.3 45 0
      vertex -56.6786 13.5428 0
      vertex -57.55 13.077 0
    endloop
  endfacet
  facet normal 0 0 -1
    outer loop
      vertex -79.15 -43.5278 0
      vertex -58.3891 -12.5552 0
      vertex -79.0555 -43.5865 0
    endloop
  endfacet
  facet normal 0 0 -1
    outer loop
      vertex -65.1 0 0
      vertex -78.3 45 0
      vertex -65.0677 0.987587 0
    endloop
  endfacet
  facet normal 0 0 -1
    outer loop
      vertex -65.0677 0.987587 0
      vertex -78.3 45 0
      vertex -64.9708 1.97095 0
    endloop
  endfacet
  facet normal 0 0 -1
    outer loop
      vertex -64.9708 1.97095 0
      vertex -78.3 45 0
      vertex -64.8099 2.94586 0
    endloop
  endfacet
  facet normal 0 0 -1
    outer loop
      vertex -64.8099 2.94586 0
      vertex -78.3 45 0
      vertex -64.5855 3.90817 0
    endloop
  endfacet
  facet normal 0 0 -1
    outer loop
      vertex -78.3 45 0
      vertex -64.2986 4.85374 0
      vertex -64.5855 3.90817 0
    endloop
  endfacet
  facet normal 0 0 -1
    outer loop
      vertex -78.3 45 0
      vertex -63.9506 5.77852 0
      vertex -64.2986 4.85374 0
    endloop
  endfacet
  facet normal 0 0 -1
    outer loop
      vertex -78.3 45 0
      vertex -63.5428 6.67856 0
      vertex -63.9506 5.77852 0
    endloop
  endfacet
  facet normal 0 0 -1
    outer loop
      vertex -78.3 45 0
      vertex -63.077 7.55 0
      vertex -63.5428 6.67856 0
    endloop
  endfacet
  facet normal 0 0 -1
    outer loop
      vertex -78.3 45 0
      vertex -62.5552 8.38911 0
      vertex -63.077 7.55 0
    endloop
  endfacet
  facet normal 0 0 -1
    outer loop
      vertex -78.3 45 0
      vertex -61.9796 9.1923 0
      vertex -62.5552 8.38911 0
    endloop
  endfacet
  facet normal 0 0 -1
    outer loop
      vertex -78.3 45 0
      vertex -61.3528 9.95612 0
      vertex -61.9796 9.1923 0
    endloop
  endfacet
  facet normal 0 0 -1
    outer loop
      vertex -78.3 45 0
      vertex -60.6773 10.6773 0
      vertex -61.3528 9.95612 0
    endloop
  endfacet
  facet normal 0 0 -1
    outer loop
      vertex -78.3 45 0
      vertex -59.9561 11.3528 0
      vertex -60.6773 10.6773 0
    endloop
  endfacet
  facet normal 0 0 -1
    outer loop
      vertex -78.3 45 0
      vertex -59.1923 11.9796 0
      vertex -59.9561 11.3528 0
    endloop
  endfacet
  facet normal 0 0 -1
    outer loop
      vertex -78.3 45 0
      vertex -58.3891 12.5552 0
      vertex -59.1923 11.9796 0
    endloop
  endfacet
  facet normal 0 0 -1
    outer loop
      vertex -78.3 45 0
      vertex -57.55 13.077 0
      vertex -58.3891 12.5552 0
    endloop
  endfacet
  facet normal 0 0 -1
    outer loop
      vertex -49.0124 15.0677 0
      vertex -78.3 45 0
      vertex -78.3036 45.1112 0
    endloop
  endfacet
  facet normal 0 0 -1
    outer loop
      vertex -48.0291 14.9708 0
      vertex -78.3036 45.1112 0
      vertex -78.3145 45.2219 0
    endloop
  endfacet
  facet normal 0 0 -1
    outer loop
      vertex -48.0291 14.9708 0
      vertex -78.3145 45.2219 0
      vertex -78.3327 45.3317 0
    endloop
  endfacet
  facet normal 0 0 -1
    outer loop
      vertex -47.0541 14.8099 0
      vertex -78.3327 45.3317 0
      vertex -78.3579 45.44 0
    endloop
  endfacet
  facet normal 0 0 -1
    outer loop
      vertex -78.6513 46.0349 0
      vertex 2.61993 45.8263 0
      vertex -78.5865 45.9445 0
    endloop
  endfacet
  facet normal 0 0 -1
    outer loop
      vertex 2.61993 45.8263 0
      vertex -78.6513 46.0349 0
      vertex 2.74448 45.978 0
    endloop
  endfacet
  facet normal 0 0 -1
    outer loop
      vertex -78.7219 46.1209 0
      vertex 2.74448 45.978 0
      vertex -78.6513 46.0349 0
    endloop
  endfacet
  facet normal 0 0 -1
    outer loop
      vertex -85 55 0
      vertex 2.74448 45.978 0
      vertex -78.7219 46.1209 0
    endloop
  endfacet
  facet normal 0 0 -1
    outer loop
      vertex 2.74448 45.978 0
      vertex -85 55 0
      vertex 2.87868 46.1213 0
    endloop
  endfacet
  facet normal 0 0 -1
    outer loop
      vertex 2.87868 46.1213 0
      vertex -85 55 0
      vertex 3.02196 46.2555 0
    endloop
  endfacet
  facet normal 0 0 -1
    outer loop
      vertex 3.02196 46.2555 0
      vertex -85 55 0
      vertex 3.17372 46.3801 0
    endloop
  endfacet
  facet normal 0 0 -1
    outer loop
      vertex 3.17372 46.3801 0
      vertex -85 55 0
      vertex 3.33328 46.4944 0
    endloop
  endfacet
  facet normal 0 0 -1
    outer loop
      vertex 3.33328 46.4944 0
      vertex -85 55 0
      vertex 3.5 46.5981 0
    endloop
  endfacet
  facet normal 0 0 -1
    outer loop
      vertex 3.5 46.5981 0
      vertex -85 55 0
      vertex 3.67314 46.6906 0
    endloop
  endfacet
  facet normal 0 0 -1
    outer loop
      vertex 3.67314 46.6906 0
      vertex -85 55 0
      vertex 3.85194 46.7716 0
    endloop
  endfacet
  facet normal 0 0 -1
    outer loop
      vertex 3.85194 46.7716 0
      vertex -85 55 0
      vertex 4.03568 46.8408 0
    endloop
  endfacet
  facet normal 0 0 -1
    outer loop
      vertex 4.03568 46.8408 0
      vertex -85 55 0
      vertex 4.22354 46.8978 0
    endloop
  endfacet
  facet normal 0 0 -1
    outer loop
      vertex 4.22354 46.8978 0
      vertex -85 55 0
      vertex 4.41473 46.9424 0
    endloop
  endfacet
  facet normal 0 0 -1
    outer loop
      vertex 4.41473 46.9424 0
      vertex -85 55 0
      vertex 4.60843 46.9743 0
    endloop
  endfacet
  facet normal 0 0 -1
    outer loop
      vertex -85 55 0
      vertex -78.7219 46.1209 0
      vertex -78.7979 46.2021 0
    endloop
  endfacet
  facet normal 0 0 -1
    outer loop
      vertex -85 55 0
      vertex -78.7979 46.2021 0
      vertex -78.8791 46.2781 0
    endloop
  endfacet
  facet normal 0 0 -1
    outer loop
      vertex -85 55 0
      vertex -78.8791 46.2781 0
      vertex -78.9651 46.3487 0
    endloop
  endfacet
  facet normal 0 0 -1
    outer loop
      vertex -85 55 0
      vertex -78.9651 46.3487 0
      vertex -79.0555 46.4135 0
    endloop
  endfacet
  facet normal 0 0 -1
    outer loop
      vertex -85 55 0
      vertex -79.0555 46.4135 0
      vertex -79.15 46.4722 0
    endloop
  endfacet
  facet normal 0 0 -1
    outer loop
      vertex -85 55 0
      vertex -79.15 46.4722 0
      vertex -79.2481 46.5247 0
    endloop
  endfacet
  facet normal 0 0 -1
    outer loop
      vertex -85 55 0
      vertex -79.2481 46.5247 0
      vertex -79.3494 46.5706 0
    endloop
  endfacet
  facet normal 0 0 -1
    outer loop
      vertex -85 55 0
      vertex -79.3494 46.5706 0
      vertex -79.4536 46.6098 0
    endloop
  endfacet
  facet normal 0 0 -1
    outer loop
      vertex -85 55 0
      vertex -79.4536 46.6098 0
      vertex -79.56 46.6421 0
    endloop
  endfacet
  facet normal 0 0 -1
    outer loop
      vertex -85 55 0
      vertex -79.56 46.6421 0
      vertex -79.6684 46.6673 0
    endloop
  endfacet
  facet normal 0 0 -1
    outer loop
      vertex -85 55 0
      vertex -79.6684 46.6673 0
      vertex -79.7781 46.6855 0
    endloop
  endfacet
  facet normal 0 0 -1
    outer loop
      vertex -85 55 0
      vertex -79.7781 46.6855 0
      vertex -79.8888 46.6964 0
    endloop
  endfacet
  facet normal 0 0 -1
    outer loop
      vertex -85 55 0
      vertex -79.8888 46.6964 0
      vertex -80 46.7 0
    endloop
  endfacet
  facet normal 0 0 -1
    outer loop
      vertex -85 55 0
      vertex -80 46.7 0
      vertex -80.1112 46.6964 0
    endloop
  endfacet
  facet normal 0 0 -1
    outer loop
      vertex -81.6855 44.7781 0
      vertex -90 50 0
      vertex -81.6964 44.8888 0
    endloop
  endfacet
  facet normal 0 0 -1
    outer loop
      vertex 5 47 0
      vertex -85 55 0
      vertex 85 55 0
    endloop
  endfacet
  facet normal 0 0 -1
    outer loop
      vertex -80.2219 46.6855 0
      vertex -85 55 0
      vertex -80.1112 46.6964 0
    endloop
  endfacet
  facet normal 0 0 -1
    outer loop
      vertex -80.3316 46.6673 0
      vertex -85 55 0
      vertex -80.2219 46.6855 0
    endloop
  endfacet
  facet normal 0 0 -1
    outer loop
      vertex -80.44 46.6421 0
      vertex -85 55 0
      vertex -80.3316 46.6673 0
    endloop
  endfacet
  facet normal 0 0 -1
    outer loop
      vertex -80.5464 46.6098 0
      vertex -85 55 0
      vertex -80.44 46.6421 0
    endloop
  endfacet
  facet normal 0 0 -1
    outer loop
      vertex -80.6506 46.5706 0
      vertex -85 55 0
      vertex -80.5464 46.6098 0
    endloop
  endfacet
  facet normal 0 0 -1
    outer loop
      vertex -80.7519 46.5247 0
      vertex -85 55 0
      vertex -80.6506 46.5706 0
    endloop
  endfacet
  facet normal 0 0 -1
    outer loop
      vertex -80.85 46.4722 0
      vertex -85 55 0
      vertex -80.7519 46.5247 0
    endloop
  endfacet
  facet normal 0 0 -1
    outer loop
      vertex -80.9445 46.4135 0
      vertex -85 55 0
      vertex -80.85 46.4722 0
    endloop
  endfacet
  facet normal 0 0 -1
    outer loop
      vertex -81.0349 46.3487 0
      vertex -85 55 0
      vertex -80.9445 46.4135 0
    endloop
  endfacet
  facet normal 0 0 -1
    outer loop
      vertex -81.1209 46.2781 0
      vertex -85 55 0
      vertex -81.0349 46.3487 0
    endloop
  endfacet
  facet normal 0 0 -1
    outer loop
      vertex -81.2021 46.2021 0
      vertex -85 55 0
      vertex -81.1209 46.2781 0
    endloop
  endfacet
  facet normal 0 0 -1
    outer loop
      vertex -90 50 0
      vertex -81.2021 46.2021 0
      vertex -81.2781 46.1209 0
    endloop
  endfacet
  facet normal 0 0 -1
    outer loop
      vertex -90 50 0
      vertex -81.2781 46.1209 0
      vertex -81.3487 46.0349 0
    endloop
  endfacet
  facet normal 0 0 -1
    outer loop
      vertex -90 50 0
      vertex -81.3487 46.0349 0
      vertex -81.4135 45.9445 0
    endloop
  endfacet
  facet normal 0 0 -1
    outer loop
      vertex -90 50 0
      vertex -81.4135 45.9445 0
      vertex -81.4722 45.85 0
    endloop
  endfacet
  facet normal 0 0 -1
    outer loop
      vertex -90 50 0
      vertex -81.4722 45.85 0
      vertex -81.5247 45.7519 0
    endloop
  endfacet
  facet normal 0 0 -1
    outer loop
      vertex -90 50 0
      vertex -81.5247 45.7519 0
      vertex -81.5706 45.6506 0
    endloop
  endfacet
  facet normal 0 0 -1
    outer loop
      vertex -90 50 0
      vertex -81.5706 45.6506 0
      vertex -81.6098 45.5464 0
    endloop
  endfacet
  facet normal 0 0 -1
    outer loop
      vertex -90 50 0
      vertex -81.6098 45.5464 0
      vertex -81.6421 45.44 0
    endloop
  endfacet
  facet normal 0 0 -1
    outer loop
      vertex -90 50 0
      vertex -81.6421 45.44 0
      vertex -81.6673 45.3317 0
    endloop
  endfacet
  facet normal 0 0 -1
    outer loop
      vertex -90 50 0
      vertex -81.6673 45.3317 0
      vertex -81.6855 45.2219 0
    endloop
  endfacet
  facet normal 0 0 -1
    outer loop
      vertex -90 50 0
      vertex -81.6855 45.2219 0
      vertex -81.6964 45.1112 0
    endloop
  endfacet
  facet normal 0 0 -1
    outer loop
      vertex -81.6964 44.8888 0
      vertex -90 50 0
      vertex -81.7 45 0
    endloop
  endfacet
  facet normal 0 0 -1
    outer loop
      vertex -90 -50 0
      vertex -85 -55 0
      vertex -85.327 -54.9893 0
    endloop
  endfacet
  facet normal 0 0 -1
    outer loop
      vertex -81.7 45 0
      vertex -90 50 0
      vertex -81.6964 45.1112 0
    endloop
  endfacet
  facet normal 0 0 -1
    outer loop
      vertex -90 -50 0
      vertex -85.327 -54.9893 0
      vertex -85.6526 -54.9572 0
    endloop
  endfacet
  facet normal 0 0 -1
    outer loop
      vertex -81.2021 46.2021 0
      vertex -90 50 0
      vertex -85 55 0
    endloop
  endfacet
  facet normal 0 0 -1
    outer loop
      vertex -90 -50 0
      vertex -85.6526 -54.9572 0
      vertex -85.9754 -54.9039 0
    endloop
  endfacet
  facet normal 0 0 -1
    outer loop
      vertex -85 55 0
      vertex -90 50 0
      vertex -85.327 54.9893 0
    endloop
  endfacet
  facet normal 0 0 -1
    outer loop
      vertex -90 -50 0
      vertex -85.9754 -54.9039 0
      vertex -86.2941 -54.8296 0
    endloop
  endfacet
  facet normal 0 0 -1
    outer loop
      vertex -85.327 54.9893 0
      vertex -90 50 0
      vertex -85.6526 54.9572 0
    endloop
  endfacet
  facet normal 0 0 -1
    outer loop
      vertex -90 -50 0
      vertex -86.2941 -54.8296 0
      vertex -86.6072 -54.7346 0
    endloop
  endfacet
  facet normal 0 0 -1
    outer loop
      vertex -85.6526 54.9572 0
      vertex -90 50 0
      vertex -85.9754 54.9039 0
    endloop
  endfacet
  facet normal 0 0 -1
    outer loop
      vertex -90 -50 0
      vertex -86.6072 -54.7346 0
      vertex -86.9134 -54.6194 0
    endloop
  endfacet
  facet normal 0 0 -1
    outer loop
      vertex -85.9754 54.9039 0
      vertex -90 50 0
      vertex -86.2941 54.8296 0
    endloop
  endfacet
  facet normal 0 0 -1
    outer loop
      vertex -90 -50 0
      vertex -86.9134 -54.6194 0
      vertex -87.2114 -54.4844 0
    endloop
  endfacet
  facet normal 0 0 -1
    outer loop
      vertex -86.2941 54.8296 0
      vertex -90 50 0
      vertex -86.6072 54.7346 0
    endloop
  endfacet
  facet normal 0 0 -1
    outer loop
      vertex -90 -50 0
      vertex -87.2114 -54.4844 0
      vertex -87.5 -54.3301 0
    endloop
  endfacet
  facet normal 0 0 -1
    outer loop
      vertex -86.6072 54.7346 0
      vertex -90 50 0
      vertex -86.9134 54.6194 0
    endloop
  endfacet
  facet normal 0 0 -1
    outer loop
      vertex -90 -50 0
      vertex -87.5 -54.3301 0
      vertex -87.7778 -54.1573 0
    endloop
  endfacet
  facet normal 0 0 -1
    outer loop
      vertex -86.9134 54.6194 0
      vertex -90 50 0
      vertex -87.2114 54.4844 0
    endloop
  endfacet
  facet normal 0 0 -1
    outer loop
      vertex -90 -50 0
      vertex -87.7778 -54.1573 0
      vertex -88.0438 -53.9668 0
    endloop
  endfacet
  facet normal 0 0 -1
    outer loop
      vertex -87.2114 54.4844 0
      vertex -90 50 0
      vertex -87.5 54.3301 0
    endloop
  endfacet
  facet normal 0 0 -1
    outer loop
      vertex -90 -50 0
      vertex -88.0438 -53.9668 0
      vertex -88.2967 -53.7592 0
    endloop
  endfacet
  facet normal 0 0 -1
    outer loop
      vertex -87.5 54.3301 0
      vertex -90 50 0
      vertex -87.7778 54.1573 0
    endloop
  endfacet
  facet normal 0 0 -1
    outer loop
      vertex -90 -50 0
      vertex -88.2967 -53.7592 0
      vertex -88.5355 -53.5355 0
    endloop
  endfacet
  facet normal 0 0 -1
    outer loop
      vertex -87.7778 54.1573 0
      vertex -90 50 0
      vertex -88.0438 53.9668 0
    endloop
  endfacet
  facet normal 0 0 -1
    outer loop
      vertex -90 -50 0
      vertex -88.5355 -53.5355 0
      vertex -88.7592 -53.2967 0
    endloop
  endfacet
  facet normal 0 0 -1
    outer loop
      vertex -88.0438 53.9668 0
      vertex -90 50 0
      vertex -88.2967 53.7592 0
    endloop
  endfacet
  facet normal 0 0 -1
    outer loop
      vertex -90 -50 0
      vertex -88.7592 -53.2967 0
      vertex -88.9668 -53.0438 0
    endloop
  endfacet
  facet normal 0 0 -1
    outer loop
      vertex -88.2967 53.7592 0
      vertex -90 50 0
      vertex -88.5355 53.5355 0
    endloop
  endfacet
  facet normal 0 0 -1
    outer loop
      vertex -90 -50 0
      vertex -88.9668 -53.0438 0
      vertex -89.1573 -52.7778 0
    endloop
  endfacet
  facet normal 0 0 -1
    outer loop
      vertex -88.5355 53.5355 0
      vertex -90 50 0
      vertex -88.7592 53.2967 0
    endloop
  endfacet
  facet normal 0 0 -1
    outer loop
      vertex -90 -50 0
      vertex -89.1573 -52.7778 0
      vertex -89.3301 -52.5 0
    endloop
  endfacet
  facet normal 0 0 -1
    outer loop
      vertex -88.7592 53.2967 0
      vertex -90 50 0
      vertex -88.9668 53.0438 0
    endloop
  endfacet
  facet normal 0 0 -1
    outer loop
      vertex -90 -50 0
      vertex -89.3301 -52.5 0
      vertex -89.4844 -52.2114 0
    endloop
  endfacet
  facet normal 0 0 -1
    outer loop
      vertex -88.9668 53.0438 0
      vertex -90 50 0
      vertex -89.1573 52.7778 0
    endloop
  endfacet
  facet normal 0 0 -1
    outer loop
      vertex -90 -50 0
      vertex -89.4844 -52.2114 0
      vertex -89.6194 -51.9134 0
    endloop
  endfacet
  facet normal 0 0 -1
    outer loop
      vertex -89.1573 52.7778 0
      vertex -90 50 0
      vertex -89.3301 52.5 0
    endloop
  endfacet
  facet normal 0 0 -1
    outer loop
      vertex -90 -50 0
      vertex -89.6194 -51.9134 0
      vertex -89.7346 -51.6072 0
    endloop
  endfacet
  facet normal 0 0 -1
    outer loop
      vertex -89.3301 52.5 0
      vertex -90 50 0
      vertex -89.4844 52.2114 0
    endloop
  endfacet
  facet normal 0 0 -1
    outer loop
      vertex -90 -50 0
      vertex -89.7346 -51.6072 0
      vertex -89.8296 -51.2941 0
    endloop
  endfacet
  facet normal 0 0 -1
    outer loop
      vertex -89.4844 52.2114 0
      vertex -90 50 0
      vertex -89.6194 51.9134 0
    endloop
  endfacet
  facet normal 0 0 -1
    outer loop
      vertex -90 -50 0
      vertex -89.8296 -51.2941 0
      vertex -89.9039 -50.9754 0
    endloop
  endfacet
  facet normal 0 0 -1
    outer loop
      vertex -89.6194 51.9134 0
      vertex -90 50 0
      vertex -89.7346 51.6072 0
    endloop
  endfacet
  facet normal 0 0 -1
    outer loop
      vertex -90 -50 0
      vertex -89.9039 -50.9754 0
      vertex -89.9572 -50.6526 0
    endloop
  endfacet
  facet normal 0 0 -1
    outer loop
      vertex -89.7346 51.6072 0
      vertex -90 50 0
      vertex -89.8296 51.2941 0
    endloop
  endfacet
  facet normal 0 0 -1
    outer loop
      vertex -90 -50 0
      vertex -89.9572 -50.6526 0
      vertex -89.9893 -50.327 0
    endloop
  endfacet
  facet normal 0 0 -1
    outer loop
      vertex -89.8296 51.2941 0
      vertex -90 50 0
      vertex -89.9039 50.9754 0
    endloop
  endfacet
  facet normal 0 0 -1
    outer loop
      vertex -89.9039 50.9754 0
      vertex -90 50 0
      vertex -89.9572 50.6526 0
    endloop
  endfacet
  facet normal 0 0 -1
    outer loop
      vertex -89.9572 50.6526 0
      vertex -90 50 0
      vertex -89.9893 50.327 0
    endloop
  endfacet
  facet normal -0.0981116 -0.995175 0
    outer loop
      vertex -85.6526 -54.9572 0
      vertex -85.327 -54.9893 3
      vertex -85.6526 -54.9572 3
    endloop
  endfacet
  facet normal -0.0981116 -0.995175 -0
    outer loop
      vertex -85.327 -54.9893 3
      vertex -85.6526 -54.9572 0
      vertex -85.327 -54.9893 0
    endloop
  endfacet
  facet normal 0.290347 -0.956922 0
    outer loop
      vertex 86.2941 -54.8296 0
      vertex 86.6072 -54.7346 3
      vertex 86.2941 -54.8296 3
    endloop
  endfacet
  facet normal 0.290347 -0.956922 0
    outer loop
      vertex 86.6072 -54.7346 3
      vertex 86.2941 -54.8296 0
      vertex 86.6072 -54.7346 0
    endloop
  endfacet
  facet normal 0.162912 -0.986641 0
    outer loop
      vertex 85.6526 -54.9572 0
      vertex 85.9754 -54.9039 3
      vertex 85.6526 -54.9572 3
    endloop
  endfacet
  facet normal 0.162912 -0.986641 0
    outer loop
      vertex 85.9754 -54.9039 3
      vertex 85.6526 -54.9572 0
      vertex 85.9754 -54.9039 0
    endloop
  endfacet
  facet normal 0 -1 0
    outer loop
      vertex -85 -55 0
      vertex 85 -55 3
      vertex -85 -55 3
    endloop
  endfacet
  facet normal 0 -1 -0
    outer loop
      vertex 85 -55 3
      vertex -85 -55 0
      vertex 85 -55 0
    endloop
  endfacet
  facet normal -0.227046 -0.973884 0
    outer loop
      vertex -86.2941 -54.8296 0
      vertex -85.9754 -54.9039 3
      vertex -86.2941 -54.8296 3
    endloop
  endfacet
  facet normal -0.227046 -0.973884 -0
    outer loop
      vertex -85.9754 -54.9039 3
      vertex -86.2941 -54.8296 0
      vertex -85.9754 -54.9039 0
    endloop
  endfacet
  facet normal -0.528184 0.84913 0
    outer loop
      vertex -87.5 54.3301 0
      vertex -87.7778 54.1573 3
      vertex -87.5 54.3301 3
    endloop
  endfacet
  facet normal -0.528184 0.84913 0
    outer loop
      vertex -87.7778 54.1573 3
      vertex -87.5 54.3301 0
      vertex -87.7778 54.1573 0
    endloop
  endfacet
  facet normal -0.412651 0.910889 0
    outer loop
      vertex -86.9134 54.6194 0
      vertex -87.2114 54.4844 3
      vertex -86.9134 54.6194 3
    endloop
  endfacet
  facet normal -0.412651 0.910889 0
    outer loop
      vertex -87.2114 54.4844 3
      vertex -86.9134 54.6194 0
      vertex -87.2114 54.4844 0
    endloop
  endfacet
  facet normal -0.352128 0.935952 0
    outer loop
      vertex -86.6072 54.7346 0
      vertex -86.9134 54.6194 3
      vertex -86.6072 54.7346 3
    endloop
  endfacet
  facet normal -0.352128 0.935952 0
    outer loop
      vertex -86.9134 54.6194 3
      vertex -86.6072 54.7346 0
      vertex -86.9134 54.6194 0
    endloop
  endfacet
  facet normal -0.0327042 0.999465 0
    outer loop
      vertex -85 55 0
      vertex -85.327 54.9893 3
      vertex -85 55 3
    endloop
  endfacet
  facet normal -0.0327042 0.999465 0
    outer loop
      vertex -85.327 54.9893 3
      vertex -85 55 0
      vertex -85.327 54.9893 0
    endloop
  endfacet
  facet normal -0.0981116 0.995175 0
    outer loop
      vertex -85.327 54.9893 0
      vertex -85.6526 54.9572 3
      vertex -85.327 54.9893 3
    endloop
  endfacet
  facet normal -0.0981116 0.995175 0
    outer loop
      vertex -85.6526 54.9572 3
      vertex -85.327 54.9893 0
      vertex -85.6526 54.9572 0
    endloop
  endfacet
  facet normal -0.227046 0.973884 0
    outer loop
      vertex -85.9754 54.9039 0
      vertex -86.2941 54.8296 3
      vertex -85.9754 54.9039 3
    endloop
  endfacet
  facet normal -0.227046 0.973884 0
    outer loop
      vertex -86.2941 54.8296 3
      vertex -85.9754 54.9039 0
      vertex -86.2941 54.8296 0
    endloop
  endfacet
  facet normal 0.412651 -0.910889 0
    outer loop
      vertex 86.9134 -54.6194 0
      vertex 87.2114 -54.4844 3
      vertex 86.9134 -54.6194 3
    endloop
  endfacet
  facet normal 0.412651 -0.910889 0
    outer loop
      vertex 87.2114 -54.4844 3
      vertex 86.9134 -54.6194 0
      vertex 87.2114 -54.4844 0
    endloop
  endfacet
  facet normal 0.352128 -0.935952 0
    outer loop
      vertex 86.6072 -54.7346 0
      vertex 86.9134 -54.6194 3
      vertex 86.6072 -54.7346 3
    endloop
  endfacet
  facet normal 0.352128 -0.935952 0
    outer loop
      vertex 86.9134 -54.6194 3
      vertex 86.6072 -54.7346 0
      vertex 86.9134 -54.6194 0
    endloop
  endfacet
  facet normal 0.0327042 -0.999465 0
    outer loop
      vertex 85 -55 0
      vertex 85.327 -54.9893 3
      vertex 85 -55 3
    endloop
  endfacet
  facet normal 0.0327042 -0.999465 0
    outer loop
      vertex 85.327 -54.9893 3
      vertex 85 -55 0
      vertex 85.327 -54.9893 0
    endloop
  endfacet
  facet normal 0.0981116 -0.995175 0
    outer loop
      vertex 85.327 -54.9893 0
      vertex 85.6526 -54.9572 3
      vertex 85.327 -54.9893 3
    endloop
  endfacet
  facet normal 0.0981116 -0.995175 0
    outer loop
      vertex 85.6526 -54.9572 3
      vertex 85.327 -54.9893 0
      vertex 85.6526 -54.9572 0
    endloop
  endfacet
  facet normal 0.227046 -0.973884 0
    outer loop
      vertex 85.9754 -54.9039 0
      vertex 86.2941 -54.8296 3
      vertex 85.9754 -54.9039 3
    endloop
  endfacet
  facet normal 0.227046 -0.973884 0
    outer loop
      vertex 86.2941 -54.8296 3
      vertex 85.9754 -54.9039 0
      vertex 86.2941 -54.8296 0
    endloop
  endfacet
  facet normal 0.528184 0.84913 -0
    outer loop
      vertex 87.7778 54.1573 0
      vertex 87.5 54.3301 3
      vertex 87.7778 54.1573 3
    endloop
  endfacet
  facet normal 0.528184 0.84913 0
    outer loop
      vertex 87.5 54.3301 3
      vertex 87.7778 54.1573 0
      vertex 87.5 54.3301 0
    endloop
  endfacet
  facet normal -0.935952 -0.352128 0
    outer loop
      vertex -89.6194 -51.9134 0
      vertex -89.7346 -51.6072 3
      vertex -89.7346 -51.6072 0
    endloop
  endfacet
  facet normal -0.935952 -0.352128 0
    outer loop
      vertex -89.7346 -51.6072 3
      vertex -89.6194 -51.9134 0
      vertex -89.6194 -51.9134 3
    endloop
  endfacet
  facet normal -0.290347 -0.956922 0
    outer loop
      vertex -86.6072 -54.7346 0
      vertex -86.2941 -54.8296 3
      vertex -86.6072 -54.7346 3
    endloop
  endfacet
  facet normal -0.290347 -0.956922 -0
    outer loop
      vertex -86.2941 -54.8296 3
      vertex -86.6072 -54.7346 0
      vertex -86.2941 -54.8296 0
    endloop
  endfacet
  facet normal -0.986641 0.162912 0
    outer loop
      vertex -89.9572 50.6526 0
      vertex -89.9039 50.9754 3
      vertex -89.9039 50.9754 0
    endloop
  endfacet
  facet normal -0.986641 0.162912 0
    outer loop
      vertex -89.9039 50.9754 3
      vertex -89.9572 50.6526 0
      vertex -89.9572 50.6526 3
    endloop
  endfacet
  facet normal 0 0 1
    outer loop
      vertex -60.5558 15.7979 3
      vertex -79.15 43.5278 3
      vertex -61.5665 15.0737 3
    endloop
  endfacet
  facet normal 0 0 1
    outer loop
      vertex -69 0 3
      vertex -78.3036 -44.8888 3
      vertex -78.3 -45 3
    endloop
  endfacet
  facet normal -0 0 1
    outer loop
      vertex -79.2481 43.4753 3
      vertex -61.5665 15.0737 3
      vertex -79.15 43.5278 3
    endloop
  endfacet
  facet normal 0 0 1
    outer loop
      vertex -69 0 3
      vertex -78.3145 -44.7781 3
      vertex -78.3036 -44.8888 3
    endloop
  endfacet
  facet normal -0 0 1
    outer loop
      vertex -79.3494 43.4294 3
      vertex -61.5665 15.0737 3
      vertex -79.2481 43.4753 3
    endloop
  endfacet
  facet normal 0 0 1
    outer loop
      vertex -69 0 3
      vertex -78.3327 -44.6683 3
      vertex -78.3145 -44.7781 3
    endloop
  endfacet
  facet normal 0 0 1
    outer loop
      vertex -61.5665 15.0737 3
      vertex -79.3494 43.4294 3
      vertex -62.5276 14.285 3
    endloop
  endfacet
  facet normal 0 0 1
    outer loop
      vertex -69 0 3
      vertex -78.3579 -44.56 3
      vertex -78.3327 -44.6683 3
    endloop
  endfacet
  facet normal -0 0 1
    outer loop
      vertex -79.4536 43.3902 3
      vertex -62.5276 14.285 3
      vertex -79.3494 43.4294 3
    endloop
  endfacet
  facet normal 0 0 1
    outer loop
      vertex -69 0 3
      vertex -78.3902 -44.4536 3
      vertex -78.3579 -44.56 3
    endloop
  endfacet
  facet normal -0 0 1
    outer loop
      vertex -79.56 43.3579 3
      vertex -62.5276 14.285 3
      vertex -79.4536 43.3902 3
    endloop
  endfacet
  facet normal 0 0 1
    outer loop
      vertex -69 0 3
      vertex -78.4294 -44.3494 3
      vertex -78.3902 -44.4536 3
    endloop
  endfacet
  facet normal 0 0 1
    outer loop
      vertex -62.5276 14.285 3
      vertex -79.56 43.3579 3
      vertex -63.435 13.435 3
    endloop
  endfacet
  facet normal 0 0 1
    outer loop
      vertex -69 0 3
      vertex -78.4753 -44.2481 3
      vertex -78.4294 -44.3494 3
    endloop
  endfacet
  facet normal -0 0 1
    outer loop
      vertex -79.6684 43.3327 3
      vertex -63.435 13.435 3
      vertex -79.56 43.3579 3
    endloop
  endfacet
  facet normal 0 0 1
    outer loop
      vertex -69 0 3
      vertex -78.5278 -44.15 3
      vertex -78.4753 -44.2481 3
    endloop
  endfacet
  facet normal -0 0 1
    outer loop
      vertex -79.7781 43.3145 3
      vertex -63.435 13.435 3
      vertex -79.6684 43.3327 3
    endloop
  endfacet
  facet normal 0 0 1
    outer loop
      vertex -69 0 3
      vertex -78.5865 -44.0555 3
      vertex -78.5278 -44.15 3
    endloop
  endfacet
  facet normal 0 0 1
    outer loop
      vertex -63.435 13.435 3
      vertex -79.7781 43.3145 3
      vertex -64.285 12.5276 3
    endloop
  endfacet
  facet normal 0 0 1
    outer loop
      vertex -69 0 3
      vertex -78.6513 -43.9651 3
      vertex -78.5865 -44.0555 3
    endloop
  endfacet
  facet normal -0 0 1
    outer loop
      vertex -79.8888 43.3036 3
      vertex -64.285 12.5276 3
      vertex -79.7781 43.3145 3
    endloop
  endfacet
  facet normal 0 0 1
    outer loop
      vertex -69 0 3
      vertex -78.7219 -43.8791 3
      vertex -78.6513 -43.9651 3
    endloop
  endfacet
  facet normal 0 0 1
    outer loop
      vertex -64.285 12.5276 3
      vertex -79.8888 43.3036 3
      vertex -65.0737 11.5665 3
    endloop
  endfacet
  facet normal 0 0 1
    outer loop
      vertex -69 0 3
      vertex -78.7979 -43.7979 3
      vertex -78.7219 -43.8791 3
    endloop
  endfacet
  facet normal -0 0 1
    outer loop
      vertex -80 43.3 3
      vertex -65.0737 11.5665 3
      vertex -79.8888 43.3036 3
    endloop
  endfacet
  facet normal 0 0 1
    outer loop
      vertex -69 0 3
      vertex -78.8791 -43.7219 3
      vertex -78.7979 -43.7979 3
    endloop
  endfacet
  facet normal 0 0 1
    outer loop
      vertex -80.1112 43.3036 3
      vertex -65.0737 11.5665 3
      vertex -80 43.3 3
    endloop
  endfacet
  facet normal 0 0 1
    outer loop
      vertex -69 0 3
      vertex -78.9651 -43.6513 3
      vertex -78.8791 -43.7219 3
    endloop
  endfacet
  facet normal 0 0 1
    outer loop
      vertex -65.0737 11.5665 3
      vertex -80.1112 43.3036 3
      vertex -65.7979 10.5558 3
    endloop
  endfacet
  facet normal 0 0 1
    outer loop
      vertex -69 0 3
      vertex -79.0555 -43.5865 3
      vertex -78.9651 -43.6513 3
    endloop
  endfacet
  facet normal 0 0 1
    outer loop
      vertex -80.2219 43.3145 3
      vertex -65.7979 10.5558 3
      vertex -80.1112 43.3036 3
    endloop
  endfacet
  facet normal 0 0 1
    outer loop
      vertex -69 0 3
      vertex -79.15 -43.5278 3
      vertex -79.0555 -43.5865 3
    endloop
  endfacet
  facet normal 0 0 1
    outer loop
      vertex -80.3316 43.3327 3
      vertex -65.7979 10.5558 3
      vertex -80.2219 43.3145 3
    endloop
  endfacet
  facet normal 0 0 1
    outer loop
      vertex -69 0 3
      vertex -79.2481 -43.4753 3
      vertex -79.15 -43.5278 3
    endloop
  endfacet
  facet normal 0 0 1
    outer loop
      vertex -65.7979 10.5558 3
      vertex -80.3316 43.3327 3
      vertex -66.4545 9.5 3
    endloop
  endfacet
  facet normal 0 0 1
    outer loop
      vertex -69 0 3
      vertex -79.3494 -43.4294 3
      vertex -79.2481 -43.4753 3
    endloop
  endfacet
  facet normal 0 0 1
    outer loop
      vertex -80.44 43.3579 3
      vertex -66.4545 9.5 3
      vertex -80.3316 43.3327 3
    endloop
  endfacet
  facet normal 0 0 1
    outer loop
      vertex -69 0 3
      vertex -79.4536 -43.3902 3
      vertex -79.3494 -43.4294 3
    endloop
  endfacet
  facet normal 0 0 1
    outer loop
      vertex -80.5464 43.3902 3
      vertex -66.4545 9.5 3
      vertex -80.44 43.3579 3
    endloop
  endfacet
  facet normal 0 0 1
    outer loop
      vertex -69 0 3
      vertex -79.56 -43.3579 3
      vertex -79.4536 -43.3902 3
    endloop
  endfacet
  facet normal 0 0 1
    outer loop
      vertex -66.4545 9.5 3
      vertex -80.5464 43.3902 3
      vertex -67.0406 8.40348 3
    endloop
  endfacet
  facet normal 0 0 1
    outer loop
      vertex -69 0 3
      vertex -79.6684 -43.3327 3
      vertex -79.56 -43.3579 3
    endloop
  endfacet
  facet normal 0 0 1
    outer loop
      vertex -80.6506 43.4294 3
      vertex -67.0406 8.40348 3
      vertex -80.5464 43.3902 3
    endloop
  endfacet
  facet normal 0 0 1
    outer loop
      vertex -69 0 3
      vertex -79.7781 -43.3145 3
      vertex -79.6684 -43.3327 3
    endloop
  endfacet
  facet normal 0 0 1
    outer loop
      vertex -67.0406 8.40348 3
      vertex -80.6506 43.4294 3
      vertex -67.5537 7.27098 3
    endloop
  endfacet
  facet normal 0 0 1
    outer loop
      vertex -69 0 3
      vertex -79.8888 -43.3036 3
      vertex -79.7781 -43.3145 3
    endloop
  endfacet
  facet normal 0 0 1
    outer loop
      vertex -80.7519 43.4753 3
      vertex -67.5537 7.27098 3
      vertex -80.6506 43.4294 3
    endloop
  endfacet
  facet normal 0 0 1
    outer loop
      vertex -69 0 3
      vertex -80 -43.3 3
      vertex -79.8888 -43.3036 3
    endloop
  endfacet
  facet normal 0 0 1
    outer loop
      vertex -80.85 43.5278 3
      vertex -67.5537 7.27098 3
      vertex -80.7519 43.4753 3
    endloop
  endfacet
  facet normal 0 0 1
    outer loop
      vertex -69 0 3
      vertex -80.1112 -43.3036 3
      vertex -80 -43.3 3
    endloop
  endfacet
  facet normal 0 0 1
    outer loop
      vertex -67.5537 7.27098 3
      vertex -80.85 43.5278 3
      vertex -67.9917 6.10735 3
    endloop
  endfacet
  facet normal 0 0 1
    outer loop
      vertex -69 0 3
      vertex -80.2219 -43.3145 3
      vertex -80.1112 -43.3036 3
    endloop
  endfacet
  facet normal 0 0 1
    outer loop
      vertex -80.9445 43.5865 3
      vertex -67.9917 6.10735 3
      vertex -80.85 43.5278 3
    endloop
  endfacet
  facet normal 0 0 1
    outer loop
      vertex -69 0 3
      vertex -80.3316 -43.3327 3
      vertex -80.2219 -43.3145 3
    endloop
  endfacet
  facet normal 0 0 1
    outer loop
      vertex -67.9917 6.10735 3
      vertex -80.9445 43.5865 3
      vertex -68.3526 4.91756 3
    endloop
  endfacet
  facet normal 0 0 1
    outer loop
      vertex -69 0 3
      vertex -80.44 -43.3579 3
      vertex -80.3316 -43.3327 3
    endloop
  endfacet
  facet normal 0 0 1
    outer loop
      vertex -81.0349 43.6513 3
      vertex -68.3526 4.91756 3
      vertex -80.9445 43.5865 3
    endloop
  endfacet
  facet normal 0 0 1
    outer loop
      vertex -69 0 3
      vertex -80.5464 -43.3902 3
      vertex -80.44 -43.3579 3
    endloop
  endfacet
  facet normal 0 0 1
    outer loop
      vertex -81.1209 43.7219 3
      vertex -68.3526 4.91756 3
      vertex -81.0349 43.6513 3
    endloop
  endfacet
  facet normal 0 0 1
    outer loop
      vertex -69 0 3
      vertex -80.6506 -43.4294 3
      vertex -80.5464 -43.3902 3
    endloop
  endfacet
  facet normal 0 0 1
    outer loop
      vertex -68.3526 4.91756 3
      vertex -81.1209 43.7219 3
      vertex -68.6349 3.70672 3
    endloop
  endfacet
  facet normal 0 0 1
    outer loop
      vertex -69 0 3
      vertex -80.7519 -43.4753 3
      vertex -80.6506 -43.4294 3
    endloop
  endfacet
  facet normal 0 0 1
    outer loop
      vertex -90 50 3
      vertex -68.6349 3.70672 3
      vertex -81.1209 43.7219 3
    endloop
  endfacet
  facet normal 0 0 1
    outer loop
      vertex -69 0 3
      vertex -80.85 -43.5278 3
      vertex -80.7519 -43.4753 3
    endloop
  endfacet
  facet normal 0 0 1
    outer loop
      vertex -68.6349 3.70672 3
      vertex -90 50 3
      vertex -68.8374 2.48 3
    endloop
  endfacet
  facet normal 0 0 1
    outer loop
      vertex -69 0 3
      vertex -80.9445 -43.5865 3
      vertex -80.85 -43.5278 3
    endloop
  endfacet
  facet normal 0 0 1
    outer loop
      vertex -68.8374 2.48 3
      vertex -90 50 3
      vertex -68.9593 1.24266 3
    endloop
  endfacet
  facet normal 0 0 1
    outer loop
      vertex -69 0 3
      vertex -81.0349 -43.6513 3
      vertex -80.9445 -43.5865 3
    endloop
  endfacet
  facet normal 0 0 1
    outer loop
      vertex -68.9593 1.24266 3
      vertex -90 50 3
      vertex -69 0 3
    endloop
  endfacet
  facet normal 0 0 1
    outer loop
      vertex -69 0 3
      vertex -81.1209 -43.7219 3
      vertex -81.0349 -43.6513 3
    endloop
  endfacet
  facet normal 0 0 1
    outer loop
      vertex -90 50 3
      vertex -81.1209 43.7219 3
      vertex -81.2021 43.7979 3
    endloop
  endfacet
  facet normal 0 0 1
    outer loop
      vertex -90 -50 3
      vertex -69 0 3
      vertex -90 50 3
    endloop
  endfacet
  facet normal 0 0 1
    outer loop
      vertex -90 50 3
      vertex -81.2021 43.7979 3
      vertex -81.2781 43.8791 3
    endloop
  endfacet
  facet normal 0 0 1
    outer loop
      vertex -69 0 3
      vertex -90 -50 3
      vertex -81.1209 -43.7219 3
    endloop
  endfacet
  facet normal 0 0 1
    outer loop
      vertex -90 50 3
      vertex -81.2781 43.8791 3
      vertex -81.3487 43.9651 3
    endloop
  endfacet
  facet normal 0 0 1
    outer loop
      vertex -81.1209 -43.7219 3
      vertex -90 -50 3
      vertex -81.2021 -43.7979 3
    endloop
  endfacet
  facet normal 0 0 1
    outer loop
      vertex -90 50 3
      vertex -81.3487 43.9651 3
      vertex -81.4135 44.0555 3
    endloop
  endfacet
  facet normal 0 0 1
    outer loop
      vertex -81.2021 -43.7979 3
      vertex -90 -50 3
      vertex -81.2781 -43.8791 3
    endloop
  endfacet
  facet normal 0 0 1
    outer loop
      vertex -90 50 3
      vertex -81.4135 44.0555 3
      vertex -81.4722 44.15 3
    endloop
  endfacet
  facet normal 0 0 1
    outer loop
      vertex -81.2781 -43.8791 3
      vertex -90 -50 3
      vertex -81.3487 -43.9651 3
    endloop
  endfacet
  facet normal 0 0 1
    outer loop
      vertex -90 50 3
      vertex -81.4722 44.15 3
      vertex -81.5247 44.2481 3
    endloop
  endfacet
  facet normal 0 0 1
    outer loop
      vertex -81.3487 -43.9651 3
      vertex -90 -50 3
      vertex -81.4135 -44.0555 3
    endloop
  endfacet
  facet normal 0 0 1
    outer loop
      vertex -90 50 3
      vertex -81.5247 44.2481 3
      vertex -81.5706 44.3494 3
    endloop
  endfacet
  facet normal 0 0 1
    outer loop
      vertex -81.4135 -44.0555 3
      vertex -90 -50 3
      vertex -81.4722 -44.15 3
    endloop
  endfacet
  facet normal 0 0 1
    outer loop
      vertex -90 50 3
      vertex -81.5706 44.3494 3
      vertex -81.6098 44.4536 3
    endloop
  endfacet
  facet normal 0 0 1
    outer loop
      vertex -81.4722 -44.15 3
      vertex -90 -50 3
      vertex -81.5247 -44.2481 3
    endloop
  endfacet
  facet normal 0 0 1
    outer loop
      vertex -90 50 3
      vertex -81.6098 44.4536 3
      vertex -81.6421 44.56 3
    endloop
  endfacet
  facet normal 0 0 1
    outer loop
      vertex -81.5247 -44.2481 3
      vertex -90 -50 3
      vertex -81.5706 -44.3494 3
    endloop
  endfacet
  facet normal 0 0 1
    outer loop
      vertex -90 50 3
      vertex -81.6421 44.56 3
      vertex -81.6673 44.6683 3
    endloop
  endfacet
  facet normal 0 0 1
    outer loop
      vertex -81.5706 -44.3494 3
      vertex -90 -50 3
      vertex -81.6098 -44.4536 3
    endloop
  endfacet
  facet normal 0 0 1
    outer loop
      vertex -90 50 3
      vertex -81.6673 44.6683 3
      vertex -81.6855 44.7781 3
    endloop
  endfacet
  facet normal 0 0 1
    outer loop
      vertex -81.6098 -44.4536 3
      vertex -90 -50 3
      vertex -81.6421 -44.56 3
    endloop
  endfacet
  facet normal 0 0 1
    outer loop
      vertex -90 50 3
      vertex -81.6855 44.7781 3
      vertex -81.6964 44.8888 3
    endloop
  endfacet
  facet normal 0 0 1
    outer loop
      vertex -81.6421 -44.56 3
      vertex -90 -50 3
      vertex -81.6673 -44.6683 3
    endloop
  endfacet
  facet normal 0 0 1
    outer loop
      vertex -90 50 3
      vertex -81.6964 44.8888 3
      vertex -81.7 45 3
    endloop
  endfacet
  facet normal 0 0 1
    outer loop
      vertex -81.6673 -44.6683 3
      vertex -90 -50 3
      vertex -81.6855 -44.7781 3
    endloop
  endfacet
  facet normal 0 0 1
    outer loop
      vertex 81.6673 44.6683 3
      vertex 90 50 3
      vertex 81.6855 44.7781 3
    endloop
  endfacet
  facet normal 0 0 1
    outer loop
      vertex 90 -50 3
      vertex 81.6964 -44.8888 3
      vertex 81.7 -45 3
    endloop
  endfacet
  facet normal 0 0 1
    outer loop
      vertex 81.6421 44.56 3
      vertex 90 50 3
      vertex 81.6673 44.6683 3
    endloop
  endfacet
  facet normal 0 0 1
    outer loop
      vertex 90 -50 3
      vertex 81.6855 -44.7781 3
      vertex 81.6964 -44.8888 3
    endloop
  endfacet
  facet normal 0 0 1
    outer loop
      vertex 81.6098 44.4536 3
      vertex 90 50 3
      vertex 81.6421 44.56 3
    endloop
  endfacet
  facet normal 0 0 1
    outer loop
      vertex 90 -50 3
      vertex 81.6673 -44.6683 3
      vertex 81.6855 -44.7781 3
    endloop
  endfacet
  facet normal 0 0 1
    outer loop
      vertex 81.5706 44.3494 3
      vertex 90 50 3
      vertex 81.6098 44.4536 3
    endloop
  endfacet
  facet normal 0 0 1
    outer loop
      vertex 90 -50 3
      vertex 81.6421 -44.56 3
      vertex 81.6673 -44.6683 3
    endloop
  endfacet
  facet normal 0 0 1
    outer loop
      vertex 81.5247 44.2481 3
      vertex 90 50 3
      vertex 81.5706 44.3494 3
    endloop
  endfacet
  facet normal 0 0 1
    outer loop
      vertex 90 -50 3
      vertex 81.6098 -44.4536 3
      vertex 81.6421 -44.56 3
    endloop
  endfacet
  facet normal 0 0 1
    outer loop
      vertex 81.4722 44.15 3
      vertex 90 50 3
      vertex 81.5247 44.2481 3
    endloop
  endfacet
  facet normal 0 0 1
    outer loop
      vertex 90 -50 3
      vertex 81.5706 -44.3494 3
      vertex 81.6098 -44.4536 3
    endloop
  endfacet
  facet normal 0 0 1
    outer loop
      vertex 81.4135 44.0555 3
      vertex 90 50 3
      vertex 81.4722 44.15 3
    endloop
  endfacet
  facet normal 0 0 1
    outer loop
      vertex 90 -50 3
      vertex 81.5247 -44.2481 3
      vertex 81.5706 -44.3494 3
    endloop
  endfacet
  facet normal 0 0 1
    outer loop
      vertex 81.3487 43.9651 3
      vertex 90 50 3
      vertex 81.4135 44.0555 3
    endloop
  endfacet
  facet normal 0 0 1
    outer loop
      vertex 90 -50 3
      vertex 81.4722 -44.15 3
      vertex 81.5247 -44.2481 3
    endloop
  endfacet
  facet normal 0 0 1
    outer loop
      vertex 81.2781 43.8791 3
      vertex 90 50 3
      vertex 81.3487 43.9651 3
    endloop
  endfacet
  facet normal 0 0 1
    outer loop
      vertex 90 -50 3
      vertex 81.4135 -44.0555 3
      vertex 81.4722 -44.15 3
    endloop
  endfacet
  facet normal 0 0 1
    outer loop
      vertex 81.2021 43.7979 3
      vertex 90 50 3
      vertex 81.2781 43.8791 3
    endloop
  endfacet
  facet normal 0 0 1
    outer loop
      vertex 90 -50 3
      vertex 81.3487 -43.9651 3
      vertex 81.4135 -44.0555 3
    endloop
  endfacet
  facet normal 0 0 1
    outer loop
      vertex 81.1209 43.7219 3
      vertex 90 50 3
      vertex 81.2021 43.7979 3
    endloop
  endfacet
  facet normal 0 0 1
    outer loop
      vertex 90 -50 3
      vertex 81.2781 -43.8791 3
      vertex 81.3487 -43.9651 3
    endloop
  endfacet
  facet normal 0 0 1
    outer loop
      vertex 90 50 3
      vertex 81.1209 43.7219 3
      vertex 90 -50 3
    endloop
  endfacet
  facet normal 0 0 1
    outer loop
      vertex 90 -50 3
      vertex 81.2021 -43.7979 3
      vertex 81.2781 -43.8791 3
    endloop
  endfacet
  facet normal -0 0 1
    outer loop
      vertex 81.1209 -43.7219 3
      vertex 90 -50 3
      vertex 81.1209 43.7219 3
    endloop
  endfacet
  facet normal 0 0 1
    outer loop
      vertex 90 -50 3
      vertex 81.1209 -43.7219 3
      vertex 81.2021 -43.7979 3
    endloop
  endfacet
  facet normal -0 0 1
    outer loop
      vertex 81.0349 43.6513 3
      vertex 81.1209 -43.7219 3
      vertex 81.1209 43.7219 3
    endloop
  endfacet
  facet normal 0 0 1
    outer loop
      vertex 81.0349 43.6513 3
      vertex 81.0349 -43.6513 3
      vertex 81.1209 -43.7219 3
    endloop
  endfacet
  facet normal -0 0 1
    outer loop
      vertex 80.9445 43.5865 3
      vertex 81.0349 -43.6513 3
      vertex 81.0349 43.6513 3
    endloop
  endfacet
  facet normal 0 0 1
    outer loop
      vertex 80.9445 43.5865 3
      vertex 80.9445 -43.5865 3
      vertex 81.0349 -43.6513 3
    endloop
  endfacet
  facet normal -0 0 1
    outer loop
      vertex 80.85 43.5278 3
      vertex 80.9445 -43.5865 3
      vertex 80.9445 43.5865 3
    endloop
  endfacet
  facet normal 0 0 1
    outer loop
      vertex 80.85 43.5278 3
      vertex 80.85 -43.5278 3
      vertex 80.9445 -43.5865 3
    endloop
  endfacet
  facet normal -0 0 1
    outer loop
      vertex 80.7519 43.4753 3
      vertex 80.85 -43.5278 3
      vertex 80.85 43.5278 3
    endloop
  endfacet
  facet normal 0 0 1
    outer loop
      vertex 80.7519 43.4753 3
      vertex 80.7519 -43.4753 3
      vertex 80.85 -43.5278 3
    endloop
  endfacet
  facet normal -0 0 1
    outer loop
      vertex 80.6506 43.4294 3
      vertex 80.7519 -43.4753 3
      vertex 80.7519 43.4753 3
    endloop
  endfacet
  facet normal 0 0 1
    outer loop
      vertex 80.6506 43.4294 3
      vertex 80.6506 -43.4294 3
      vertex 80.7519 -43.4753 3
    endloop
  endfacet
  facet normal -0 0 1
    outer loop
      vertex 80.5464 43.3902 3
      vertex 80.6506 -43.4294 3
      vertex 80.6506 43.4294 3
    endloop
  endfacet
  facet normal 0 0 1
    outer loop
      vertex 80.5464 43.3902 3
      vertex 80.5464 -43.3902 3
      vertex 80.6506 -43.4294 3
    endloop
  endfacet
  facet normal -0 0 1
    outer loop
      vertex 80.44 43.3579 3
      vertex 80.5464 -43.3902 3
      vertex 80.5464 43.3902 3
    endloop
  endfacet
  facet normal 0 0 1
    outer loop
      vertex 80.44 43.3579 3
      vertex 80.44 -43.3579 3
      vertex 80.5464 -43.3902 3
    endloop
  endfacet
  facet normal -0 0 1
    outer loop
      vertex 80.3316 43.3327 3
      vertex 80.44 -43.3579 3
      vertex 80.44 43.3579 3
    endloop
  endfacet
  facet normal 0 0 1
    outer loop
      vertex 80.3316 43.3327 3
      vertex 80.3316 -43.3327 3
      vertex 80.44 -43.3579 3
    endloop
  endfacet
  facet normal -0 0 1
    outer loop
      vertex 80.2219 43.3145 3
      vertex 80.3316 -43.3327 3
      vertex 80.3316 43.3327 3
    endloop
  endfacet
  facet normal 0 0 1
    outer loop
      vertex 80.2219 43.3145 3
      vertex 80.2219 -43.3145 3
      vertex 80.3316 -43.3327 3
    endloop
  endfacet
  facet normal -0 0 1
    outer loop
      vertex 80.1112 43.3036 3
      vertex 80.2219 -43.3145 3
      vertex 80.2219 43.3145 3
    endloop
  endfacet
  facet normal 0 0 1
    outer loop
      vertex 80.1112 43.3036 3
      vertex 80.1112 -43.3036 3
      vertex 80.2219 -43.3145 3
    endloop
  endfacet
  facet normal -0 0 1
    outer loop
      vertex 80 43.3 3
      vertex 80.1112 -43.3036 3
      vertex 80.1112 43.3036 3
    endloop
  endfacet
  facet normal 0 0 1
    outer loop
      vertex 80 43.3 3
      vertex 80 -43.3 3
      vertex 80.1112 -43.3036 3
    endloop
  endfacet
  facet normal 0 0 1
    outer loop
      vertex 79.8888 43.3036 3
      vertex 80 -43.3 3
      vertex 80 43.3 3
    endloop
  endfacet
  facet normal 0 0 1
    outer loop
      vertex 79.8888 43.3036 3
      vertex 79.8888 -43.3036 3
      vertex 80 -43.3 3
    endloop
  endfacet
  facet normal 0 0 1
    outer loop
      vertex 79.7781 43.3145 3
      vertex 79.8888 -43.3036 3
      vertex 79.8888 43.3036 3
    endloop
  endfacet
  facet normal 0 0 1
    outer loop
      vertex 79.7781 43.3145 3
      vertex 79.7781 -43.3145 3
      vertex 79.8888 -43.3036 3
    endloop
  endfacet
  facet normal 0 0 1
    outer loop
      vertex 79.6684 43.3327 3
      vertex 79.7781 -43.3145 3
      vertex 79.7781 43.3145 3
    endloop
  endfacet
  facet normal 0 0 1
    outer loop
      vertex 79.6684 43.3327 3
      vertex 79.6684 -43.3327 3
      vertex 79.7781 -43.3145 3
    endloop
  endfacet
  facet normal 0 0 1
    outer loop
      vertex 68 44 3
      vertex 79.6684 43.3327 3
      vertex 79.56 43.3579 3
    endloop
  endfacet
  facet normal 0 0 1
    outer loop
      vertex 79.6684 43.3327 3
      vertex 68 44 3
      vertex 79.6684 -43.3327 3
    endloop
  endfacet
  facet normal 0 0 1
    outer loop
      vertex 68 44 3
      vertex 79.56 43.3579 3
      vertex 79.4536 43.3902 3
    endloop
  endfacet
  facet normal 0 0 1
    outer loop
      vertex 68 -44 3
      vertex 79.6684 -43.3327 3
      vertex 68 44 3
    endloop
  endfacet
  facet normal 0 0 1
    outer loop
      vertex 68 44 3
      vertex 79.4536 43.3902 3
      vertex 79.3494 43.4294 3
    endloop
  endfacet
  facet normal 0 0 1
    outer loop
      vertex 79.6684 -43.3327 3
      vertex 68 -44 3
      vertex 79.56 -43.3579 3
    endloop
  endfacet
  facet normal 0 0 1
    outer loop
      vertex 68 44 3
      vertex 79.3494 43.4294 3
      vertex 79.2481 43.4753 3
    endloop
  endfacet
  facet normal 0 0 1
    outer loop
      vertex 79.56 -43.3579 3
      vertex 68 -44 3
      vertex 79.4536 -43.3902 3
    endloop
  endfacet
  facet normal 0 0 1
    outer loop
      vertex 68 44 3
      vertex 79.2481 43.4753 3
      vertex 79.15 43.5278 3
    endloop
  endfacet
  facet normal 0 0 1
    outer loop
      vertex 79.4536 -43.3902 3
      vertex 68 -44 3
      vertex 79.3494 -43.4294 3
    endloop
  endfacet
  facet normal 0 0 1
    outer loop
      vertex 68 44 3
      vertex 79.15 43.5278 3
      vertex 79.0555 43.5865 3
    endloop
  endfacet
  facet normal 0 0 1
    outer loop
      vertex 79.3494 -43.4294 3
      vertex 68 -44 3
      vertex 79.2481 -43.4753 3
    endloop
  endfacet
  facet normal 0 0 1
    outer loop
      vertex 68 44 3
      vertex 79.0555 43.5865 3
      vertex 78.9651 43.6513 3
    endloop
  endfacet
  facet normal 0 0 1
    outer loop
      vertex 79.2481 -43.4753 3
      vertex 68 -44 3
      vertex 79.15 -43.5278 3
    endloop
  endfacet
  facet normal 0 0 1
    outer loop
      vertex 68 44 3
      vertex 78.9651 43.6513 3
      vertex 78.8791 43.7219 3
    endloop
  endfacet
  facet normal 0 0 1
    outer loop
      vertex 79.15 -43.5278 3
      vertex 68 -44 3
      vertex 79.0555 -43.5865 3
    endloop
  endfacet
  facet normal 0 0 1
    outer loop
      vertex 68 44 3
      vertex 78.8791 43.7219 3
      vertex 78.7979 43.7979 3
    endloop
  endfacet
  facet normal 0 0 1
    outer loop
      vertex 79.0555 -43.5865 3
      vertex 68 -44 3
      vertex 78.9651 -43.6513 3
    endloop
  endfacet
  facet normal 0 0 1
    outer loop
      vertex 68 44 3
      vertex 78.7979 43.7979 3
      vertex 78.7219 43.8791 3
    endloop
  endfacet
  facet normal 0 0 1
    outer loop
      vertex 78.9651 -43.6513 3
      vertex 68 -44 3
      vertex 78.8791 -43.7219 3
    endloop
  endfacet
  facet normal 0 0 1
    outer loop
      vertex 68 44 3
      vertex 78.7219 43.8791 3
      vertex 78.6513 43.9651 3
    endloop
  endfacet
  facet normal 0 0 1
    outer loop
      vertex 78.8791 -43.7219 3
      vertex 68 -44 3
      vertex 78.7979 -43.7979 3
    endloop
  endfacet
  facet normal -0 0 1
    outer loop
      vertex 68 44 3
      vertex 78.6513 43.9651 3
      vertex 78.5865 44.0555 3
    endloop
  endfacet
  facet normal 0 0 1
    outer loop
      vertex 78.7979 -43.7979 3
      vertex 68 -44 3
      vertex 78.7219 -43.8791 3
    endloop
  endfacet
  facet normal 0 0 1
    outer loop
      vertex 68 44 3
      vertex 78.5865 44.0555 3
      vertex 78.5278 44.15 3
    endloop
  endfacet
  facet normal 0 0 1
    outer loop
      vertex 78.7219 -43.8791 3
      vertex 68 -44 3
      vertex 78.6513 -43.9651 3
    endloop
  endfacet
  facet normal 0 0 1
    outer loop
      vertex 68 44 3
      vertex 78.5278 44.15 3
      vertex 78.4753 44.2481 3
    endloop
  endfacet
  facet normal 0 0 1
    outer loop
      vertex 78.6513 -43.9651 3
      vertex 68 -44 3
      vertex 78.5865 -44.0555 3
    endloop
  endfacet
  facet normal 0 0 1
    outer loop
      vertex 68 44 3
      vertex 78.4753 44.2481 3
      vertex 78.4294 44.3494 3
    endloop
  endfacet
  facet normal 0 0 1
    outer loop
      vertex 78.5865 -44.0555 3
      vertex 68 -44 3
      vertex 78.5278 -44.15 3
    endloop
  endfacet
  facet normal 0 0 1
    outer loop
      vertex 68 44 3
      vertex 78.4294 44.3494 3
      vertex 78.3902 44.4536 3
    endloop
  endfacet
  facet normal 0 0 1
    outer loop
      vertex 78.5278 -44.15 3
      vertex 68 -44 3
      vertex 78.4753 -44.2481 3
    endloop
  endfacet
  facet normal 0 0 1
    outer loop
      vertex 68 44 3
      vertex 78.3902 44.4536 3
      vertex 78.3579 44.56 3
    endloop
  endfacet
  facet normal 0 0 1
    outer loop
      vertex 78.4753 -44.2481 3
      vertex 68 -44 3
      vertex 78.4294 -44.3494 3
    endloop
  endfacet
  facet normal 0 0 1
    outer loop
      vertex 68 44 3
      vertex 78.3579 44.56 3
      vertex 78.3327 44.6683 3
    endloop
  endfacet
  facet normal 0 0 1
    outer loop
      vertex 78.4294 -44.3494 3
      vertex 68 -44 3
      vertex 78.3902 -44.4536 3
    endloop
  endfacet
  facet normal 0 0 1
    outer loop
      vertex 68 44 3
      vertex 78.3327 44.6683 3
      vertex 78.3145 44.7781 3
    endloop
  endfacet
  facet normal 0 0 1
    outer loop
      vertex 78.3902 -44.4536 3
      vertex 68 -44 3
      vertex 78.3579 -44.56 3
    endloop
  endfacet
  facet normal 0 0 1
    outer loop
      vertex 67.9936 44.1962 3
      vertex 78.3145 44.7781 3
      vertex 78.3036 44.8888 3
    endloop
  endfacet
  facet normal 0 0 1
    outer loop
      vertex 78.3579 -44.56 3
      vertex 68 -44 3
      vertex 78.3327 -44.6683 3
    endloop
  endfacet
  facet normal 0 0 1
    outer loop
      vertex 67.9936 44.1962 3
      vertex 78.3036 44.8888 3
      vertex 78.3 45 3
    endloop
  endfacet
  facet normal 0 0 1
    outer loop
      vertex 78.3327 -44.6683 3
      vertex 68 -44 3
      vertex 78.3145 -44.7781 3
    endloop
  endfacet
  facet normal 0 0 1
    outer loop
      vertex 81.2021 46.2021 3
      vertex 90 50 3
      vertex 89.9893 50.327 3
    endloop
  endfacet
  facet normal 0 0 1
    outer loop
      vertex 81.6964 44.8888 3
      vertex 90 50 3
      vertex 81.7 45 3
    endloop
  endfacet
  facet normal 0 0 1
    outer loop
      vertex 81.2021 46.2021 3
      vertex 89.9893 50.327 3
      vertex 89.9572 50.6526 3
    endloop
  endfacet
  facet normal 0 0 1
    outer loop
      vertex 81.6855 44.7781 3
      vertex 90 50 3
      vertex 81.6964 44.8888 3
    endloop
  endfacet
  facet normal 0 0 1
    outer loop
      vertex 81.2021 46.2021 3
      vertex 89.9572 50.6526 3
      vertex 89.9039 50.9754 3
    endloop
  endfacet
  facet normal -0 0 1
    outer loop
      vertex 81.6964 -45.1112 3
      vertex 90 -50 3
      vertex 81.7 -45 3
    endloop
  endfacet
  facet normal 0 0 1
    outer loop
      vertex 81.2021 46.2021 3
      vertex 89.9039 50.9754 3
      vertex 89.8296 51.2941 3
    endloop
  endfacet
  facet normal -0 0 1
    outer loop
      vertex 81.6855 -45.2219 3
      vertex 90 -50 3
      vertex 81.6964 -45.1112 3
    endloop
  endfacet
  facet normal 0 0 1
    outer loop
      vertex 81.2021 46.2021 3
      vertex 89.8296 51.2941 3
      vertex 89.7346 51.6072 3
    endloop
  endfacet
  facet normal -0 0 1
    outer loop
      vertex 81.6673 -45.3317 3
      vertex 90 -50 3
      vertex 81.6855 -45.2219 3
    endloop
  endfacet
  facet normal 0 0 1
    outer loop
      vertex 81.2021 46.2021 3
      vertex 89.7346 51.6072 3
      vertex 89.6194 51.9134 3
    endloop
  endfacet
  facet normal -0 0 1
    outer loop
      vertex 81.6421 -45.44 3
      vertex 90 -50 3
      vertex 81.6673 -45.3317 3
    endloop
  endfacet
  facet normal 0 0 1
    outer loop
      vertex 81.2021 46.2021 3
      vertex 89.6194 51.9134 3
      vertex 89.4844 52.2114 3
    endloop
  endfacet
  facet normal -0 0 1
    outer loop
      vertex 81.6098 -45.5464 3
      vertex 90 -50 3
      vertex 81.6421 -45.44 3
    endloop
  endfacet
  facet normal 0 0 1
    outer loop
      vertex 81.2021 46.2021 3
      vertex 89.4844 52.2114 3
      vertex 89.3301 52.5 3
    endloop
  endfacet
  facet normal -0 0 1
    outer loop
      vertex 81.5706 -45.6506 3
      vertex 90 -50 3
      vertex 81.6098 -45.5464 3
    endloop
  endfacet
  facet normal 0 0 1
    outer loop
      vertex 81.2021 46.2021 3
      vertex 89.3301 52.5 3
      vertex 89.1573 52.7778 3
    endloop
  endfacet
  facet normal -0 0 1
    outer loop
      vertex 81.5247 -45.7519 3
      vertex 90 -50 3
      vertex 81.5706 -45.6506 3
    endloop
  endfacet
  facet normal 0 0 1
    outer loop
      vertex 81.2021 46.2021 3
      vertex 89.1573 52.7778 3
      vertex 88.9668 53.0438 3
    endloop
  endfacet
  facet normal -0 0 1
    outer loop
      vertex 81.4722 -45.85 3
      vertex 90 -50 3
      vertex 81.5247 -45.7519 3
    endloop
  endfacet
  facet normal 0 0 1
    outer loop
      vertex 81.2021 46.2021 3
      vertex 88.9668 53.0438 3
      vertex 88.7592 53.2967 3
    endloop
  endfacet
  facet normal -0 0 1
    outer loop
      vertex 81.4135 -45.9445 3
      vertex 90 -50 3
      vertex 81.4722 -45.85 3
    endloop
  endfacet
  facet normal 0 0 1
    outer loop
      vertex 81.2021 46.2021 3
      vertex 88.7592 53.2967 3
      vertex 88.5355 53.5355 3
    endloop
  endfacet
  facet normal -0 0 1
    outer loop
      vertex 81.3487 -46.0349 3
      vertex 90 -50 3
      vertex 81.4135 -45.9445 3
    endloop
  endfacet
  facet normal 0 0 1
    outer loop
      vertex 81.2021 46.2021 3
      vertex 88.5355 53.5355 3
      vertex 88.2967 53.7592 3
    endloop
  endfacet
  facet normal -0 0 1
    outer loop
      vertex 81.2781 -46.1209 3
      vertex 90 -50 3
      vertex 81.3487 -46.0349 3
    endloop
  endfacet
  facet normal 0 0 1
    outer loop
      vertex 81.2021 46.2021 3
      vertex 88.2967 53.7592 3
      vertex 88.0438 53.9668 3
    endloop
  endfacet
  facet normal -0 0 1
    outer loop
      vertex 81.2021 -46.2021 3
      vertex 90 -50 3
      vertex 81.2781 -46.1209 3
    endloop
  endfacet
  facet normal 0 0 1
    outer loop
      vertex 81.2021 46.2021 3
      vertex 88.0438 53.9668 3
      vertex 87.7778 54.1573 3
    endloop
  endfacet
  facet normal 0 0 1
    outer loop
      vertex 90 -50 3
      vertex 81.2021 -46.2021 3
      vertex 89.9893 -50.327 3
    endloop
  endfacet
  facet normal 0 0 1
    outer loop
      vertex 81.2021 46.2021 3
      vertex 87.7778 54.1573 3
      vertex 87.5 54.3301 3
    endloop
  endfacet
  facet normal 0 0 1
    outer loop
      vertex 89.9893 -50.327 3
      vertex 81.2021 -46.2021 3
      vertex 89.9572 -50.6526 3
    endloop
  endfacet
  facet normal 0 0 1
    outer loop
      vertex 81.2021 46.2021 3
      vertex 87.5 54.3301 3
      vertex 87.2114 54.4844 3
    endloop
  endfacet
  facet normal 0 0 1
    outer loop
      vertex 89.9572 -50.6526 3
      vertex 81.2021 -46.2021 3
      vertex 89.9039 -50.9754 3
    endloop
  endfacet
  facet normal 0 0 1
    outer loop
      vertex 81.2021 46.2021 3
      vertex 87.2114 54.4844 3
      vertex 86.9134 54.6194 3
    endloop
  endfacet
  facet normal 0 0 1
    outer loop
      vertex 89.9039 -50.9754 3
      vertex 81.2021 -46.2021 3
      vertex 89.8296 -51.2941 3
    endloop
  endfacet
  facet normal 0 0 1
    outer loop
      vertex 81.2021 46.2021 3
      vertex 86.9134 54.6194 3
      vertex 86.6072 54.7346 3
    endloop
  endfacet
  facet normal 0 0 1
    outer loop
      vertex 89.8296 -51.2941 3
      vertex 81.2021 -46.2021 3
      vertex 89.7346 -51.6072 3
    endloop
  endfacet
  facet normal 0 0 1
    outer loop
      vertex 81.2021 46.2021 3
      vertex 86.6072 54.7346 3
      vertex 86.2941 54.8296 3
    endloop
  endfacet
  facet normal 0 0 1
    outer loop
      vertex 89.7346 -51.6072 3
      vertex 81.2021 -46.2021 3
      vertex 89.6194 -51.9134 3
    endloop
  endfacet
  facet normal 0 0 1
    outer loop
      vertex 81.2021 46.2021 3
      vertex 86.2941 54.8296 3
      vertex 85.9754 54.9039 3
    endloop
  endfacet
  facet normal 0 0 1
    outer loop
      vertex 89.6194 -51.9134 3
      vertex 81.2021 -46.2021 3
      vertex 89.4844 -52.2114 3
    endloop
  endfacet
  facet normal 0 0 1
    outer loop
      vertex 81.2021 46.2021 3
      vertex 85.9754 54.9039 3
      vertex 85.6526 54.9572 3
    endloop
  endfacet
  facet normal 0 0 1
    outer loop
      vertex 89.4844 -52.2114 3
      vertex 81.2021 -46.2021 3
      vertex 89.3301 -52.5 3
    endloop
  endfacet
  facet normal 0 0 1
    outer loop
      vertex 81.2021 46.2021 3
      vertex 85.6526 54.9572 3
      vertex 85.327 54.9893 3
    endloop
  endfacet
  facet normal 0 0 1
    outer loop
      vertex 89.3301 -52.5 3
      vertex 81.2021 -46.2021 3
      vertex 89.1573 -52.7778 3
    endloop
  endfacet
  facet normal 0 0 1
    outer loop
      vertex 81.2021 46.2021 3
      vertex 85.327 54.9893 3
      vertex 85 55 3
    endloop
  endfacet
  facet normal 0 0 1
    outer loop
      vertex 89.1573 -52.7778 3
      vertex 81.2021 -46.2021 3
      vertex 88.9668 -53.0438 3
    endloop
  endfacet
  facet normal 0 0 1
    outer loop
      vertex 88.9668 -53.0438 3
      vertex 81.2021 -46.2021 3
      vertex 88.7592 -53.2967 3
    endloop
  endfacet
  facet normal 0 0 1
    outer loop
      vertex 90 50 3
      vertex 81.6964 45.1112 3
      vertex 81.7 45 3
    endloop
  endfacet
  facet normal 0 0 1
    outer loop
      vertex 90 50 3
      vertex 81.6855 45.2219 3
      vertex 81.6964 45.1112 3
    endloop
  endfacet
  facet normal 0 0 1
    outer loop
      vertex 90 50 3
      vertex 81.6673 45.3317 3
      vertex 81.6855 45.2219 3
    endloop
  endfacet
  facet normal 0 0 1
    outer loop
      vertex 90 50 3
      vertex 81.6421 45.44 3
      vertex 81.6673 45.3317 3
    endloop
  endfacet
  facet normal 0 0 1
    outer loop
      vertex 90 50 3
      vertex 81.6098 45.5464 3
      vertex 81.6421 45.44 3
    endloop
  endfacet
  facet normal 0 0 1
    outer loop
      vertex 90 50 3
      vertex 81.5706 45.6506 3
      vertex 81.6098 45.5464 3
    endloop
  endfacet
  facet normal 0 0 1
    outer loop
      vertex 90 50 3
      vertex 81.5247 45.7519 3
      vertex 81.5706 45.6506 3
    endloop
  endfacet
  facet normal 0 0 1
    outer loop
      vertex 90 50 3
      vertex 81.4722 45.85 3
      vertex 81.5247 45.7519 3
    endloop
  endfacet
  facet normal 0 0 1
    outer loop
      vertex 90 50 3
      vertex 81.4135 45.9445 3
      vertex 81.4722 45.85 3
    endloop
  endfacet
  facet normal 0 0 1
    outer loop
      vertex 90 50 3
      vertex 81.3487 46.0349 3
      vertex 81.4135 45.9445 3
    endloop
  endfacet
  facet normal 0 0 1
    outer loop
      vertex 90 50 3
      vertex 81.2781 46.1209 3
      vertex 81.3487 46.0349 3
    endloop
  endfacet
  facet normal 0 0 1
    outer loop
      vertex 90 50 3
      vertex 81.2021 46.2021 3
      vertex 81.2781 46.1209 3
    endloop
  endfacet
  facet normal 0 0 1
    outer loop
      vertex 85 55 3
      vertex 81.1209 46.2781 3
      vertex 81.2021 46.2021 3
    endloop
  endfacet
  facet normal 0 0 1
    outer loop
      vertex 85 55 3
      vertex 81.0349 46.3487 3
      vertex 81.1209 46.2781 3
    endloop
  endfacet
  facet normal 0 0 1
    outer loop
      vertex 85 55 3
      vertex 80.9445 46.4135 3
      vertex 81.0349 46.3487 3
    endloop
  endfacet
  facet normal 0 0 1
    outer loop
      vertex 85 55 3
      vertex 80.85 46.4722 3
      vertex 80.9445 46.4135 3
    endloop
  endfacet
  facet normal 0 0 1
    outer loop
      vertex 85 55 3
      vertex 80.7519 46.5247 3
      vertex 80.85 46.4722 3
    endloop
  endfacet
  facet normal 0 0 1
    outer loop
      vertex 85 55 3
      vertex 80.6506 46.5706 3
      vertex 80.7519 46.5247 3
    endloop
  endfacet
  facet normal 0 0 1
    outer loop
      vertex 85 55 3
      vertex 80.5464 46.6098 3
      vertex 80.6506 46.5706 3
    endloop
  endfacet
  facet normal 0 0 1
    outer loop
      vertex 85 55 3
      vertex 80.44 46.6421 3
      vertex 80.5464 46.6098 3
    endloop
  endfacet
  facet normal 0 0 1
    outer loop
      vertex 85 55 3
      vertex 80.3316 46.6673 3
      vertex 80.44 46.6421 3
    endloop
  endfacet
  facet normal 0 0 1
    outer loop
      vertex 85 55 3
      vertex 80.2219 46.6855 3
      vertex 80.3316 46.6673 3
    endloop
  endfacet
  facet normal 0 0 1
    outer loop
      vertex 85 55 3
      vertex 80.1112 46.6964 3
      vertex 80.2219 46.6855 3
    endloop
  endfacet
  facet normal 0 0 1
    outer loop
      vertex 85 55 3
      vertex 80 46.7 3
      vertex 80.1112 46.6964 3
    endloop
  endfacet
  facet normal 0 0 1
    outer loop
      vertex 85 55 3
      vertex 79.8888 46.6964 3
      vertex 80 46.7 3
    endloop
  endfacet
  facet normal 0 0 1
    outer loop
      vertex 85 55 3
      vertex 79.7781 46.6855 3
      vertex 79.8888 46.6964 3
    endloop
  endfacet
  facet normal 0 0 1
    outer loop
      vertex 85 55 3
      vertex 79.6684 46.6673 3
      vertex 79.7781 46.6855 3
    endloop
  endfacet
  facet normal 0 0 1
    outer loop
      vertex 85 55 3
      vertex 79.56 46.6421 3
      vertex 79.6684 46.6673 3
    endloop
  endfacet
  facet normal 0 0 1
    outer loop
      vertex 85 55 3
      vertex 79.4536 46.6098 3
      vertex 79.56 46.6421 3
    endloop
  endfacet
  facet normal 0 0 1
    outer loop
      vertex 85 55 3
      vertex 79.3494 46.5706 3
      vertex 79.4536 46.6098 3
    endloop
  endfacet
  facet normal 0 0 1
    outer loop
      vertex 85 55 3
      vertex 79.2481 46.5247 3
      vertex 79.3494 46.5706 3
    endloop
  endfacet
  facet normal 0 0 1
    outer loop
      vertex 85 55 3
      vertex 79.15 46.4722 3
      vertex 79.2481 46.5247 3
    endloop
  endfacet
  facet normal -0 0 1
    outer loop
      vertex 66.5 46.5981 3
      vertex 79.15 46.4722 3
      vertex 85 55 3
    endloop
  endfacet
  facet normal -0 -0 1
    outer loop
      vertex 66.6667 46.4944 3
      vertex 79.15 46.4722 3
      vertex 66.5 46.5981 3
    endloop
  endfacet
  facet normal 0 0 1
    outer loop
      vertex 79.0555 46.4135 3
      vertex 66.6667 46.4944 3
      vertex 78.9651 46.3487 3
    endloop
  endfacet
  facet normal -0 -0 1
    outer loop
      vertex 66.8263 46.3801 3
      vertex 78.9651 46.3487 3
      vertex 66.6667 46.4944 3
    endloop
  endfacet
  facet normal 0 0 1
    outer loop
      vertex 78.9651 46.3487 3
      vertex 66.8263 46.3801 3
      vertex 78.8791 46.2781 3
    endloop
  endfacet
  facet normal 0 -0 1
    outer loop
      vertex 66.978 46.2555 3
      vertex 78.8791 46.2781 3
      vertex 66.8263 46.3801 3
    endloop
  endfacet
  facet normal 0 0 1
    outer loop
      vertex 78.8791 46.2781 3
      vertex 66.978 46.2555 3
      vertex 78.7979 46.2021 3
    endloop
  endfacet
  facet normal -0 0 1
    outer loop
      vertex 67.9936 -44.1962 3
      vertex 78.3145 -44.7781 3
      vertex 68 -44 3
    endloop
  endfacet
  facet normal 0 0 1
    outer loop
      vertex 67.9743 44.3916 3
      vertex 78.3 45 3
      vertex 78.3036 45.1112 3
    endloop
  endfacet
  facet normal 0 0 1
    outer loop
      vertex 67.9424 44.5853 3
      vertex 78.3036 45.1112 3
      vertex 78.3145 45.2219 3
    endloop
  endfacet
  facet normal 0 0 1
    outer loop
      vertex 67.8978 44.7765 3
      vertex 78.3145 45.2219 3
      vertex 78.3327 45.3317 3
    endloop
  endfacet
  facet normal 0 0 1
    outer loop
      vertex 67.8408 44.9643 3
      vertex 78.3327 45.3317 3
      vertex 78.3579 45.44 3
    endloop
  endfacet
  facet normal 0 0 1
    outer loop
      vertex 67.7716 45.1481 3
      vertex 78.3579 45.44 3
      vertex 78.3902 45.5464 3
    endloop
  endfacet
  facet normal 0 0 1
    outer loop
      vertex 67.7716 45.1481 3
      vertex 78.3902 45.5464 3
      vertex 78.4294 45.6506 3
    endloop
  endfacet
  facet normal 0 0 1
    outer loop
      vertex 67.6906 45.3269 3
      vertex 78.4294 45.6506 3
      vertex 78.4753 45.7519 3
    endloop
  endfacet
  facet normal 0 0 1
    outer loop
      vertex 67.5981 45.5 3
      vertex 78.4753 45.7519 3
      vertex 78.5278 45.85 3
    endloop
  endfacet
  facet normal 0 0 1
    outer loop
      vertex 67.4944 45.6667 3
      vertex 78.5278 45.85 3
      vertex 78.5865 45.9445 3
    endloop
  endfacet
  facet normal 0 -0 1
    outer loop
      vertex 67.1213 46.1213 3
      vertex 78.7979 46.2021 3
      vertex 66.978 46.2555 3
    endloop
  endfacet
  facet normal 0 0 1
    outer loop
      vertex 78.3145 44.7781 3
      vertex 67.9936 44.1962 3
      vertex 68 44 3
    endloop
  endfacet
  facet normal 0 0 1
    outer loop
      vertex 78.3 45 3
      vertex 67.9743 44.3916 3
      vertex 67.9936 44.1962 3
    endloop
  endfacet
  facet normal 0 0 1
    outer loop
      vertex 78.3036 45.1112 3
      vertex 67.9424 44.5853 3
      vertex 67.9743 44.3916 3
    endloop
  endfacet
  facet normal 0 0 1
    outer loop
      vertex 78.3145 45.2219 3
      vertex 67.8978 44.7765 3
      vertex 67.9424 44.5853 3
    endloop
  endfacet
  facet normal 0 0 1
    outer loop
      vertex 78.3327 45.3317 3
      vertex 67.8408 44.9643 3
      vertex 67.8978 44.7765 3
    endloop
  endfacet
  facet normal 0 0 1
    outer loop
      vertex 78.3579 45.44 3
      vertex 67.7716 45.1481 3
      vertex 67.8408 44.9643 3
    endloop
  endfacet
  facet normal 0 0 1
    outer loop
      vertex 78.4294 45.6506 3
      vertex 67.6906 45.3269 3
      vertex 67.7716 45.1481 3
    endloop
  endfacet
  facet normal 0 0 1
    outer loop
      vertex 78.4753 45.7519 3
      vertex 67.5981 45.5 3
      vertex 67.6906 45.3269 3
    endloop
  endfacet
  facet normal 0 0 1
    outer loop
      vertex 78.5278 45.85 3
      vertex 67.4944 45.6667 3
      vertex 67.5981 45.5 3
    endloop
  endfacet
  facet normal 0 0 1
    outer loop
      vertex 78.5865 45.9445 3
      vertex 67.3801 45.8263 3
      vertex 67.4944 45.6667 3
    endloop
  endfacet
  facet normal 0 0 1
    outer loop
      vertex 78.6513 46.0349 3
      vertex 67.3801 45.8263 3
      vertex 78.5865 45.9445 3
    endloop
  endfacet
  facet normal 0 -0 1
    outer loop
      vertex 67.3801 45.8263 3
      vertex 78.6513 46.0349 3
      vertex 67.2555 45.978 3
    endloop
  endfacet
  facet normal 0 0 1
    outer loop
      vertex 78.7219 46.1209 3
      vertex 67.2555 45.978 3
      vertex 78.6513 46.0349 3
    endloop
  endfacet
  facet normal 0 -0 1
    outer loop
      vertex 67.2555 45.978 3
      vertex 78.7219 46.1209 3
      vertex 67.1213 46.1213 3
    endloop
  endfacet
  facet normal 0 0 1
    outer loop
      vertex 78.7979 46.2021 3
      vertex 67.1213 46.1213 3
      vertex 78.7219 46.1209 3
    endloop
  endfacet
  facet normal 0 0 1
    outer loop
      vertex 79.15 46.4722 3
      vertex 66.6667 46.4944 3
      vertex 79.0555 46.4135 3
    endloop
  endfacet
  facet normal 0 0 1
    outer loop
      vertex 85 55 3
      vertex 66.3269 46.6906 3
      vertex 66.5 46.5981 3
    endloop
  endfacet
  facet normal 0 0 1
    outer loop
      vertex 85 55 3
      vertex 66.1481 46.7716 3
      vertex 66.3269 46.6906 3
    endloop
  endfacet
  facet normal 0 0 1
    outer loop
      vertex 85 55 3
      vertex 65.9643 46.8408 3
      vertex 66.1481 46.7716 3
    endloop
  endfacet
  facet normal 0 0 1
    outer loop
      vertex 85 55 3
      vertex 65.7765 46.8978 3
      vertex 65.9643 46.8408 3
    endloop
  endfacet
  facet normal 0 0 1
    outer loop
      vertex 85 55 3
      vertex 65.5853 46.9424 3
      vertex 65.7765 46.8978 3
    endloop
  endfacet
  facet normal 0 0 1
    outer loop
      vertex 85 55 3
      vertex 65.3916 46.9743 3
      vertex 65.5853 46.9424 3
    endloop
  endfacet
  facet normal 0 0 1
    outer loop
      vertex 85 55 3
      vertex 65.1962 46.9936 3
      vertex 65.3916 46.9743 3
    endloop
  endfacet
  facet normal 0 0 1
    outer loop
      vertex 85 55 3
      vertex 65 47 3
      vertex 65.1962 46.9936 3
    endloop
  endfacet
  facet normal 0 0 1
    outer loop
      vertex 85 55 3
      vertex 5 47 3
      vertex 65 47 3
    endloop
  endfacet
  facet normal -0 0 1
    outer loop
      vertex -85 55 3
      vertex 5 47 3
      vertex 85 55 3
    endloop
  endfacet
  facet normal 0 0 1
    outer loop
      vertex 5 47 3
      vertex -85 55 3
      vertex 4.80379 46.9936 3
    endloop
  endfacet
  facet normal 0 0 1
    outer loop
      vertex 2 44 3
      vertex -31 0 3
      vertex 2 -44 3
    endloop
  endfacet
  facet normal 0 0 1
    outer loop
      vertex -41.5965 17.0406 3
      vertex 2 44 3
      vertex 2.00642 44.1962 3
    endloop
  endfacet
  facet normal 0 0 1
    outer loop
      vertex -42.729 17.5537 3
      vertex 2.00642 44.1962 3
      vertex 2.02567 44.3916 3
    endloop
  endfacet
  facet normal 0 0 1
    outer loop
      vertex -43.8927 17.9917 3
      vertex 2.02567 44.3916 3
      vertex 2.05765 44.5853 3
    endloop
  endfacet
  facet normal 0 0 1
    outer loop
      vertex -43.8927 17.9917 3
      vertex 2.05765 44.5853 3
      vertex 2.10222 44.7765 3
    endloop
  endfacet
  facet normal 0 0 1
    outer loop
      vertex -45.0824 18.3526 3
      vertex 2.10222 44.7765 3
      vertex 2.15921 44.9643 3
    endloop
  endfacet
  facet normal 0 0 1
    outer loop
      vertex -46.2933 18.6349 3
      vertex 2.15921 44.9643 3
      vertex 2.22836 45.1481 3
    endloop
  endfacet
  facet normal 0 0 1
    outer loop
      vertex -78.4294 45.6506 3
      vertex 2.22836 45.1481 3
      vertex 2.30939 45.3269 3
    endloop
  endfacet
  facet normal 0 0 1
    outer loop
      vertex -78.4753 45.7519 3
      vertex 2.30939 45.3269 3
      vertex 2.40192 45.5 3
    endloop
  endfacet
  facet normal 0 0 1
    outer loop
      vertex -78.5278 45.85 3
      vertex 2.40192 45.5 3
      vertex 2.50558 45.6667 3
    endloop
  endfacet
  facet normal 0 0 1
    outer loop
      vertex -78.5865 45.9445 3
      vertex 2.50558 45.6667 3
      vertex 2.61993 45.8263 3
    endloop
  endfacet
  facet normal 0 0 1
    outer loop
      vertex 2 44 3
      vertex -31.0407 1.24266 3
      vertex -31 0 3
    endloop
  endfacet
  facet normal 0 0 1
    outer loop
      vertex 2 44 3
      vertex -31.1625 2.48 3
      vertex -31.0407 1.24266 3
    endloop
  endfacet
  facet normal 0 0 1
    outer loop
      vertex 2 44 3
      vertex -31.3651 3.70672 3
      vertex -31.1625 2.48 3
    endloop
  endfacet
  facet normal 0 0 1
    outer loop
      vertex 2 44 3
      vertex -31.6474 4.91756 3
      vertex -31.3651 3.70672 3
    endloop
  endfacet
  facet normal 0 0 1
    outer loop
      vertex -78.6513 46.0349 3
      vertex 2.61993 45.8263 3
      vertex 2.74448 45.978 3
    endloop
  endfacet
  facet normal 0 0 1
    outer loop
      vertex 2 44 3
      vertex -32.0083 6.10735 3
      vertex -31.6474 4.91756 3
    endloop
  endfacet
  facet normal 0 0 1
    outer loop
      vertex 2 44 3
      vertex -32.4463 7.27098 3
      vertex -32.0083 6.10735 3
    endloop
  endfacet
  facet normal 0 0 1
    outer loop
      vertex 2 44 3
      vertex -32.9594 8.40348 3
      vertex -32.4463 7.27098 3
    endloop
  endfacet
  facet normal 0 0 1
    outer loop
      vertex -85 55 3
      vertex 2.74448 45.978 3
      vertex 2.87868 46.1213 3
    endloop
  endfacet
  facet normal 0 0 1
    outer loop
      vertex 2 44 3
      vertex -33.5455 9.5 3
      vertex -32.9594 8.40348 3
    endloop
  endfacet
  facet normal 0 0 1
    outer loop
      vertex 2 44 3
      vertex -34.2021 10.5558 3
      vertex -33.5455 9.5 3
    endloop
  endfacet
  facet normal 0 0 1
    outer loop
      vertex 2 44 3
      vertex -34.9263 11.5665 3
      vertex -34.2021 10.5558 3
    endloop
  endfacet
  facet normal 0 0 1
    outer loop
      vertex -85 55 3
      vertex 2.87868 46.1213 3
      vertex 3.02196 46.2555 3
    endloop
  endfacet
  facet normal 0 0 1
    outer loop
      vertex 2 44 3
      vertex -35.715 12.5276 3
      vertex -34.9263 11.5665 3
    endloop
  endfacet
  facet normal 0 0 1
    outer loop
      vertex 2 44 3
      vertex -36.565 13.435 3
      vertex -35.715 12.5276 3
    endloop
  endfacet
  facet normal 0 0 1
    outer loop
      vertex 2 44 3
      vertex -37.4724 14.285 3
      vertex -36.565 13.435 3
    endloop
  endfacet
  facet normal 0 0 1
    outer loop
      vertex -85 55 3
      vertex 3.02196 46.2555 3
      vertex 3.17372 46.3801 3
    endloop
  endfacet
  facet normal 0 0 1
    outer loop
      vertex 2 44 3
      vertex -38.4335 15.0737 3
      vertex -37.4724 14.285 3
    endloop
  endfacet
  facet normal 0 0 1
    outer loop
      vertex 2 44 3
      vertex -39.4442 15.7979 3
      vertex -38.4335 15.0737 3
    endloop
  endfacet
  facet normal 0 0 1
    outer loop
      vertex 2 44 3
      vertex -40.5 16.4545 3
      vertex -39.4442 15.7979 3
    endloop
  endfacet
  facet normal 0 0 1
    outer loop
      vertex -85 55 3
      vertex 3.17372 46.3801 3
      vertex 3.33328 46.4944 3
    endloop
  endfacet
  facet normal 0 0 1
    outer loop
      vertex 2 44 3
      vertex -41.5965 17.0406 3
      vertex -40.5 16.4545 3
    endloop
  endfacet
  facet normal 0 0 1
    outer loop
      vertex 2.00642 44.1962 3
      vertex -42.729 17.5537 3
      vertex -41.5965 17.0406 3
    endloop
  endfacet
  facet normal 0 0 1
    outer loop
      vertex 2.02567 44.3916 3
      vertex -43.8927 17.9917 3
      vertex -42.729 17.5537 3
    endloop
  endfacet
  facet normal 0 0 1
    outer loop
      vertex -85 55 3
      vertex 3.33328 46.4944 3
      vertex 3.5 46.5981 3
    endloop
  endfacet
  facet normal 0 0 1
    outer loop
      vertex 2.10222 44.7765 3
      vertex -45.0824 18.3526 3
      vertex -43.8927 17.9917 3
    endloop
  endfacet
  facet normal 0 0 1
    outer loop
      vertex 2.15921 44.9643 3
      vertex -46.2933 18.6349 3
      vertex -45.0824 18.3526 3
    endloop
  endfacet
  facet normal 0 0 1
    outer loop
      vertex 2.22836 45.1481 3
      vertex -78.4294 45.6506 3
      vertex -46.2933 18.6349 3
    endloop
  endfacet
  facet normal -0 -0 1
    outer loop
      vertex -78.3902 45.5464 3
      vertex -46.2933 18.6349 3
      vertex -78.4294 45.6506 3
    endloop
  endfacet
  facet normal 0 0 1
    outer loop
      vertex -85 55 3
      vertex 3.5 46.5981 3
      vertex 3.67314 46.6906 3
    endloop
  endfacet
  facet normal -0 -0 1
    outer loop
      vertex -78.3579 45.44 3
      vertex -47.52 18.8375 3
      vertex -78.3902 45.5464 3
    endloop
  endfacet
  facet normal 0 0 1
    outer loop
      vertex -47.52 18.8375 3
      vertex -78.3579 45.44 3
      vertex -48.7573 18.9593 3
    endloop
  endfacet
  facet normal -0 -0 1
    outer loop
      vertex -78.3327 45.3317 3
      vertex -48.7573 18.9593 3
      vertex -78.3579 45.44 3
    endloop
  endfacet
  facet normal -0 -0 1
    outer loop
      vertex -78.3145 45.2219 3
      vertex -48.7573 18.9593 3
      vertex -78.3327 45.3317 3
    endloop
  endfacet
  facet normal -0 -0 1
    outer loop
      vertex -78.3036 45.1112 3
      vertex -50 19 3
      vertex -78.3145 45.2219 3
    endloop
  endfacet
  facet normal 0 0 1
    outer loop
      vertex -50 19 3
      vertex -78.3036 45.1112 3
      vertex -51.2427 18.9593 3
    endloop
  endfacet
  facet normal -0 -0 1
    outer loop
      vertex -78.3 45 3
      vertex -51.2427 18.9593 3
      vertex -78.3036 45.1112 3
    endloop
  endfacet
  facet normal 0 0 1
    outer loop
      vertex -51.2427 18.9593 3
      vertex -78.3036 44.8888 3
      vertex -52.48 18.8375 3
    endloop
  endfacet
  facet normal -0 0 1
    outer loop
      vertex -79.0555 43.5865 3
      vertex -60.5558 15.7979 3
      vertex -78.9651 43.6513 3
    endloop
  endfacet
  facet normal 0 0 1
    outer loop
      vertex -59.5 16.4545 3
      vertex -78.9651 43.6513 3
      vertex -60.5558 15.7979 3
    endloop
  endfacet
  facet normal -0 0 1
    outer loop
      vertex -78.9651 43.6513 3
      vertex -59.5 16.4545 3
      vertex -78.8791 43.7219 3
    endloop
  endfacet
  facet normal -0 0 1
    outer loop
      vertex -78.8791 43.7219 3
      vertex -59.5 16.4545 3
      vertex -78.7979 43.7979 3
    endloop
  endfacet
  facet normal 0 0 1
    outer loop
      vertex -58.4035 17.0406 3
      vertex -78.7979 43.7979 3
      vertex -59.5 16.4545 3
    endloop
  endfacet
  facet normal -0 0 1
    outer loop
      vertex -78.7979 43.7979 3
      vertex -58.4035 17.0406 3
      vertex -78.7219 43.8791 3
    endloop
  endfacet
  facet normal -0 0 1
    outer loop
      vertex -78.7219 43.8791 3
      vertex -58.4035 17.0406 3
      vertex -78.6513 43.9651 3
    endloop
  endfacet
  facet normal 0 0 1
    outer loop
      vertex -57.271 17.5537 3
      vertex -78.6513 43.9651 3
      vertex -58.4035 17.0406 3
    endloop
  endfacet
  facet normal -0 0 1
    outer loop
      vertex -78.6513 43.9651 3
      vertex -57.271 17.5537 3
      vertex -78.5865 44.0555 3
    endloop
  endfacet
  facet normal -0 0 1
    outer loop
      vertex -78.5865 44.0555 3
      vertex -57.271 17.5537 3
      vertex -78.5278 44.15 3
    endloop
  endfacet
  facet normal 0 0 1
    outer loop
      vertex -56.1073 17.9917 3
      vertex -78.5278 44.15 3
      vertex -57.271 17.5537 3
    endloop
  endfacet
  facet normal -0 0 1
    outer loop
      vertex -78.5278 44.15 3
      vertex -56.1073 17.9917 3
      vertex -78.4753 44.2481 3
    endloop
  endfacet
  facet normal -0 0 1
    outer loop
      vertex -78.4753 44.2481 3
      vertex -56.1073 17.9917 3
      vertex -78.4294 44.3494 3
    endloop
  endfacet
  facet normal 0 0 1
    outer loop
      vertex -54.9176 18.3526 3
      vertex -78.4294 44.3494 3
      vertex -56.1073 17.9917 3
    endloop
  endfacet
  facet normal -0 0 1
    outer loop
      vertex -78.4294 44.3494 3
      vertex -54.9176 18.3526 3
      vertex -78.3902 44.4536 3
    endloop
  endfacet
  facet normal 0 0 1
    outer loop
      vertex -53.7067 18.6349 3
      vertex -78.3902 44.4536 3
      vertex -54.9176 18.3526 3
    endloop
  endfacet
  facet normal -0 0 1
    outer loop
      vertex -78.3902 44.4536 3
      vertex -53.7067 18.6349 3
      vertex -78.3579 44.56 3
    endloop
  endfacet
  facet normal -0 0 1
    outer loop
      vertex -78.3145 44.7781 3
      vertex -52.48 18.8375 3
      vertex -78.3036 44.8888 3
    endloop
  endfacet
  facet normal 0 0 1
    outer loop
      vertex -85 55 3
      vertex 3.67314 46.6906 3
      vertex 3.85194 46.7716 3
    endloop
  endfacet
  facet normal 0 0 1
    outer loop
      vertex -85 55 3
      vertex 3.85194 46.7716 3
      vertex 4.03568 46.8408 3
    endloop
  endfacet
  facet normal 0 0 1
    outer loop
      vertex -85 55 3
      vertex 4.03568 46.8408 3
      vertex 4.22354 46.8978 3
    endloop
  endfacet
  facet normal 0 0 1
    outer loop
      vertex -85 55 3
      vertex 4.22354 46.8978 3
      vertex 4.41473 46.9424 3
    endloop
  endfacet
  facet normal 0 0 1
    outer loop
      vertex -85 55 3
      vertex 4.41473 46.9424 3
      vertex 4.60843 46.9743 3
    endloop
  endfacet
  facet normal 0 0 1
    outer loop
      vertex 4.80379 46.9936 3
      vertex -85 55 3
      vertex 4.60843 46.9743 3
    endloop
  endfacet
  facet normal -0 0 1
    outer loop
      vertex -78.3579 44.56 3
      vertex -53.7067 18.6349 3
      vertex -78.3327 44.6683 3
    endloop
  endfacet
  facet normal 0 0 1
    outer loop
      vertex -52.48 18.8375 3
      vertex -78.3327 44.6683 3
      vertex -53.7067 18.6349 3
    endloop
  endfacet
  facet normal -0 0 1
    outer loop
      vertex -78.3327 44.6683 3
      vertex -52.48 18.8375 3
      vertex -78.3145 44.7781 3
    endloop
  endfacet
  facet normal -0 0 1
    outer loop
      vertex -78.3036 44.8888 3
      vertex -51.2427 18.9593 3
      vertex -78.3 45 3
    endloop
  endfacet
  facet normal 0 0 1
    outer loop
      vertex -48.7573 18.9593 3
      vertex -78.3145 45.2219 3
      vertex -50 19 3
    endloop
  endfacet
  facet normal 0 0 1
    outer loop
      vertex -46.2933 18.6349 3
      vertex -78.3902 45.5464 3
      vertex -47.52 18.8375 3
    endloop
  endfacet
  facet normal 0 0 1
    outer loop
      vertex 2.30939 45.3269 3
      vertex -78.4753 45.7519 3
      vertex -78.4294 45.6506 3
    endloop
  endfacet
  facet normal 0 0 1
    outer loop
      vertex 2.40192 45.5 3
      vertex -78.5278 45.85 3
      vertex -78.4753 45.7519 3
    endloop
  endfacet
  facet normal 0 0 1
    outer loop
      vertex 2.50558 45.6667 3
      vertex -78.5865 45.9445 3
      vertex -78.5278 45.85 3
    endloop
  endfacet
  facet normal 0 0 1
    outer loop
      vertex 2.61993 45.8263 3
      vertex -78.6513 46.0349 3
      vertex -78.5865 45.9445 3
    endloop
  endfacet
  facet normal 0 0 1
    outer loop
      vertex 2.74448 45.978 3
      vertex -85 55 3
      vertex -78.7219 46.1209 3
    endloop
  endfacet
  facet normal 0 0 1
    outer loop
      vertex 2.74448 45.978 3
      vertex -78.7219 46.1209 3
      vertex -78.6513 46.0349 3
    endloop
  endfacet
  facet normal 0 0 1
    outer loop
      vertex -78.7219 46.1209 3
      vertex -85 55 3
      vertex -78.7979 46.2021 3
    endloop
  endfacet
  facet normal 0 0 1
    outer loop
      vertex -78.7979 46.2021 3
      vertex -85 55 3
      vertex -78.8791 46.2781 3
    endloop
  endfacet
  facet normal 0 0 1
    outer loop
      vertex -78.8791 46.2781 3
      vertex -85 55 3
      vertex -78.9651 46.3487 3
    endloop
  endfacet
  facet normal 0 0 1
    outer loop
      vertex -78.9651 46.3487 3
      vertex -85 55 3
      vertex -79.0555 46.4135 3
    endloop
  endfacet
  facet normal 0 0 1
    outer loop
      vertex -79.0555 46.4135 3
      vertex -85 55 3
      vertex -79.15 46.4722 3
    endloop
  endfacet
  facet normal 0 0 1
    outer loop
      vertex -79.15 46.4722 3
      vertex -85 55 3
      vertex -79.2481 46.5247 3
    endloop
  endfacet
  facet normal 0 0 1
    outer loop
      vertex -79.2481 46.5247 3
      vertex -85 55 3
      vertex -79.3494 46.5706 3
    endloop
  endfacet
  facet normal 0 0 1
    outer loop
      vertex -79.3494 46.5706 3
      vertex -85 55 3
      vertex -79.4536 46.6098 3
    endloop
  endfacet
  facet normal 0 0 1
    outer loop
      vertex -79.4536 46.6098 3
      vertex -85 55 3
      vertex -79.56 46.6421 3
    endloop
  endfacet
  facet normal 0 0 1
    outer loop
      vertex -79.56 46.6421 3
      vertex -85 55 3
      vertex -79.6684 46.6673 3
    endloop
  endfacet
  facet normal 0 0 1
    outer loop
      vertex -79.6684 46.6673 3
      vertex -85 55 3
      vertex -79.7781 46.6855 3
    endloop
  endfacet
  facet normal 0 0 1
    outer loop
      vertex -79.7781 46.6855 3
      vertex -85 55 3
      vertex -79.8888 46.6964 3
    endloop
  endfacet
  facet normal 0 0 1
    outer loop
      vertex -79.8888 46.6964 3
      vertex -85 55 3
      vertex -80 46.7 3
    endloop
  endfacet
  facet normal 0 0 1
    outer loop
      vertex -81.6964 45.1112 3
      vertex -90 50 3
      vertex -81.7 45 3
    endloop
  endfacet
  facet normal 0 0 1
    outer loop
      vertex -81.6855 45.2219 3
      vertex -90 50 3
      vertex -81.6964 45.1112 3
    endloop
  endfacet
  facet normal 0 0 1
    outer loop
      vertex -81.6673 45.3317 3
      vertex -90 50 3
      vertex -81.6855 45.2219 3
    endloop
  endfacet
  facet normal 0 0 1
    outer loop
      vertex -81.6421 45.44 3
      vertex -90 50 3
      vertex -81.6673 45.3317 3
    endloop
  endfacet
  facet normal 0 0 1
    outer loop
      vertex -81.6098 45.5464 3
      vertex -90 50 3
      vertex -81.6421 45.44 3
    endloop
  endfacet
  facet normal 0 0 1
    outer loop
      vertex -81.5706 45.6506 3
      vertex -90 50 3
      vertex -81.6098 45.5464 3
    endloop
  endfacet
  facet normal 0 0 1
    outer loop
      vertex -81.5247 45.7519 3
      vertex -90 50 3
      vertex -81.5706 45.6506 3
    endloop
  endfacet
  facet normal 0 0 1
    outer loop
      vertex -81.4722 45.85 3
      vertex -90 50 3
      vertex -81.5247 45.7519 3
    endloop
  endfacet
  facet normal 0 0 1
    outer loop
      vertex -81.4135 45.9445 3
      vertex -90 50 3
      vertex -81.4722 45.85 3
    endloop
  endfacet
  facet normal 0 0 1
    outer loop
      vertex -81.3487 46.0349 3
      vertex -90 50 3
      vertex -81.4135 45.9445 3
    endloop
  endfacet
  facet normal 0 0 1
    outer loop
      vertex -81.2781 46.1209 3
      vertex -90 50 3
      vertex -81.3487 46.0349 3
    endloop
  endfacet
  facet normal 0 0 1
    outer loop
      vertex -81.2021 46.2021 3
      vertex -90 50 3
      vertex -81.2781 46.1209 3
    endloop
  endfacet
  facet normal -0 0 1
    outer loop
      vertex -90 50 3
      vertex -81.2021 46.2021 3
      vertex -85 55 3
    endloop
  endfacet
  facet normal 0 0 1
    outer loop
      vertex -81.1209 46.2781 3
      vertex -85 55 3
      vertex -81.2021 46.2021 3
    endloop
  endfacet
  facet normal 0 0 1
    outer loop
      vertex -81.0349 46.3487 3
      vertex -85 55 3
      vertex -81.1209 46.2781 3
    endloop
  endfacet
  facet normal 0 0 1
    outer loop
      vertex -80.9445 46.4135 3
      vertex -85 55 3
      vertex -81.0349 46.3487 3
    endloop
  endfacet
  facet normal 0 0 1
    outer loop
      vertex -80.85 46.4722 3
      vertex -85 55 3
      vertex -80.9445 46.4135 3
    endloop
  endfacet
  facet normal 0 0 1
    outer loop
      vertex -80.7519 46.5247 3
      vertex -85 55 3
      vertex -80.85 46.4722 3
    endloop
  endfacet
  facet normal 0 0 1
    outer loop
      vertex -80.6506 46.5706 3
      vertex -85 55 3
      vertex -80.7519 46.5247 3
    endloop
  endfacet
  facet normal 0 0 1
    outer loop
      vertex -80.5464 46.6098 3
      vertex -85 55 3
      vertex -80.6506 46.5706 3
    endloop
  endfacet
  facet normal 0 0 1
    outer loop
      vertex -80.44 46.6421 3
      vertex -85 55 3
      vertex -80.5464 46.6098 3
    endloop
  endfacet
  facet normal 0 0 1
    outer loop
      vertex -80.3316 46.6673 3
      vertex -85 55 3
      vertex -80.44 46.6421 3
    endloop
  endfacet
  facet normal 0 0 1
    outer loop
      vertex -80.2219 46.6855 3
      vertex -85 55 3
      vertex -80.3316 46.6673 3
    endloop
  endfacet
  facet normal 0 0 1
    outer loop
      vertex -80.1112 46.6964 3
      vertex -85 55 3
      vertex -80.2219 46.6855 3
    endloop
  endfacet
  facet normal 0 0 1
    outer loop
      vertex -80 46.7 3
      vertex -85 55 3
      vertex -80.1112 46.6964 3
    endloop
  endfacet
  facet normal 0 0 1
    outer loop
      vertex 88.7592 -53.2967 3
      vertex 81.2021 -46.2021 3
      vertex 88.5355 -53.5355 3
    endloop
  endfacet
  facet normal 0 0 1
    outer loop
      vertex 88.5355 -53.5355 3
      vertex 81.2021 -46.2021 3
      vertex 88.2967 -53.7592 3
    endloop
  endfacet
  facet normal 0 0 1
    outer loop
      vertex 88.2967 -53.7592 3
      vertex 81.2021 -46.2021 3
      vertex 88.0438 -53.9668 3
    endloop
  endfacet
  facet normal 0 0 1
    outer loop
      vertex 88.0438 -53.9668 3
      vertex 81.2021 -46.2021 3
      vertex 87.7778 -54.1573 3
    endloop
  endfacet
  facet normal 0 0 1
    outer loop
      vertex 87.7778 -54.1573 3
      vertex 81.2021 -46.2021 3
      vertex 87.5 -54.3301 3
    endloop
  endfacet
  facet normal 0 0 1
    outer loop
      vertex 87.5 -54.3301 3
      vertex 81.2021 -46.2021 3
      vertex 87.2114 -54.4844 3
    endloop
  endfacet
  facet normal 0 0 1
    outer loop
      vertex 87.2114 -54.4844 3
      vertex 81.2021 -46.2021 3
      vertex 86.9134 -54.6194 3
    endloop
  endfacet
  facet normal 0 0 1
    outer loop
      vertex 86.9134 -54.6194 3
      vertex 81.2021 -46.2021 3
      vertex 86.6072 -54.7346 3
    endloop
  endfacet
  facet normal 0 0 1
    outer loop
      vertex 86.6072 -54.7346 3
      vertex 81.2021 -46.2021 3
      vertex 86.2941 -54.8296 3
    endloop
  endfacet
  facet normal 0 0 1
    outer loop
      vertex 86.2941 -54.8296 3
      vertex 81.2021 -46.2021 3
      vertex 85.9754 -54.9039 3
    endloop
  endfacet
  facet normal 0 0 1
    outer loop
      vertex 85.9754 -54.9039 3
      vertex 81.2021 -46.2021 3
      vertex 85.6526 -54.9572 3
    endloop
  endfacet
  facet normal 0 0 1
    outer loop
      vertex 85.6526 -54.9572 3
      vertex 81.2021 -46.2021 3
      vertex 85.327 -54.9893 3
    endloop
  endfacet
  facet normal 0 0 1
    outer loop
      vertex 85.327 -54.9893 3
      vertex 81.2021 -46.2021 3
      vertex 85 -55 3
    endloop
  endfacet
  facet normal -0 0 1
    outer loop
      vertex 81.1209 -46.2781 3
      vertex 85 -55 3
      vertex 81.2021 -46.2021 3
    endloop
  endfacet
  facet normal -0 0 1
    outer loop
      vertex 81.0349 -46.3487 3
      vertex 85 -55 3
      vertex 81.1209 -46.2781 3
    endloop
  endfacet
  facet normal -0 0 1
    outer loop
      vertex 80.9445 -46.4135 3
      vertex 85 -55 3
      vertex 81.0349 -46.3487 3
    endloop
  endfacet
  facet normal -0 0 1
    outer loop
      vertex 80.85 -46.4722 3
      vertex 85 -55 3
      vertex 80.9445 -46.4135 3
    endloop
  endfacet
  facet normal -0 0 1
    outer loop
      vertex 80.7519 -46.5247 3
      vertex 85 -55 3
      vertex 80.85 -46.4722 3
    endloop
  endfacet
  facet normal -0 0 1
    outer loop
      vertex 80.6506 -46.5706 3
      vertex 85 -55 3
      vertex 80.7519 -46.5247 3
    endloop
  endfacet
  facet normal -0 0 1
    outer loop
      vertex 80.5464 -46.6098 3
      vertex 85 -55 3
      vertex 80.6506 -46.5706 3
    endloop
  endfacet
  facet normal -0 0 1
    outer loop
      vertex 80.44 -46.6421 3
      vertex 85 -55 3
      vertex 80.5464 -46.6098 3
    endloop
  endfacet
  facet normal -0 0 1
    outer loop
      vertex 80.3316 -46.6673 3
      vertex 85 -55 3
      vertex 80.44 -46.6421 3
    endloop
  endfacet
  facet normal -0 0 1
    outer loop
      vertex 80.2219 -46.6855 3
      vertex 85 -55 3
      vertex 80.3316 -46.6673 3
    endloop
  endfacet
  facet normal -0 0 1
    outer loop
      vertex 80.1112 -46.6964 3
      vertex 85 -55 3
      vertex 80.2219 -46.6855 3
    endloop
  endfacet
  facet normal -0 0 1
    outer loop
      vertex 80 -46.7 3
      vertex 85 -55 3
      vertex 80.1112 -46.6964 3
    endloop
  endfacet
  facet normal 0 0 1
    outer loop
      vertex 79.8888 -46.6964 3
      vertex 85 -55 3
      vertex 80 -46.7 3
    endloop
  endfacet
  facet normal 0 0 1
    outer loop
      vertex 79.7781 -46.6855 3
      vertex 85 -55 3
      vertex 79.8888 -46.6964 3
    endloop
  endfacet
  facet normal 0 0 1
    outer loop
      vertex 79.6684 -46.6673 3
      vertex 85 -55 3
      vertex 79.7781 -46.6855 3
    endloop
  endfacet
  facet normal 0 0 1
    outer loop
      vertex 79.56 -46.6421 3
      vertex 85 -55 3
      vertex 79.6684 -46.6673 3
    endloop
  endfacet
  facet normal 0 0 1
    outer loop
      vertex 79.4536 -46.6098 3
      vertex 85 -55 3
      vertex 79.56 -46.6421 3
    endloop
  endfacet
  facet normal 0 0 1
    outer loop
      vertex 79.3494 -46.5706 3
      vertex 85 -55 3
      vertex 79.4536 -46.6098 3
    endloop
  endfacet
  facet normal 0 0 1
    outer loop
      vertex 79.2481 -46.5247 3
      vertex 85 -55 3
      vertex 79.3494 -46.5706 3
    endloop
  endfacet
  facet normal 0 0 1
    outer loop
      vertex 79.15 -46.4722 3
      vertex 85 -55 3
      vertex 79.2481 -46.5247 3
    endloop
  endfacet
  facet normal 0 0 1
    outer loop
      vertex 66.6667 -46.4944 3
      vertex 79.15 -46.4722 3
      vertex 79.0555 -46.4135 3
    endloop
  endfacet
  facet normal 0 0 1
    outer loop
      vertex 66.6667 -46.4944 3
      vertex 79.0555 -46.4135 3
      vertex 78.9651 -46.3487 3
    endloop
  endfacet
  facet normal 0 0 1
    outer loop
      vertex 66.8263 -46.3801 3
      vertex 78.9651 -46.3487 3
      vertex 78.8791 -46.2781 3
    endloop
  endfacet
  facet normal -0 0 1
    outer loop
      vertex 66.978 -46.2555 3
      vertex 78.8791 -46.2781 3
      vertex 78.7979 -46.2021 3
    endloop
  endfacet
  facet normal -0 0 1
    outer loop
      vertex 67.1213 -46.1213 3
      vertex 78.7979 -46.2021 3
      vertex 78.7219 -46.1209 3
    endloop
  endfacet
  facet normal 0 0 1
    outer loop
      vertex 67.2555 -45.978 3
      vertex 78.7219 -46.1209 3
      vertex 78.6513 -46.0349 3
    endloop
  endfacet
  facet normal 0 0 1
    outer loop
      vertex 67.3801 -45.8263 3
      vertex 78.6513 -46.0349 3
      vertex 78.5865 -45.9445 3
    endloop
  endfacet
  facet normal 0 0 1
    outer loop
      vertex 78.3145 -44.7781 3
      vertex 67.9936 -44.1962 3
      vertex 78.3036 -44.8888 3
    endloop
  endfacet
  facet normal 0 0 1
    outer loop
      vertex 78.3036 -44.8888 3
      vertex 67.9936 -44.1962 3
      vertex 78.3 -45 3
    endloop
  endfacet
  facet normal -0 0 1
    outer loop
      vertex 67.9743 -44.3916 3
      vertex 78.3 -45 3
      vertex 67.9936 -44.1962 3
    endloop
  endfacet
  facet normal 0 0 1
    outer loop
      vertex 78.3 -45 3
      vertex 67.9743 -44.3916 3
      vertex 78.3036 -45.1112 3
    endloop
  endfacet
  facet normal -0 0 1
    outer loop
      vertex 67.9424 -44.5853 3
      vertex 78.3036 -45.1112 3
      vertex 67.9743 -44.3916 3
    endloop
  endfacet
  facet normal 0 0 1
    outer loop
      vertex 78.3036 -45.1112 3
      vertex 67.9424 -44.5853 3
      vertex 78.3145 -45.2219 3
    endloop
  endfacet
  facet normal -0 0 1
    outer loop
      vertex 67.8978 -44.7765 3
      vertex 78.3145 -45.2219 3
      vertex 67.9424 -44.5853 3
    endloop
  endfacet
  facet normal 0 0 1
    outer loop
      vertex 78.3145 -45.2219 3
      vertex 67.8978 -44.7765 3
      vertex 78.3327 -45.3317 3
    endloop
  endfacet
  facet normal -0 0 1
    outer loop
      vertex 67.8408 -44.9643 3
      vertex 78.3327 -45.3317 3
      vertex 67.8978 -44.7765 3
    endloop
  endfacet
  facet normal 0 0 1
    outer loop
      vertex 78.3327 -45.3317 3
      vertex 67.8408 -44.9643 3
      vertex 78.3579 -45.44 3
    endloop
  endfacet
  facet normal -0 0 1
    outer loop
      vertex 67.7716 -45.1481 3
      vertex 78.3579 -45.44 3
      vertex 67.8408 -44.9643 3
    endloop
  endfacet
  facet normal 0 0 1
    outer loop
      vertex 78.3579 -45.44 3
      vertex 67.7716 -45.1481 3
      vertex 78.3902 -45.5464 3
    endloop
  endfacet
  facet normal 0 0 1
    outer loop
      vertex 78.3902 -45.5464 3
      vertex 67.7716 -45.1481 3
      vertex 78.4294 -45.6506 3
    endloop
  endfacet
  facet normal -0 0 1
    outer loop
      vertex 67.6906 -45.3269 3
      vertex 78.4294 -45.6506 3
      vertex 67.7716 -45.1481 3
    endloop
  endfacet
  facet normal 0 0 1
    outer loop
      vertex 78.4294 -45.6506 3
      vertex 67.6906 -45.3269 3
      vertex 78.4753 -45.7519 3
    endloop
  endfacet
  facet normal -0 0 1
    outer loop
      vertex 67.5981 -45.5 3
      vertex 78.4753 -45.7519 3
      vertex 67.6906 -45.3269 3
    endloop
  endfacet
  facet normal 0 0 1
    outer loop
      vertex 78.4753 -45.7519 3
      vertex 67.5981 -45.5 3
      vertex 78.5278 -45.85 3
    endloop
  endfacet
  facet normal -0 0 1
    outer loop
      vertex 67.4944 -45.6667 3
      vertex 78.5278 -45.85 3
      vertex 67.5981 -45.5 3
    endloop
  endfacet
  facet normal 0 0 1
    outer loop
      vertex 78.5278 -45.85 3
      vertex 67.4944 -45.6667 3
      vertex 78.5865 -45.9445 3
    endloop
  endfacet
  facet normal -0 0 1
    outer loop
      vertex 67.3801 -45.8263 3
      vertex 78.5865 -45.9445 3
      vertex 67.4944 -45.6667 3
    endloop
  endfacet
  facet normal 0 0 1
    outer loop
      vertex 78.6513 -46.0349 3
      vertex 67.3801 -45.8263 3
      vertex 67.2555 -45.978 3
    endloop
  endfacet
  facet normal 0 0 1
    outer loop
      vertex 78.7219 -46.1209 3
      vertex 67.2555 -45.978 3
      vertex 67.1213 -46.1213 3
    endloop
  endfacet
  facet normal 0 0 1
    outer loop
      vertex 78.7979 -46.2021 3
      vertex 67.1213 -46.1213 3
      vertex 66.978 -46.2555 3
    endloop
  endfacet
  facet normal 0 0 1
    outer loop
      vertex 78.8791 -46.2781 3
      vertex 66.978 -46.2555 3
      vertex 66.8263 -46.3801 3
    endloop
  endfacet
  facet normal 0 0 1
    outer loop
      vertex 78.9651 -46.3487 3
      vertex 66.8263 -46.3801 3
      vertex 66.6667 -46.4944 3
    endloop
  endfacet
  facet normal 0 0 1
    outer loop
      vertex 79.15 -46.4722 3
      vertex 66.6667 -46.4944 3
      vertex 66.5 -46.5981 3
    endloop
  endfacet
  facet normal 0 0 1
    outer loop
      vertex 79.15 -46.4722 3
      vertex 66.5 -46.5981 3
      vertex 85 -55 3
    endloop
  endfacet
  facet normal -0 0 1
    outer loop
      vertex 66.3269 -46.6906 3
      vertex 85 -55 3
      vertex 66.5 -46.5981 3
    endloop
  endfacet
  facet normal -0 0 1
    outer loop
      vertex 66.1481 -46.7716 3
      vertex 85 -55 3
      vertex 66.3269 -46.6906 3
    endloop
  endfacet
  facet normal -0 0 1
    outer loop
      vertex 65.9643 -46.8408 3
      vertex 85 -55 3
      vertex 66.1481 -46.7716 3
    endloop
  endfacet
  facet normal -0 0 1
    outer loop
      vertex 65.7765 -46.8978 3
      vertex 85 -55 3
      vertex 65.9643 -46.8408 3
    endloop
  endfacet
  facet normal -0 0 1
    outer loop
      vertex 65.5853 -46.9424 3
      vertex 85 -55 3
      vertex 65.7765 -46.8978 3
    endloop
  endfacet
  facet normal -0 0 1
    outer loop
      vertex 65.3916 -46.9743 3
      vertex 85 -55 3
      vertex 65.5853 -46.9424 3
    endloop
  endfacet
  facet normal -0 0 1
    outer loop
      vertex 65.1962 -46.9936 3
      vertex 85 -55 3
      vertex 65.3916 -46.9743 3
    endloop
  endfacet
  facet normal -0 0 1
    outer loop
      vertex 65 -47 3
      vertex 85 -55 3
      vertex 65.1962 -46.9936 3
    endloop
  endfacet
  facet normal -0 0 1
    outer loop
      vertex 5 -47 3
      vertex 85 -55 3
      vertex 65 -47 3
    endloop
  endfacet
  facet normal 0 0 1
    outer loop
      vertex -85 -55 3
      vertex 5 -47 3
      vertex 4.80379 -46.9936 3
    endloop
  endfacet
  facet normal 0 0 1
    outer loop
      vertex -85 -55 3
      vertex 4.80379 -46.9936 3
      vertex 4.60843 -46.9743 3
    endloop
  endfacet
  facet normal -0 0 1
    outer loop
      vertex -31.0407 -1.24266 3
      vertex 2 -44 3
      vertex -31 0 3
    endloop
  endfacet
  facet normal -0 0 1
    outer loop
      vertex -31.1625 -2.48 3
      vertex 2 -44 3
      vertex -31.0407 -1.24266 3
    endloop
  endfacet
  facet normal -0 0 1
    outer loop
      vertex -31.3651 -3.70672 3
      vertex 2 -44 3
      vertex -31.1625 -2.48 3
    endloop
  endfacet
  facet normal -0 0 1
    outer loop
      vertex -31.6474 -4.91756 3
      vertex 2 -44 3
      vertex -31.3651 -3.70672 3
    endloop
  endfacet
  facet normal -0 0 1
    outer loop
      vertex -32.0083 -6.10735 3
      vertex 2 -44 3
      vertex -31.6474 -4.91756 3
    endloop
  endfacet
  facet normal -0 0 1
    outer loop
      vertex -32.4463 -7.27098 3
      vertex 2 -44 3
      vertex -32.0083 -6.10735 3
    endloop
  endfacet
  facet normal -0 0 1
    outer loop
      vertex -32.9594 -8.40348 3
      vertex 2 -44 3
      vertex -32.4463 -7.27098 3
    endloop
  endfacet
  facet normal -0 0 1
    outer loop
      vertex -33.5455 -9.5 3
      vertex 2 -44 3
      vertex -32.9594 -8.40348 3
    endloop
  endfacet
  facet normal -0 0 1
    outer loop
      vertex -34.2021 -10.5558 3
      vertex 2 -44 3
      vertex -33.5455 -9.5 3
    endloop
  endfacet
  facet normal -0 0 1
    outer loop
      vertex -34.9263 -11.5665 3
      vertex 2 -44 3
      vertex -34.2021 -10.5558 3
    endloop
  endfacet
  facet normal -0 0 1
    outer loop
      vertex -35.715 -12.5276 3
      vertex 2 -44 3
      vertex -34.9263 -11.5665 3
    endloop
  endfacet
  facet normal -0 0 1
    outer loop
      vertex -36.565 -13.435 3
      vertex 2 -44 3
      vertex -35.715 -12.5276 3
    endloop
  endfacet
  facet normal -0 0 1
    outer loop
      vertex -37.4724 -14.285 3
      vertex 2 -44 3
      vertex -36.565 -13.435 3
    endloop
  endfacet
  facet normal -0 0 1
    outer loop
      vertex -38.4335 -15.0737 3
      vertex 2 -44 3
      vertex -37.4724 -14.285 3
    endloop
  endfacet
  facet normal -0 0 1
    outer loop
      vertex -39.4442 -15.7979 3
      vertex 2 -44 3
      vertex -38.4335 -15.0737 3
    endloop
  endfacet
  facet normal -0 0 1
    outer loop
      vertex -40.5 -16.4545 3
      vertex 2 -44 3
      vertex -39.4442 -15.7979 3
    endloop
  endfacet
  facet normal -0 0 1
    outer loop
      vertex -41.5965 -17.0406 3
      vertex 2 -44 3
      vertex -40.5 -16.4545 3
    endloop
  endfacet
  facet normal 0 0 1
    outer loop
      vertex 2 -44 3
      vertex -41.5965 -17.0406 3
      vertex 2.00642 -44.1962 3
    endloop
  endfacet
  facet normal -0 0 1
    outer loop
      vertex -42.729 -17.5537 3
      vertex 2.00642 -44.1962 3
      vertex -41.5965 -17.0406 3
    endloop
  endfacet
  facet normal 0 0 1
    outer loop
      vertex 2.00642 -44.1962 3
      vertex -42.729 -17.5537 3
      vertex 2.02567 -44.3916 3
    endloop
  endfacet
  facet normal -0 0 1
    outer loop
      vertex -43.8927 -17.9917 3
      vertex 2.02567 -44.3916 3
      vertex -42.729 -17.5537 3
    endloop
  endfacet
  facet normal 0 0 1
    outer loop
      vertex 2.02567 -44.3916 3
      vertex -43.8927 -17.9917 3
      vertex 2.05765 -44.5853 3
    endloop
  endfacet
  facet normal 0 0 1
    outer loop
      vertex 2.05765 -44.5853 3
      vertex -43.8927 -17.9917 3
      vertex 2.10222 -44.7765 3
    endloop
  endfacet
  facet normal -0 0 1
    outer loop
      vertex -45.0824 -18.3526 3
      vertex 2.10222 -44.7765 3
      vertex -43.8927 -17.9917 3
    endloop
  endfacet
  facet normal 0 0 1
    outer loop
      vertex 2.10222 -44.7765 3
      vertex -45.0824 -18.3526 3
      vertex 2.15921 -44.9643 3
    endloop
  endfacet
  facet normal -0 0 1
    outer loop
      vertex -46.2933 -18.6349 3
      vertex 2.15921 -44.9643 3
      vertex -45.0824 -18.3526 3
    endloop
  endfacet
  facet normal 0 0 1
    outer loop
      vertex 2.15921 -44.9643 3
      vertex -46.2933 -18.6349 3
      vertex 2.22836 -45.1481 3
    endloop
  endfacet
  facet normal 0 0 1
    outer loop
      vertex -78.4294 -45.6506 3
      vertex 2.22836 -45.1481 3
      vertex -46.2933 -18.6349 3
    endloop
  endfacet
  facet normal 0 0 1
    outer loop
      vertex 2.22836 -45.1481 3
      vertex -78.4294 -45.6506 3
      vertex 2.30939 -45.3269 3
    endloop
  endfacet
  facet normal 0 0 1
    outer loop
      vertex -78.4753 -45.7519 3
      vertex 2.30939 -45.3269 3
      vertex -78.4294 -45.6506 3
    endloop
  endfacet
  facet normal 0 0 1
    outer loop
      vertex 2.30939 -45.3269 3
      vertex -78.4753 -45.7519 3
      vertex 2.40192 -45.5 3
    endloop
  endfacet
  facet normal 0 0 1
    outer loop
      vertex -78.5278 -45.85 3
      vertex 2.40192 -45.5 3
      vertex -78.4753 -45.7519 3
    endloop
  endfacet
  facet normal 0 0 1
    outer loop
      vertex 2.40192 -45.5 3
      vertex -78.5278 -45.85 3
      vertex 2.50558 -45.6667 3
    endloop
  endfacet
  facet normal 0 0 1
    outer loop
      vertex -78.5865 -45.9445 3
      vertex 2.50558 -45.6667 3
      vertex -78.5278 -45.85 3
    endloop
  endfacet
  facet normal 0 0 1
    outer loop
      vertex 2.50558 -45.6667 3
      vertex -78.5865 -45.9445 3
      vertex 2.61993 -45.8263 3
    endloop
  endfacet
  facet normal 0 0 1
    outer loop
      vertex -78.6513 -46.0349 3
      vertex 2.61993 -45.8263 3
      vertex -78.5865 -45.9445 3
    endloop
  endfacet
  facet normal 0 0 1
    outer loop
      vertex 2.61993 -45.8263 3
      vertex -78.6513 -46.0349 3
      vertex 2.74448 -45.978 3
    endloop
  endfacet
  facet normal 0 0 1
    outer loop
      vertex -78.3902 -45.5464 3
      vertex -46.2933 -18.6349 3
      vertex -47.52 -18.8375 3
    endloop
  endfacet
  facet normal 0 0 1
    outer loop
      vertex -78.3579 -45.44 3
      vertex -47.52 -18.8375 3
      vertex -48.7573 -18.9593 3
    endloop
  endfacet
  facet normal 0 0 1
    outer loop
      vertex -46.2933 -18.6349 3
      vertex -78.3902 -45.5464 3
      vertex -78.4294 -45.6506 3
    endloop
  endfacet
  facet normal 0 0 1
    outer loop
      vertex -78.3145 -45.2219 3
      vertex -48.7573 -18.9593 3
      vertex -50 -19 3
    endloop
  endfacet
  facet normal 0 0 1
    outer loop
      vertex -78.3036 -45.1112 3
      vertex -50 -19 3
      vertex -51.2427 -18.9593 3
    endloop
  endfacet
  facet normal 0 0 1
    outer loop
      vertex -78.3 -45 3
      vertex -51.2427 -18.9593 3
      vertex -52.48 -18.8375 3
    endloop
  endfacet
  facet normal 0 0 1
    outer loop
      vertex -78.3 -45 3
      vertex -52.48 -18.8375 3
      vertex -53.7067 -18.6349 3
    endloop
  endfacet
  facet normal 0 0 1
    outer loop
      vertex -78.3 -45 3
      vertex -53.7067 -18.6349 3
      vertex -54.9176 -18.3526 3
    endloop
  endfacet
  facet normal 0 0 1
    outer loop
      vertex -78.3 -45 3
      vertex -54.9176 -18.3526 3
      vertex -56.1073 -17.9917 3
    endloop
  endfacet
  facet normal 0 0 1
    outer loop
      vertex -78.3 -45 3
      vertex -56.1073 -17.9917 3
      vertex -57.271 -17.5537 3
    endloop
  endfacet
  facet normal 0 0 1
    outer loop
      vertex -78.3 -45 3
      vertex -57.271 -17.5537 3
      vertex -58.4035 -17.0406 3
    endloop
  endfacet
  facet normal -0 0 1
    outer loop
      vertex -79.15 43.5278 3
      vertex -60.5558 15.7979 3
      vertex -79.0555 43.5865 3
    endloop
  endfacet
  facet normal 0 0 1
    outer loop
      vertex -69 0 3
      vertex -78.3 -45 3
      vertex -68.9593 -1.24266 3
    endloop
  endfacet
  facet normal 0 0 1
    outer loop
      vertex -68.9593 -1.24266 3
      vertex -78.3 -45 3
      vertex -68.8374 -2.48 3
    endloop
  endfacet
  facet normal 0 0 1
    outer loop
      vertex -68.8374 -2.48 3
      vertex -78.3 -45 3
      vertex -68.6349 -3.70672 3
    endloop
  endfacet
  facet normal 0 0 1
    outer loop
      vertex -78.3 -45 3
      vertex -68.3526 -4.91756 3
      vertex -68.6349 -3.70672 3
    endloop
  endfacet
  facet normal 0 0 1
    outer loop
      vertex -78.3 -45 3
      vertex -67.9917 -6.10735 3
      vertex -68.3526 -4.91756 3
    endloop
  endfacet
  facet normal 0 0 1
    outer loop
      vertex -78.3 -45 3
      vertex -67.5537 -7.27098 3
      vertex -67.9917 -6.10735 3
    endloop
  endfacet
  facet normal 0 0 1
    outer loop
      vertex -78.3 -45 3
      vertex -67.0406 -8.40348 3
      vertex -67.5537 -7.27098 3
    endloop
  endfacet
  facet normal 0 0 1
    outer loop
      vertex -78.3 -45 3
      vertex -66.4545 -9.5 3
      vertex -67.0406 -8.40348 3
    endloop
  endfacet
  facet normal 0 0 1
    outer loop
      vertex -78.3 -45 3
      vertex -65.7979 -10.5558 3
      vertex -66.4545 -9.5 3
    endloop
  endfacet
  facet normal 0 0 1
    outer loop
      vertex -78.3 -45 3
      vertex -65.0737 -11.5665 3
      vertex -65.7979 -10.5558 3
    endloop
  endfacet
  facet normal 0 0 1
    outer loop
      vertex -78.3 -45 3
      vertex -64.285 -12.5276 3
      vertex -65.0737 -11.5665 3
    endloop
  endfacet
  facet normal 0 0 1
    outer loop
      vertex -78.3 -45 3
      vertex -63.435 -13.435 3
      vertex -64.285 -12.5276 3
    endloop
  endfacet
  facet normal 0 0 1
    outer loop
      vertex -78.3 -45 3
      vertex -62.5276 -14.285 3
      vertex -63.435 -13.435 3
    endloop
  endfacet
  facet normal 0 0 1
    outer loop
      vertex -78.3 -45 3
      vertex -61.5665 -15.0737 3
      vertex -62.5276 -14.285 3
    endloop
  endfacet
  facet normal 0 0 1
    outer loop
      vertex -78.3 -45 3
      vertex -60.5558 -15.7979 3
      vertex -61.5665 -15.0737 3
    endloop
  endfacet
  facet normal 0 0 1
    outer loop
      vertex -78.3 -45 3
      vertex -59.5 -16.4545 3
      vertex -60.5558 -15.7979 3
    endloop
  endfacet
  facet normal 0 0 1
    outer loop
      vertex -78.3 -45 3
      vertex -58.4035 -17.0406 3
      vertex -59.5 -16.4545 3
    endloop
  endfacet
  facet normal 0 0 1
    outer loop
      vertex -51.2427 -18.9593 3
      vertex -78.3 -45 3
      vertex -78.3036 -45.1112 3
    endloop
  endfacet
  facet normal 0 0 1
    outer loop
      vertex -50 -19 3
      vertex -78.3036 -45.1112 3
      vertex -78.3145 -45.2219 3
    endloop
  endfacet
  facet normal 0 0 1
    outer loop
      vertex -48.7573 -18.9593 3
      vertex -78.3145 -45.2219 3
      vertex -78.3327 -45.3317 3
    endloop
  endfacet
  facet normal 0 0 1
    outer loop
      vertex -48.7573 -18.9593 3
      vertex -78.3327 -45.3317 3
      vertex -78.3579 -45.44 3
    endloop
  endfacet
  facet normal 0 0 1
    outer loop
      vertex -47.52 -18.8375 3
      vertex -78.3579 -45.44 3
      vertex -78.3902 -45.5464 3
    endloop
  endfacet
  facet normal 0 0 1
    outer loop
      vertex -78.7219 -46.1209 3
      vertex 2.74448 -45.978 3
      vertex -78.6513 -46.0349 3
    endloop
  endfacet
  facet normal 0 0 1
    outer loop
      vertex -85 -55 3
      vertex 2.74448 -45.978 3
      vertex -78.7219 -46.1209 3
    endloop
  endfacet
  facet normal 0 0 1
    outer loop
      vertex 2.74448 -45.978 3
      vertex -85 -55 3
      vertex 2.87868 -46.1213 3
    endloop
  endfacet
  facet normal 0 0 1
    outer loop
      vertex 2.87868 -46.1213 3
      vertex -85 -55 3
      vertex 3.02196 -46.2555 3
    endloop
  endfacet
  facet normal 0 0 1
    outer loop
      vertex 3.02196 -46.2555 3
      vertex -85 -55 3
      vertex 3.17372 -46.3801 3
    endloop
  endfacet
  facet normal 0 0 1
    outer loop
      vertex 3.17372 -46.3801 3
      vertex -85 -55 3
      vertex 3.33328 -46.4944 3
    endloop
  endfacet
  facet normal 0 0 1
    outer loop
      vertex 3.33328 -46.4944 3
      vertex -85 -55 3
      vertex 3.5 -46.5981 3
    endloop
  endfacet
  facet normal 0 0 1
    outer loop
      vertex 3.5 -46.5981 3
      vertex -85 -55 3
      vertex 3.67314 -46.6906 3
    endloop
  endfacet
  facet normal 0 0 1
    outer loop
      vertex 3.67314 -46.6906 3
      vertex -85 -55 3
      vertex 3.85194 -46.7716 3
    endloop
  endfacet
  facet normal 0 0 1
    outer loop
      vertex 3.85194 -46.7716 3
      vertex -85 -55 3
      vertex 4.03568 -46.8408 3
    endloop
  endfacet
  facet normal 0 0 1
    outer loop
      vertex 4.03568 -46.8408 3
      vertex -85 -55 3
      vertex 4.22354 -46.8978 3
    endloop
  endfacet
  facet normal 0 0 1
    outer loop
      vertex 4.22354 -46.8978 3
      vertex -85 -55 3
      vertex 4.41473 -46.9424 3
    endloop
  endfacet
  facet normal 0 0 1
    outer loop
      vertex 4.41473 -46.9424 3
      vertex -85 -55 3
      vertex 4.60843 -46.9743 3
    endloop
  endfacet
  facet normal 0 0 1
    outer loop
      vertex -85 -55 3
      vertex -78.7219 -46.1209 3
      vertex -78.7979 -46.2021 3
    endloop
  endfacet
  facet normal 0 0 1
    outer loop
      vertex -85 -55 3
      vertex -78.7979 -46.2021 3
      vertex -78.8791 -46.2781 3
    endloop
  endfacet
  facet normal 0 0 1
    outer loop
      vertex -85 -55 3
      vertex -78.8791 -46.2781 3
      vertex -78.9651 -46.3487 3
    endloop
  endfacet
  facet normal 0 0 1
    outer loop
      vertex -85 -55 3
      vertex -78.9651 -46.3487 3
      vertex -79.0555 -46.4135 3
    endloop
  endfacet
  facet normal 0 0 1
    outer loop
      vertex -85 -55 3
      vertex -79.0555 -46.4135 3
      vertex -79.15 -46.4722 3
    endloop
  endfacet
  facet normal 0 0 1
    outer loop
      vertex -85 -55 3
      vertex -79.15 -46.4722 3
      vertex -79.2481 -46.5247 3
    endloop
  endfacet
  facet normal 0 0 1
    outer loop
      vertex -85 -55 3
      vertex -79.2481 -46.5247 3
      vertex -79.3494 -46.5706 3
    endloop
  endfacet
  facet normal 0 0 1
    outer loop
      vertex -85 -55 3
      vertex -79.3494 -46.5706 3
      vertex -79.4536 -46.6098 3
    endloop
  endfacet
  facet normal 0 0 1
    outer loop
      vertex -85 -55 3
      vertex -79.4536 -46.6098 3
      vertex -79.56 -46.6421 3
    endloop
  endfacet
  facet normal 0 0 1
    outer loop
      vertex -85 -55 3
      vertex -79.56 -46.6421 3
      vertex -79.6684 -46.6673 3
    endloop
  endfacet
  facet normal 0 0 1
    outer loop
      vertex -85 -55 3
      vertex -79.6684 -46.6673 3
      vertex -79.7781 -46.6855 3
    endloop
  endfacet
  facet normal 0 0 1
    outer loop
      vertex -85 -55 3
      vertex -79.7781 -46.6855 3
      vertex -79.8888 -46.6964 3
    endloop
  endfacet
  facet normal 0 0 1
    outer loop
      vertex -85 -55 3
      vertex -79.8888 -46.6964 3
      vertex -80 -46.7 3
    endloop
  endfacet
  facet normal 0 0 1
    outer loop
      vertex -85 -55 3
      vertex -80 -46.7 3
      vertex -80.1112 -46.6964 3
    endloop
  endfacet
  facet normal 0 0 1
    outer loop
      vertex -81.6855 -44.7781 3
      vertex -90 -50 3
      vertex -81.6964 -44.8888 3
    endloop
  endfacet
  facet normal 0 0 1
    outer loop
      vertex 5 -47 3
      vertex -85 -55 3
      vertex 85 -55 3
    endloop
  endfacet
  facet normal 0 0 1
    outer loop
      vertex -80.2219 -46.6855 3
      vertex -85 -55 3
      vertex -80.1112 -46.6964 3
    endloop
  endfacet
  facet normal 0 0 1
    outer loop
      vertex -80.3316 -46.6673 3
      vertex -85 -55 3
      vertex -80.2219 -46.6855 3
    endloop
  endfacet
  facet normal 0 0 1
    outer loop
      vertex -80.44 -46.6421 3
      vertex -85 -55 3
      vertex -80.3316 -46.6673 3
    endloop
  endfacet
  facet normal 0 0 1
    outer loop
      vertex -80.5464 -46.6098 3
      vertex -85 -55 3
      vertex -80.44 -46.6421 3
    endloop
  endfacet
  facet normal 0 0 1
    outer loop
      vertex -80.6506 -46.5706 3
      vertex -85 -55 3
      vertex -80.5464 -46.6098 3
    endloop
  endfacet
  facet normal 0 0 1
    outer loop
      vertex -80.7519 -46.5247 3
      vertex -85 -55 3
      vertex -80.6506 -46.5706 3
    endloop
  endfacet
  facet normal 0 0 1
    outer loop
      vertex -80.85 -46.4722 3
      vertex -85 -55 3
      vertex -80.7519 -46.5247 3
    endloop
  endfacet
  facet normal 0 0 1
    outer loop
      vertex -80.9445 -46.4135 3
      vertex -85 -55 3
      vertex -80.85 -46.4722 3
    endloop
  endfacet
  facet normal 0 0 1
    outer loop
      vertex -81.0349 -46.3487 3
      vertex -85 -55 3
      vertex -80.9445 -46.4135 3
    endloop
  endfacet
  facet normal 0 0 1
    outer loop
      vertex -81.1209 -46.2781 3
      vertex -85 -55 3
      vertex -81.0349 -46.3487 3
    endloop
  endfacet
  facet normal 0 0 1
    outer loop
      vertex -81.2021 -46.2021 3
      vertex -85 -55 3
      vertex -81.1209 -46.2781 3
    endloop
  endfacet
  facet normal 0 0 1
    outer loop
      vertex -90 -50 3
      vertex -81.2021 -46.2021 3
      vertex -81.2781 -46.1209 3
    endloop
  endfacet
  facet normal 0 0 1
    outer loop
      vertex -90 -50 3
      vertex -81.2781 -46.1209 3
      vertex -81.3487 -46.0349 3
    endloop
  endfacet
  facet normal 0 0 1
    outer loop
      vertex -90 -50 3
      vertex -81.3487 -46.0349 3
      vertex -81.4135 -45.9445 3
    endloop
  endfacet
  facet normal 0 0 1
    outer loop
      vertex -90 -50 3
      vertex -81.4135 -45.9445 3
      vertex -81.4722 -45.85 3
    endloop
  endfacet
  facet normal 0 0 1
    outer loop
      vertex -90 -50 3
      vertex -81.4722 -45.85 3
      vertex -81.5247 -45.7519 3
    endloop
  endfacet
  facet normal 0 0 1
    outer loop
      vertex -90 -50 3
      vertex -81.5247 -45.7519 3
      vertex -81.5706 -45.6506 3
    endloop
  endfacet
  facet normal 0 0 1
    outer loop
      vertex -90 -50 3
      vertex -81.5706 -45.6506 3
      vertex -81.6098 -45.5464 3
    endloop
  endfacet
  facet normal 0 0 1
    outer loop
      vertex -90 -50 3
      vertex -81.6098 -45.5464 3
      vertex -81.6421 -45.44 3
    endloop
  endfacet
  facet normal 0 0 1
    outer loop
      vertex -90 -50 3
      vertex -81.6421 -45.44 3
      vertex -81.6673 -45.3317 3
    endloop
  endfacet
  facet normal 0 0 1
    outer loop
      vertex -90 -50 3
      vertex -81.6673 -45.3317 3
      vertex -81.6855 -45.2219 3
    endloop
  endfacet
  facet normal 0 0 1
    outer loop
      vertex -90 -50 3
      vertex -81.6855 -45.2219 3
      vertex -81.6964 -45.1112 3
    endloop
  endfacet
  facet normal 0 0 1
    outer loop
      vertex -81.6964 -44.8888 3
      vertex -90 -50 3
      vertex -81.7 -45 3
    endloop
  endfacet
  facet normal 0 0 1
    outer loop
      vertex -90 50 3
      vertex -85 55 3
      vertex -85.327 54.9893 3
    endloop
  endfacet
  facet normal 0 0 1
    outer loop
      vertex -81.7 -45 3
      vertex -90 -50 3
      vertex -81.6964 -45.1112 3
    endloop
  endfacet
  facet normal 0 0 1
    outer loop
      vertex -90 50 3
      vertex -85.327 54.9893 3
      vertex -85.6526 54.9572 3
    endloop
  endfacet
  facet normal 0 0 1
    outer loop
      vertex -81.2021 -46.2021 3
      vertex -90 -50 3
      vertex -85 -55 3
    endloop
  endfacet
  facet normal 0 0 1
    outer loop
      vertex -90 50 3
      vertex -85.6526 54.9572 3
      vertex -85.9754 54.9039 3
    endloop
  endfacet
  facet normal 0 0 1
    outer loop
      vertex -85 -55 3
      vertex -90 -50 3
      vertex -85.327 -54.9893 3
    endloop
  endfacet
  facet normal 0 0 1
    outer loop
      vertex -90 50 3
      vertex -85.9754 54.9039 3
      vertex -86.2941 54.8296 3
    endloop
  endfacet
  facet normal 0 0 1
    outer loop
      vertex -85.327 -54.9893 3
      vertex -90 -50 3
      vertex -85.6526 -54.9572 3
    endloop
  endfacet
  facet normal 0 0 1
    outer loop
      vertex -90 50 3
      vertex -86.2941 54.8296 3
      vertex -86.6072 54.7346 3
    endloop
  endfacet
  facet normal 0 0 1
    outer loop
      vertex -85.6526 -54.9572 3
      vertex -90 -50 3
      vertex -85.9754 -54.9039 3
    endloop
  endfacet
  facet normal 0 0 1
    outer loop
      vertex -90 50 3
      vertex -86.6072 54.7346 3
      vertex -86.9134 54.6194 3
    endloop
  endfacet
  facet normal 0 0 1
    outer loop
      vertex -85.9754 -54.9039 3
      vertex -90 -50 3
      vertex -86.2941 -54.8296 3
    endloop
  endfacet
  facet normal 0 0 1
    outer loop
      vertex -90 50 3
      vertex -86.9134 54.6194 3
      vertex -87.2114 54.4844 3
    endloop
  endfacet
  facet normal 0 0 1
    outer loop
      vertex -86.2941 -54.8296 3
      vertex -90 -50 3
      vertex -86.6072 -54.7346 3
    endloop
  endfacet
  facet normal 0 0 1
    outer loop
      vertex -90 50 3
      vertex -87.2114 54.4844 3
      vertex -87.5 54.3301 3
    endloop
  endfacet
  facet normal 0 0 1
    outer loop
      vertex -86.6072 -54.7346 3
      vertex -90 -50 3
      vertex -86.9134 -54.6194 3
    endloop
  endfacet
  facet normal 0 0 1
    outer loop
      vertex -90 50 3
      vertex -87.5 54.3301 3
      vertex -87.7778 54.1573 3
    endloop
  endfacet
  facet normal 0 0 1
    outer loop
      vertex -86.9134 -54.6194 3
      vertex -90 -50 3
      vertex -87.2114 -54.4844 3
    endloop
  endfacet
  facet normal 0 0 1
    outer loop
      vertex -90 50 3
      vertex -87.7778 54.1573 3
      vertex -88.0438 53.9668 3
    endloop
  endfacet
  facet normal 0 0 1
    outer loop
      vertex -87.2114 -54.4844 3
      vertex -90 -50 3
      vertex -87.5 -54.3301 3
    endloop
  endfacet
  facet normal 0 0 1
    outer loop
      vertex -90 50 3
      vertex -88.0438 53.9668 3
      vertex -88.2967 53.7592 3
    endloop
  endfacet
  facet normal 0 0 1
    outer loop
      vertex -87.5 -54.3301 3
      vertex -90 -50 3
      vertex -87.7778 -54.1573 3
    endloop
  endfacet
  facet normal 0 0 1
    outer loop
      vertex -90 50 3
      vertex -88.2967 53.7592 3
      vertex -88.5355 53.5355 3
    endloop
  endfacet
  facet normal 0 0 1
    outer loop
      vertex -87.7778 -54.1573 3
      vertex -90 -50 3
      vertex -88.0438 -53.9668 3
    endloop
  endfacet
  facet normal 0 0 1
    outer loop
      vertex -90 50 3
      vertex -88.5355 53.5355 3
      vertex -88.7592 53.2967 3
    endloop
  endfacet
  facet normal 0 0 1
    outer loop
      vertex -88.0438 -53.9668 3
      vertex -90 -50 3
      vertex -88.2967 -53.7592 3
    endloop
  endfacet
  facet normal 0 0 1
    outer loop
      vertex -90 50 3
      vertex -88.7592 53.2967 3
      vertex -88.9668 53.0438 3
    endloop
  endfacet
  facet normal 0 0 1
    outer loop
      vertex -88.2967 -53.7592 3
      vertex -90 -50 3
      vertex -88.5355 -53.5355 3
    endloop
  endfacet
  facet normal 0 0 1
    outer loop
      vertex -90 50 3
      vertex -88.9668 53.0438 3
      vertex -89.1573 52.7778 3
    endloop
  endfacet
  facet normal 0 0 1
    outer loop
      vertex -88.5355 -53.5355 3
      vertex -90 -50 3
      vertex -88.7592 -53.2967 3
    endloop
  endfacet
  facet normal 0 0 1
    outer loop
      vertex -90 50 3
      vertex -89.1573 52.7778 3
      vertex -89.3301 52.5 3
    endloop
  endfacet
  facet normal 0 0 1
    outer loop
      vertex -88.7592 -53.2967 3
      vertex -90 -50 3
      vertex -88.9668 -53.0438 3
    endloop
  endfacet
  facet normal 0 0 1
    outer loop
      vertex -90 50 3
      vertex -89.3301 52.5 3
      vertex -89.4844 52.2114 3
    endloop
  endfacet
  facet normal 0 0 1
    outer loop
      vertex -88.9668 -53.0438 3
      vertex -90 -50 3
      vertex -89.1573 -52.7778 3
    endloop
  endfacet
  facet normal 0 0 1
    outer loop
      vertex -90 50 3
      vertex -89.4844 52.2114 3
      vertex -89.6194 51.9134 3
    endloop
  endfacet
  facet normal 0 0 1
    outer loop
      vertex -89.1573 -52.7778 3
      vertex -90 -50 3
      vertex -89.3301 -52.5 3
    endloop
  endfacet
  facet normal 0 0 1
    outer loop
      vertex -90 50 3
      vertex -89.6194 51.9134 3
      vertex -89.7346 51.6072 3
    endloop
  endfacet
  facet normal 0 0 1
    outer loop
      vertex -89.3301 -52.5 3
      vertex -90 -50 3
      vertex -89.4844 -52.2114 3
    endloop
  endfacet
  facet normal 0 0 1
    outer loop
      vertex -90 50 3
      vertex -89.7346 51.6072 3
      vertex -89.8296 51.2941 3
    endloop
  endfacet
  facet normal 0 0 1
    outer loop
      vertex -89.4844 -52.2114 3
      vertex -90 -50 3
      vertex -89.6194 -51.9134 3
    endloop
  endfacet
  facet normal 0 0 1
    outer loop
      vertex -90 50 3
      vertex -89.8296 51.2941 3
      vertex -89.9039 50.9754 3
    endloop
  endfacet
  facet normal 0 0 1
    outer loop
      vertex -89.6194 -51.9134 3
      vertex -90 -50 3
      vertex -89.7346 -51.6072 3
    endloop
  endfacet
  facet normal 0 0 1
    outer loop
      vertex -90 50 3
      vertex -89.9039 50.9754 3
      vertex -89.9572 50.6526 3
    endloop
  endfacet
  facet normal 0 0 1
    outer loop
      vertex -89.7346 -51.6072 3
      vertex -90 -50 3
      vertex -89.8296 -51.2941 3
    endloop
  endfacet
  facet normal 0 0 1
    outer loop
      vertex -90 50 3
      vertex -89.9572 50.6526 3
      vertex -89.9893 50.327 3
    endloop
  endfacet
  facet normal 0 0 1
    outer loop
      vertex -89.8296 -51.2941 3
      vertex -90 -50 3
      vertex -89.9039 -50.9754 3
    endloop
  endfacet
  facet normal 0 0 1
    outer loop
      vertex -89.9039 -50.9754 3
      vertex -90 -50 3
      vertex -89.9572 -50.6526 3
    endloop
  endfacet
  facet normal 0 0 1
    outer loop
      vertex -89.9572 -50.6526 3
      vertex -90 -50 3
      vertex -89.9893 -50.327 3
    endloop
  endfacet
  facet normal -0.772935 0.634485 0
    outer loop
      vertex -88.9668 53.0438 0
      vertex -88.7592 53.2967 3
      vertex -88.7592 53.2967 0
    endloop
  endfacet
  facet normal -0.772935 0.634485 0
    outer loop
      vertex -88.7592 53.2967 3
      vertex -88.9668 53.0438 0
      vertex -88.9668 53.0438 3
    endloop
  endfacet
  facet normal -0.88187 0.471492 0
    outer loop
      vertex -89.4844 52.2114 0
      vertex -89.3301 52.5 3
      vertex -89.3301 52.5 0
    endloop
  endfacet
  facet normal -0.88187 0.471492 0
    outer loop
      vertex -89.3301 52.5 3
      vertex -89.4844 52.2114 0
      vertex -89.4844 52.2114 3
    endloop
  endfacet
  facet normal -0.471492 0.88187 0
    outer loop
      vertex -87.2114 54.4844 0
      vertex -87.5 54.3301 3
      vertex -87.2114 54.4844 3
    endloop
  endfacet
  facet normal -0.471492 0.88187 0
    outer loop
      vertex -87.5 54.3301 3
      vertex -87.2114 54.4844 0
      vertex -87.5 54.3301 0
    endloop
  endfacet
  facet normal -0.290347 0.956922 0
    outer loop
      vertex -86.2941 54.8296 0
      vertex -86.6072 54.7346 3
      vertex -86.2941 54.8296 3
    endloop
  endfacet
  facet normal -0.290347 0.956922 0
    outer loop
      vertex -86.6072 54.7346 3
      vertex -86.2941 54.8296 0
      vertex -86.6072 54.7346 0
    endloop
  endfacet
  facet normal -0.162912 0.986641 0
    outer loop
      vertex -85.6526 54.9572 0
      vertex -85.9754 54.9039 3
      vertex -85.6526 54.9572 3
    endloop
  endfacet
  facet normal -0.162912 0.986641 0
    outer loop
      vertex -85.9754 54.9039 3
      vertex -85.6526 54.9572 0
      vertex -85.9754 54.9039 0
    endloop
  endfacet
  facet normal 0.471492 -0.88187 0
    outer loop
      vertex 87.2114 -54.4844 0
      vertex 87.5 -54.3301 3
      vertex 87.2114 -54.4844 3
    endloop
  endfacet
  facet normal 0.471492 -0.88187 0
    outer loop
      vertex 87.5 -54.3301 3
      vertex 87.2114 -54.4844 0
      vertex 87.5 -54.3301 0
    endloop
  endfacet
  facet normal 0.81301 0.58225 0
    outer loop
      vertex 89.1573 52.7778 3
      vertex 88.9668 53.0438 0
      vertex 88.9668 53.0438 3
    endloop
  endfacet
  facet normal 0.81301 0.58225 0
    outer loop
      vertex 88.9668 53.0438 0
      vertex 89.1573 52.7778 3
      vertex 89.1573 52.7778 0
    endloop
  endfacet
  facet normal 0.88187 0.471492 0
    outer loop
      vertex 89.4844 52.2114 3
      vertex 89.3301 52.5 0
      vertex 89.3301 52.5 3
    endloop
  endfacet
  facet normal 0.88187 0.471492 0
    outer loop
      vertex 89.3301 52.5 0
      vertex 89.4844 52.2114 3
      vertex 89.4844 52.2114 0
    endloop
  endfacet
  facet normal 0.986641 0.162912 0
    outer loop
      vertex 89.9572 50.6526 3
      vertex 89.9039 50.9754 0
      vertex 89.9039 50.9754 3
    endloop
  endfacet
  facet normal 0.986641 0.162912 0
    outer loop
      vertex 89.9039 50.9754 0
      vertex 89.9572 50.6526 3
      vertex 89.9572 50.6526 0
    endloop
  endfacet
  facet normal 0.956922 0.290347 0
    outer loop
      vertex 89.8296 51.2941 3
      vertex 89.7346 51.6072 0
      vertex 89.7346 51.6072 3
    endloop
  endfacet
  facet normal 0.956922 0.290347 0
    outer loop
      vertex 89.7346 51.6072 0
      vertex 89.8296 51.2941 3
      vertex 89.8296 51.2941 0
    endloop
  endfacet
  facet normal 0.995175 0.0981116 0
    outer loop
      vertex 89.9893 50.327 3
      vertex 89.9572 50.6526 0
      vertex 89.9572 50.6526 3
    endloop
  endfacet
  facet normal 0.995175 0.0981116 0
    outer loop
      vertex 89.9572 50.6526 0
      vertex 89.9893 50.327 3
      vertex 89.9893 50.327 0
    endloop
  endfacet
  facet normal 0.58225 0.81301 -0
    outer loop
      vertex 88.0438 53.9668 0
      vertex 87.7778 54.1573 3
      vertex 88.0438 53.9668 3
    endloop
  endfacet
  facet normal 0.58225 0.81301 0
    outer loop
      vertex 87.7778 54.1573 3
      vertex 88.0438 53.9668 0
      vertex 87.7778 54.1573 0
    endloop
  endfacet
  facet normal 0.729804 0.683656 0
    outer loop
      vertex 88.7592 53.2967 3
      vertex 88.5355 53.5355 0
      vertex 88.5355 53.5355 3
    endloop
  endfacet
  facet normal 0.729804 0.683656 0
    outer loop
      vertex 88.5355 53.5355 0
      vertex 88.7592 53.2967 3
      vertex 88.7592 53.2967 0
    endloop
  endfacet
  facet normal 0.227046 0.973884 -0
    outer loop
      vertex 86.2941 54.8296 0
      vertex 85.9754 54.9039 3
      vertex 86.2941 54.8296 3
    endloop
  endfacet
  facet normal 0.227046 0.973884 0
    outer loop
      vertex 85.9754 54.9039 3
      vertex 86.2941 54.8296 0
      vertex 85.9754 54.9039 0
    endloop
  endfacet
  facet normal 0.995175 -0.0981116 0
    outer loop
      vertex 89.9572 -50.6526 3
      vertex 89.9893 -50.327 0
      vertex 89.9893 -50.327 3
    endloop
  endfacet
  facet normal 0.995175 -0.0981116 0
    outer loop
      vertex 89.9893 -50.327 0
      vertex 89.9572 -50.6526 3
      vertex 89.9572 -50.6526 0
    endloop
  endfacet
  facet normal 0.935952 -0.352128 0
    outer loop
      vertex 89.6194 -51.9134 3
      vertex 89.7346 -51.6072 0
      vertex 89.7346 -51.6072 3
    endloop
  endfacet
  facet normal 0.935952 -0.352128 0
    outer loop
      vertex 89.7346 -51.6072 0
      vertex 89.6194 -51.9134 3
      vertex 89.6194 -51.9134 0
    endloop
  endfacet
  facet normal 0.81301 -0.58225 0
    outer loop
      vertex 88.9668 -53.0438 3
      vertex 89.1573 -52.7778 0
      vertex 89.1573 -52.7778 3
    endloop
  endfacet
  facet normal 0.81301 -0.58225 0
    outer loop
      vertex 89.1573 -52.7778 0
      vertex 88.9668 -53.0438 3
      vertex 88.9668 -53.0438 0
    endloop
  endfacet
  facet normal 0.683656 -0.729804 0
    outer loop
      vertex 88.2967 -53.7592 0
      vertex 88.5355 -53.5355 3
      vertex 88.2967 -53.7592 3
    endloop
  endfacet
  facet normal 0.683656 -0.729804 0
    outer loop
      vertex 88.5355 -53.5355 3
      vertex 88.2967 -53.7592 0
      vertex 88.5355 -53.5355 0
    endloop
  endfacet
  facet normal 0.58225 -0.81301 0
    outer loop
      vertex 87.7778 -54.1573 0
      vertex 88.0438 -53.9668 3
      vertex 87.7778 -54.1573 3
    endloop
  endfacet
  facet normal 0.58225 -0.81301 0
    outer loop
      vertex 88.0438 -53.9668 3
      vertex 87.7778 -54.1573 0
      vertex 88.0438 -53.9668 0
    endloop
  endfacet
  facet normal -0.162912 -0.986641 0
    outer loop
      vertex -85.9754 -54.9039 0
      vertex -85.6526 -54.9572 3
      vertex -85.9754 -54.9039 3
    endloop
  endfacet
  facet normal -0.162912 -0.986641 -0
    outer loop
      vertex -85.6526 -54.9572 3
      vertex -85.9754 -54.9039 0
      vertex -85.6526 -54.9572 0
    endloop
  endfacet
  facet normal -0.973884 -0.227046 0
    outer loop
      vertex -89.8296 -51.2941 0
      vertex -89.9039 -50.9754 3
      vertex -89.9039 -50.9754 0
    endloop
  endfacet
  facet normal -0.973884 -0.227046 0
    outer loop
      vertex -89.9039 -50.9754 3
      vertex -89.8296 -51.2941 0
      vertex -89.8296 -51.2941 3
    endloop
  endfacet
  facet normal -0.986641 -0.162912 0
    outer loop
      vertex -89.9039 -50.9754 0
      vertex -89.9572 -50.6526 3
      vertex -89.9572 -50.6526 0
    endloop
  endfacet
  facet normal -0.986641 -0.162912 0
    outer loop
      vertex -89.9572 -50.6526 3
      vertex -89.9039 -50.9754 0
      vertex -89.9039 -50.9754 3
    endloop
  endfacet
  facet normal -0.81301 -0.58225 0
    outer loop
      vertex -88.9668 -53.0438 0
      vertex -89.1573 -52.7778 3
      vertex -89.1573 -52.7778 0
    endloop
  endfacet
  facet normal -0.81301 -0.58225 0
    outer loop
      vertex -89.1573 -52.7778 3
      vertex -88.9668 -53.0438 0
      vertex -88.9668 -53.0438 3
    endloop
  endfacet
  facet normal -0.772935 -0.634485 0
    outer loop
      vertex -88.7592 -53.2967 0
      vertex -88.9668 -53.0438 3
      vertex -88.9668 -53.0438 0
    endloop
  endfacet
  facet normal -0.772935 -0.634485 0
    outer loop
      vertex -88.9668 -53.0438 3
      vertex -88.7592 -53.2967 0
      vertex -88.7592 -53.2967 3
    endloop
  endfacet
  facet normal -0.729804 -0.683656 0
    outer loop
      vertex -88.5355 -53.5355 0
      vertex -88.7592 -53.2967 3
      vertex -88.7592 -53.2967 0
    endloop
  endfacet
  facet normal -0.729804 -0.683656 0
    outer loop
      vertex -88.7592 -53.2967 3
      vertex -88.5355 -53.5355 0
      vertex -88.5355 -53.5355 3
    endloop
  endfacet
  facet normal -0.352128 -0.935952 0
    outer loop
      vertex -86.9134 -54.6194 0
      vertex -86.6072 -54.7346 3
      vertex -86.9134 -54.6194 3
    endloop
  endfacet
  facet normal -0.352128 -0.935952 -0
    outer loop
      vertex -86.6072 -54.7346 3
      vertex -86.9134 -54.6194 0
      vertex -86.6072 -54.7346 0
    endloop
  endfacet
  facet normal -0.528184 -0.84913 0
    outer loop
      vertex -87.7778 -54.1573 0
      vertex -87.5 -54.3301 3
      vertex -87.7778 -54.1573 3
    endloop
  endfacet
  facet normal -0.528184 -0.84913 -0
    outer loop
      vertex -87.5 -54.3301 3
      vertex -87.7778 -54.1573 0
      vertex -87.5 -54.3301 0
    endloop
  endfacet
  facet normal -0.999465 0.0327042 0
    outer loop
      vertex -90 50 0
      vertex -89.9893 50.327 3
      vertex -89.9893 50.327 0
    endloop
  endfacet
  facet normal -0.999465 0.0327042 0
    outer loop
      vertex -89.9893 50.327 3
      vertex -90 50 0
      vertex -90 50 3
    endloop
  endfacet
  facet normal -0.84913 0.528184 0
    outer loop
      vertex -89.3301 52.5 0
      vertex -89.1573 52.7778 3
      vertex -89.1573 52.7778 0
    endloop
  endfacet
  facet normal -0.84913 0.528184 0
    outer loop
      vertex -89.1573 52.7778 3
      vertex -89.3301 52.5 0
      vertex -89.3301 52.5 3
    endloop
  endfacet
  facet normal -0.58225 0.81301 0
    outer loop
      vertex -87.7778 54.1573 0
      vertex -88.0438 53.9668 3
      vertex -87.7778 54.1573 3
    endloop
  endfacet
  facet normal -0.58225 0.81301 0
    outer loop
      vertex -88.0438 53.9668 3
      vertex -87.7778 54.1573 0
      vertex -88.0438 53.9668 0
    endloop
  endfacet
  facet normal -0.683656 0.729804 0
    outer loop
      vertex -88.2967 53.7592 0
      vertex -88.5355 53.5355 3
      vertex -88.2967 53.7592 3
    endloop
  endfacet
  facet normal -0.683656 0.729804 0
    outer loop
      vertex -88.5355 53.5355 3
      vertex -88.2967 53.7592 0
      vertex -88.5355 53.5355 0
    endloop
  endfacet
  facet normal -0.634485 0.772935 0
    outer loop
      vertex -88.0438 53.9668 0
      vertex -88.2967 53.7592 3
      vertex -88.0438 53.9668 3
    endloop
  endfacet
  facet normal -0.634485 0.772935 0
    outer loop
      vertex -88.2967 53.7592 3
      vertex -88.0438 53.9668 0
      vertex -88.2967 53.7592 0
    endloop
  endfacet
  facet normal -0.81301 0.58225 0
    outer loop
      vertex -89.1573 52.7778 0
      vertex -88.9668 53.0438 3
      vertex -88.9668 53.0438 0
    endloop
  endfacet
  facet normal -0.81301 0.58225 0
    outer loop
      vertex -88.9668 53.0438 3
      vertex -89.1573 52.7778 0
      vertex -89.1573 52.7778 3
    endloop
  endfacet
  facet normal -0.956922 0.290347 0
    outer loop
      vertex -89.8296 51.2941 0
      vertex -89.7346 51.6072 3
      vertex -89.7346 51.6072 0
    endloop
  endfacet
  facet normal -0.956922 0.290347 0
    outer loop
      vertex -89.7346 51.6072 3
      vertex -89.8296 51.2941 0
      vertex -89.8296 51.2941 3
    endloop
  endfacet
  facet normal -0.910889 0.412651 0
    outer loop
      vertex -89.6194 51.9134 0
      vertex -89.4844 52.2114 3
      vertex -89.4844 52.2114 0
    endloop
  endfacet
  facet normal -0.910889 0.412651 0
    outer loop
      vertex -89.4844 52.2114 3
      vertex -89.6194 51.9134 0
      vertex -89.6194 51.9134 3
    endloop
  endfacet
  facet normal 0.84913 0.528184 0
    outer loop
      vertex 89.3301 52.5 3
      vertex 89.1573 52.7778 0
      vertex 89.1573 52.7778 3
    endloop
  endfacet
  facet normal 0.84913 0.528184 0
    outer loop
      vertex 89.1573 52.7778 0
      vertex 89.3301 52.5 3
      vertex 89.3301 52.5 0
    endloop
  endfacet
  facet normal 0.935952 0.352128 0
    outer loop
      vertex 89.7346 51.6072 3
      vertex 89.6194 51.9134 0
      vertex 89.6194 51.9134 3
    endloop
  endfacet
  facet normal 0.935952 0.352128 0
    outer loop
      vertex 89.6194 51.9134 0
      vertex 89.7346 51.6072 3
      vertex 89.7346 51.6072 0
    endloop
  endfacet
  facet normal 0.973884 0.227046 0
    outer loop
      vertex 89.9039 50.9754 3
      vertex 89.8296 51.2941 0
      vertex 89.8296 51.2941 3
    endloop
  endfacet
  facet normal 0.973884 0.227046 0
    outer loop
      vertex 89.8296 51.2941 0
      vertex 89.9039 50.9754 3
      vertex 89.9039 50.9754 0
    endloop
  endfacet
  facet normal 0.634485 0.772935 -0
    outer loop
      vertex 88.2967 53.7592 0
      vertex 88.0438 53.9668 3
      vertex 88.2967 53.7592 3
    endloop
  endfacet
  facet normal 0.634485 0.772935 0
    outer loop
      vertex 88.0438 53.9668 3
      vertex 88.2967 53.7592 0
      vertex 88.0438 53.9668 0
    endloop
  endfacet
  facet normal 0.412651 0.910889 -0
    outer loop
      vertex 87.2114 54.4844 0
      vertex 86.9134 54.6194 3
      vertex 87.2114 54.4844 3
    endloop
  endfacet
  facet normal 0.412651 0.910889 0
    outer loop
      vertex 86.9134 54.6194 3
      vertex 87.2114 54.4844 0
      vertex 86.9134 54.6194 0
    endloop
  endfacet
  facet normal 0.290347 0.956922 -0
    outer loop
      vertex 86.6072 54.7346 0
      vertex 86.2941 54.8296 3
      vertex 86.6072 54.7346 3
    endloop
  endfacet
  facet normal 0.290347 0.956922 0
    outer loop
      vertex 86.2941 54.8296 3
      vertex 86.6072 54.7346 0
      vertex 86.2941 54.8296 0
    endloop
  endfacet
  facet normal 0.352128 0.935952 -0
    outer loop
      vertex 86.9134 54.6194 0
      vertex 86.6072 54.7346 3
      vertex 86.9134 54.6194 3
    endloop
  endfacet
  facet normal 0.352128 0.935952 0
    outer loop
      vertex 86.6072 54.7346 3
      vertex 86.9134 54.6194 0
      vertex 86.6072 54.7346 0
    endloop
  endfacet
  facet normal 0.88187 -0.471492 0
    outer loop
      vertex 89.3301 -52.5 3
      vertex 89.4844 -52.2114 0
      vertex 89.4844 -52.2114 3
    endloop
  endfacet
  facet normal 0.88187 -0.471492 0
    outer loop
      vertex 89.4844 -52.2114 0
      vertex 89.3301 -52.5 3
      vertex 89.3301 -52.5 0
    endloop
  endfacet
  facet normal 0.956922 -0.290347 0
    outer loop
      vertex 89.7346 -51.6072 3
      vertex 89.8296 -51.2941 0
      vertex 89.8296 -51.2941 3
    endloop
  endfacet
  facet normal 0.956922 -0.290347 0
    outer loop
      vertex 89.8296 -51.2941 0
      vertex 89.7346 -51.6072 3
      vertex 89.7346 -51.6072 0
    endloop
  endfacet
  facet normal 0.973884 -0.227046 0
    outer loop
      vertex 89.8296 -51.2941 3
      vertex 89.9039 -50.9754 0
      vertex 89.9039 -50.9754 3
    endloop
  endfacet
  facet normal 0.973884 -0.227046 0
    outer loop
      vertex 89.9039 -50.9754 0
      vertex 89.8296 -51.2941 3
      vertex 89.8296 -51.2941 0
    endloop
  endfacet
  facet normal 0.986641 -0.162912 0
    outer loop
      vertex 89.9039 -50.9754 3
      vertex 89.9572 -50.6526 0
      vertex 89.9572 -50.6526 3
    endloop
  endfacet
  facet normal 0.986641 -0.162912 0
    outer loop
      vertex 89.9572 -50.6526 0
      vertex 89.9039 -50.9754 3
      vertex 89.9039 -50.9754 0
    endloop
  endfacet
  facet normal 0.999465 -0.0327042 0
    outer loop
      vertex 89.9893 -50.327 3
      vertex 90 -50 0
      vertex 90 -50 3
    endloop
  endfacet
  facet normal 0.999465 -0.0327042 0
    outer loop
      vertex 90 -50 0
      vertex 89.9893 -50.327 3
      vertex 89.9893 -50.327 0
    endloop
  endfacet
  facet normal 0.772935 -0.634485 0
    outer loop
      vertex 88.7592 -53.2967 3
      vertex 88.9668 -53.0438 0
      vertex 88.9668 -53.0438 3
    endloop
  endfacet
  facet normal 0.772935 -0.634485 0
    outer loop
      vertex 88.9668 -53.0438 0
      vertex 88.7592 -53.2967 3
      vertex 88.7592 -53.2967 0
    endloop
  endfacet
  facet normal 0.84913 -0.528184 0
    outer loop
      vertex 89.1573 -52.7778 3
      vertex 89.3301 -52.5 0
      vertex 89.3301 -52.5 3
    endloop
  endfacet
  facet normal 0.84913 -0.528184 0
    outer loop
      vertex 89.3301 -52.5 0
      vertex 89.1573 -52.7778 3
      vertex 89.1573 -52.7778 0
    endloop
  endfacet
  facet normal 0.729804 -0.683656 0
    outer loop
      vertex 88.5355 -53.5355 3
      vertex 88.7592 -53.2967 0
      vertex 88.7592 -53.2967 3
    endloop
  endfacet
  facet normal 0.729804 -0.683656 0
    outer loop
      vertex 88.7592 -53.2967 0
      vertex 88.5355 -53.5355 3
      vertex 88.5355 -53.5355 0
    endloop
  endfacet
  facet normal 0.634485 -0.772935 0
    outer loop
      vertex 88.0438 -53.9668 0
      vertex 88.2967 -53.7592 3
      vertex 88.0438 -53.9668 3
    endloop
  endfacet
  facet normal 0.634485 -0.772935 0
    outer loop
      vertex 88.2967 -53.7592 3
      vertex 88.0438 -53.9668 0
      vertex 88.2967 -53.7592 0
    endloop
  endfacet
  facet normal -0.84913 -0.528184 0
    outer loop
      vertex -89.1573 -52.7778 0
      vertex -89.3301 -52.5 3
      vertex -89.3301 -52.5 0
    endloop
  endfacet
  facet normal -0.84913 -0.528184 0
    outer loop
      vertex -89.3301 -52.5 3
      vertex -89.1573 -52.7778 0
      vertex -89.1573 -52.7778 3
    endloop
  endfacet
  facet normal -0.88187 -0.471492 0
    outer loop
      vertex -89.3301 -52.5 0
      vertex -89.4844 -52.2114 3
      vertex -89.4844 -52.2114 0
    endloop
  endfacet
  facet normal -0.88187 -0.471492 0
    outer loop
      vertex -89.4844 -52.2114 3
      vertex -89.3301 -52.5 0
      vertex -89.3301 -52.5 3
    endloop
  endfacet
  facet normal -0.910889 -0.412651 0
    outer loop
      vertex -89.4844 -52.2114 0
      vertex -89.6194 -51.9134 3
      vertex -89.6194 -51.9134 0
    endloop
  endfacet
  facet normal -0.910889 -0.412651 0
    outer loop
      vertex -89.6194 -51.9134 3
      vertex -89.4844 -52.2114 0
      vertex -89.4844 -52.2114 3
    endloop
  endfacet
  facet normal -0.956922 -0.290347 0
    outer loop
      vertex -89.7346 -51.6072 0
      vertex -89.8296 -51.2941 3
      vertex -89.8296 -51.2941 0
    endloop
  endfacet
  facet normal -0.956922 -0.290347 0
    outer loop
      vertex -89.8296 -51.2941 3
      vertex -89.7346 -51.6072 0
      vertex -89.7346 -51.6072 3
    endloop
  endfacet
  facet normal -0.999465 -0.0327042 0
    outer loop
      vertex -89.9893 -50.327 0
      vertex -90 -50 3
      vertex -90 -50 0
    endloop
  endfacet
  facet normal -0.999465 -0.0327042 0
    outer loop
      vertex -90 -50 3
      vertex -89.9893 -50.327 0
      vertex -89.9893 -50.327 3
    endloop
  endfacet
  facet normal -0.995175 -0.0981116 0
    outer loop
      vertex -89.9572 -50.6526 0
      vertex -89.9893 -50.327 3
      vertex -89.9893 -50.327 0
    endloop
  endfacet
  facet normal -0.995175 -0.0981116 0
    outer loop
      vertex -89.9893 -50.327 3
      vertex -89.9572 -50.6526 0
      vertex -89.9572 -50.6526 3
    endloop
  endfacet
  facet normal -0.634485 -0.772935 0
    outer loop
      vertex -88.2967 -53.7592 0
      vertex -88.0438 -53.9668 3
      vertex -88.2967 -53.7592 3
    endloop
  endfacet
  facet normal -0.634485 -0.772935 -0
    outer loop
      vertex -88.0438 -53.9668 3
      vertex -88.2967 -53.7592 0
      vertex -88.0438 -53.9668 0
    endloop
  endfacet
  facet normal -0.471492 -0.88187 0
    outer loop
      vertex -87.5 -54.3301 0
      vertex -87.2114 -54.4844 3
      vertex -87.5 -54.3301 3
    endloop
  endfacet
  facet normal -0.471492 -0.88187 -0
    outer loop
      vertex -87.2114 -54.4844 3
      vertex -87.5 -54.3301 0
      vertex -87.2114 -54.4844 0
    endloop
  endfacet
  facet normal -0.729804 0.683656 0
    outer loop
      vertex -88.7592 53.2967 0
      vertex -88.5355 53.5355 3
      vertex -88.5355 53.5355 0
    endloop
  endfacet
  facet normal -0.729804 0.683656 0
    outer loop
      vertex -88.5355 53.5355 3
      vertex -88.7592 53.2967 0
      vertex -88.7592 53.2967 3
    endloop
  endfacet
  facet normal -0.995175 0.0981116 0
    outer loop
      vertex -89.9893 50.327 0
      vertex -89.9572 50.6526 3
      vertex -89.9572 50.6526 0
    endloop
  endfacet
  facet normal -0.995175 0.0981116 0
    outer loop
      vertex -89.9572 50.6526 3
      vertex -89.9893 50.327 0
      vertex -89.9893 50.327 3
    endloop
  endfacet
  facet normal -0.973884 0.227046 0
    outer loop
      vertex -89.9039 50.9754 0
      vertex -89.8296 51.2941 3
      vertex -89.8296 51.2941 0
    endloop
  endfacet
  facet normal -0.973884 0.227046 0
    outer loop
      vertex -89.8296 51.2941 3
      vertex -89.9039 50.9754 0
      vertex -89.9039 50.9754 3
    endloop
  endfacet
  facet normal -0.935952 0.352128 0
    outer loop
      vertex -89.7346 51.6072 0
      vertex -89.6194 51.9134 3
      vertex -89.6194 51.9134 0
    endloop
  endfacet
  facet normal -0.935952 0.352128 0
    outer loop
      vertex -89.6194 51.9134 3
      vertex -89.7346 51.6072 0
      vertex -89.7346 51.6072 3
    endloop
  endfacet
  facet normal 0.910889 0.412651 0
    outer loop
      vertex 89.6194 51.9134 3
      vertex 89.4844 52.2114 0
      vertex 89.4844 52.2114 3
    endloop
  endfacet
  facet normal 0.910889 0.412651 0
    outer loop
      vertex 89.4844 52.2114 0
      vertex 89.6194 51.9134 3
      vertex 89.6194 51.9134 0
    endloop
  endfacet
  facet normal 0.683656 0.729804 -0
    outer loop
      vertex 88.5355 53.5355 0
      vertex 88.2967 53.7592 3
      vertex 88.5355 53.5355 3
    endloop
  endfacet
  facet normal 0.683656 0.729804 0
    outer loop
      vertex 88.2967 53.7592 3
      vertex 88.5355 53.5355 0
      vertex 88.2967 53.7592 0
    endloop
  endfacet
  facet normal 0.471492 0.88187 -0
    outer loop
      vertex 87.5 54.3301 0
      vertex 87.2114 54.4844 3
      vertex 87.5 54.3301 3
    endloop
  endfacet
  facet normal 0.471492 0.88187 0
    outer loop
      vertex 87.2114 54.4844 3
      vertex 87.5 54.3301 0
      vertex 87.2114 54.4844 0
    endloop
  endfacet
  facet normal 0.910889 -0.412651 0
    outer loop
      vertex 89.4844 -52.2114 3
      vertex 89.6194 -51.9134 0
      vertex 89.6194 -51.9134 3
    endloop
  endfacet
  facet normal 0.910889 -0.412651 0
    outer loop
      vertex 89.6194 -51.9134 0
      vertex 89.4844 -52.2114 3
      vertex 89.4844 -52.2114 0
    endloop
  endfacet
  facet normal -0.683656 -0.729804 0
    outer loop
      vertex -88.5355 -53.5355 0
      vertex -88.2967 -53.7592 3
      vertex -88.5355 -53.5355 3
    endloop
  endfacet
  facet normal -0.683656 -0.729804 -0
    outer loop
      vertex -88.2967 -53.7592 3
      vertex -88.5355 -53.5355 0
      vertex -88.2967 -53.7592 0
    endloop
  endfacet
  facet normal -0.412651 -0.910889 0
    outer loop
      vertex -87.2114 -54.4844 0
      vertex -86.9134 -54.6194 3
      vertex -87.2114 -54.4844 3
    endloop
  endfacet
  facet normal -0.412651 -0.910889 -0
    outer loop
      vertex -86.9134 -54.6194 3
      vertex -87.2114 -54.4844 0
      vertex -86.9134 -54.6194 0
    endloop
  endfacet
  facet normal -0.683604 0.729853 0
    outer loop
      vertex -39.3227 -10.6773 0
      vertex -40.0439 -11.3528 1.6
      vertex -39.3227 -10.6773 1.6
    endloop
  endfacet
  facet normal -0.683604 0.729853 0
    outer loop
      vertex -40.0439 -11.3528 1.6
      vertex -39.3227 -10.6773 0
      vertex -40.0439 -11.3528 0
    endloop
  endfacet
  facet normal 0.352188 0.935929 -0
    outer loop
      vertex -54.8537 -14.2986 0
      vertex -55.7785 -13.9506 1.6
      vertex -54.8537 -14.2986 1.6
    endloop
  endfacet
  facet normal 0.352188 0.935929 0
    outer loop
      vertex -55.7785 -13.9506 1.6
      vertex -54.8537 -14.2986 0
      vertex -55.7785 -13.9506 0
    endloop
  endfacet
  facet normal 0.910865 0.412705 0
    outer loop
      vertex -63.5428 -6.67856 1.6
      vertex -63.9506 -5.77852 0
      vertex -63.9506 -5.77852 1.6
    endloop
  endfacet
  facet normal 0.910865 0.412705 0
    outer loop
      vertex -63.9506 -5.77852 0
      vertex -63.5428 -6.67856 1.6
      vertex -63.5428 -6.67856 0
    endloop
  endfacet
  facet normal -0.910865 0.412705 0
    outer loop
      vertex -36.4572 -6.67856 0
      vertex -36.0494 -5.77852 1.6
      vertex -36.0494 -5.77852 0
    endloop
  endfacet
  facet normal -0.910865 0.412705 0
    outer loop
      vertex -36.0494 -5.77852 1.6
      vertex -36.4572 -6.67856 0
      vertex -36.4572 -6.67856 1.6
    endloop
  endfacet
  facet normal -0.412682 0.910875 0
    outer loop
      vertex -43.3214 -13.5428 0
      vertex -44.2215 -13.9506 1.6
      vertex -43.3214 -13.5428 1.6
    endloop
  endfacet
  facet normal -0.412682 0.910875 0
    outer loop
      vertex -44.2215 -13.9506 1.6
      vertex -43.3214 -13.5428 0
      vertex -44.2215 -13.9506 0
    endloop
  endfacet
  facet normal 0.729843 0.683615 0
    outer loop
      vertex -60.6773 -10.6773 1.6
      vertex -61.3528 -9.95612 0
      vertex -61.3528 -9.95612 1.6
    endloop
  endfacet
  facet normal 0.729843 0.683615 0
    outer loop
      vertex -61.3528 -9.95612 0
      vertex -60.6773 -10.6773 1.6
      vertex -60.6773 -10.6773 0
    endloop
  endfacet
  facet normal 0.162823 0.986655 -0
    outer loop
      vertex -51.9709 -14.9708 0
      vertex -52.9459 -14.8099 1.6
      vertex -51.9709 -14.9708 1.6
    endloop
  endfacet
  facet normal 0.162823 0.986655 0
    outer loop
      vertex -52.9459 -14.8099 1.6
      vertex -51.9709 -14.9708 0
      vertex -52.9459 -14.8099 0
    endloop
  endfacet
  facet normal -0.729843 -0.683615 0
    outer loop
      vertex -38.6472 9.95612 0
      vertex -39.3227 10.6773 1.6
      vertex -39.3227 10.6773 0
    endloop
  endfacet
  facet normal -0.729843 -0.683615 0
    outer loop
      vertex -39.3227 10.6773 1.6
      vertex -38.6472 9.95612 0
      vertex -38.6472 9.95612 1.6
    endloop
  endfacet
  facet normal 0.683604 -0.729853 0
    outer loop
      vertex -60.6773 10.6773 0
      vertex -59.9561 11.3528 1.6
      vertex -60.6773 10.6773 1.6
    endloop
  endfacet
  facet normal 0.683604 -0.729853 0
    outer loop
      vertex -59.9561 11.3528 1.6
      vertex -60.6773 10.6773 0
      vertex -59.9561 11.3528 0
    endloop
  endfacet
  facet normal 0.956922 -0.290344 0
    outer loop
      vertex -64.5855 3.90817 1.6
      vertex -64.2986 4.85374 0
      vertex -64.2986 4.85374 1.6
    endloop
  endfacet
  facet normal 0.956922 -0.290344 0
    outer loop
      vertex -64.2986 4.85374 0
      vertex -64.5855 3.90817 1.6
      vertex -64.5855 3.90817 0
    endloop
  endfacet
  facet normal -0.986653 0.162838 0
    outer loop
      vertex -35.1901 -2.94586 0
      vertex -35.0292 -1.97095 1.6
      vertex -35.0292 -1.97095 0
    endloop
  endfacet
  facet normal -0.986653 0.162838 0
    outer loop
      vertex -35.0292 -1.97095 1.6
      vertex -35.1901 -2.94586 0
      vertex -35.1901 -2.94586 1.6
    endloop
  endfacet
  facet normal -0.973872 0.227096 0
    outer loop
      vertex -35.4145 -3.90817 0
      vertex -35.1901 -2.94586 1.6
      vertex -35.1901 -2.94586 0
    endloop
  endfacet
  facet normal -0.973872 0.227096 0
    outer loop
      vertex -35.1901 -2.94586 1.6
      vertex -35.4145 -3.90817 0
      vertex -35.4145 -3.90817 1.6
    endloop
  endfacet
  facet normal -0.812826 0.582506 0
    outer loop
      vertex -38.0204 -9.1923 0
      vertex -37.4448 -8.38911 1.6
      vertex -37.4448 -8.38911 0
    endloop
  endfacet
  facet normal -0.812826 0.582506 0
    outer loop
      vertex -37.4448 -8.38911 1.6
      vertex -38.0204 -9.1923 0
      vertex -38.0204 -9.1923 1.6
    endloop
  endfacet
  facet normal -0.849199 0.528074 0
    outer loop
      vertex -37.4448 -8.38911 0
      vertex -36.923 -7.55 1.6
      vertex -36.923 -7.55 0
    endloop
  endfacet
  facet normal -0.849199 0.528074 0
    outer loop
      vertex -36.923 -7.55 1.6
      vertex -37.4448 -8.38911 0
      vertex -37.4448 -8.38911 1.6
    endloop
  endfacet
  facet normal -0.582501 0.81283 0
    outer loop
      vertex -40.8077 -11.9796 0
      vertex -41.6109 -12.5552 1.6
      vertex -40.8077 -11.9796 1.6
    endloop
  endfacet
  facet normal -0.582501 0.81283 0
    outer loop
      vertex -41.6109 -12.5552 1.6
      vertex -40.8077 -11.9796 0
      vertex -41.6109 -12.5552 0
    endloop
  endfacet
  facet normal -0.0326881 0.999466 0
    outer loop
      vertex -49.0124 -15.0677 0
      vertex -50 -15.1 1.6
      vertex -49.0124 -15.0677 1.6
    endloop
  endfacet
  facet normal -0.0326881 0.999466 0
    outer loop
      vertex -50 -15.1 1.6
      vertex -49.0124 -15.0677 0
      vertex -50 -15.1 0
    endloop
  endfacet
  facet normal -0.528078 0.849196 0
    outer loop
      vertex -41.6109 -12.5552 0
      vertex -42.45 -13.077 1.6
      vertex -41.6109 -12.5552 1.6
    endloop
  endfacet
  facet normal -0.528078 0.849196 0
    outer loop
      vertex -42.45 -13.077 1.6
      vertex -41.6109 -12.5552 0
      vertex -42.45 -13.077 0
    endloop
  endfacet
  facet normal -0.0980707 0.995179 0
    outer loop
      vertex -48.0291 -14.9708 0
      vertex -49.0124 -15.0677 1.6
      vertex -48.0291 -14.9708 1.6
    endloop
  endfacet
  facet normal -0.0980707 0.995179 0
    outer loop
      vertex -49.0124 -15.0677 1.6
      vertex -48.0291 -14.9708 0
      vertex -49.0124 -15.0677 0
    endloop
  endfacet
  facet normal -0.227098 0.973872 0
    outer loop
      vertex -46.0918 -14.5855 0
      vertex -47.0541 -14.8099 1.6
      vertex -46.0918 -14.5855 1.6
    endloop
  endfacet
  facet normal -0.227098 0.973872 0
    outer loop
      vertex -47.0541 -14.8099 1.6
      vertex -46.0918 -14.5855 0
      vertex -47.0541 -14.8099 0
    endloop
  endfacet
  facet normal 0.999466 0.0326885 0
    outer loop
      vertex -65.0677 -0.987587 1.6
      vertex -65.1 0 0
      vertex -65.1 0 1.6
    endloop
  endfacet
  facet normal 0.999466 0.0326885 0
    outer loop
      vertex -65.1 0 0
      vertex -65.0677 -0.987587 1.6
      vertex -65.0677 -0.987587 0
    endloop
  endfacet
  facet normal 0.99518 0.0980644 0
    outer loop
      vertex -64.9708 -1.97095 1.6
      vertex -65.0677 -0.987587 0
      vertex -65.0677 -0.987587 1.6
    endloop
  endfacet
  facet normal 0.99518 0.0980644 0
    outer loop
      vertex -65.0677 -0.987587 0
      vertex -64.9708 -1.97095 1.6
      vertex -64.9708 -1.97095 0
    endloop
  endfacet
  facet normal 0.973872 0.227096 0
    outer loop
      vertex -64.5855 -3.90817 1.6
      vertex -64.8099 -2.94586 0
      vertex -64.8099 -2.94586 1.6
    endloop
  endfacet
  facet normal 0.973872 0.227096 0
    outer loop
      vertex -64.8099 -2.94586 0
      vertex -64.5855 -3.90817 1.6
      vertex -64.5855 -3.90817 0
    endloop
  endfacet
  facet normal 0.849199 0.528074 0
    outer loop
      vertex -62.5552 -8.38911 1.6
      vertex -63.077 -7.55 0
      vertex -63.077 -7.55 1.6
    endloop
  endfacet
  facet normal 0.849199 0.528074 0
    outer loop
      vertex -63.077 -7.55 0
      vertex -62.5552 -8.38911 1.6
      vertex -62.5552 -8.38911 0
    endloop
  endfacet
  facet normal 0.812826 0.582506 0
    outer loop
      vertex -61.9796 -9.1923 1.6
      vertex -62.5552 -8.38911 0
      vertex -62.5552 -8.38911 1.6
    endloop
  endfacet
  facet normal 0.812826 0.582506 0
    outer loop
      vertex -62.5552 -8.38911 0
      vertex -61.9796 -9.1923 1.6
      vertex -61.9796 -9.1923 0
    endloop
  endfacet
  facet normal 0.227098 0.973872 -0
    outer loop
      vertex -52.9459 -14.8099 0
      vertex -53.9082 -14.5855 1.6
      vertex -52.9459 -14.8099 1.6
    endloop
  endfacet
  facet normal 0.227098 0.973872 0
    outer loop
      vertex -53.9082 -14.5855 1.6
      vertex -52.9459 -14.8099 0
      vertex -53.9082 -14.5855 0
    endloop
  endfacet
  facet normal 0.0326881 0.999466 -0
    outer loop
      vertex -50 -15.1 0
      vertex -50.9876 -15.0677 1.6
      vertex -50 -15.1 1.6
    endloop
  endfacet
  facet normal 0.0326881 0.999466 0
    outer loop
      vertex -50.9876 -15.0677 1.6
      vertex -50 -15.1 0
      vertex -50.9876 -15.0677 0
    endloop
  endfacet
  facet normal 0.528078 0.849196 -0
    outer loop
      vertex -57.55 -13.077 0
      vertex -58.3891 -12.5552 1.6
      vertex -57.55 -13.077 1.6
    endloop
  endfacet
  facet normal 0.528078 0.849196 0
    outer loop
      vertex -58.3891 -12.5552 1.6
      vertex -57.55 -13.077 0
      vertex -58.3891 -12.5552 0
    endloop
  endfacet
  facet normal 0.582501 0.81283 -0
    outer loop
      vertex -58.3891 -12.5552 0
      vertex -59.1923 -11.9796 1.6
      vertex -58.3891 -12.5552 1.6
    endloop
  endfacet
  facet normal 0.582501 0.81283 0
    outer loop
      vertex -59.1923 -11.9796 1.6
      vertex -58.3891 -12.5552 0
      vertex -59.1923 -11.9796 0
    endloop
  endfacet
  facet normal 0.471418 0.88191 -0
    outer loop
      vertex -56.6786 -13.5428 0
      vertex -57.55 -13.077 1.6
      vertex -56.6786 -13.5428 1.6
    endloop
  endfacet
  facet normal 0.471418 0.88191 0
    outer loop
      vertex -57.55 -13.077 1.6
      vertex -56.6786 -13.5428 0
      vertex -57.55 -13.077 0
    endloop
  endfacet
  facet normal -0.0326881 -0.999466 0
    outer loop
      vertex -50 15.1 0
      vertex -49.0124 15.0677 1.6
      vertex -50 15.1 1.6
    endloop
  endfacet
  facet normal -0.0326881 -0.999466 -0
    outer loop
      vertex -49.0124 15.0677 1.6
      vertex -50 15.1 0
      vertex -49.0124 15.0677 0
    endloop
  endfacet
  facet normal -0.227098 -0.973872 0
    outer loop
      vertex -47.0541 14.8099 0
      vertex -46.0918 14.5855 1.6
      vertex -47.0541 14.8099 1.6
    endloop
  endfacet
  facet normal -0.227098 -0.973872 -0
    outer loop
      vertex -46.0918 14.5855 1.6
      vertex -47.0541 14.8099 0
      vertex -46.0918 14.5855 0
    endloop
  endfacet
  facet normal -0.582501 -0.81283 0
    outer loop
      vertex -41.6109 12.5552 0
      vertex -40.8077 11.9796 1.6
      vertex -41.6109 12.5552 1.6
    endloop
  endfacet
  facet normal -0.582501 -0.81283 -0
    outer loop
      vertex -40.8077 11.9796 1.6
      vertex -41.6109 12.5552 0
      vertex -40.8077 11.9796 0
    endloop
  endfacet
  facet normal -0.849199 -0.528074 0
    outer loop
      vertex -36.923 7.55 0
      vertex -37.4448 8.38911 1.6
      vertex -37.4448 8.38911 0
    endloop
  endfacet
  facet normal -0.849199 -0.528074 0
    outer loop
      vertex -37.4448 8.38911 1.6
      vertex -36.923 7.55 0
      vertex -36.923 7.55 1.6
    endloop
  endfacet
  facet normal 0.528078 -0.849196 0
    outer loop
      vertex -58.3891 12.5552 0
      vertex -57.55 13.077 1.6
      vertex -58.3891 12.5552 1.6
    endloop
  endfacet
  facet normal 0.528078 -0.849196 0
    outer loop
      vertex -57.55 13.077 1.6
      vertex -58.3891 12.5552 0
      vertex -57.55 13.077 0
    endloop
  endfacet
  facet normal 0.412682 -0.910875 0
    outer loop
      vertex -56.6786 13.5428 0
      vertex -55.7785 13.9506 1.6
      vertex -56.6786 13.5428 1.6
    endloop
  endfacet
  facet normal 0.412682 -0.910875 0
    outer loop
      vertex -55.7785 13.9506 1.6
      vertex -56.6786 13.5428 0
      vertex -55.7785 13.9506 0
    endloop
  endfacet
  facet normal 0.999466 -0.0326885 0
    outer loop
      vertex -65.1 0 1.6
      vertex -65.0677 0.987587 0
      vertex -65.0677 0.987587 1.6
    endloop
  endfacet
  facet normal 0.999466 -0.0326885 0
    outer loop
      vertex -65.0677 0.987587 0
      vertex -65.1 0 1.6
      vertex -65.1 0 0
    endloop
  endfacet
  facet normal 0.973872 -0.227096 0
    outer loop
      vertex -64.8099 2.94586 1.6
      vertex -64.5855 3.90817 0
      vertex -64.5855 3.90817 1.6
    endloop
  endfacet
  facet normal 0.973872 -0.227096 0
    outer loop
      vertex -64.5855 3.90817 0
      vertex -64.8099 2.94586 1.6
      vertex -64.8099 2.94586 0
    endloop
  endfacet
  facet normal 0.812826 -0.582506 0
    outer loop
      vertex -62.5552 8.38911 1.6
      vertex -61.9796 9.1923 0
      vertex -61.9796 9.1923 1.6
    endloop
  endfacet
  facet normal 0.812826 -0.582506 0
    outer loop
      vertex -61.9796 9.1923 0
      vertex -62.5552 8.38911 1.6
      vertex -62.5552 8.38911 0
    endloop
  endfacet
  facet normal -0.99518 0.0980644 0
    outer loop
      vertex -35.0292 -1.97095 0
      vertex -34.9323 -0.987587 1.6
      vertex -34.9323 -0.987587 0
    endloop
  endfacet
  facet normal -0.99518 0.0980644 0
    outer loop
      vertex -34.9323 -0.987587 1.6
      vertex -35.0292 -1.97095 0
      vertex -35.0292 -1.97095 1.6
    endloop
  endfacet
  facet normal -0.935927 0.352195 0
    outer loop
      vertex -36.0494 -5.77852 0
      vertex -35.7014 -4.85374 1.6
      vertex -35.7014 -4.85374 0
    endloop
  endfacet
  facet normal -0.935927 0.352195 0
    outer loop
      vertex -35.7014 -4.85374 1.6
      vertex -36.0494 -5.77852 0
      vertex -36.0494 -5.77852 1.6
    endloop
  endfacet
  facet normal -0.956922 0.290344 0
    outer loop
      vertex -35.7014 -4.85374 0
      vertex -35.4145 -3.90817 1.6
      vertex -35.4145 -3.90817 0
    endloop
  endfacet
  facet normal -0.956922 0.290344 0
    outer loop
      vertex -35.4145 -3.90817 1.6
      vertex -35.7014 -4.85374 0
      vertex -35.7014 -4.85374 1.6
    endloop
  endfacet
  facet normal -0.881919 0.471401 0
    outer loop
      vertex -36.923 -7.55 0
      vertex -36.4572 -6.67856 1.6
      vertex -36.4572 -6.67856 0
    endloop
  endfacet
  facet normal -0.881919 0.471401 0
    outer loop
      vertex -36.4572 -6.67856 1.6
      vertex -36.923 -7.55 0
      vertex -36.923 -7.55 1.6
    endloop
  endfacet
  facet normal -0.773036 0.634363 0
    outer loop
      vertex -38.6472 -9.95612 0
      vertex -38.0204 -9.1923 1.6
      vertex -38.0204 -9.1923 0
    endloop
  endfacet
  facet normal -0.773036 0.634363 0
    outer loop
      vertex -38.0204 -9.1923 1.6
      vertex -38.6472 -9.95612 0
      vertex -38.6472 -9.95612 1.6
    endloop
  endfacet
  facet normal -0.729843 0.683615 0
    outer loop
      vertex -39.3227 -10.6773 0
      vertex -38.6472 -9.95612 1.6
      vertex -38.6472 -9.95612 0
    endloop
  endfacet
  facet normal -0.729843 0.683615 0
    outer loop
      vertex -38.6472 -9.95612 1.6
      vertex -39.3227 -10.6773 0
      vertex -39.3227 -10.6773 1.6
    endloop
  endfacet
  facet normal -0.634372 0.773028 0
    outer loop
      vertex -40.0439 -11.3528 0
      vertex -40.8077 -11.9796 1.6
      vertex -40.0439 -11.3528 1.6
    endloop
  endfacet
  facet normal -0.634372 0.773028 0
    outer loop
      vertex -40.8077 -11.9796 1.6
      vertex -40.0439 -11.3528 0
      vertex -40.8077 -11.9796 0
    endloop
  endfacet
  facet normal -0.471418 0.88191 0
    outer loop
      vertex -42.45 -13.077 0
      vertex -43.3214 -13.5428 1.6
      vertex -42.45 -13.077 1.6
    endloop
  endfacet
  facet normal -0.471418 0.88191 0
    outer loop
      vertex -43.3214 -13.5428 1.6
      vertex -42.45 -13.077 0
      vertex -43.3214 -13.5428 0
    endloop
  endfacet
  facet normal -0.290364 0.956916 0
    outer loop
      vertex -45.1463 -14.2986 0
      vertex -46.0918 -14.5855 1.6
      vertex -45.1463 -14.2986 1.6
    endloop
  endfacet
  facet normal -0.290364 0.956916 0
    outer loop
      vertex -46.0918 -14.5855 1.6
      vertex -45.1463 -14.2986 0
      vertex -46.0918 -14.5855 0
    endloop
  endfacet
  facet normal -0.352188 0.935929 0
    outer loop
      vertex -44.2215 -13.9506 0
      vertex -45.1463 -14.2986 1.6
      vertex -44.2215 -13.9506 1.6
    endloop
  endfacet
  facet normal -0.352188 0.935929 0
    outer loop
      vertex -45.1463 -14.2986 1.6
      vertex -44.2215 -13.9506 0
      vertex -45.1463 -14.2986 0
    endloop
  endfacet
  facet normal 0.956922 0.290344 0
    outer loop
      vertex -64.2986 -4.85374 1.6
      vertex -64.5855 -3.90817 0
      vertex -64.5855 -3.90817 1.6
    endloop
  endfacet
  facet normal 0.956922 0.290344 0
    outer loop
      vertex -64.5855 -3.90817 0
      vertex -64.2986 -4.85374 1.6
      vertex -64.2986 -4.85374 0
    endloop
  endfacet
  facet normal 0.935927 0.352195 0
    outer loop
      vertex -63.9506 -5.77852 1.6
      vertex -64.2986 -4.85374 0
      vertex -64.2986 -4.85374 1.6
    endloop
  endfacet
  facet normal 0.935927 0.352195 0
    outer loop
      vertex -64.2986 -4.85374 0
      vertex -63.9506 -5.77852 1.6
      vertex -63.9506 -5.77852 0
    endloop
  endfacet
  facet normal 0.881919 0.471401 0
    outer loop
      vertex -63.077 -7.55 1.6
      vertex -63.5428 -6.67856 0
      vertex -63.5428 -6.67856 1.6
    endloop
  endfacet
  facet normal 0.881919 0.471401 0
    outer loop
      vertex -63.5428 -6.67856 0
      vertex -63.077 -7.55 1.6
      vertex -63.077 -7.55 0
    endloop
  endfacet
  facet normal 0.773036 0.634363 0
    outer loop
      vertex -61.3528 -9.95612 1.6
      vertex -61.9796 -9.1923 0
      vertex -61.9796 -9.1923 1.6
    endloop
  endfacet
  facet normal 0.773036 0.634363 0
    outer loop
      vertex -61.9796 -9.1923 0
      vertex -61.3528 -9.95612 1.6
      vertex -61.3528 -9.95612 0
    endloop
  endfacet
  facet normal 0.290364 0.956916 -0
    outer loop
      vertex -53.9082 -14.5855 0
      vertex -54.8537 -14.2986 1.6
      vertex -53.9082 -14.5855 1.6
    endloop
  endfacet
  facet normal 0.290364 0.956916 0
    outer loop
      vertex -54.8537 -14.2986 1.6
      vertex -53.9082 -14.5855 0
      vertex -54.8537 -14.2986 0
    endloop
  endfacet
  facet normal 0.412682 0.910875 -0
    outer loop
      vertex -55.7785 -13.9506 0
      vertex -56.6786 -13.5428 1.6
      vertex -55.7785 -13.9506 1.6
    endloop
  endfacet
  facet normal 0.412682 0.910875 0
    outer loop
      vertex -56.6786 -13.5428 1.6
      vertex -55.7785 -13.9506 0
      vertex -56.6786 -13.5428 0
    endloop
  endfacet
  facet normal 0.634372 0.773028 -0
    outer loop
      vertex -59.1923 -11.9796 0
      vertex -59.9561 -11.3528 1.6
      vertex -59.1923 -11.9796 1.6
    endloop
  endfacet
  facet normal 0.634372 0.773028 0
    outer loop
      vertex -59.9561 -11.3528 1.6
      vertex -59.1923 -11.9796 0
      vertex -59.9561 -11.3528 0
    endloop
  endfacet
  facet normal 0.683604 0.729853 -0
    outer loop
      vertex -59.9561 -11.3528 0
      vertex -60.6773 -10.6773 1.6
      vertex -59.9561 -11.3528 1.6
    endloop
  endfacet
  facet normal 0.683604 0.729853 0
    outer loop
      vertex -60.6773 -10.6773 1.6
      vertex -59.9561 -11.3528 0
      vertex -60.6773 -10.6773 0
    endloop
  endfacet
  facet normal -0.999466 0.0326885 0
    outer loop
      vertex -34.9323 -0.987587 0
      vertex -34.9 0 1.6
      vertex -34.9 0 0
    endloop
  endfacet
  facet normal -0.999466 0.0326885 0
    outer loop
      vertex -34.9 0 1.6
      vertex -34.9323 -0.987587 0
      vertex -34.9323 -0.987587 1.6
    endloop
  endfacet
  facet normal -0.935927 -0.352195 0
    outer loop
      vertex -35.7014 4.85374 0
      vertex -36.0494 5.77852 1.6
      vertex -36.0494 5.77852 0
    endloop
  endfacet
  facet normal -0.935927 -0.352195 0
    outer loop
      vertex -36.0494 5.77852 1.6
      vertex -35.7014 4.85374 0
      vertex -35.7014 4.85374 1.6
    endloop
  endfacet
  facet normal -0.973872 -0.227096 0
    outer loop
      vertex -35.1901 2.94586 0
      vertex -35.4145 3.90817 1.6
      vertex -35.4145 3.90817 0
    endloop
  endfacet
  facet normal -0.973872 -0.227096 0
    outer loop
      vertex -35.4145 3.90817 1.6
      vertex -35.1901 2.94586 0
      vertex -35.1901 2.94586 1.6
    endloop
  endfacet
  facet normal -0.0980707 -0.995179 0
    outer loop
      vertex -49.0124 15.0677 0
      vertex -48.0291 14.9708 1.6
      vertex -49.0124 15.0677 1.6
    endloop
  endfacet
  facet normal -0.0980707 -0.995179 -0
    outer loop
      vertex -48.0291 14.9708 1.6
      vertex -49.0124 15.0677 0
      vertex -48.0291 14.9708 0
    endloop
  endfacet
  facet normal -0.290364 -0.956916 0
    outer loop
      vertex -46.0918 14.5855 0
      vertex -45.1463 14.2986 1.6
      vertex -46.0918 14.5855 1.6
    endloop
  endfacet
  facet normal -0.290364 -0.956916 -0
    outer loop
      vertex -45.1463 14.2986 1.6
      vertex -46.0918 14.5855 0
      vertex -45.1463 14.2986 0
    endloop
  endfacet
  facet normal -0.634372 -0.773028 0
    outer loop
      vertex -40.8077 11.9796 0
      vertex -40.0439 11.3528 1.6
      vertex -40.8077 11.9796 1.6
    endloop
  endfacet
  facet normal -0.634372 -0.773028 -0
    outer loop
      vertex -40.0439 11.3528 1.6
      vertex -40.8077 11.9796 0
      vertex -40.0439 11.3528 0
    endloop
  endfacet
  facet normal -0.528078 -0.849196 0
    outer loop
      vertex -42.45 13.077 0
      vertex -41.6109 12.5552 1.6
      vertex -42.45 13.077 1.6
    endloop
  endfacet
  facet normal -0.528078 -0.849196 -0
    outer loop
      vertex -41.6109 12.5552 1.6
      vertex -42.45 13.077 0
      vertex -41.6109 12.5552 0
    endloop
  endfacet
  facet normal -0.412682 -0.910875 0
    outer loop
      vertex -44.2215 13.9506 0
      vertex -43.3214 13.5428 1.6
      vertex -44.2215 13.9506 1.6
    endloop
  endfacet
  facet normal -0.412682 -0.910875 -0
    outer loop
      vertex -43.3214 13.5428 1.6
      vertex -44.2215 13.9506 0
      vertex -43.3214 13.5428 0
    endloop
  endfacet
  facet normal -0.881919 -0.471401 0
    outer loop
      vertex -36.4572 6.67856 0
      vertex -36.923 7.55 1.6
      vertex -36.923 7.55 0
    endloop
  endfacet
  facet normal -0.881919 -0.471401 0
    outer loop
      vertex -36.923 7.55 1.6
      vertex -36.4572 6.67856 0
      vertex -36.4572 6.67856 1.6
    endloop
  endfacet
  facet normal -0.812826 -0.582506 0
    outer loop
      vertex -37.4448 8.38911 0
      vertex -38.0204 9.1923 1.6
      vertex -38.0204 9.1923 0
    endloop
  endfacet
  facet normal -0.812826 -0.582506 0
    outer loop
      vertex -38.0204 9.1923 1.6
      vertex -37.4448 8.38911 0
      vertex -37.4448 8.38911 1.6
    endloop
  endfacet
  facet normal 0.227098 -0.973872 0
    outer loop
      vertex -53.9082 14.5855 0
      vertex -52.9459 14.8099 1.6
      vertex -53.9082 14.5855 1.6
    endloop
  endfacet
  facet normal 0.227098 -0.973872 0
    outer loop
      vertex -52.9459 14.8099 1.6
      vertex -53.9082 14.5855 0
      vertex -52.9459 14.8099 0
    endloop
  endfacet
  facet normal 0.352188 -0.935929 0
    outer loop
      vertex -55.7785 13.9506 0
      vertex -54.8537 14.2986 1.6
      vertex -55.7785 13.9506 1.6
    endloop
  endfacet
  facet normal 0.352188 -0.935929 0
    outer loop
      vertex -54.8537 14.2986 1.6
      vertex -55.7785 13.9506 0
      vertex -54.8537 14.2986 0
    endloop
  endfacet
  facet normal 0.0326881 -0.999466 0
    outer loop
      vertex -50.9876 15.0677 0
      vertex -50 15.1 1.6
      vertex -50.9876 15.0677 1.6
    endloop
  endfacet
  facet normal 0.0326881 -0.999466 0
    outer loop
      vertex -50 15.1 1.6
      vertex -50.9876 15.0677 0
      vertex -50 15.1 0
    endloop
  endfacet
  facet normal 0.162823 -0.986655 0
    outer loop
      vertex -52.9459 14.8099 0
      vertex -51.9709 14.9708 1.6
      vertex -52.9459 14.8099 1.6
    endloop
  endfacet
  facet normal 0.162823 -0.986655 0
    outer loop
      vertex -51.9709 14.9708 1.6
      vertex -52.9459 14.8099 0
      vertex -51.9709 14.9708 0
    endloop
  endfacet
  facet normal 0.0980707 -0.995179 0
    outer loop
      vertex -51.9709 14.9708 0
      vertex -50.9876 15.0677 1.6
      vertex -51.9709 14.9708 1.6
    endloop
  endfacet
  facet normal 0.0980707 -0.995179 0
    outer loop
      vertex -50.9876 15.0677 1.6
      vertex -51.9709 14.9708 0
      vertex -50.9876 15.0677 0
    endloop
  endfacet
  facet normal 0.290364 -0.956916 0
    outer loop
      vertex -54.8537 14.2986 0
      vertex -53.9082 14.5855 1.6
      vertex -54.8537 14.2986 1.6
    endloop
  endfacet
  facet normal 0.290364 -0.956916 0
    outer loop
      vertex -53.9082 14.5855 1.6
      vertex -54.8537 14.2986 0
      vertex -53.9082 14.5855 0
    endloop
  endfacet
  facet normal 0.471418 -0.88191 0
    outer loop
      vertex -57.55 13.077 0
      vertex -56.6786 13.5428 1.6
      vertex -57.55 13.077 1.6
    endloop
  endfacet
  facet normal 0.471418 -0.88191 0
    outer loop
      vertex -56.6786 13.5428 1.6
      vertex -57.55 13.077 0
      vertex -56.6786 13.5428 0
    endloop
  endfacet
  facet normal 0.582501 -0.81283 0
    outer loop
      vertex -59.1923 11.9796 0
      vertex -58.3891 12.5552 1.6
      vertex -59.1923 11.9796 1.6
    endloop
  endfacet
  facet normal 0.582501 -0.81283 0
    outer loop
      vertex -58.3891 12.5552 1.6
      vertex -59.1923 11.9796 0
      vertex -58.3891 12.5552 0
    endloop
  endfacet
  facet normal 0.99518 -0.0980644 0
    outer loop
      vertex -65.0677 0.987587 1.6
      vertex -64.9708 1.97095 0
      vertex -64.9708 1.97095 1.6
    endloop
  endfacet
  facet normal 0.99518 -0.0980644 0
    outer loop
      vertex -64.9708 1.97095 0
      vertex -65.0677 0.987587 1.6
      vertex -65.0677 0.987587 0
    endloop
  endfacet
  facet normal 0.986653 -0.162838 0
    outer loop
      vertex -64.9708 1.97095 1.6
      vertex -64.8099 2.94586 0
      vertex -64.8099 2.94586 1.6
    endloop
  endfacet
  facet normal 0.986653 -0.162838 0
    outer loop
      vertex -64.8099 2.94586 0
      vertex -64.9708 1.97095 1.6
      vertex -64.9708 1.97095 0
    endloop
  endfacet
  facet normal 0.849199 -0.528074 0
    outer loop
      vertex -63.077 7.55 1.6
      vertex -62.5552 8.38911 0
      vertex -62.5552 8.38911 1.6
    endloop
  endfacet
  facet normal 0.849199 -0.528074 0
    outer loop
      vertex -62.5552 8.38911 0
      vertex -63.077 7.55 1.6
      vertex -63.077 7.55 0
    endloop
  endfacet
  facet normal 0.910865 -0.412705 0
    outer loop
      vertex -63.9506 5.77852 1.6
      vertex -63.5428 6.67856 0
      vertex -63.5428 6.67856 1.6
    endloop
  endfacet
  facet normal 0.910865 -0.412705 0
    outer loop
      vertex -63.5428 6.67856 0
      vertex -63.9506 5.77852 1.6
      vertex -63.9506 5.77852 0
    endloop
  endfacet
  facet normal 0.773036 -0.634363 0
    outer loop
      vertex -61.9796 9.1923 1.6
      vertex -61.3528 9.95612 0
      vertex -61.3528 9.95612 1.6
    endloop
  endfacet
  facet normal 0.773036 -0.634363 0
    outer loop
      vertex -61.3528 9.95612 0
      vertex -61.9796 9.1923 1.6
      vertex -61.9796 9.1923 0
    endloop
  endfacet
  facet normal 0.729843 -0.683615 0
    outer loop
      vertex -61.3528 9.95612 1.6
      vertex -60.6773 10.6773 0
      vertex -60.6773 10.6773 1.6
    endloop
  endfacet
  facet normal 0.729843 -0.683615 0
    outer loop
      vertex -60.6773 10.6773 0
      vertex -61.3528 9.95612 1.6
      vertex -61.3528 9.95612 0
    endloop
  endfacet
  facet normal -0.162823 0.986655 0
    outer loop
      vertex -47.0541 -14.8099 0
      vertex -48.0291 -14.9708 1.6
      vertex -47.0541 -14.8099 1.6
    endloop
  endfacet
  facet normal -0.162823 0.986655 0
    outer loop
      vertex -48.0291 -14.9708 1.6
      vertex -47.0541 -14.8099 0
      vertex -48.0291 -14.9708 0
    endloop
  endfacet
  facet normal 0.986653 0.162838 0
    outer loop
      vertex -64.8099 -2.94586 1.6
      vertex -64.9708 -1.97095 0
      vertex -64.9708 -1.97095 1.6
    endloop
  endfacet
  facet normal 0.986653 0.162838 0
    outer loop
      vertex -64.9708 -1.97095 0
      vertex -64.8099 -2.94586 1.6
      vertex -64.8099 -2.94586 0
    endloop
  endfacet
  facet normal 0.0980707 0.995179 -0
    outer loop
      vertex -50.9876 -15.0677 0
      vertex -51.9709 -14.9708 1.6
      vertex -50.9876 -15.0677 1.6
    endloop
  endfacet
  facet normal 0.0980707 0.995179 0
    outer loop
      vertex -51.9709 -14.9708 1.6
      vertex -50.9876 -15.0677 0
      vertex -51.9709 -14.9708 0
    endloop
  endfacet
  facet normal -0.99518 -0.0980644 0
    outer loop
      vertex -34.9323 0.987587 0
      vertex -35.0292 1.97095 1.6
      vertex -35.0292 1.97095 0
    endloop
  endfacet
  facet normal -0.99518 -0.0980644 0
    outer loop
      vertex -35.0292 1.97095 1.6
      vertex -34.9323 0.987587 0
      vertex -34.9323 0.987587 1.6
    endloop
  endfacet
  facet normal -0.986653 -0.162838 0
    outer loop
      vertex -35.0292 1.97095 0
      vertex -35.1901 2.94586 1.6
      vertex -35.1901 2.94586 0
    endloop
  endfacet
  facet normal -0.986653 -0.162838 0
    outer loop
      vertex -35.1901 2.94586 1.6
      vertex -35.0292 1.97095 0
      vertex -35.0292 1.97095 1.6
    endloop
  endfacet
  facet normal -0.999466 -0.0326885 0
    outer loop
      vertex -34.9 0 0
      vertex -34.9323 0.987587 1.6
      vertex -34.9323 0.987587 0
    endloop
  endfacet
  facet normal -0.999466 -0.0326885 0
    outer loop
      vertex -34.9323 0.987587 1.6
      vertex -34.9 0 0
      vertex -34.9 0 1.6
    endloop
  endfacet
  facet normal -0.956922 -0.290344 0
    outer loop
      vertex -35.4145 3.90817 0
      vertex -35.7014 4.85374 1.6
      vertex -35.7014 4.85374 0
    endloop
  endfacet
  facet normal -0.956922 -0.290344 0
    outer loop
      vertex -35.7014 4.85374 1.6
      vertex -35.4145 3.90817 0
      vertex -35.4145 3.90817 1.6
    endloop
  endfacet
  facet normal -0.162823 -0.986655 0
    outer loop
      vertex -48.0291 14.9708 0
      vertex -47.0541 14.8099 1.6
      vertex -48.0291 14.9708 1.6
    endloop
  endfacet
  facet normal -0.162823 -0.986655 -0
    outer loop
      vertex -47.0541 14.8099 1.6
      vertex -48.0291 14.9708 0
      vertex -47.0541 14.8099 0
    endloop
  endfacet
  facet normal -0.352188 -0.935929 0
    outer loop
      vertex -45.1463 14.2986 0
      vertex -44.2215 13.9506 1.6
      vertex -45.1463 14.2986 1.6
    endloop
  endfacet
  facet normal -0.352188 -0.935929 -0
    outer loop
      vertex -44.2215 13.9506 1.6
      vertex -45.1463 14.2986 0
      vertex -44.2215 13.9506 0
    endloop
  endfacet
  facet normal -0.683604 -0.729853 0
    outer loop
      vertex -40.0439 11.3528 0
      vertex -39.3227 10.6773 1.6
      vertex -40.0439 11.3528 1.6
    endloop
  endfacet
  facet normal -0.683604 -0.729853 -0
    outer loop
      vertex -39.3227 10.6773 1.6
      vertex -40.0439 11.3528 0
      vertex -39.3227 10.6773 0
    endloop
  endfacet
  facet normal -0.471418 -0.88191 0
    outer loop
      vertex -43.3214 13.5428 0
      vertex -42.45 13.077 1.6
      vertex -43.3214 13.5428 1.6
    endloop
  endfacet
  facet normal -0.471418 -0.88191 -0
    outer loop
      vertex -42.45 13.077 1.6
      vertex -43.3214 13.5428 0
      vertex -42.45 13.077 0
    endloop
  endfacet
  facet normal -0.910865 -0.412705 0
    outer loop
      vertex -36.0494 5.77852 0
      vertex -36.4572 6.67856 1.6
      vertex -36.4572 6.67856 0
    endloop
  endfacet
  facet normal -0.910865 -0.412705 0
    outer loop
      vertex -36.4572 6.67856 1.6
      vertex -36.0494 5.77852 0
      vertex -36.0494 5.77852 1.6
    endloop
  endfacet
  facet normal -0.773036 -0.634363 0
    outer loop
      vertex -38.0204 9.1923 0
      vertex -38.6472 9.95612 1.6
      vertex -38.6472 9.95612 0
    endloop
  endfacet
  facet normal -0.773036 -0.634363 0
    outer loop
      vertex -38.6472 9.95612 1.6
      vertex -38.0204 9.1923 0
      vertex -38.0204 9.1923 1.6
    endloop
  endfacet
  facet normal 0.634372 -0.773028 0
    outer loop
      vertex -59.9561 11.3528 0
      vertex -59.1923 11.9796 1.6
      vertex -59.9561 11.3528 1.6
    endloop
  endfacet
  facet normal 0.634372 -0.773028 0
    outer loop
      vertex -59.1923 11.9796 1.6
      vertex -59.9561 11.3528 0
      vertex -59.1923 11.9796 0
    endloop
  endfacet
  facet normal 0.935927 -0.352195 0
    outer loop
      vertex -64.2986 4.85374 1.6
      vertex -63.9506 5.77852 0
      vertex -63.9506 5.77852 1.6
    endloop
  endfacet
  facet normal 0.935927 -0.352195 0
    outer loop
      vertex -63.9506 5.77852 0
      vertex -64.2986 4.85374 1.6
      vertex -64.2986 4.85374 0
    endloop
  endfacet
  facet normal 0.881919 -0.471401 0
    outer loop
      vertex -63.5428 6.67856 1.6
      vertex -63.077 7.55 0
      vertex -63.077 7.55 1.6
    endloop
  endfacet
  facet normal 0.881919 -0.471401 0
    outer loop
      vertex -63.077 7.55 0
      vertex -63.5428 6.67856 1.6
      vertex -63.5428 6.67856 0
    endloop
  endfacet
  facet normal -0.973882 0.227055 0
    outer loop
      vertex -31.6474 -4.91756 1.6
      vertex -31.3651 -3.70672 3
      vertex -31.3651 -3.70672 1.6
    endloop
  endfacet
  facet normal -0.973882 0.227055 0
    outer loop
      vertex -31.3651 -3.70672 3
      vertex -31.6474 -4.91756 1.6
      vertex -31.6474 -4.91756 3
    endloop
  endfacet
  facet normal 0.683647 0.729813 -0
    outer loop
      vertex -62.5276 -14.285 1.6
      vertex -63.435 -13.435 3
      vertex -62.5276 -14.285 3
    endloop
  endfacet
  facet normal 0.683647 0.729813 0
    outer loop
      vertex -63.435 -13.435 3
      vertex -62.5276 -14.285 1.6
      vertex -63.435 -13.435 1.6
    endloop
  endfacet
  facet normal -0.956945 0.290271 0
    outer loop
      vertex -32.0083 -6.10735 1.6
      vertex -31.6474 -4.91756 3
      vertex -31.6474 -4.91756 1.6
    endloop
  endfacet
  facet normal -0.956945 0.290271 0
    outer loop
      vertex -31.6474 -4.91756 3
      vertex -32.0083 -6.10735 1.6
      vertex -32.0083 -6.10735 3
    endloop
  endfacet
  facet normal -0.729813 0.683647 0
    outer loop
      vertex -36.565 -13.435 1.6
      vertex -35.715 -12.5276 3
      vertex -35.715 -12.5276 1.6
    endloop
  endfacet
  facet normal -0.729813 0.683647 0
    outer loop
      vertex -35.715 -12.5276 3
      vertex -36.565 -13.435 1.6
      vertex -36.565 -13.435 3
    endloop
  endfacet
  facet normal -0.412688 0.910873 0
    outer loop
      vertex -41.5965 -17.0406 1.6
      vertex -42.729 -17.5537 3
      vertex -41.5965 -17.0406 3
    endloop
  endfacet
  facet normal -0.412688 0.910873 0
    outer loop
      vertex -42.729 -17.5537 3
      vertex -41.5965 -17.0406 1.6
      vertex -42.729 -17.5537 1.6
    endloop
  endfacet
  facet normal -0.0979666 0.99519 0
    outer loop
      vertex -47.52 -18.8375 1.6
      vertex -48.7573 -18.9593 3
      vertex -47.52 -18.8375 3
    endloop
  endfacet
  facet normal -0.0979666 0.99519 0
    outer loop
      vertex -48.7573 -18.9593 3
      vertex -47.52 -18.8375 1.6
      vertex -48.7573 -18.9593 1.6
    endloop
  endfacet
  facet normal 0.84918 0.528103 0
    outer loop
      vertex -65.7979 -10.5558 3
      vertex -66.4545 -9.5 1.6
      vertex -66.4545 -9.5 3
    endloop
  endfacet
  facet normal 0.84918 0.528103 0
    outer loop
      vertex -66.4545 -9.5 1.6
      vertex -65.7979 -10.5558 3
      vertex -65.7979 -10.5558 1.6
    endloop
  endfacet
  facet normal 0.995182 0.0980431 0
    outer loop
      vertex -68.8374 -2.48 3
      vertex -68.9593 -1.24266 1.6
      vertex -68.9593 -1.24266 3
    endloop
  endfacet
  facet normal 0.995182 0.0980431 0
    outer loop
      vertex -68.9593 -1.24266 1.6
      vertex -68.8374 -2.48 3
      vertex -68.8374 -2.48 1.6
    endloop
  endfacet
  facet normal 0.290291 0.956938 -0
    outer loop
      vertex -54.9176 -18.3526 1.6
      vertex -56.1073 -17.9917 3
      vertex -54.9176 -18.3526 3
    endloop
  endfacet
  facet normal 0.290291 0.956938 0
    outer loop
      vertex -56.1073 -17.9917 3
      vertex -54.9176 -18.3526 1.6
      vertex -56.1073 -17.9917 1.6
    endloop
  endfacet
  facet normal -0.881922 -0.471395 0
    outer loop
      vertex -32.9594 8.40348 1.6
      vertex -33.5455 9.5 3
      vertex -33.5455 9.5 1.6
    endloop
  endfacet
  facet normal -0.881922 -0.471395 0
    outer loop
      vertex -33.5455 9.5 3
      vertex -32.9594 8.40348 1.6
      vertex -32.9594 8.40348 3
    endloop
  endfacet
  facet normal -0.227044 -0.973884 0
    outer loop
      vertex -46.2933 18.6349 1.6
      vertex -45.0824 18.3526 3
      vertex -46.2933 18.6349 3
    endloop
  endfacet
  facet normal -0.227044 -0.973884 -0
    outer loop
      vertex -45.0824 18.3526 3
      vertex -46.2933 18.6349 1.6
      vertex -45.0824 18.3526 1.6
    endloop
  endfacet
  facet normal -0.683647 -0.729813 0
    outer loop
      vertex -37.4724 14.285 1.6
      vertex -36.565 13.435 3
      vertex -37.4724 14.285 3
    endloop
  endfacet
  facet normal -0.683647 -0.729813 -0
    outer loop
      vertex -36.565 13.435 3
      vertex -37.4724 14.285 1.6
      vertex -36.565 13.435 1.6
    endloop
  endfacet
  facet normal -0.999464 -0.0327348 0
    outer loop
      vertex -31 0 1.6
      vertex -31.0407 1.24266 3
      vertex -31.0407 1.24266 1.6
    endloop
  endfacet
  facet normal -0.999464 -0.0327348 0
    outer loop
      vertex -31.0407 1.24266 3
      vertex -31 0 1.6
      vertex -31 0 3
    endloop
  endfacet
  facet normal 0.35226 -0.935902 0
    outer loop
      vertex -57.271 17.5537 1.6
      vertex -56.1073 17.9917 3
      vertex -57.271 17.5537 3
    endloop
  endfacet
  facet normal 0.35226 -0.935902 0
    outer loop
      vertex -56.1073 17.9917 3
      vertex -57.271 17.5537 1.6
      vertex -56.1073 17.9917 1.6
    endloop
  endfacet
  facet normal 0.528103 -0.84918 0
    outer loop
      vertex -60.5558 15.7979 1.6
      vertex -59.5 16.4545 3
      vertex -60.5558 15.7979 3
    endloop
  endfacet
  facet normal 0.528103 -0.84918 0
    outer loop
      vertex -59.5 16.4545 3
      vertex -60.5558 15.7979 1.6
      vertex -59.5 16.4545 1.6
    endloop
  endfacet
  facet normal -0.910873 0.412688 0
    outer loop
      vertex -32.9594 -8.40348 1.6
      vertex -32.4463 -7.27098 3
      vertex -32.4463 -7.27098 1.6
    endloop
  endfacet
  facet normal -0.910873 0.412688 0
    outer loop
      vertex -32.4463 -7.27098 3
      vertex -32.9594 -8.40348 1.6
      vertex -32.9594 -8.40348 3
    endloop
  endfacet
  facet normal -0.881922 0.471395 0
    outer loop
      vertex -33.5455 -9.5 1.6
      vertex -32.9594 -8.40348 3
      vertex -32.9594 -8.40348 1.6
    endloop
  endfacet
  facet normal -0.881922 0.471395 0
    outer loop
      vertex -32.9594 -8.40348 3
      vertex -33.5455 -9.5 1.6
      vertex -33.5455 -9.5 3
    endloop
  endfacet
  facet normal -0.227044 0.973884 0
    outer loop
      vertex -45.0824 -18.3526 1.6
      vertex -46.2933 -18.6349 3
      vertex -45.0824 -18.3526 3
    endloop
  endfacet
  facet normal -0.227044 0.973884 0
    outer loop
      vertex -46.2933 -18.6349 3
      vertex -45.0824 -18.3526 1.6
      vertex -46.2933 -18.6349 1.6
    endloop
  endfacet
  facet normal -0.634367 0.773032 0
    outer loop
      vertex -37.4724 -14.285 1.6
      vertex -38.4335 -15.0737 3
      vertex -37.4724 -14.285 3
    endloop
  endfacet
  facet normal -0.634367 0.773032 0
    outer loop
      vertex -38.4335 -15.0737 3
      vertex -37.4724 -14.285 1.6
      vertex -38.4335 -15.0737 1.6
    endloop
  endfacet
  facet normal -0.471402 0.881918 0
    outer loop
      vertex -40.5 -16.4545 1.6
      vertex -41.5965 -17.0406 3
      vertex -40.5 -16.4545 3
    endloop
  endfacet
  facet normal -0.471402 0.881918 0
    outer loop
      vertex -41.5965 -17.0406 3
      vertex -40.5 -16.4545 1.6
      vertex -41.5965 -17.0406 1.6
    endloop
  endfacet
  facet normal -0.582447 0.812869 0
    outer loop
      vertex -38.4335 -15.0737 1.6
      vertex -39.4442 -15.7979 3
      vertex -38.4335 -15.0737 3
    endloop
  endfacet
  facet normal -0.582447 0.812869 0
    outer loop
      vertex -39.4442 -15.7979 3
      vertex -38.4335 -15.0737 1.6
      vertex -39.4442 -15.7979 1.6
    endloop
  endfacet
  facet normal 0.729813 0.683647 0
    outer loop
      vertex -63.435 -13.435 3
      vertex -64.285 -12.5276 1.6
      vertex -64.285 -12.5276 3
    endloop
  endfacet
  facet normal 0.729813 0.683647 0
    outer loop
      vertex -64.285 -12.5276 1.6
      vertex -63.435 -13.435 3
      vertex -63.435 -13.435 1.6
    endloop
  endfacet
  facet normal 0.973882 0.227055 0
    outer loop
      vertex -68.3526 -4.91756 3
      vertex -68.6349 -3.70672 1.6
      vertex -68.6349 -3.70672 3
    endloop
  endfacet
  facet normal 0.973882 0.227055 0
    outer loop
      vertex -68.6349 -3.70672 1.6
      vertex -68.3526 -4.91756 3
      vertex -68.3526 -4.91756 1.6
    endloop
  endfacet
  facet normal 0.528103 0.84918 -0
    outer loop
      vertex -59.5 -16.4545 1.6
      vertex -60.5558 -15.7979 3
      vertex -59.5 -16.4545 3
    endloop
  endfacet
  facet normal 0.528103 0.84918 0
    outer loop
      vertex -60.5558 -15.7979 3
      vertex -59.5 -16.4545 1.6
      vertex -60.5558 -15.7979 1.6
    endloop
  endfacet
  facet normal 0.634367 0.773032 -0
    outer loop
      vertex -61.5665 -15.0737 1.6
      vertex -62.5276 -14.285 3
      vertex -61.5665 -15.0737 3
    endloop
  endfacet
  facet normal 0.634367 0.773032 0
    outer loop
      vertex -62.5276 -14.285 3
      vertex -61.5665 -15.0737 1.6
      vertex -62.5276 -14.285 1.6
    endloop
  endfacet
  facet normal 0.0979666 0.99519 -0
    outer loop
      vertex -51.2427 -18.9593 1.6
      vertex -52.48 -18.8375 3
      vertex -51.2427 -18.9593 3
    endloop
  endfacet
  facet normal 0.0979666 0.99519 0
    outer loop
      vertex -52.48 -18.8375 3
      vertex -51.2427 -18.9593 1.6
      vertex -52.48 -18.8375 1.6
    endloop
  endfacet
  facet normal 0.162951 0.986634 -0
    outer loop
      vertex -52.48 -18.8375 1.6
      vertex -53.7067 -18.6349 3
      vertex -52.48 -18.8375 3
    endloop
  endfacet
  facet normal 0.162951 0.986634 0
    outer loop
      vertex -53.7067 -18.6349 3
      vertex -52.48 -18.8375 1.6
      vertex -53.7067 -18.6349 1.6
    endloop
  endfacet
  facet normal -0.162951 -0.986634 0
    outer loop
      vertex -47.52 18.8375 1.6
      vertex -46.2933 18.6349 3
      vertex -47.52 18.8375 3
    endloop
  endfacet
  facet normal -0.162951 -0.986634 -0
    outer loop
      vertex -46.2933 18.6349 3
      vertex -47.52 18.8375 1.6
      vertex -46.2933 18.6349 1.6
    endloop
  endfacet
  facet normal -0.634367 -0.773032 0
    outer loop
      vertex -38.4335 15.0737 1.6
      vertex -37.4724 14.285 3
      vertex -38.4335 15.0737 3
    endloop
  endfacet
  facet normal -0.634367 -0.773032 -0
    outer loop
      vertex -37.4724 14.285 3
      vertex -38.4335 15.0737 1.6
      vertex -37.4724 14.285 1.6
    endloop
  endfacet
  facet normal -0.773032 -0.634367 0
    outer loop
      vertex -34.9263 11.5665 1.6
      vertex -35.715 12.5276 3
      vertex -35.715 12.5276 1.6
    endloop
  endfacet
  facet normal -0.773032 -0.634367 0
    outer loop
      vertex -35.715 12.5276 3
      vertex -34.9263 11.5665 1.6
      vertex -34.9263 11.5665 3
    endloop
  endfacet
  facet normal -0.956945 -0.290271 0
    outer loop
      vertex -31.6474 4.91756 1.6
      vertex -32.0083 6.10735 3
      vertex -32.0083 6.10735 1.6
    endloop
  endfacet
  facet normal -0.956945 -0.290271 0
    outer loop
      vertex -32.0083 6.10735 3
      vertex -31.6474 4.91756 1.6
      vertex -31.6474 4.91756 3
    endloop
  endfacet
  facet normal -0.99519 -0.0979635 0
    outer loop
      vertex -31.0407 1.24266 1.6
      vertex -31.1625 2.48 3
      vertex -31.1625 2.48 1.6
    endloop
  endfacet
  facet normal -0.99519 -0.0979635 0
    outer loop
      vertex -31.1625 2.48 3
      vertex -31.0407 1.24266 1.6
      vertex -31.0407 1.24266 3
    endloop
  endfacet
  facet normal 0.162951 -0.986634 0
    outer loop
      vertex -53.7067 18.6349 1.6
      vertex -52.48 18.8375 3
      vertex -53.7067 18.6349 3
    endloop
  endfacet
  facet normal 0.162951 -0.986634 0
    outer loop
      vertex -52.48 18.8375 3
      vertex -53.7067 18.6349 1.6
      vertex -52.48 18.8375 1.6
    endloop
  endfacet
  facet normal 0.683647 -0.729813 0
    outer loop
      vertex -63.435 13.435 1.6
      vertex -62.5276 14.285 3
      vertex -63.435 13.435 3
    endloop
  endfacet
  facet normal 0.683647 -0.729813 0
    outer loop
      vertex -62.5276 14.285 3
      vertex -63.435 13.435 1.6
      vertex -62.5276 14.285 1.6
    endloop
  endfacet
  facet normal 0.0979666 -0.99519 0
    outer loop
      vertex -52.48 18.8375 1.6
      vertex -51.2427 18.9593 3
      vertex -52.48 18.8375 3
    endloop
  endfacet
  facet normal 0.0979666 -0.99519 0
    outer loop
      vertex -51.2427 18.9593 3
      vertex -52.48 18.8375 1.6
      vertex -51.2427 18.9593 1.6
    endloop
  endfacet
  facet normal 0.582447 -0.812869 0
    outer loop
      vertex -61.5665 15.0737 1.6
      vertex -60.5558 15.7979 3
      vertex -61.5665 15.0737 3
    endloop
  endfacet
  facet normal 0.582447 -0.812869 0
    outer loop
      vertex -60.5558 15.7979 3
      vertex -61.5665 15.0737 1.6
      vertex -60.5558 15.7979 1.6
    endloop
  endfacet
  facet normal 0.729813 -0.683647 0
    outer loop
      vertex -64.285 12.5276 3
      vertex -63.435 13.435 1.6
      vertex -63.435 13.435 3
    endloop
  endfacet
  facet normal 0.729813 -0.683647 0
    outer loop
      vertex -63.435 13.435 1.6
      vertex -64.285 12.5276 3
      vertex -64.285 12.5276 1.6
    endloop
  endfacet
  facet normal 0.910873 -0.412688 0
    outer loop
      vertex -67.5537 7.27098 3
      vertex -67.0406 8.40348 1.6
      vertex -67.0406 8.40348 3
    endloop
  endfacet
  facet normal 0.910873 -0.412688 0
    outer loop
      vertex -67.0406 8.40348 1.6
      vertex -67.5537 7.27098 3
      vertex -67.5537 7.27098 1.6
    endloop
  endfacet
  facet normal 0.973882 -0.227055 0
    outer loop
      vertex -68.6349 3.70672 3
      vertex -68.3526 4.91756 1.6
      vertex -68.3526 4.91756 3
    endloop
  endfacet
  facet normal 0.973882 -0.227055 0
    outer loop
      vertex -68.3526 4.91756 1.6
      vertex -68.6349 3.70672 3
      vertex -68.6349 3.70672 1.6
    endloop
  endfacet
  facet normal -0.99519 0.0979635 0
    outer loop
      vertex -31.1625 -2.48 1.6
      vertex -31.0407 -1.24266 3
      vertex -31.0407 -1.24266 1.6
    endloop
  endfacet
  facet normal -0.99519 0.0979635 0
    outer loop
      vertex -31.0407 -1.24266 3
      vertex -31.1625 -2.48 1.6
      vertex -31.1625 -2.48 3
    endloop
  endfacet
  facet normal -0.986635 0.162948 0
    outer loop
      vertex -31.3651 -3.70672 1.6
      vertex -31.1625 -2.48 3
      vertex -31.1625 -2.48 1.6
    endloop
  endfacet
  facet normal -0.986635 0.162948 0
    outer loop
      vertex -31.1625 -2.48 3
      vertex -31.3651 -3.70672 1.6
      vertex -31.3651 -3.70672 3
    endloop
  endfacet
  facet normal -0.935895 0.352279 0
    outer loop
      vertex -32.4463 -7.27098 1.6
      vertex -32.0083 -6.10735 3
      vertex -32.0083 -6.10735 1.6
    endloop
  endfacet
  facet normal -0.935895 0.352279 0
    outer loop
      vertex -32.0083 -6.10735 3
      vertex -32.4463 -7.27098 1.6
      vertex -32.4463 -7.27098 3
    endloop
  endfacet
  facet normal -0.683647 0.729813 0
    outer loop
      vertex -36.565 -13.435 1.6
      vertex -37.4724 -14.285 3
      vertex -36.565 -13.435 3
    endloop
  endfacet
  facet normal -0.683647 0.729813 0
    outer loop
      vertex -37.4724 -14.285 3
      vertex -36.565 -13.435 1.6
      vertex -37.4724 -14.285 1.6
    endloop
  endfacet
  facet normal -0.773032 0.634367 0
    outer loop
      vertex -35.715 -12.5276 1.6
      vertex -34.9263 -11.5665 3
      vertex -34.9263 -11.5665 1.6
    endloop
  endfacet
  facet normal -0.773032 0.634367 0
    outer loop
      vertex -34.9263 -11.5665 3
      vertex -35.715 -12.5276 1.6
      vertex -35.715 -12.5276 3
    endloop
  endfacet
  facet normal -0.84918 0.528103 0
    outer loop
      vertex -34.2021 -10.5558 1.6
      vertex -33.5455 -9.5 3
      vertex -33.5455 -9.5 1.6
    endloop
  endfacet
  facet normal -0.84918 0.528103 0
    outer loop
      vertex -33.5455 -9.5 3
      vertex -34.2021 -10.5558 1.6
      vertex -34.2021 -10.5558 3
    endloop
  endfacet
  facet normal -0.812869 0.582447 0
    outer loop
      vertex -34.9263 -11.5665 1.6
      vertex -34.2021 -10.5558 3
      vertex -34.2021 -10.5558 1.6
    endloop
  endfacet
  facet normal -0.812869 0.582447 0
    outer loop
      vertex -34.2021 -10.5558 3
      vertex -34.9263 -11.5665 1.6
      vertex -34.9263 -11.5665 3
    endloop
  endfacet
  facet normal -0.0327337 0.999464 0
    outer loop
      vertex -48.7573 -18.9593 1.6
      vertex -50 -19 3
      vertex -48.7573 -18.9593 3
    endloop
  endfacet
  facet normal -0.0327337 0.999464 0
    outer loop
      vertex -50 -19 3
      vertex -48.7573 -18.9593 1.6
      vertex -50 -19 1.6
    endloop
  endfacet
  facet normal -0.35226 0.935902 0
    outer loop
      vertex -42.729 -17.5537 1.6
      vertex -43.8927 -17.9917 3
      vertex -42.729 -17.5537 3
    endloop
  endfacet
  facet normal -0.35226 0.935902 0
    outer loop
      vertex -43.8927 -17.9917 3
      vertex -42.729 -17.5537 1.6
      vertex -43.8927 -17.9917 1.6
    endloop
  endfacet
  facet normal -0.162951 0.986634 0
    outer loop
      vertex -46.2933 -18.6349 1.6
      vertex -47.52 -18.8375 3
      vertex -46.2933 -18.6349 3
    endloop
  endfacet
  facet normal -0.162951 0.986634 0
    outer loop
      vertex -47.52 -18.8375 3
      vertex -46.2933 -18.6349 1.6
      vertex -47.52 -18.8375 1.6
    endloop
  endfacet
  facet normal -0.290291 0.956938 0
    outer loop
      vertex -43.8927 -17.9917 1.6
      vertex -45.0824 -18.3526 3
      vertex -43.8927 -17.9917 3
    endloop
  endfacet
  facet normal -0.290291 0.956938 0
    outer loop
      vertex -45.0824 -18.3526 3
      vertex -43.8927 -17.9917 1.6
      vertex -45.0824 -18.3526 1.6
    endloop
  endfacet
  facet normal -0.528103 0.84918 0
    outer loop
      vertex -39.4442 -15.7979 1.6
      vertex -40.5 -16.4545 3
      vertex -39.4442 -15.7979 3
    endloop
  endfacet
  facet normal -0.528103 0.84918 0
    outer loop
      vertex -40.5 -16.4545 3
      vertex -39.4442 -15.7979 1.6
      vertex -40.5 -16.4545 1.6
    endloop
  endfacet
  facet normal 0.999464 0.0327348 0
    outer loop
      vertex -68.9593 -1.24266 3
      vertex -69 0 1.6
      vertex -69 0 3
    endloop
  endfacet
  facet normal 0.999464 0.0327348 0
    outer loop
      vertex -69 0 1.6
      vertex -68.9593 -1.24266 3
      vertex -68.9593 -1.24266 1.6
    endloop
  endfacet
  facet normal 0.910873 0.412688 0
    outer loop
      vertex -67.0406 -8.40348 3
      vertex -67.5537 -7.27098 1.6
      vertex -67.5537 -7.27098 3
    endloop
  endfacet
  facet normal 0.910873 0.412688 0
    outer loop
      vertex -67.5537 -7.27098 1.6
      vertex -67.0406 -8.40348 3
      vertex -67.0406 -8.40348 1.6
    endloop
  endfacet
  facet normal 0.881922 0.471395 0
    outer loop
      vertex -66.4545 -9.5 3
      vertex -67.0406 -8.40348 1.6
      vertex -67.0406 -8.40348 3
    endloop
  endfacet
  facet normal 0.881922 0.471395 0
    outer loop
      vertex -67.0406 -8.40348 1.6
      vertex -66.4545 -9.5 3
      vertex -66.4545 -9.5 1.6
    endloop
  endfacet
  facet normal 0.935895 0.352279 0
    outer loop
      vertex -67.5537 -7.27098 3
      vertex -67.9917 -6.10735 1.6
      vertex -67.9917 -6.10735 3
    endloop
  endfacet
  facet normal 0.935895 0.352279 0
    outer loop
      vertex -67.9917 -6.10735 1.6
      vertex -67.5537 -7.27098 3
      vertex -67.5537 -7.27098 1.6
    endloop
  endfacet
  facet normal 0.986648 0.16287 0
    outer loop
      vertex -68.6349 -3.70672 3
      vertex -68.8374 -2.48 1.6
      vertex -68.8374 -2.48 3
    endloop
  endfacet
  facet normal 0.986648 0.16287 0
    outer loop
      vertex -68.8374 -2.48 1.6
      vertex -68.6349 -3.70672 3
      vertex -68.6349 -3.70672 1.6
    endloop
  endfacet
  facet normal 0.956945 0.290271 0
    outer loop
      vertex -67.9917 -6.10735 3
      vertex -68.3526 -4.91756 1.6
      vertex -68.3526 -4.91756 3
    endloop
  endfacet
  facet normal 0.956945 0.290271 0
    outer loop
      vertex -68.3526 -4.91756 1.6
      vertex -67.9917 -6.10735 3
      vertex -67.9917 -6.10735 1.6
    endloop
  endfacet
  facet normal 0.412688 0.910873 -0
    outer loop
      vertex -57.271 -17.5537 1.6
      vertex -58.4035 -17.0406 3
      vertex -57.271 -17.5537 3
    endloop
  endfacet
  facet normal 0.412688 0.910873 0
    outer loop
      vertex -58.4035 -17.0406 3
      vertex -57.271 -17.5537 1.6
      vertex -58.4035 -17.0406 1.6
    endloop
  endfacet
  facet normal 0.471402 0.881918 -0
    outer loop
      vertex -58.4035 -17.0406 1.6
      vertex -59.5 -16.4545 3
      vertex -58.4035 -17.0406 3
    endloop
  endfacet
  facet normal 0.471402 0.881918 0
    outer loop
      vertex -59.5 -16.4545 3
      vertex -58.4035 -17.0406 1.6
      vertex -59.5 -16.4545 1.6
    endloop
  endfacet
  facet normal 0.582447 0.812869 -0
    outer loop
      vertex -60.5558 -15.7979 1.6
      vertex -61.5665 -15.0737 3
      vertex -60.5558 -15.7979 3
    endloop
  endfacet
  facet normal 0.582447 0.812869 0
    outer loop
      vertex -61.5665 -15.0737 3
      vertex -60.5558 -15.7979 1.6
      vertex -61.5665 -15.0737 1.6
    endloop
  endfacet
  facet normal 0.35226 0.935902 -0
    outer loop
      vertex -56.1073 -17.9917 1.6
      vertex -57.271 -17.5537 3
      vertex -56.1073 -17.9917 3
    endloop
  endfacet
  facet normal 0.35226 0.935902 0
    outer loop
      vertex -57.271 -17.5537 3
      vertex -56.1073 -17.9917 1.6
      vertex -57.271 -17.5537 1.6
    endloop
  endfacet
  facet normal 0.227044 0.973884 -0
    outer loop
      vertex -53.7067 -18.6349 1.6
      vertex -54.9176 -18.3526 3
      vertex -53.7067 -18.6349 3
    endloop
  endfacet
  facet normal 0.227044 0.973884 0
    outer loop
      vertex -54.9176 -18.3526 3
      vertex -53.7067 -18.6349 1.6
      vertex -54.9176 -18.3526 1.6
    endloop
  endfacet
  facet normal 0.0327337 0.999464 -0
    outer loop
      vertex -50 -19 1.6
      vertex -51.2427 -18.9593 3
      vertex -50 -19 3
    endloop
  endfacet
  facet normal 0.0327337 0.999464 0
    outer loop
      vertex -51.2427 -18.9593 3
      vertex -50 -19 1.6
      vertex -51.2427 -18.9593 1.6
    endloop
  endfacet
  facet normal -0.999464 0.0327348 0
    outer loop
      vertex -31.0407 -1.24266 1.6
      vertex -31 0 3
      vertex -31 0 1.6
    endloop
  endfacet
  facet normal -0.999464 0.0327348 0
    outer loop
      vertex -31 0 3
      vertex -31.0407 -1.24266 1.6
      vertex -31.0407 -1.24266 3
    endloop
  endfacet
  facet normal -0.0327337 -0.999464 0
    outer loop
      vertex -50 19 1.6
      vertex -48.7573 18.9593 3
      vertex -50 19 3
    endloop
  endfacet
  facet normal -0.0327337 -0.999464 -0
    outer loop
      vertex -48.7573 18.9593 3
      vertex -50 19 1.6
      vertex -48.7573 18.9593 1.6
    endloop
  endfacet
  facet normal -0.290291 -0.956938 0
    outer loop
      vertex -45.0824 18.3526 1.6
      vertex -43.8927 17.9917 3
      vertex -45.0824 18.3526 3
    endloop
  endfacet
  facet normal -0.290291 -0.956938 -0
    outer loop
      vertex -43.8927 17.9917 3
      vertex -45.0824 18.3526 1.6
      vertex -43.8927 17.9917 1.6
    endloop
  endfacet
  facet normal -0.528103 -0.84918 0
    outer loop
      vertex -40.5 16.4545 1.6
      vertex -39.4442 15.7979 3
      vertex -40.5 16.4545 3
    endloop
  endfacet
  facet normal -0.528103 -0.84918 -0
    outer loop
      vertex -39.4442 15.7979 3
      vertex -40.5 16.4545 1.6
      vertex -39.4442 15.7979 1.6
    endloop
  endfacet
  facet normal -0.412688 -0.910873 0
    outer loop
      vertex -42.729 17.5537 1.6
      vertex -41.5965 17.0406 3
      vertex -42.729 17.5537 3
    endloop
  endfacet
  facet normal -0.412688 -0.910873 -0
    outer loop
      vertex -41.5965 17.0406 3
      vertex -42.729 17.5537 1.6
      vertex -41.5965 17.0406 1.6
    endloop
  endfacet
  facet normal -0.582447 -0.812869 0
    outer loop
      vertex -39.4442 15.7979 1.6
      vertex -38.4335 15.0737 3
      vertex -39.4442 15.7979 3
    endloop
  endfacet
  facet normal -0.582447 -0.812869 -0
    outer loop
      vertex -38.4335 15.0737 3
      vertex -39.4442 15.7979 1.6
      vertex -38.4335 15.0737 1.6
    endloop
  endfacet
  facet normal -0.812869 -0.582447 0
    outer loop
      vertex -34.2021 10.5558 1.6
      vertex -34.9263 11.5665 3
      vertex -34.9263 11.5665 1.6
    endloop
  endfacet
  facet normal -0.812869 -0.582447 0
    outer loop
      vertex -34.9263 11.5665 3
      vertex -34.2021 10.5558 1.6
      vertex -34.2021 10.5558 3
    endloop
  endfacet
  facet normal -0.935895 -0.352279 0
    outer loop
      vertex -32.0083 6.10735 1.6
      vertex -32.4463 7.27098 3
      vertex -32.4463 7.27098 1.6
    endloop
  endfacet
  facet normal -0.935895 -0.352279 0
    outer loop
      vertex -32.4463 7.27098 3
      vertex -32.0083 6.10735 1.6
      vertex -32.0083 6.10735 3
    endloop
  endfacet
  facet normal -0.973882 -0.227055 0
    outer loop
      vertex -31.3651 3.70672 1.6
      vertex -31.6474 4.91756 3
      vertex -31.6474 4.91756 1.6
    endloop
  endfacet
  facet normal -0.973882 -0.227055 0
    outer loop
      vertex -31.6474 4.91756 3
      vertex -31.3651 3.70672 1.6
      vertex -31.3651 3.70672 3
    endloop
  endfacet
  facet normal 0.412688 -0.910873 0
    outer loop
      vertex -58.4035 17.0406 1.6
      vertex -57.271 17.5537 3
      vertex -58.4035 17.0406 3
    endloop
  endfacet
  facet normal 0.412688 -0.910873 0
    outer loop
      vertex -57.271 17.5537 3
      vertex -58.4035 17.0406 1.6
      vertex -57.271 17.5537 1.6
    endloop
  endfacet
  facet normal 0.227044 -0.973884 0
    outer loop
      vertex -54.9176 18.3526 1.6
      vertex -53.7067 18.6349 3
      vertex -54.9176 18.3526 3
    endloop
  endfacet
  facet normal 0.227044 -0.973884 0
    outer loop
      vertex -53.7067 18.6349 3
      vertex -54.9176 18.3526 1.6
      vertex -53.7067 18.6349 1.6
    endloop
  endfacet
  facet normal 0.471402 -0.881918 0
    outer loop
      vertex -59.5 16.4545 1.6
      vertex -58.4035 17.0406 3
      vertex -59.5 16.4545 3
    endloop
  endfacet
  facet normal 0.471402 -0.881918 0
    outer loop
      vertex -58.4035 17.0406 3
      vertex -59.5 16.4545 1.6
      vertex -58.4035 17.0406 1.6
    endloop
  endfacet
  facet normal 0.634367 -0.773032 0
    outer loop
      vertex -62.5276 14.285 1.6
      vertex -61.5665 15.0737 3
      vertex -62.5276 14.285 3
    endloop
  endfacet
  facet normal 0.634367 -0.773032 0
    outer loop
      vertex -61.5665 15.0737 3
      vertex -62.5276 14.285 1.6
      vertex -61.5665 15.0737 1.6
    endloop
  endfacet
  facet normal 0.812869 -0.582447 0
    outer loop
      vertex -65.7979 10.5558 3
      vertex -65.0737 11.5665 1.6
      vertex -65.0737 11.5665 3
    endloop
  endfacet
  facet normal 0.812869 -0.582447 0
    outer loop
      vertex -65.0737 11.5665 1.6
      vertex -65.7979 10.5558 3
      vertex -65.7979 10.5558 1.6
    endloop
  endfacet
  facet normal 0.84918 -0.528103 0
    outer loop
      vertex -66.4545 9.5 3
      vertex -65.7979 10.5558 1.6
      vertex -65.7979 10.5558 3
    endloop
  endfacet
  facet normal 0.84918 -0.528103 0
    outer loop
      vertex -65.7979 10.5558 1.6
      vertex -66.4545 9.5 3
      vertex -66.4545 9.5 1.6
    endloop
  endfacet
  facet normal 0.986648 -0.16287 0
    outer loop
      vertex -68.8374 2.48 3
      vertex -68.6349 3.70672 1.6
      vertex -68.6349 3.70672 3
    endloop
  endfacet
  facet normal 0.986648 -0.16287 0
    outer loop
      vertex -68.6349 3.70672 1.6
      vertex -68.8374 2.48 3
      vertex -68.8374 2.48 1.6
    endloop
  endfacet
  facet normal 0.999464 -0.0327348 0
    outer loop
      vertex -69 0 3
      vertex -68.9593 1.24266 1.6
      vertex -68.9593 1.24266 3
    endloop
  endfacet
  facet normal 0.999464 -0.0327348 0
    outer loop
      vertex -68.9593 1.24266 1.6
      vertex -69 0 3
      vertex -69 0 1.6
    endloop
  endfacet
  facet normal 0.956945 -0.290271 0
    outer loop
      vertex -68.3526 4.91756 3
      vertex -67.9917 6.10735 1.6
      vertex -67.9917 6.10735 3
    endloop
  endfacet
  facet normal 0.956945 -0.290271 0
    outer loop
      vertex -67.9917 6.10735 1.6
      vertex -68.3526 4.91756 3
      vertex -68.3526 4.91756 1.6
    endloop
  endfacet
  facet normal 0.935895 -0.352279 0
    outer loop
      vertex -67.9917 6.10735 3
      vertex -67.5537 7.27098 1.6
      vertex -67.5537 7.27098 3
    endloop
  endfacet
  facet normal 0.935895 -0.352279 0
    outer loop
      vertex -67.5537 7.27098 1.6
      vertex -67.9917 6.10735 3
      vertex -67.9917 6.10735 1.6
    endloop
  endfacet
  facet normal 0.812869 0.582447 0
    outer loop
      vertex -65.0737 -11.5665 3
      vertex -65.7979 -10.5558 1.6
      vertex -65.7979 -10.5558 3
    endloop
  endfacet
  facet normal 0.812869 0.582447 0
    outer loop
      vertex -65.7979 -10.5558 1.6
      vertex -65.0737 -11.5665 3
      vertex -65.0737 -11.5665 1.6
    endloop
  endfacet
  facet normal 0.773032 0.634367 0
    outer loop
      vertex -64.285 -12.5276 3
      vertex -65.0737 -11.5665 1.6
      vertex -65.0737 -11.5665 3
    endloop
  endfacet
  facet normal 0.773032 0.634367 0
    outer loop
      vertex -65.0737 -11.5665 1.6
      vertex -64.285 -12.5276 3
      vertex -64.285 -12.5276 1.6
    endloop
  endfacet
  facet normal -0.0979666 -0.99519 0
    outer loop
      vertex -48.7573 18.9593 1.6
      vertex -47.52 18.8375 3
      vertex -48.7573 18.9593 3
    endloop
  endfacet
  facet normal -0.0979666 -0.99519 -0
    outer loop
      vertex -47.52 18.8375 3
      vertex -48.7573 18.9593 1.6
      vertex -47.52 18.8375 1.6
    endloop
  endfacet
  facet normal -0.35226 -0.935902 0
    outer loop
      vertex -43.8927 17.9917 1.6
      vertex -42.729 17.5537 3
      vertex -43.8927 17.9917 3
    endloop
  endfacet
  facet normal -0.35226 -0.935902 -0
    outer loop
      vertex -42.729 17.5537 3
      vertex -43.8927 17.9917 1.6
      vertex -42.729 17.5537 1.6
    endloop
  endfacet
  facet normal -0.729813 -0.683647 0
    outer loop
      vertex -35.715 12.5276 1.6
      vertex -36.565 13.435 3
      vertex -36.565 13.435 1.6
    endloop
  endfacet
  facet normal -0.729813 -0.683647 0
    outer loop
      vertex -36.565 13.435 3
      vertex -35.715 12.5276 1.6
      vertex -35.715 12.5276 3
    endloop
  endfacet
  facet normal -0.471402 -0.881918 0
    outer loop
      vertex -41.5965 17.0406 1.6
      vertex -40.5 16.4545 3
      vertex -41.5965 17.0406 3
    endloop
  endfacet
  facet normal -0.471402 -0.881918 -0
    outer loop
      vertex -40.5 16.4545 3
      vertex -41.5965 17.0406 1.6
      vertex -40.5 16.4545 1.6
    endloop
  endfacet
  facet normal -0.84918 -0.528103 0
    outer loop
      vertex -33.5455 9.5 1.6
      vertex -34.2021 10.5558 3
      vertex -34.2021 10.5558 1.6
    endloop
  endfacet
  facet normal -0.84918 -0.528103 0
    outer loop
      vertex -34.2021 10.5558 3
      vertex -33.5455 9.5 1.6
      vertex -33.5455 9.5 3
    endloop
  endfacet
  facet normal -0.910873 -0.412688 0
    outer loop
      vertex -32.4463 7.27098 1.6
      vertex -32.9594 8.40348 3
      vertex -32.9594 8.40348 1.6
    endloop
  endfacet
  facet normal -0.910873 -0.412688 0
    outer loop
      vertex -32.9594 8.40348 3
      vertex -32.4463 7.27098 1.6
      vertex -32.4463 7.27098 3
    endloop
  endfacet
  facet normal -0.986635 -0.162948 0
    outer loop
      vertex -31.1625 2.48 1.6
      vertex -31.3651 3.70672 3
      vertex -31.3651 3.70672 1.6
    endloop
  endfacet
  facet normal -0.986635 -0.162948 0
    outer loop
      vertex -31.3651 3.70672 3
      vertex -31.1625 2.48 1.6
      vertex -31.1625 2.48 3
    endloop
  endfacet
  facet normal 0.290291 -0.956938 0
    outer loop
      vertex -56.1073 17.9917 1.6
      vertex -54.9176 18.3526 3
      vertex -56.1073 17.9917 3
    endloop
  endfacet
  facet normal 0.290291 -0.956938 0
    outer loop
      vertex -54.9176 18.3526 3
      vertex -56.1073 17.9917 1.6
      vertex -54.9176 18.3526 1.6
    endloop
  endfacet
  facet normal 0.0327337 -0.999464 0
    outer loop
      vertex -51.2427 18.9593 1.6
      vertex -50 19 3
      vertex -51.2427 18.9593 3
    endloop
  endfacet
  facet normal 0.0327337 -0.999464 0
    outer loop
      vertex -50 19 3
      vertex -51.2427 18.9593 1.6
      vertex -50 19 1.6
    endloop
  endfacet
  facet normal 0.773032 -0.634367 0
    outer loop
      vertex -65.0737 11.5665 3
      vertex -64.285 12.5276 1.6
      vertex -64.285 12.5276 3
    endloop
  endfacet
  facet normal 0.773032 -0.634367 0
    outer loop
      vertex -64.285 12.5276 1.6
      vertex -65.0737 11.5665 3
      vertex -65.0737 11.5665 1.6
    endloop
  endfacet
  facet normal 0.881922 -0.471395 0
    outer loop
      vertex -67.0406 8.40348 3
      vertex -66.4545 9.5 1.6
      vertex -66.4545 9.5 3
    endloop
  endfacet
  facet normal 0.881922 -0.471395 0
    outer loop
      vertex -66.4545 9.5 1.6
      vertex -67.0406 8.40348 3
      vertex -67.0406 8.40348 1.6
    endloop
  endfacet
  facet normal 0.995182 -0.0980431 0
    outer loop
      vertex -68.9593 1.24266 3
      vertex -68.8374 2.48 1.6
      vertex -68.8374 2.48 3
    endloop
  endfacet
  facet normal 0.995182 -0.0980431 0
    outer loop
      vertex -68.8374 2.48 1.6
      vertex -68.9593 1.24266 3
      vertex -68.9593 1.24266 1.6
    endloop
  endfacet
  facet normal 0 0 1
    outer loop
      vertex -34.9 0 1.6
      vertex -31 0 1.6
      vertex -31.0407 1.24266 1.6
    endloop
  endfacet
  facet normal 0 0 1
    outer loop
      vertex -34.9323 0.987587 1.6
      vertex -31.0407 1.24266 1.6
      vertex -31.1625 2.48 1.6
    endloop
  endfacet
  facet normal 0 0 1
    outer loop
      vertex -31 0 1.6
      vertex -34.9 0 1.6
      vertex -31.0407 -1.24266 1.6
    endloop
  endfacet
  facet normal 0 0 1
    outer loop
      vertex -35.0292 1.97095 1.6
      vertex -31.1625 2.48 1.6
      vertex -31.3651 3.70672 1.6
    endloop
  endfacet
  facet normal -0 0 1
    outer loop
      vertex -34.9323 -0.987587 1.6
      vertex -31.0407 -1.24266 1.6
      vertex -34.9 0 1.6
    endloop
  endfacet
  facet normal 0 0 1
    outer loop
      vertex -35.1901 2.94586 1.6
      vertex -31.3651 3.70672 1.6
      vertex -31.6474 4.91756 1.6
    endloop
  endfacet
  facet normal 0 0 1
    outer loop
      vertex -31.0407 -1.24266 1.6
      vertex -34.9323 -0.987587 1.6
      vertex -31.1625 -2.48 1.6
    endloop
  endfacet
  facet normal 0 0 1
    outer loop
      vertex -35.4145 3.90817 1.6
      vertex -31.6474 4.91756 1.6
      vertex -32.0083 6.10735 1.6
    endloop
  endfacet
  facet normal -0 0 1
    outer loop
      vertex -35.0292 -1.97095 1.6
      vertex -31.1625 -2.48 1.6
      vertex -34.9323 -0.987587 1.6
    endloop
  endfacet
  facet normal 0 0 1
    outer loop
      vertex -35.7014 4.85374 1.6
      vertex -32.0083 6.10735 1.6
      vertex -32.4463 7.27098 1.6
    endloop
  endfacet
  facet normal 0 0 1
    outer loop
      vertex -31.1625 -2.48 1.6
      vertex -35.0292 -1.97095 1.6
      vertex -31.3651 -3.70672 1.6
    endloop
  endfacet
  facet normal 0 0 1
    outer loop
      vertex -36.0494 5.77852 1.6
      vertex -32.4463 7.27098 1.6
      vertex -32.9594 8.40348 1.6
    endloop
  endfacet
  facet normal -0 0 1
    outer loop
      vertex -35.1901 -2.94586 1.6
      vertex -31.3651 -3.70672 1.6
      vertex -35.0292 -1.97095 1.6
    endloop
  endfacet
  facet normal 0 0 1
    outer loop
      vertex -36.4572 6.67856 1.6
      vertex -32.9594 8.40348 1.6
      vertex -33.5455 9.5 1.6
    endloop
  endfacet
  facet normal 0 0 1
    outer loop
      vertex -31.3651 -3.70672 1.6
      vertex -35.1901 -2.94586 1.6
      vertex -31.6474 -4.91756 1.6
    endloop
  endfacet
  facet normal 0 0 1
    outer loop
      vertex -36.923 7.55 1.6
      vertex -33.5455 9.5 1.6
      vertex -34.2021 10.5558 1.6
    endloop
  endfacet
  facet normal -0 0 1
    outer loop
      vertex -35.4145 -3.90817 1.6
      vertex -31.6474 -4.91756 1.6
      vertex -35.1901 -2.94586 1.6
    endloop
  endfacet
  facet normal 0 0 1
    outer loop
      vertex -31.6474 -4.91756 1.6
      vertex -35.4145 -3.90817 1.6
      vertex -32.0083 -6.10735 1.6
    endloop
  endfacet
  facet normal 0 0 1
    outer loop
      vertex -37.4448 8.38911 1.6
      vertex -34.2021 10.5558 1.6
      vertex -34.9263 11.5665 1.6
    endloop
  endfacet
  facet normal 0 0 1
    outer loop
      vertex -31.0407 1.24266 1.6
      vertex -34.9323 0.987587 1.6
      vertex -34.9 0 1.6
    endloop
  endfacet
  facet normal 0 0 1
    outer loop
      vertex -31.1625 2.48 1.6
      vertex -35.0292 1.97095 1.6
      vertex -34.9323 0.987587 1.6
    endloop
  endfacet
  facet normal 0 0 1
    outer loop
      vertex -31.3651 3.70672 1.6
      vertex -35.1901 2.94586 1.6
      vertex -35.0292 1.97095 1.6
    endloop
  endfacet
  facet normal 0 0 1
    outer loop
      vertex -31.6474 4.91756 1.6
      vertex -35.4145 3.90817 1.6
      vertex -35.1901 2.94586 1.6
    endloop
  endfacet
  facet normal 0 0 1
    outer loop
      vertex -32.0083 6.10735 1.6
      vertex -35.7014 4.85374 1.6
      vertex -35.4145 3.90817 1.6
    endloop
  endfacet
  facet normal 0 0 1
    outer loop
      vertex -38.0204 9.1923 1.6
      vertex -34.9263 11.5665 1.6
      vertex -35.715 12.5276 1.6
    endloop
  endfacet
  facet normal 0 0 1
    outer loop
      vertex -32.4463 7.27098 1.6
      vertex -36.0494 5.77852 1.6
      vertex -35.7014 4.85374 1.6
    endloop
  endfacet
  facet normal 0 0 1
    outer loop
      vertex -32.9594 8.40348 1.6
      vertex -36.4572 6.67856 1.6
      vertex -36.0494 5.77852 1.6
    endloop
  endfacet
  facet normal 0 0 1
    outer loop
      vertex -38.6472 9.95612 1.6
      vertex -35.715 12.5276 1.6
      vertex -36.565 13.435 1.6
    endloop
  endfacet
  facet normal 0 0 1
    outer loop
      vertex -33.5455 9.5 1.6
      vertex -36.923 7.55 1.6
      vertex -36.4572 6.67856 1.6
    endloop
  endfacet
  facet normal 0 0 1
    outer loop
      vertex -34.2021 10.5558 1.6
      vertex -37.4448 8.38911 1.6
      vertex -36.923 7.55 1.6
    endloop
  endfacet
  facet normal 0 0 1
    outer loop
      vertex -39.3227 10.6773 1.6
      vertex -36.565 13.435 1.6
      vertex -37.4724 14.285 1.6
    endloop
  endfacet
  facet normal 0 0 1
    outer loop
      vertex -34.9263 11.5665 1.6
      vertex -38.0204 9.1923 1.6
      vertex -37.4448 8.38911 1.6
    endloop
  endfacet
  facet normal 0 0 1
    outer loop
      vertex -40.0439 11.3528 1.6
      vertex -37.4724 14.285 1.6
      vertex -38.4335 15.0737 1.6
    endloop
  endfacet
  facet normal 0 0 1
    outer loop
      vertex -35.715 12.5276 1.6
      vertex -38.6472 9.95612 1.6
      vertex -38.0204 9.1923 1.6
    endloop
  endfacet
  facet normal 0 0 1
    outer loop
      vertex -36.565 13.435 1.6
      vertex -39.3227 10.6773 1.6
      vertex -38.6472 9.95612 1.6
    endloop
  endfacet
  facet normal 0 0 1
    outer loop
      vertex -40.8077 11.9796 1.6
      vertex -38.4335 15.0737 1.6
      vertex -39.4442 15.7979 1.6
    endloop
  endfacet
  facet normal 0 0 1
    outer loop
      vertex -37.4724 14.285 1.6
      vertex -40.0439 11.3528 1.6
      vertex -39.3227 10.6773 1.6
    endloop
  endfacet
  facet normal 0 0 1
    outer loop
      vertex -41.6109 12.5552 1.6
      vertex -39.4442 15.7979 1.6
      vertex -40.5 16.4545 1.6
    endloop
  endfacet
  facet normal 0 0 1
    outer loop
      vertex -38.4335 15.0737 1.6
      vertex -40.8077 11.9796 1.6
      vertex -40.0439 11.3528 1.6
    endloop
  endfacet
  facet normal 0 0 1
    outer loop
      vertex -42.45 13.077 1.6
      vertex -40.5 16.4545 1.6
      vertex -41.5965 17.0406 1.6
    endloop
  endfacet
  facet normal 0 0 1
    outer loop
      vertex -39.4442 15.7979 1.6
      vertex -41.6109 12.5552 1.6
      vertex -40.8077 11.9796 1.6
    endloop
  endfacet
  facet normal 0 0 1
    outer loop
      vertex -40.5 16.4545 1.6
      vertex -42.45 13.077 1.6
      vertex -41.6109 12.5552 1.6
    endloop
  endfacet
  facet normal 0 0 1
    outer loop
      vertex -43.3214 13.5428 1.6
      vertex -41.5965 17.0406 1.6
      vertex -42.729 17.5537 1.6
    endloop
  endfacet
  facet normal 0 0 1
    outer loop
      vertex -41.5965 17.0406 1.6
      vertex -43.3214 13.5428 1.6
      vertex -42.45 13.077 1.6
    endloop
  endfacet
  facet normal 0 0 1
    outer loop
      vertex -44.2215 13.9506 1.6
      vertex -42.729 17.5537 1.6
      vertex -43.8927 17.9917 1.6
    endloop
  endfacet
  facet normal 0 0 1
    outer loop
      vertex -42.729 17.5537 1.6
      vertex -44.2215 13.9506 1.6
      vertex -43.3214 13.5428 1.6
    endloop
  endfacet
  facet normal 0 0 1
    outer loop
      vertex -45.1463 14.2986 1.6
      vertex -43.8927 17.9917 1.6
      vertex -45.0824 18.3526 1.6
    endloop
  endfacet
  facet normal 0 0 1
    outer loop
      vertex -43.8927 17.9917 1.6
      vertex -45.1463 14.2986 1.6
      vertex -44.2215 13.9506 1.6
    endloop
  endfacet
  facet normal 0 0 1
    outer loop
      vertex -45.0824 18.3526 1.6
      vertex -46.0918 14.5855 1.6
      vertex -45.1463 14.2986 1.6
    endloop
  endfacet
  facet normal 0 0 1
    outer loop
      vertex -46.2933 18.6349 1.6
      vertex -46.0918 14.5855 1.6
      vertex -45.0824 18.3526 1.6
    endloop
  endfacet
  facet normal 0 0 1
    outer loop
      vertex -46.2933 18.6349 1.6
      vertex -47.0541 14.8099 1.6
      vertex -46.0918 14.5855 1.6
    endloop
  endfacet
  facet normal 0 0 1
    outer loop
      vertex -47.52 18.8375 1.6
      vertex -47.0541 14.8099 1.6
      vertex -46.2933 18.6349 1.6
    endloop
  endfacet
  facet normal 0 0 1
    outer loop
      vertex -47.52 18.8375 1.6
      vertex -48.0291 14.9708 1.6
      vertex -47.0541 14.8099 1.6
    endloop
  endfacet
  facet normal 0 0 1
    outer loop
      vertex -48.7573 18.9593 1.6
      vertex -48.0291 14.9708 1.6
      vertex -47.52 18.8375 1.6
    endloop
  endfacet
  facet normal 0 0 1
    outer loop
      vertex -48.7573 18.9593 1.6
      vertex -49.0124 15.0677 1.6
      vertex -48.0291 14.9708 1.6
    endloop
  endfacet
  facet normal 0 0 1
    outer loop
      vertex -50 19 1.6
      vertex -49.0124 15.0677 1.6
      vertex -48.7573 18.9593 1.6
    endloop
  endfacet
  facet normal 0 0 1
    outer loop
      vertex -50 19 1.6
      vertex -50 15.1 1.6
      vertex -49.0124 15.0677 1.6
    endloop
  endfacet
  facet normal 0 0 1
    outer loop
      vertex -50 19 1.6
      vertex -50.9876 15.0677 1.6
      vertex -50 15.1 1.6
    endloop
  endfacet
  facet normal -0 0 1
    outer loop
      vertex -51.2427 18.9593 1.6
      vertex -50.9876 15.0677 1.6
      vertex -50 19 1.6
    endloop
  endfacet
  facet normal 0 0 1
    outer loop
      vertex -51.2427 18.9593 1.6
      vertex -51.9709 14.9708 1.6
      vertex -50.9876 15.0677 1.6
    endloop
  endfacet
  facet normal -0 0 1
    outer loop
      vertex -52.48 18.8375 1.6
      vertex -51.9709 14.9708 1.6
      vertex -51.2427 18.9593 1.6
    endloop
  endfacet
  facet normal 0 0 1
    outer loop
      vertex -52.48 18.8375 1.6
      vertex -52.9459 14.8099 1.6
      vertex -51.9709 14.9708 1.6
    endloop
  endfacet
  facet normal -0 0 1
    outer loop
      vertex -53.7067 18.6349 1.6
      vertex -52.9459 14.8099 1.6
      vertex -52.48 18.8375 1.6
    endloop
  endfacet
  facet normal 0 0 1
    outer loop
      vertex -53.7067 18.6349 1.6
      vertex -53.9082 14.5855 1.6
      vertex -52.9459 14.8099 1.6
    endloop
  endfacet
  facet normal -0 0 1
    outer loop
      vertex -54.9176 18.3526 1.6
      vertex -53.9082 14.5855 1.6
      vertex -53.7067 18.6349 1.6
    endloop
  endfacet
  facet normal 0 0 1
    outer loop
      vertex -53.9082 14.5855 1.6
      vertex -54.9176 18.3526 1.6
      vertex -54.8537 14.2986 1.6
    endloop
  endfacet
  facet normal -0 0 1
    outer loop
      vertex -56.1073 17.9917 1.6
      vertex -54.8537 14.2986 1.6
      vertex -54.9176 18.3526 1.6
    endloop
  endfacet
  facet normal 0 0 1
    outer loop
      vertex -54.8537 14.2986 1.6
      vertex -56.1073 17.9917 1.6
      vertex -55.7785 13.9506 1.6
    endloop
  endfacet
  facet normal -0 0 1
    outer loop
      vertex -57.271 17.5537 1.6
      vertex -55.7785 13.9506 1.6
      vertex -56.1073 17.9917 1.6
    endloop
  endfacet
  facet normal 0 0 1
    outer loop
      vertex -55.7785 13.9506 1.6
      vertex -57.271 17.5537 1.6
      vertex -56.6786 13.5428 1.6
    endloop
  endfacet
  facet normal -0 0 1
    outer loop
      vertex -58.4035 17.0406 1.6
      vertex -56.6786 13.5428 1.6
      vertex -57.271 17.5537 1.6
    endloop
  endfacet
  facet normal 0 0 1
    outer loop
      vertex -56.6786 13.5428 1.6
      vertex -58.4035 17.0406 1.6
      vertex -57.55 13.077 1.6
    endloop
  endfacet
  facet normal -0 0 1
    outer loop
      vertex -59.5 16.4545 1.6
      vertex -57.55 13.077 1.6
      vertex -58.4035 17.0406 1.6
    endloop
  endfacet
  facet normal 0 0 1
    outer loop
      vertex -57.55 13.077 1.6
      vertex -59.5 16.4545 1.6
      vertex -58.3891 12.5552 1.6
    endloop
  endfacet
  facet normal -0 0 1
    outer loop
      vertex -60.5558 15.7979 1.6
      vertex -58.3891 12.5552 1.6
      vertex -59.5 16.4545 1.6
    endloop
  endfacet
  facet normal 0 0 1
    outer loop
      vertex -58.3891 12.5552 1.6
      vertex -60.5558 15.7979 1.6
      vertex -59.1923 11.9796 1.6
    endloop
  endfacet
  facet normal -0 0 1
    outer loop
      vertex -61.5665 15.0737 1.6
      vertex -59.1923 11.9796 1.6
      vertex -60.5558 15.7979 1.6
    endloop
  endfacet
  facet normal 0 0 1
    outer loop
      vertex -59.1923 11.9796 1.6
      vertex -61.5665 15.0737 1.6
      vertex -59.9561 11.3528 1.6
    endloop
  endfacet
  facet normal -0 0 1
    outer loop
      vertex -62.5276 14.285 1.6
      vertex -59.9561 11.3528 1.6
      vertex -61.5665 15.0737 1.6
    endloop
  endfacet
  facet normal 0 0 1
    outer loop
      vertex -59.9561 11.3528 1.6
      vertex -62.5276 14.285 1.6
      vertex -60.6773 10.6773 1.6
    endloop
  endfacet
  facet normal -0 0 1
    outer loop
      vertex -63.435 13.435 1.6
      vertex -60.6773 10.6773 1.6
      vertex -62.5276 14.285 1.6
    endloop
  endfacet
  facet normal 0 0 1
    outer loop
      vertex -60.6773 10.6773 1.6
      vertex -63.435 13.435 1.6
      vertex -61.3528 9.95612 1.6
    endloop
  endfacet
  facet normal -0 0 1
    outer loop
      vertex -64.285 12.5276 1.6
      vertex -61.3528 9.95612 1.6
      vertex -63.435 13.435 1.6
    endloop
  endfacet
  facet normal 0 0 1
    outer loop
      vertex -61.3528 9.95612 1.6
      vertex -64.285 12.5276 1.6
      vertex -61.9796 9.1923 1.6
    endloop
  endfacet
  facet normal -0 0 1
    outer loop
      vertex -65.0737 11.5665 1.6
      vertex -61.9796 9.1923 1.6
      vertex -64.285 12.5276 1.6
    endloop
  endfacet
  facet normal 0 0 1
    outer loop
      vertex -61.9796 9.1923 1.6
      vertex -65.0737 11.5665 1.6
      vertex -62.5552 8.38911 1.6
    endloop
  endfacet
  facet normal -0 0 1
    outer loop
      vertex -65.7979 10.5558 1.6
      vertex -62.5552 8.38911 1.6
      vertex -65.0737 11.5665 1.6
    endloop
  endfacet
  facet normal 0 0 1
    outer loop
      vertex -62.5552 8.38911 1.6
      vertex -65.7979 10.5558 1.6
      vertex -63.077 7.55 1.6
    endloop
  endfacet
  facet normal -0 0 1
    outer loop
      vertex -66.4545 9.5 1.6
      vertex -63.077 7.55 1.6
      vertex -65.7979 10.5558 1.6
    endloop
  endfacet
  facet normal 0 0 1
    outer loop
      vertex -63.077 7.55 1.6
      vertex -66.4545 9.5 1.6
      vertex -63.5428 6.67856 1.6
    endloop
  endfacet
  facet normal -0 0 1
    outer loop
      vertex -67.0406 8.40348 1.6
      vertex -63.5428 6.67856 1.6
      vertex -66.4545 9.5 1.6
    endloop
  endfacet
  facet normal 0 0 1
    outer loop
      vertex -63.5428 6.67856 1.6
      vertex -67.0406 8.40348 1.6
      vertex -63.9506 5.77852 1.6
    endloop
  endfacet
  facet normal -0 0 1
    outer loop
      vertex -67.5537 7.27098 1.6
      vertex -63.9506 5.77852 1.6
      vertex -67.0406 8.40348 1.6
    endloop
  endfacet
  facet normal 0 0 1
    outer loop
      vertex -63.9506 5.77852 1.6
      vertex -67.5537 7.27098 1.6
      vertex -64.2986 4.85374 1.6
    endloop
  endfacet
  facet normal -0 0 1
    outer loop
      vertex -67.9917 6.10735 1.6
      vertex -64.2986 4.85374 1.6
      vertex -67.5537 7.27098 1.6
    endloop
  endfacet
  facet normal 0 0 1
    outer loop
      vertex -64.2986 4.85374 1.6
      vertex -67.9917 6.10735 1.6
      vertex -64.5855 3.90817 1.6
    endloop
  endfacet
  facet normal -0 0 1
    outer loop
      vertex -35.7014 -4.85374 1.6
      vertex -32.0083 -6.10735 1.6
      vertex -35.4145 -3.90817 1.6
    endloop
  endfacet
  facet normal 0 0 1
    outer loop
      vertex -32.0083 -6.10735 1.6
      vertex -35.7014 -4.85374 1.6
      vertex -32.4463 -7.27098 1.6
    endloop
  endfacet
  facet normal -0 0 1
    outer loop
      vertex -36.0494 -5.77852 1.6
      vertex -32.4463 -7.27098 1.6
      vertex -35.7014 -4.85374 1.6
    endloop
  endfacet
  facet normal 0 0 1
    outer loop
      vertex -32.4463 -7.27098 1.6
      vertex -36.0494 -5.77852 1.6
      vertex -32.9594 -8.40348 1.6
    endloop
  endfacet
  facet normal -0 0 1
    outer loop
      vertex -36.4572 -6.67856 1.6
      vertex -32.9594 -8.40348 1.6
      vertex -36.0494 -5.77852 1.6
    endloop
  endfacet
  facet normal 0 0 1
    outer loop
      vertex -32.9594 -8.40348 1.6
      vertex -36.4572 -6.67856 1.6
      vertex -33.5455 -9.5 1.6
    endloop
  endfacet
  facet normal -0 0 1
    outer loop
      vertex -36.923 -7.55 1.6
      vertex -33.5455 -9.5 1.6
      vertex -36.4572 -6.67856 1.6
    endloop
  endfacet
  facet normal 0 0 1
    outer loop
      vertex -33.5455 -9.5 1.6
      vertex -36.923 -7.55 1.6
      vertex -34.2021 -10.5558 1.6
    endloop
  endfacet
  facet normal -0 0 1
    outer loop
      vertex -37.4448 -8.38911 1.6
      vertex -34.2021 -10.5558 1.6
      vertex -36.923 -7.55 1.6
    endloop
  endfacet
  facet normal 0 0 1
    outer loop
      vertex -34.2021 -10.5558 1.6
      vertex -37.4448 -8.38911 1.6
      vertex -34.9263 -11.5665 1.6
    endloop
  endfacet
  facet normal -0 0 1
    outer loop
      vertex -38.0204 -9.1923 1.6
      vertex -34.9263 -11.5665 1.6
      vertex -37.4448 -8.38911 1.6
    endloop
  endfacet
  facet normal 0 0 1
    outer loop
      vertex -34.9263 -11.5665 1.6
      vertex -38.0204 -9.1923 1.6
      vertex -35.715 -12.5276 1.6
    endloop
  endfacet
  facet normal -0 0 1
    outer loop
      vertex -38.6472 -9.95612 1.6
      vertex -35.715 -12.5276 1.6
      vertex -38.0204 -9.1923 1.6
    endloop
  endfacet
  facet normal 0 0 1
    outer loop
      vertex -35.715 -12.5276 1.6
      vertex -38.6472 -9.95612 1.6
      vertex -36.565 -13.435 1.6
    endloop
  endfacet
  facet normal -0 0 1
    outer loop
      vertex -39.3227 -10.6773 1.6
      vertex -36.565 -13.435 1.6
      vertex -38.6472 -9.95612 1.6
    endloop
  endfacet
  facet normal 0 0 1
    outer loop
      vertex -36.565 -13.435 1.6
      vertex -39.3227 -10.6773 1.6
      vertex -37.4724 -14.285 1.6
    endloop
  endfacet
  facet normal -0 0 1
    outer loop
      vertex -40.0439 -11.3528 1.6
      vertex -37.4724 -14.285 1.6
      vertex -39.3227 -10.6773 1.6
    endloop
  endfacet
  facet normal 0 0 1
    outer loop
      vertex -37.4724 -14.285 1.6
      vertex -40.0439 -11.3528 1.6
      vertex -38.4335 -15.0737 1.6
    endloop
  endfacet
  facet normal -0 0 1
    outer loop
      vertex -40.8077 -11.9796 1.6
      vertex -38.4335 -15.0737 1.6
      vertex -40.0439 -11.3528 1.6
    endloop
  endfacet
  facet normal 0 0 1
    outer loop
      vertex -38.4335 -15.0737 1.6
      vertex -40.8077 -11.9796 1.6
      vertex -39.4442 -15.7979 1.6
    endloop
  endfacet
  facet normal -0 0 1
    outer loop
      vertex -41.6109 -12.5552 1.6
      vertex -39.4442 -15.7979 1.6
      vertex -40.8077 -11.9796 1.6
    endloop
  endfacet
  facet normal 0 0 1
    outer loop
      vertex -39.4442 -15.7979 1.6
      vertex -41.6109 -12.5552 1.6
      vertex -40.5 -16.4545 1.6
    endloop
  endfacet
  facet normal -0 0 1
    outer loop
      vertex -42.45 -13.077 1.6
      vertex -40.5 -16.4545 1.6
      vertex -41.6109 -12.5552 1.6
    endloop
  endfacet
  facet normal 0 0 1
    outer loop
      vertex -40.5 -16.4545 1.6
      vertex -42.45 -13.077 1.6
      vertex -41.5965 -17.0406 1.6
    endloop
  endfacet
  facet normal -0 0 1
    outer loop
      vertex -43.3214 -13.5428 1.6
      vertex -41.5965 -17.0406 1.6
      vertex -42.45 -13.077 1.6
    endloop
  endfacet
  facet normal 0 0 1
    outer loop
      vertex -41.5965 -17.0406 1.6
      vertex -43.3214 -13.5428 1.6
      vertex -42.729 -17.5537 1.6
    endloop
  endfacet
  facet normal -0 0 1
    outer loop
      vertex -44.2215 -13.9506 1.6
      vertex -42.729 -17.5537 1.6
      vertex -43.3214 -13.5428 1.6
    endloop
  endfacet
  facet normal 0 0 1
    outer loop
      vertex -42.729 -17.5537 1.6
      vertex -44.2215 -13.9506 1.6
      vertex -43.8927 -17.9917 1.6
    endloop
  endfacet
  facet normal -0 0 1
    outer loop
      vertex -45.1463 -14.2986 1.6
      vertex -43.8927 -17.9917 1.6
      vertex -44.2215 -13.9506 1.6
    endloop
  endfacet
  facet normal 0 0 1
    outer loop
      vertex -43.8927 -17.9917 1.6
      vertex -45.1463 -14.2986 1.6
      vertex -45.0824 -18.3526 1.6
    endloop
  endfacet
  facet normal -0 0 1
    outer loop
      vertex -46.0918 -14.5855 1.6
      vertex -45.0824 -18.3526 1.6
      vertex -45.1463 -14.2986 1.6
    endloop
  endfacet
  facet normal 0 0 1
    outer loop
      vertex -46.0918 -14.5855 1.6
      vertex -46.2933 -18.6349 1.6
      vertex -45.0824 -18.3526 1.6
    endloop
  endfacet
  facet normal -0 0 1
    outer loop
      vertex -47.0541 -14.8099 1.6
      vertex -46.2933 -18.6349 1.6
      vertex -46.0918 -14.5855 1.6
    endloop
  endfacet
  facet normal 0 0 1
    outer loop
      vertex -47.0541 -14.8099 1.6
      vertex -47.52 -18.8375 1.6
      vertex -46.2933 -18.6349 1.6
    endloop
  endfacet
  facet normal -0 0 1
    outer loop
      vertex -48.0291 -14.9708 1.6
      vertex -47.52 -18.8375 1.6
      vertex -47.0541 -14.8099 1.6
    endloop
  endfacet
  facet normal 0 0 1
    outer loop
      vertex -48.0291 -14.9708 1.6
      vertex -48.7573 -18.9593 1.6
      vertex -47.52 -18.8375 1.6
    endloop
  endfacet
  facet normal -0 0 1
    outer loop
      vertex -49.0124 -15.0677 1.6
      vertex -48.7573 -18.9593 1.6
      vertex -48.0291 -14.9708 1.6
    endloop
  endfacet
  facet normal -0 0 1
    outer loop
      vertex -50 -15.1 1.6
      vertex -48.7573 -18.9593 1.6
      vertex -49.0124 -15.0677 1.6
    endloop
  endfacet
  facet normal 0 0 1
    outer loop
      vertex -50 -15.1 1.6
      vertex -50 -19 1.6
      vertex -48.7573 -18.9593 1.6
    endloop
  endfacet
  facet normal 0 0 1
    outer loop
      vertex -50.9876 -15.0677 1.6
      vertex -50 -19 1.6
      vertex -50 -15.1 1.6
    endloop
  endfacet
  facet normal 0 0 1
    outer loop
      vertex -50.9876 -15.0677 1.6
      vertex -51.2427 -18.9593 1.6
      vertex -50 -19 1.6
    endloop
  endfacet
  facet normal 0 0 1
    outer loop
      vertex -51.9709 -14.9708 1.6
      vertex -51.2427 -18.9593 1.6
      vertex -50.9876 -15.0677 1.6
    endloop
  endfacet
  facet normal 0 0 1
    outer loop
      vertex -51.9709 -14.9708 1.6
      vertex -52.48 -18.8375 1.6
      vertex -51.2427 -18.9593 1.6
    endloop
  endfacet
  facet normal 0 0 1
    outer loop
      vertex -52.9459 -14.8099 1.6
      vertex -52.48 -18.8375 1.6
      vertex -51.9709 -14.9708 1.6
    endloop
  endfacet
  facet normal 0 0 1
    outer loop
      vertex -52.9459 -14.8099 1.6
      vertex -53.7067 -18.6349 1.6
      vertex -52.48 -18.8375 1.6
    endloop
  endfacet
  facet normal 0 0 1
    outer loop
      vertex -53.9082 -14.5855 1.6
      vertex -53.7067 -18.6349 1.6
      vertex -52.9459 -14.8099 1.6
    endloop
  endfacet
  facet normal 0 0 1
    outer loop
      vertex -54.9176 -18.3526 1.6
      vertex -53.9082 -14.5855 1.6
      vertex -54.8537 -14.2986 1.6
    endloop
  endfacet
  facet normal 0 0 1
    outer loop
      vertex -53.9082 -14.5855 1.6
      vertex -54.9176 -18.3526 1.6
      vertex -53.7067 -18.6349 1.6
    endloop
  endfacet
  facet normal 0 0 1
    outer loop
      vertex -56.1073 -17.9917 1.6
      vertex -54.8537 -14.2986 1.6
      vertex -55.7785 -13.9506 1.6
    endloop
  endfacet
  facet normal 0 0 1
    outer loop
      vertex -54.8537 -14.2986 1.6
      vertex -56.1073 -17.9917 1.6
      vertex -54.9176 -18.3526 1.6
    endloop
  endfacet
  facet normal 0 0 1
    outer loop
      vertex -57.271 -17.5537 1.6
      vertex -55.7785 -13.9506 1.6
      vertex -56.6786 -13.5428 1.6
    endloop
  endfacet
  facet normal 0 0 1
    outer loop
      vertex -55.7785 -13.9506 1.6
      vertex -57.271 -17.5537 1.6
      vertex -56.1073 -17.9917 1.6
    endloop
  endfacet
  facet normal 0 0 1
    outer loop
      vertex -58.4035 -17.0406 1.6
      vertex -56.6786 -13.5428 1.6
      vertex -57.55 -13.077 1.6
    endloop
  endfacet
  facet normal 0 0 1
    outer loop
      vertex -59.5 -16.4545 1.6
      vertex -57.55 -13.077 1.6
      vertex -58.3891 -12.5552 1.6
    endloop
  endfacet
  facet normal 0 0 1
    outer loop
      vertex -56.6786 -13.5428 1.6
      vertex -58.4035 -17.0406 1.6
      vertex -57.271 -17.5537 1.6
    endloop
  endfacet
  facet normal 0 0 1
    outer loop
      vertex -60.5558 -15.7979 1.6
      vertex -58.3891 -12.5552 1.6
      vertex -59.1923 -11.9796 1.6
    endloop
  endfacet
  facet normal 0 0 1
    outer loop
      vertex -57.55 -13.077 1.6
      vertex -59.5 -16.4545 1.6
      vertex -58.4035 -17.0406 1.6
    endloop
  endfacet
  facet normal 0 0 1
    outer loop
      vertex -61.5665 -15.0737 1.6
      vertex -59.1923 -11.9796 1.6
      vertex -59.9561 -11.3528 1.6
    endloop
  endfacet
  facet normal 0 0 1
    outer loop
      vertex -58.3891 -12.5552 1.6
      vertex -60.5558 -15.7979 1.6
      vertex -59.5 -16.4545 1.6
    endloop
  endfacet
  facet normal 0 0 1
    outer loop
      vertex -62.5276 -14.285 1.6
      vertex -59.9561 -11.3528 1.6
      vertex -60.6773 -10.6773 1.6
    endloop
  endfacet
  facet normal 0 0 1
    outer loop
      vertex -63.435 -13.435 1.6
      vertex -60.6773 -10.6773 1.6
      vertex -61.3528 -9.95612 1.6
    endloop
  endfacet
  facet normal 0 0 1
    outer loop
      vertex -59.1923 -11.9796 1.6
      vertex -61.5665 -15.0737 1.6
      vertex -60.5558 -15.7979 1.6
    endloop
  endfacet
  facet normal 0 0 1
    outer loop
      vertex -64.285 -12.5276 1.6
      vertex -61.3528 -9.95612 1.6
      vertex -61.9796 -9.1923 1.6
    endloop
  endfacet
  facet normal 0 0 1
    outer loop
      vertex -59.9561 -11.3528 1.6
      vertex -62.5276 -14.285 1.6
      vertex -61.5665 -15.0737 1.6
    endloop
  endfacet
  facet normal 0 0 1
    outer loop
      vertex -65.0737 -11.5665 1.6
      vertex -61.9796 -9.1923 1.6
      vertex -62.5552 -8.38911 1.6
    endloop
  endfacet
  facet normal 0 0 1
    outer loop
      vertex -65.7979 -10.5558 1.6
      vertex -62.5552 -8.38911 1.6
      vertex -63.077 -7.55 1.6
    endloop
  endfacet
  facet normal 0 0 1
    outer loop
      vertex -60.6773 -10.6773 1.6
      vertex -63.435 -13.435 1.6
      vertex -62.5276 -14.285 1.6
    endloop
  endfacet
  facet normal 0 0 1
    outer loop
      vertex -66.4545 -9.5 1.6
      vertex -63.077 -7.55 1.6
      vertex -63.5428 -6.67856 1.6
    endloop
  endfacet
  facet normal 0 0 1
    outer loop
      vertex -67.0406 -8.40348 1.6
      vertex -63.5428 -6.67856 1.6
      vertex -63.9506 -5.77852 1.6
    endloop
  endfacet
  facet normal 0 0 1
    outer loop
      vertex -61.3528 -9.95612 1.6
      vertex -64.285 -12.5276 1.6
      vertex -63.435 -13.435 1.6
    endloop
  endfacet
  facet normal 0 0 1
    outer loop
      vertex -67.5537 -7.27098 1.6
      vertex -63.9506 -5.77852 1.6
      vertex -64.2986 -4.85374 1.6
    endloop
  endfacet
  facet normal 0 0 1
    outer loop
      vertex -67.9917 -6.10735 1.6
      vertex -64.2986 -4.85374 1.6
      vertex -64.5855 -3.90817 1.6
    endloop
  endfacet
  facet normal 0 0 1
    outer loop
      vertex -68.3526 -4.91756 1.6
      vertex -64.5855 -3.90817 1.6
      vertex -64.8099 -2.94586 1.6
    endloop
  endfacet
  facet normal 0 0 1
    outer loop
      vertex -68.6349 -3.70672 1.6
      vertex -64.8099 -2.94586 1.6
      vertex -64.9708 -1.97095 1.6
    endloop
  endfacet
  facet normal 0 0 1
    outer loop
      vertex -68.8374 -2.48 1.6
      vertex -64.9708 -1.97095 1.6
      vertex -65.0677 -0.987587 1.6
    endloop
  endfacet
  facet normal 0 0 1
    outer loop
      vertex -61.9796 -9.1923 1.6
      vertex -65.0737 -11.5665 1.6
      vertex -64.285 -12.5276 1.6
    endloop
  endfacet
  facet normal 0 0 1
    outer loop
      vertex -68.9593 -1.24266 1.6
      vertex -65.0677 -0.987587 1.6
      vertex -65.1 0 1.6
    endloop
  endfacet
  facet normal -0 0 1
    outer loop
      vertex -68.3526 4.91756 1.6
      vertex -64.5855 3.90817 1.6
      vertex -67.9917 6.10735 1.6
    endloop
  endfacet
  facet normal 0 0 1
    outer loop
      vertex -62.5552 -8.38911 1.6
      vertex -65.7979 -10.5558 1.6
      vertex -65.0737 -11.5665 1.6
    endloop
  endfacet
  facet normal 0 0 1
    outer loop
      vertex -64.5855 3.90817 1.6
      vertex -68.3526 4.91756 1.6
      vertex -64.8099 2.94586 1.6
    endloop
  endfacet
  facet normal 0 0 1
    outer loop
      vertex -63.077 -7.55 1.6
      vertex -66.4545 -9.5 1.6
      vertex -65.7979 -10.5558 1.6
    endloop
  endfacet
  facet normal -0 0 1
    outer loop
      vertex -68.6349 3.70672 1.6
      vertex -64.8099 2.94586 1.6
      vertex -68.3526 4.91756 1.6
    endloop
  endfacet
  facet normal 0 0 1
    outer loop
      vertex -63.5428 -6.67856 1.6
      vertex -67.0406 -8.40348 1.6
      vertex -66.4545 -9.5 1.6
    endloop
  endfacet
  facet normal 0 0 1
    outer loop
      vertex -64.8099 2.94586 1.6
      vertex -68.6349 3.70672 1.6
      vertex -64.9708 1.97095 1.6
    endloop
  endfacet
  facet normal 0 0 1
    outer loop
      vertex -63.9506 -5.77852 1.6
      vertex -67.5537 -7.27098 1.6
      vertex -67.0406 -8.40348 1.6
    endloop
  endfacet
  facet normal -0 0 1
    outer loop
      vertex -68.8374 2.48 1.6
      vertex -64.9708 1.97095 1.6
      vertex -68.6349 3.70672 1.6
    endloop
  endfacet
  facet normal 0 0 1
    outer loop
      vertex -64.2986 -4.85374 1.6
      vertex -67.9917 -6.10735 1.6
      vertex -67.5537 -7.27098 1.6
    endloop
  endfacet
  facet normal 0 0 1
    outer loop
      vertex -64.9708 1.97095 1.6
      vertex -68.8374 2.48 1.6
      vertex -65.0677 0.987587 1.6
    endloop
  endfacet
  facet normal 0 0 1
    outer loop
      vertex -64.5855 -3.90817 1.6
      vertex -68.3526 -4.91756 1.6
      vertex -67.9917 -6.10735 1.6
    endloop
  endfacet
  facet normal -0 0 1
    outer loop
      vertex -68.9593 1.24266 1.6
      vertex -65.0677 0.987587 1.6
      vertex -68.8374 2.48 1.6
    endloop
  endfacet
  facet normal 0 0 1
    outer loop
      vertex -64.8099 -2.94586 1.6
      vertex -68.6349 -3.70672 1.6
      vertex -68.3526 -4.91756 1.6
    endloop
  endfacet
  facet normal 0 0 1
    outer loop
      vertex -65.0677 0.987587 1.6
      vertex -68.9593 1.24266 1.6
      vertex -65.1 0 1.6
    endloop
  endfacet
  facet normal 0 0 1
    outer loop
      vertex -64.9708 -1.97095 1.6
      vertex -68.8374 -2.48 1.6
      vertex -68.6349 -3.70672 1.6
    endloop
  endfacet
  facet normal 0 0 1
    outer loop
      vertex -69 0 1.6
      vertex -65.1 0 1.6
      vertex -68.9593 1.24266 1.6
    endloop
  endfacet
  facet normal 0 0 1
    outer loop
      vertex -65.0677 -0.987587 1.6
      vertex -68.9593 -1.24266 1.6
      vertex -68.8374 -2.48 1.6
    endloop
  endfacet
  facet normal 0 0 1
    outer loop
      vertex -65.1 0 1.6
      vertex -69 0 1.6
      vertex -68.9593 -1.24266 1.6
    endloop
  endfacet
  facet normal -0.162499 -0.986709 0
    outer loop
      vertex 65.3916 46.9743 0
      vertex 65.5853 46.9424 3
      vertex 65.3916 46.9743 3
    endloop
  endfacet
  facet normal -0.162499 -0.986709 -0
    outer loop
      vertex 65.5853 46.9424 3
      vertex 65.3916 46.9743 0
      vertex 65.5853 46.9424 0
    endloop
  endfacet
  facet normal -0.0982934 -0.995157 0
    outer loop
      vertex 65.1962 46.9936 0
      vertex 65.3916 46.9743 3
      vertex 65.1962 46.9936 3
    endloop
  endfacet
  facet normal -0.0982934 -0.995157 -0
    outer loop
      vertex 65.3916 46.9743 3
      vertex 65.1962 46.9936 0
      vertex 65.3916 46.9743 0
    endloop
  endfacet
  facet normal 1 -0 0
    outer loop
      vertex 2 -44 3
      vertex 2 44 0
      vertex 2 44 3
    endloop
  endfacet
  facet normal 1 0 0
    outer loop
      vertex 2 44 0
      vertex 2 -44 3
      vertex 2 -44 0
    endloop
  endfacet
  facet normal -0.0326024 -0.999468 0
    outer loop
      vertex 65 47 0
      vertex 65.1962 46.9936 3
      vertex 65 47 3
    endloop
  endfacet
  facet normal -0.0326024 -0.999468 -0
    outer loop
      vertex 65.1962 46.9936 3
      vertex 65 47 0
      vertex 65.1962 46.9936 0
    endloop
  endfacet
  facet normal -0.81301 0.58225 0
    outer loop
      vertex 67.3801 -45.8263 0
      vertex 67.4944 -45.6667 3
      vertex 67.4944 -45.6667 0
    endloop
  endfacet
  facet normal -0.81301 0.58225 0
    outer loop
      vertex 67.4944 -45.6667 3
      vertex 67.3801 -45.8263 0
      vertex 67.3801 -45.8263 3
    endloop
  endfacet
  facet normal 0 -1 0
    outer loop
      vertex 5 47 0
      vertex 65 47 3
      vertex 5 47 3
    endloop
  endfacet
  facet normal 0 -1 -0
    outer loop
      vertex 65 47 3
      vertex 5 47 0
      vertex 65 47 0
    endloop
  endfacet
  facet normal 0.0326008 0.999468 -0
    outer loop
      vertex 5 -47 0
      vertex 4.80379 -46.9936 3
      vertex 5 -47 3
    endloop
  endfacet
  facet normal 0.0326008 0.999468 0
    outer loop
      vertex 4.80379 -46.9936 3
      vertex 5 -47 0
      vertex 4.80379 -46.9936 0
    endloop
  endfacet
  facet normal -1 0 0
    outer loop
      vertex 68 -44 0
      vertex 68 44 3
      vertex 68 44 0
    endloop
  endfacet
  facet normal -1 -0 0
    outer loop
      vertex 68 44 3
      vertex 68 -44 0
      vertex 68 -44 3
    endloop
  endfacet
  facet normal 0.0983134 0.995156 -0
    outer loop
      vertex 4.80379 -46.9936 0
      vertex 4.60843 -46.9743 3
      vertex 4.80379 -46.9936 3
    endloop
  endfacet
  facet normal 0.0983134 0.995156 0
    outer loop
      vertex 4.60843 -46.9743 3
      vertex 4.80379 -46.9936 0
      vertex 4.60843 -46.9743 0
    endloop
  endfacet
  facet normal -0.528212 0.849112 0
    outer loop
      vertex 66.6667 -46.4944 0
      vertex 66.5 -46.5981 3
      vertex 66.6667 -46.4944 3
    endloop
  endfacet
  facet normal -0.528212 0.849112 0
    outer loop
      vertex 66.5 -46.5981 3
      vertex 66.6667 -46.4944 0
      vertex 66.5 -46.5981 0
    endloop
  endfacet
  facet normal -0.290432 0.956896 0
    outer loop
      vertex 65.9643 -46.8408 0
      vertex 65.7765 -46.8978 3
      vertex 65.9643 -46.8408 3
    endloop
  endfacet
  facet normal -0.290432 0.956896 0
    outer loop
      vertex 65.7765 -46.8978 3
      vertex 65.9643 -46.8408 0
      vertex 65.7765 -46.8978 0
    endloop
  endfacet
  facet normal 0 1 -0
    outer loop
      vertex 65 -47 0
      vertex 5 -47 3
      vertex 65 -47 3
    endloop
  endfacet
  facet normal 0 1 0
    outer loop
      vertex 5 -47 3
      vertex 65 -47 0
      vertex 5 -47 0
    endloop
  endfacet
  facet normal -0.683551 0.729902 0
    outer loop
      vertex 67.1213 -46.1213 0
      vertex 66.978 -46.2555 3
      vertex 67.1213 -46.1213 3
    endloop
  endfacet
  facet normal -0.683551 0.729902 0
    outer loop
      vertex 66.978 -46.2555 3
      vertex 67.1213 -46.1213 0
      vertex 66.978 -46.2555 0
    endloop
  endfacet
  facet normal -0.162499 0.986709 0
    outer loop
      vertex 65.5853 -46.9424 0
      vertex 65.3916 -46.9743 3
      vertex 65.5853 -46.9424 3
    endloop
  endfacet
  facet normal -0.162499 0.986709 0
    outer loop
      vertex 65.3916 -46.9743 3
      vertex 65.5853 -46.9424 0
      vertex 65.3916 -46.9743 0
    endloop
  endfacet
  facet normal -0.412651 0.910889 0
    outer loop
      vertex 66.3269 -46.6906 0
      vertex 66.1481 -46.7716 3
      vertex 66.3269 -46.6906 3
    endloop
  endfacet
  facet normal -0.412651 0.910889 0
    outer loop
      vertex 66.1481 -46.7716 3
      vertex 66.3269 -46.6906 0
      vertex 66.1481 -46.7716 0
    endloop
  endfacet
  facet normal -0.412651 -0.910889 0
    outer loop
      vertex 66.1481 46.7716 0
      vertex 66.3269 46.6906 3
      vertex 66.1481 46.7716 3
    endloop
  endfacet
  facet normal -0.412651 -0.910889 -0
    outer loop
      vertex 66.3269 46.6906 3
      vertex 66.1481 46.7716 0
      vertex 66.3269 46.6906 0
    endloop
  endfacet
  facet normal -0.973856 0.227165 0
    outer loop
      vertex 67.8978 -44.7765 0
      vertex 67.9424 -44.5853 3
      vertex 67.9424 -44.5853 0
    endloop
  endfacet
  facet normal -0.973856 0.227165 0
    outer loop
      vertex 67.9424 -44.5853 3
      vertex 67.8978 -44.7765 0
      vertex 67.8978 -44.7765 3
    endloop
  endfacet
  facet normal 0.999465 0.0327042 0
    outer loop
      vertex 2.00642 -44.1962 3
      vertex 2 -44 0
      vertex 2 -44 3
    endloop
  endfacet
  facet normal 0.999465 0.0327042 0
    outer loop
      vertex 2 -44 0
      vertex 2.00642 -44.1962 3
      vertex 2.00642 -44.1962 0
    endloop
  endfacet
  facet normal 0.999465 -0.0327042 0
    outer loop
      vertex 2 44 3
      vertex 2.00642 44.1962 0
      vertex 2.00642 44.1962 3
    endloop
  endfacet
  facet normal 0.999465 -0.0327042 0
    outer loop
      vertex 2.00642 44.1962 0
      vertex 2 44 3
      vertex 2 44 0
    endloop
  endfacet
  facet normal 0.95691 -0.290385 0
    outer loop
      vertex 2.10222 44.7765 3
      vertex 2.15921 44.9643 0
      vertex 2.15921 44.9643 3
    endloop
  endfacet
  facet normal 0.95691 -0.290385 0
    outer loop
      vertex 2.15921 44.9643 0
      vertex 2.10222 44.7765 3
      vertex 2.10222 44.7765 0
    endloop
  endfacet
  facet normal 0.986643 -0.162895 0
    outer loop
      vertex 2.02567 44.3916 3
      vertex 2.05765 44.5853 0
      vertex 2.05765 44.5853 3
    endloop
  endfacet
  facet normal 0.986643 -0.162895 0
    outer loop
      vertex 2.05765 44.5853 0
      vertex 2.02567 44.3916 3
      vertex 2.02567 44.3916 0
    endloop
  endfacet
  facet normal 0.812889 -0.582418 0
    outer loop
      vertex 2.50558 45.6667 3
      vertex 2.61993 45.8263 0
      vertex 2.61993 45.8263 3
    endloop
  endfacet
  facet normal 0.812889 -0.582418 0
    outer loop
      vertex 2.61993 45.8263 0
      vertex 2.50558 45.6667 3
      vertex 2.50558 45.6667 0
    endloop
  endfacet
  facet normal 0.683602 -0.729855 0
    outer loop
      vertex 2.87868 46.1213 0
      vertex 3.02196 46.2555 3
      vertex 2.87868 46.1213 3
    endloop
  endfacet
  facet normal 0.683602 -0.729855 0
    outer loop
      vertex 3.02196 46.2555 3
      vertex 2.87868 46.1213 0
      vertex 3.02196 46.2555 0
    endloop
  endfacet
  facet normal 0.729902 -0.683551 0
    outer loop
      vertex 2.74448 45.978 3
      vertex 2.87868 46.1213 0
      vertex 2.87868 46.1213 3
    endloop
  endfacet
  facet normal 0.729902 -0.683551 0
    outer loop
      vertex 2.87868 46.1213 0
      vertex 2.74448 45.978 3
      vertex 2.74448 45.978 0
    endloop
  endfacet
  facet normal 0.582346 -0.812941 0
    outer loop
      vertex 3.17372 46.3801 0
      vertex 3.33328 46.4944 3
      vertex 3.17372 46.3801 3
    endloop
  endfacet
  facet normal 0.582346 -0.812941 0
    outer loop
      vertex 3.33328 46.4944 3
      vertex 3.17372 46.3801 0
      vertex 3.33328 46.4944 0
    endloop
  endfacet
  facet normal 0.528166 -0.849141 0
    outer loop
      vertex 3.33328 46.4944 0
      vertex 3.5 46.5981 3
      vertex 3.33328 46.4944 3
    endloop
  endfacet
  facet normal 0.528166 -0.849141 0
    outer loop
      vertex 3.5 46.5981 3
      vertex 3.33328 46.4944 0
      vertex 3.5 46.5981 0
    endloop
  endfacet
  facet normal 0.634557 -0.772876 0
    outer loop
      vertex 3.02196 46.2555 0
      vertex 3.17372 46.3801 3
      vertex 3.02196 46.2555 3
    endloop
  endfacet
  facet normal 0.634557 -0.772876 0
    outer loop
      vertex 3.17372 46.3801 3
      vertex 3.02196 46.2555 0
      vertex 3.17372 46.3801 0
    endloop
  endfacet
  facet normal 0.162499 -0.986709 0
    outer loop
      vertex 4.41473 46.9424 0
      vertex 4.60843 46.9743 3
      vertex 4.41473 46.9424 3
    endloop
  endfacet
  facet normal 0.162499 -0.986709 0
    outer loop
      vertex 4.60843 46.9743 3
      vertex 4.41473 46.9424 0
      vertex 4.60843 46.9743 0
    endloop
  endfacet
  facet normal 0.227176 -0.973854 0
    outer loop
      vertex 4.22354 46.8978 0
      vertex 4.41473 46.9424 3
      vertex 4.22354 46.8978 3
    endloop
  endfacet
  facet normal 0.227176 -0.973854 0
    outer loop
      vertex 4.41473 46.9424 3
      vertex 4.22354 46.8978 0
      vertex 4.41473 46.9424 0
    endloop
  endfacet
  facet normal 0.0983134 -0.995156 0
    outer loop
      vertex 4.60843 46.9743 0
      vertex 4.80379 46.9936 3
      vertex 4.60843 46.9743 3
    endloop
  endfacet
  facet normal 0.0983134 -0.995156 0
    outer loop
      vertex 4.80379 46.9936 3
      vertex 4.60843 46.9743 0
      vertex 4.80379 46.9936 0
    endloop
  endfacet
  facet normal 0.352452 -0.93583 0
    outer loop
      vertex 3.85194 46.7716 0
      vertex 4.03568 46.8408 3
      vertex 3.85194 46.7716 3
    endloop
  endfacet
  facet normal 0.352452 -0.93583 0
    outer loop
      vertex 4.03568 46.8408 3
      vertex 3.85194 46.7716 0
      vertex 4.03568 46.8408 0
    endloop
  endfacet
  facet normal 0.290347 -0.956922 0
    outer loop
      vertex 4.03568 46.8408 0
      vertex 4.22354 46.8978 3
      vertex 4.03568 46.8408 3
    endloop
  endfacet
  facet normal 0.290347 -0.956922 0
    outer loop
      vertex 4.22354 46.8978 3
      vertex 4.03568 46.8408 0
      vertex 4.22354 46.8978 0
    endloop
  endfacet
  facet normal 0.471217 -0.882017 0
    outer loop
      vertex 3.5 46.5981 0
      vertex 3.67314 46.6906 3
      vertex 3.5 46.5981 3
    endloop
  endfacet
  facet normal 0.471217 -0.882017 0
    outer loop
      vertex 3.67314 46.6906 3
      vertex 3.5 46.5981 0
      vertex 3.67314 46.6906 0
    endloop
  endfacet
  facet normal -0.772753 0.634707 0
    outer loop
      vertex 67.2555 -45.978 0
      vertex 67.3801 -45.8263 3
      vertex 67.3801 -45.8263 0
    endloop
  endfacet
  facet normal -0.772753 0.634707 0
    outer loop
      vertex 67.3801 -45.8263 3
      vertex 67.2555 -45.978 0
      vertex 67.2555 -45.978 3
    endloop
  endfacet
  facet normal -0.729902 0.683551 0
    outer loop
      vertex 67.1213 -46.1213 0
      vertex 67.2555 -45.978 3
      vertex 67.2555 -45.978 0
    endloop
  endfacet
  facet normal -0.729902 0.683551 0
    outer loop
      vertex 67.2555 -45.978 3
      vertex 67.1213 -46.1213 0
      vertex 67.1213 -46.1213 3
    endloop
  endfacet
  facet normal -0.58225 0.81301 0
    outer loop
      vertex 66.8263 -46.3801 0
      vertex 66.6667 -46.4944 3
      vertex 66.8263 -46.3801 3
    endloop
  endfacet
  facet normal -0.58225 0.81301 0
    outer loop
      vertex 66.6667 -46.4944 3
      vertex 66.8263 -46.3801 0
      vertex 66.6667 -46.4944 0
    endloop
  endfacet
  facet normal -0.634707 0.772753 0
    outer loop
      vertex 66.978 -46.2555 0
      vertex 66.8263 -46.3801 3
      vertex 66.978 -46.2555 3
    endloop
  endfacet
  facet normal -0.634707 0.772753 0
    outer loop
      vertex 66.8263 -46.3801 3
      vertex 66.978 -46.2555 0
      vertex 66.8263 -46.3801 0
    endloop
  endfacet
  facet normal -0.0326024 0.999468 0
    outer loop
      vertex 65.1962 -46.9936 0
      vertex 65 -47 3
      vertex 65.1962 -46.9936 3
    endloop
  endfacet
  facet normal -0.0326024 0.999468 0
    outer loop
      vertex 65 -47 3
      vertex 65.1962 -46.9936 0
      vertex 65 -47 0
    endloop
  endfacet
  facet normal -0.227165 0.973856 0
    outer loop
      vertex 65.7765 -46.8978 0
      vertex 65.5853 -46.9424 3
      vertex 65.7765 -46.8978 3
    endloop
  endfacet
  facet normal -0.227165 0.973856 0
    outer loop
      vertex 65.5853 -46.9424 3
      vertex 65.7765 -46.8978 0
      vertex 65.5853 -46.9424 0
    endloop
  endfacet
  facet normal -0.0982934 0.995157 0
    outer loop
      vertex 65.3916 -46.9743 0
      vertex 65.1962 -46.9936 3
      vertex 65.3916 -46.9743 3
    endloop
  endfacet
  facet normal -0.0982934 0.995157 0
    outer loop
      vertex 65.1962 -46.9936 3
      vertex 65.3916 -46.9743 0
      vertex 65.1962 -46.9936 0
    endloop
  endfacet
  facet normal -0.352351 0.935868 0
    outer loop
      vertex 66.1481 -46.7716 0
      vertex 65.9643 -46.8408 3
      vertex 66.1481 -46.7716 3
    endloop
  endfacet
  facet normal -0.352351 0.935868 0
    outer loop
      vertex 65.9643 -46.8408 3
      vertex 66.1481 -46.7716 0
      vertex 65.9643 -46.8408 0
    endloop
  endfacet
  facet normal -0.471302 0.881972 0
    outer loop
      vertex 66.5 -46.5981 0
      vertex 66.3269 -46.6906 3
      vertex 66.5 -46.5981 3
    endloop
  endfacet
  facet normal -0.471302 0.881972 0
    outer loop
      vertex 66.3269 -46.6906 3
      vertex 66.5 -46.5981 0
      vertex 66.3269 -46.6906 0
    endloop
  endfacet
  facet normal -0.881972 -0.471302 0
    outer loop
      vertex 67.6906 45.3269 0
      vertex 67.5981 45.5 3
      vertex 67.5981 45.5 0
    endloop
  endfacet
  facet normal -0.881972 -0.471302 0
    outer loop
      vertex 67.5981 45.5 3
      vertex 67.6906 45.3269 0
      vertex 67.6906 45.3269 3
    endloop
  endfacet
  facet normal -0.986709 -0.162499 0
    outer loop
      vertex 67.9743 44.3916 0
      vertex 67.9424 44.5853 3
      vertex 67.9424 44.5853 0
    endloop
  endfacet
  facet normal -0.986709 -0.162499 0
    outer loop
      vertex 67.9424 44.5853 3
      vertex 67.9743 44.3916 0
      vertex 67.9743 44.3916 3
    endloop
  endfacet
  facet normal -0.956896 -0.290432 0
    outer loop
      vertex 67.8978 44.7765 0
      vertex 67.8408 44.9643 3
      vertex 67.8408 44.9643 0
    endloop
  endfacet
  facet normal -0.956896 -0.290432 0
    outer loop
      vertex 67.8408 44.9643 3
      vertex 67.8978 44.7765 0
      vertex 67.8978 44.7765 3
    endloop
  endfacet
  facet normal -0.995157 -0.0982934 0
    outer loop
      vertex 67.9936 44.1962 0
      vertex 67.9743 44.3916 3
      vertex 67.9743 44.3916 0
    endloop
  endfacet
  facet normal -0.995157 -0.0982934 0
    outer loop
      vertex 67.9743 44.3916 3
      vertex 67.9936 44.1962 0
      vertex 67.9936 44.1962 3
    endloop
  endfacet
  facet normal -0.634707 -0.772753 0
    outer loop
      vertex 66.8263 46.3801 0
      vertex 66.978 46.2555 3
      vertex 66.8263 46.3801 3
    endloop
  endfacet
  facet normal -0.634707 -0.772753 -0
    outer loop
      vertex 66.978 46.2555 3
      vertex 66.8263 46.3801 0
      vertex 66.978 46.2555 0
    endloop
  endfacet
  facet normal -0.528212 -0.849112 0
    outer loop
      vertex 66.5 46.5981 0
      vertex 66.6667 46.4944 3
      vertex 66.5 46.5981 3
    endloop
  endfacet
  facet normal -0.528212 -0.849112 -0
    outer loop
      vertex 66.6667 46.4944 3
      vertex 66.5 46.5981 0
      vertex 66.6667 46.4944 0
    endloop
  endfacet
  facet normal -0.683551 -0.729902 0
    outer loop
      vertex 66.978 46.2555 0
      vertex 67.1213 46.1213 3
      vertex 66.978 46.2555 3
    endloop
  endfacet
  facet normal -0.683551 -0.729902 -0
    outer loop
      vertex 67.1213 46.1213 3
      vertex 66.978 46.2555 0
      vertex 67.1213 46.1213 0
    endloop
  endfacet
  facet normal -0.227165 -0.973856 0
    outer loop
      vertex 65.5853 46.9424 0
      vertex 65.7765 46.8978 3
      vertex 65.5853 46.9424 3
    endloop
  endfacet
  facet normal -0.227165 -0.973856 -0
    outer loop
      vertex 65.7765 46.8978 3
      vertex 65.5853 46.9424 0
      vertex 65.7765 46.8978 0
    endloop
  endfacet
  facet normal -0.352351 -0.935868 0
    outer loop
      vertex 65.9643 46.8408 0
      vertex 66.1481 46.7716 3
      vertex 65.9643 46.8408 3
    endloop
  endfacet
  facet normal -0.352351 -0.935868 -0
    outer loop
      vertex 66.1481 46.7716 3
      vertex 65.9643 46.8408 0
      vertex 66.1481 46.7716 0
    endloop
  endfacet
  facet normal -0.995157 0.0982934 0
    outer loop
      vertex 67.9743 -44.3916 0
      vertex 67.9936 -44.1962 3
      vertex 67.9936 -44.1962 0
    endloop
  endfacet
  facet normal -0.995157 0.0982934 0
    outer loop
      vertex 67.9936 -44.1962 3
      vertex 67.9743 -44.3916 0
      vertex 67.9743 -44.3916 3
    endloop
  endfacet
  facet normal -0.986709 0.162499 0
    outer loop
      vertex 67.9424 -44.5853 0
      vertex 67.9743 -44.3916 3
      vertex 67.9743 -44.3916 0
    endloop
  endfacet
  facet normal -0.986709 0.162499 0
    outer loop
      vertex 67.9743 -44.3916 3
      vertex 67.9424 -44.5853 0
      vertex 67.9424 -44.5853 3
    endloop
  endfacet
  facet normal -0.999468 0.0326024 0
    outer loop
      vertex 67.9936 -44.1962 0
      vertex 68 -44 3
      vertex 68 -44 0
    endloop
  endfacet
  facet normal -0.999468 0.0326024 0
    outer loop
      vertex 68 -44 3
      vertex 67.9936 -44.1962 0
      vertex 67.9936 -44.1962 3
    endloop
  endfacet
  facet normal -0.956896 0.290432 0
    outer loop
      vertex 67.8408 -44.9643 0
      vertex 67.8978 -44.7765 3
      vertex 67.8978 -44.7765 0
    endloop
  endfacet
  facet normal -0.956896 0.290432 0
    outer loop
      vertex 67.8978 -44.7765 3
      vertex 67.8408 -44.9643 0
      vertex 67.8408 -44.9643 3
    endloop
  endfacet
  facet normal -0.910889 0.412651 0
    outer loop
      vertex 67.6906 -45.3269 0
      vertex 67.7716 -45.1481 3
      vertex 67.7716 -45.1481 0
    endloop
  endfacet
  facet normal -0.910889 0.412651 0
    outer loop
      vertex 67.7716 -45.1481 3
      vertex 67.6906 -45.3269 0
      vertex 67.6906 -45.3269 3
    endloop
  endfacet
  facet normal -0.935868 0.352351 0
    outer loop
      vertex 67.7716 -45.1481 0
      vertex 67.8408 -44.9643 3
      vertex 67.8408 -44.9643 0
    endloop
  endfacet
  facet normal -0.935868 0.352351 0
    outer loop
      vertex 67.8408 -44.9643 3
      vertex 67.7716 -45.1481 0
      vertex 67.7716 -45.1481 3
    endloop
  endfacet
  facet normal -0.849112 0.528212 0
    outer loop
      vertex 67.4944 -45.6667 0
      vertex 67.5981 -45.5 3
      vertex 67.5981 -45.5 0
    endloop
  endfacet
  facet normal -0.849112 0.528212 0
    outer loop
      vertex 67.5981 -45.5 3
      vertex 67.4944 -45.6667 0
      vertex 67.4944 -45.6667 3
    endloop
  endfacet
  facet normal 0.290347 0.956922 -0
    outer loop
      vertex 4.22354 -46.8978 0
      vertex 4.03568 -46.8408 3
      vertex 4.22354 -46.8978 3
    endloop
  endfacet
  facet normal 0.290347 0.956922 0
    outer loop
      vertex 4.03568 -46.8408 3
      vertex 4.22354 -46.8978 0
      vertex 4.03568 -46.8408 0
    endloop
  endfacet
  facet normal 0.471217 0.882017 -0
    outer loop
      vertex 3.67314 -46.6906 0
      vertex 3.5 -46.5981 3
      vertex 3.67314 -46.6906 3
    endloop
  endfacet
  facet normal 0.471217 0.882017 0
    outer loop
      vertex 3.5 -46.5981 3
      vertex 3.67314 -46.6906 0
      vertex 3.5 -46.5981 0
    endloop
  endfacet
  facet normal 0.227176 0.973854 -0
    outer loop
      vertex 4.41473 -46.9424 0
      vertex 4.22354 -46.8978 3
      vertex 4.41473 -46.9424 3
    endloop
  endfacet
  facet normal 0.227176 0.973854 0
    outer loop
      vertex 4.22354 -46.8978 3
      vertex 4.41473 -46.9424 0
      vertex 4.22354 -46.8978 0
    endloop
  endfacet
  facet normal 0.935952 0.352128 0
    outer loop
      vertex 2.22836 -45.1481 3
      vertex 2.15921 -44.9643 0
      vertex 2.15921 -44.9643 3
    endloop
  endfacet
  facet normal 0.935952 0.352128 0
    outer loop
      vertex 2.15921 -44.9643 0
      vertex 2.22836 -45.1481 3
      vertex 2.22836 -45.1481 0
    endloop
  endfacet
  facet normal 0.812889 0.582418 0
    outer loop
      vertex 2.61993 -45.8263 3
      vertex 2.50558 -45.6667 0
      vertex 2.50558 -45.6667 3
    endloop
  endfacet
  facet normal 0.812889 0.582418 0
    outer loop
      vertex 2.50558 -45.6667 0
      vertex 2.61993 -45.8263 3
      vertex 2.61993 -45.8263 0
    endloop
  endfacet
  facet normal 0.95691 0.290385 0
    outer loop
      vertex 2.15921 -44.9643 3
      vertex 2.10222 -44.7765 0
      vertex 2.10222 -44.7765 3
    endloop
  endfacet
  facet normal 0.95691 0.290385 0
    outer loop
      vertex 2.10222 -44.7765 0
      vertex 2.15921 -44.9643 3
      vertex 2.15921 -44.9643 0
    endloop
  endfacet
  facet normal 0.97389 0.22702 0
    outer loop
      vertex 2.10222 -44.7765 3
      vertex 2.05765 -44.5853 0
      vertex 2.05765 -44.5853 3
    endloop
  endfacet
  facet normal 0.97389 0.22702 0
    outer loop
      vertex 2.05765 -44.5853 0
      vertex 2.10222 -44.7765 3
      vertex 2.10222 -44.7765 0
    endloop
  endfacet
  facet normal 0.995182 0.0980413 0
    outer loop
      vertex 2.02567 -44.3916 3
      vertex 2.00642 -44.1962 0
      vertex 2.00642 -44.1962 3
    endloop
  endfacet
  facet normal 0.995182 0.0980413 0
    outer loop
      vertex 2.00642 -44.1962 0
      vertex 2.02567 -44.3916 3
      vertex 2.02567 -44.3916 0
    endloop
  endfacet
  facet normal 0.683602 0.729855 -0
    outer loop
      vertex 3.02196 -46.2555 0
      vertex 2.87868 -46.1213 3
      vertex 3.02196 -46.2555 3
    endloop
  endfacet
  facet normal 0.683602 0.729855 0
    outer loop
      vertex 2.87868 -46.1213 3
      vertex 3.02196 -46.2555 0
      vertex 2.87868 -46.1213 0
    endloop
  endfacet
  facet normal 0.528166 0.849141 -0
    outer loop
      vertex 3.5 -46.5981 0
      vertex 3.33328 -46.4944 3
      vertex 3.5 -46.5981 3
    endloop
  endfacet
  facet normal 0.528166 0.849141 0
    outer loop
      vertex 3.33328 -46.4944 3
      vertex 3.5 -46.5981 0
      vertex 3.33328 -46.4944 0
    endloop
  endfacet
  facet normal 0.935952 -0.352128 0
    outer loop
      vertex 2.15921 44.9643 3
      vertex 2.22836 45.1481 0
      vertex 2.22836 45.1481 3
    endloop
  endfacet
  facet normal 0.935952 -0.352128 0
    outer loop
      vertex 2.22836 45.1481 0
      vertex 2.15921 44.9643 3
      vertex 2.15921 44.9643 0
    endloop
  endfacet
  facet normal 0.849204 -0.528065 0
    outer loop
      vertex 2.40192 45.5 3
      vertex 2.50558 45.6667 0
      vertex 2.50558 45.6667 3
    endloop
  endfacet
  facet normal 0.849204 -0.528065 0
    outer loop
      vertex 2.50558 45.6667 0
      vertex 2.40192 45.5 3
      vertex 2.40192 45.5 0
    endloop
  endfacet
  facet normal 0.910832 -0.412778 0
    outer loop
      vertex 2.22836 45.1481 3
      vertex 2.30939 45.3269 0
      vertex 2.30939 45.3269 3
    endloop
  endfacet
  facet normal 0.910832 -0.412778 0
    outer loop
      vertex 2.30939 45.3269 0
      vertex 2.22836 45.1481 3
      vertex 2.22836 45.1481 0
    endloop
  endfacet
  facet normal 0.881908 -0.471421 0
    outer loop
      vertex 2.30939 45.3269 3
      vertex 2.40192 45.5 0
      vertex 2.40192 45.5 3
    endloop
  endfacet
  facet normal 0.881908 -0.471421 0
    outer loop
      vertex 2.40192 45.5 0
      vertex 2.30939 45.3269 3
      vertex 2.30939 45.3269 0
    endloop
  endfacet
  facet normal 0.995182 -0.0980413 0
    outer loop
      vertex 2.00642 44.1962 3
      vertex 2.02567 44.3916 0
      vertex 2.02567 44.3916 3
    endloop
  endfacet
  facet normal 0.995182 -0.0980413 0
    outer loop
      vertex 2.02567 44.3916 0
      vertex 2.00642 44.1962 3
      vertex 2.00642 44.1962 0
    endloop
  endfacet
  facet normal 0.97389 -0.22702 0
    outer loop
      vertex 2.05765 44.5853 3
      vertex 2.10222 44.7765 0
      vertex 2.10222 44.7765 3
    endloop
  endfacet
  facet normal 0.97389 -0.22702 0
    outer loop
      vertex 2.10222 44.7765 0
      vertex 2.05765 44.5853 3
      vertex 2.05765 44.5853 0
    endloop
  endfacet
  facet normal 0.772878 -0.634555 0
    outer loop
      vertex 2.61993 45.8263 3
      vertex 2.74448 45.978 0
      vertex 2.74448 45.978 3
    endloop
  endfacet
  facet normal 0.772878 -0.634555 0
    outer loop
      vertex 2.74448 45.978 0
      vertex 2.61993 45.8263 3
      vertex 2.61993 45.8263 0
    endloop
  endfacet
  facet normal 0.0326008 -0.999468 0
    outer loop
      vertex 4.80379 46.9936 0
      vertex 5 47 3
      vertex 4.80379 46.9936 3
    endloop
  endfacet
  facet normal 0.0326008 -0.999468 0
    outer loop
      vertex 5 47 3
      vertex 4.80379 46.9936 0
      vertex 5 47 0
    endloop
  endfacet
  facet normal 0.412651 -0.910889 0
    outer loop
      vertex 3.67314 46.6906 0
      vertex 3.85194 46.7716 3
      vertex 3.67314 46.6906 3
    endloop
  endfacet
  facet normal 0.412651 -0.910889 0
    outer loop
      vertex 3.85194 46.7716 3
      vertex 3.67314 46.6906 0
      vertex 3.85194 46.7716 0
    endloop
  endfacet
  facet normal -0.772753 -0.634707 0
    outer loop
      vertex 67.3801 45.8263 0
      vertex 67.2555 45.978 3
      vertex 67.2555 45.978 0
    endloop
  endfacet
  facet normal -0.772753 -0.634707 0
    outer loop
      vertex 67.2555 45.978 3
      vertex 67.3801 45.8263 0
      vertex 67.3801 45.8263 3
    endloop
  endfacet
  facet normal -0.849112 -0.528212 0
    outer loop
      vertex 67.5981 45.5 0
      vertex 67.4944 45.6667 3
      vertex 67.4944 45.6667 0
    endloop
  endfacet
  facet normal -0.849112 -0.528212 0
    outer loop
      vertex 67.4944 45.6667 3
      vertex 67.5981 45.5 0
      vertex 67.5981 45.5 3
    endloop
  endfacet
  facet normal -0.935868 -0.352351 0
    outer loop
      vertex 67.8408 44.9643 0
      vertex 67.7716 45.1481 3
      vertex 67.7716 45.1481 0
    endloop
  endfacet
  facet normal -0.935868 -0.352351 0
    outer loop
      vertex 67.7716 45.1481 3
      vertex 67.8408 44.9643 0
      vertex 67.8408 44.9643 3
    endloop
  endfacet
  facet normal -0.973856 -0.227165 0
    outer loop
      vertex 67.9424 44.5853 0
      vertex 67.8978 44.7765 3
      vertex 67.8978 44.7765 0
    endloop
  endfacet
  facet normal -0.973856 -0.227165 0
    outer loop
      vertex 67.8978 44.7765 3
      vertex 67.9424 44.5853 0
      vertex 67.9424 44.5853 3
    endloop
  endfacet
  facet normal -0.999468 -0.0326024 0
    outer loop
      vertex 68 44 0
      vertex 67.9936 44.1962 3
      vertex 67.9936 44.1962 0
    endloop
  endfacet
  facet normal -0.999468 -0.0326024 0
    outer loop
      vertex 67.9936 44.1962 3
      vertex 68 44 0
      vertex 68 44 3
    endloop
  endfacet
  facet normal -0.58225 -0.81301 0
    outer loop
      vertex 66.6667 46.4944 0
      vertex 66.8263 46.3801 3
      vertex 66.6667 46.4944 3
    endloop
  endfacet
  facet normal -0.58225 -0.81301 -0
    outer loop
      vertex 66.8263 46.3801 3
      vertex 66.6667 46.4944 0
      vertex 66.8263 46.3801 0
    endloop
  endfacet
  facet normal -0.729902 -0.683551 0
    outer loop
      vertex 67.2555 45.978 0
      vertex 67.1213 46.1213 3
      vertex 67.1213 46.1213 0
    endloop
  endfacet
  facet normal -0.729902 -0.683551 0
    outer loop
      vertex 67.1213 46.1213 3
      vertex 67.2555 45.978 0
      vertex 67.2555 45.978 3
    endloop
  endfacet
  facet normal -0.471302 -0.881972 0
    outer loop
      vertex 66.3269 46.6906 0
      vertex 66.5 46.5981 3
      vertex 66.3269 46.6906 3
    endloop
  endfacet
  facet normal -0.471302 -0.881972 -0
    outer loop
      vertex 66.5 46.5981 3
      vertex 66.3269 46.6906 0
      vertex 66.5 46.5981 0
    endloop
  endfacet
  facet normal -0.290432 -0.956896 0
    outer loop
      vertex 65.7765 46.8978 0
      vertex 65.9643 46.8408 3
      vertex 65.7765 46.8978 3
    endloop
  endfacet
  facet normal -0.290432 -0.956896 -0
    outer loop
      vertex 65.9643 46.8408 3
      vertex 65.7765 46.8978 0
      vertex 65.9643 46.8408 0
    endloop
  endfacet
  facet normal -0.881972 0.471302 0
    outer loop
      vertex 67.5981 -45.5 0
      vertex 67.6906 -45.3269 3
      vertex 67.6906 -45.3269 0
    endloop
  endfacet
  facet normal -0.881972 0.471302 0
    outer loop
      vertex 67.6906 -45.3269 3
      vertex 67.5981 -45.5 0
      vertex 67.5981 -45.5 3
    endloop
  endfacet
  facet normal 0.412651 0.910889 -0
    outer loop
      vertex 3.85194 -46.7716 0
      vertex 3.67314 -46.6906 3
      vertex 3.85194 -46.7716 3
    endloop
  endfacet
  facet normal 0.412651 0.910889 0
    outer loop
      vertex 3.67314 -46.6906 3
      vertex 3.85194 -46.7716 0
      vertex 3.67314 -46.6906 0
    endloop
  endfacet
  facet normal 0.910832 0.412778 0
    outer loop
      vertex 2.30939 -45.3269 3
      vertex 2.22836 -45.1481 0
      vertex 2.22836 -45.1481 3
    endloop
  endfacet
  facet normal 0.910832 0.412778 0
    outer loop
      vertex 2.22836 -45.1481 0
      vertex 2.30939 -45.3269 3
      vertex 2.30939 -45.3269 0
    endloop
  endfacet
  facet normal 0.849204 0.528065 0
    outer loop
      vertex 2.50558 -45.6667 3
      vertex 2.40192 -45.5 0
      vertex 2.40192 -45.5 3
    endloop
  endfacet
  facet normal 0.849204 0.528065 0
    outer loop
      vertex 2.40192 -45.5 0
      vertex 2.50558 -45.6667 3
      vertex 2.50558 -45.6667 0
    endloop
  endfacet
  facet normal 0.729902 0.683551 0
    outer loop
      vertex 2.87868 -46.1213 3
      vertex 2.74448 -45.978 0
      vertex 2.74448 -45.978 3
    endloop
  endfacet
  facet normal 0.729902 0.683551 0
    outer loop
      vertex 2.74448 -45.978 0
      vertex 2.87868 -46.1213 3
      vertex 2.87868 -46.1213 0
    endloop
  endfacet
  facet normal 0.986643 0.162895 0
    outer loop
      vertex 2.05765 -44.5853 3
      vertex 2.02567 -44.3916 0
      vertex 2.02567 -44.3916 3
    endloop
  endfacet
  facet normal 0.986643 0.162895 0
    outer loop
      vertex 2.02567 -44.3916 0
      vertex 2.05765 -44.5853 3
      vertex 2.05765 -44.5853 0
    endloop
  endfacet
  facet normal 0.634557 0.772876 -0
    outer loop
      vertex 3.17372 -46.3801 0
      vertex 3.02196 -46.2555 3
      vertex 3.17372 -46.3801 3
    endloop
  endfacet
  facet normal 0.634557 0.772876 0
    outer loop
      vertex 3.02196 -46.2555 3
      vertex 3.17372 -46.3801 0
      vertex 3.02196 -46.2555 0
    endloop
  endfacet
  facet normal -0.81301 -0.58225 0
    outer loop
      vertex 67.4944 45.6667 0
      vertex 67.3801 45.8263 3
      vertex 67.3801 45.8263 0
    endloop
  endfacet
  facet normal -0.81301 -0.58225 0
    outer loop
      vertex 67.3801 45.8263 3
      vertex 67.4944 45.6667 0
      vertex 67.4944 45.6667 3
    endloop
  endfacet
  facet normal -0.910889 -0.412651 0
    outer loop
      vertex 67.7716 45.1481 0
      vertex 67.6906 45.3269 3
      vertex 67.6906 45.3269 0
    endloop
  endfacet
  facet normal -0.910889 -0.412651 0
    outer loop
      vertex 67.6906 45.3269 3
      vertex 67.7716 45.1481 0
      vertex 67.7716 45.1481 3
    endloop
  endfacet
  facet normal 0.162499 0.986709 -0
    outer loop
      vertex 4.60843 -46.9743 0
      vertex 4.41473 -46.9424 3
      vertex 4.60843 -46.9743 3
    endloop
  endfacet
  facet normal 0.162499 0.986709 0
    outer loop
      vertex 4.41473 -46.9424 3
      vertex 4.60843 -46.9743 0
      vertex 4.41473 -46.9424 0
    endloop
  endfacet
  facet normal 0.352452 0.93583 -0
    outer loop
      vertex 4.03568 -46.8408 0
      vertex 3.85194 -46.7716 3
      vertex 4.03568 -46.8408 3
    endloop
  endfacet
  facet normal 0.352452 0.93583 0
    outer loop
      vertex 3.85194 -46.7716 3
      vertex 4.03568 -46.8408 0
      vertex 3.85194 -46.7716 0
    endloop
  endfacet
  facet normal 0.881908 0.471421 0
    outer loop
      vertex 2.40192 -45.5 3
      vertex 2.30939 -45.3269 0
      vertex 2.30939 -45.3269 3
    endloop
  endfacet
  facet normal 0.881908 0.471421 0
    outer loop
      vertex 2.30939 -45.3269 0
      vertex 2.40192 -45.5 3
      vertex 2.40192 -45.5 0
    endloop
  endfacet
  facet normal 0.772878 0.634555 0
    outer loop
      vertex 2.74448 -45.978 3
      vertex 2.61993 -45.8263 0
      vertex 2.61993 -45.8263 3
    endloop
  endfacet
  facet normal 0.772878 0.634555 0
    outer loop
      vertex 2.61993 -45.8263 0
      vertex 2.74448 -45.978 3
      vertex 2.74448 -45.978 0
    endloop
  endfacet
  facet normal 0.582346 0.812941 -0
    outer loop
      vertex 3.33328 -46.4944 0
      vertex 3.17372 -46.3801 3
      vertex 3.33328 -46.4944 3
    endloop
  endfacet
  facet normal 0.582346 0.812941 0
    outer loop
      vertex 3.17372 -46.3801 3
      vertex 3.33328 -46.4944 0
      vertex 3.17372 -46.3801 0
    endloop
  endfacet
endsolid OpenSCAD_Model
